County Name,Sub County Name,Institution Name
Baringo,BARINGO CENTRAL,AIC VISA OSHWAL
Baringo,BARINGO CENTRAL,BAKWANIN
Baringo,BARINGO CENTRAL,BEKIBON
Baringo,BARINGO CENTRAL,BOKORIN
Baringo,BARINGO CENTRAL,BOROWONIN
Baringo,BARINGO CENTRAL,BOSIN
Baringo,BARINGO CENTRAL,BUIWON
Baringo,BARINGO CENTRAL,Chebunyur Primary
Baringo,BARINGO CENTRAL,CHEPLONGON
Baringo,BARINGO CENTRAL,CHEPLONGON
Baringo,BARINGO CENTRAL,CHESONGO
Baringo,BARINGO CENTRAL,EITUI
Baringo,BARINGO CENTRAL,EMOM
Baringo,BARINGO CENTRAL,ERON
Baringo,BARINGO CENTRAL,ILLIAGAT
Baringo,BARINGO CENTRAL,KABARBARMA
Baringo,BARINGO CENTRAL,KABARNET DEAF BLIND SP
Baringo,BARINGO CENTRAL,KABASIS D B
Baringo,BARINGO CENTRAL,KABIRMET
Baringo,BARINGO CENTRAL,KABIRMOI
Baringo,BARINGO CENTRAL,KABOCHONY
Baringo,BARINGO CENTRAL,KAISO
Baringo,BARINGO CENTRAL,KAKWANE
Baringo,BARINGO CENTRAL,KAMGOIN
Baringo,BARINGO CENTRAL,KAMUMA
Baringo,BARINGO CENTRAL,KAMWEN
Baringo,BARINGO CENTRAL,KAPCHEMON
Baringo,BARINGO CENTRAL,KAPCHEREBET
Baringo,BARINGO CENTRAL,KAPCHOMUSO
Baringo,BARINGO CENTRAL,KAPKATIT
Baringo,BARINGO CENTRAL,KAPKELELWA
Baringo,BARINGO CENTRAL,KAPKENGELEL
Baringo,BARINGO CENTRAL,KAPKIAI
Baringo,BARINGO CENTRAL,KAPKOIBAI
Baringo,BARINGO CENTRAL,KAPKOKWON PRI
Baringo,BARINGO CENTRAL,KAPKOMOI
Baringo,BARINGO CENTRAL,KAPKONY
Baringo,BARINGO CENTRAL,KAPKUT
Baringo,BARINGO CENTRAL,KAPLEL
Baringo,BARINGO CENTRAL,KAPLOP
Baringo,BARINGO CENTRAL,KAPLOTEN
Baringo,BARINGO CENTRAL,Kaprogonya Primary School
Baringo,BARINGO CENTRAL,KAPROPITA
Baringo,BARINGO CENTRAL,KAPSIGORIAN
Baringo,BARINGO CENTRAL,KAPSOGO
Baringo,BARINGO CENTRAL,KAPSOO
Baringo,BARINGO CENTRAL,KAPTALAM
Baringo,BARINGO CENTRAL,KAPTARA
Baringo,BARINGO CENTRAL,KAPTENO PRIMARY
Baringo,BARINGO CENTRAL,KAPTICH
Baringo,BARINGO CENTRAL,KAPTIEN
Baringo,BARINGO CENTRAL,KAPTIMBOR
Baringo,BARINGO CENTRAL,KAPTOROKWO
Baringo,BARINGO CENTRAL,KAPTUMO
Baringo,BARINGO CENTRAL,KAPYEMIT
Baringo,BARINGO CENTRAL,KASERET PRIMARY SCHOOL
Baringo,BARINGO CENTRAL,KASORE
Baringo,BARINGO CENTRAL,Katkamuma Primary
Baringo,BARINGO CENTRAL,KATUNOI
Baringo,BARINGO CENTRAL,KESETAN
Baringo,BARINGO CENTRAL,KETINDUI
Baringo,BARINGO CENTRAL,KEWAMOI
Baringo,BARINGO CENTRAL,KIBOI
Baringo,BARINGO CENTRAL,KIBOINO
Baringo,BARINGO CENTRAL,KIMAGOK
Baringo,BARINGO CENTRAL,KIMOSO
Baringo,BARINGO CENTRAL,KIMOTANY
Baringo,BARINGO CENTRAL,KIPKAECH B D
Baringo,BARINGO CENTRAL,KIPKUTUNY
Baringo,BARINGO CENTRAL,KIPLABAL
Baringo,BARINGO CENTRAL,KIPONJOS
Baringo,BARINGO CENTRAL,KIPSOIT
Baringo,BARINGO CENTRAL,KIPTILIT
Baringo,BARINGO CENTRAL,KISOK
Baringo,BARINGO CENTRAL,KISONEI
Baringo,BARINGO CENTRAL,KITUMBEI
Baringo,BARINGO CENTRAL,KITURO D/B
Baringo,BARINGO CENTRAL,Koisomo Primary school
Baringo,BARINGO CENTRAL,KOKORWONIN
Baringo,BARINGO CENTRAL,KONOIYO
Baringo,BARINGO CENTRAL,KOYORUS
Baringo,BARINGO CENTRAL,KURUMBOPSOO
Baringo,BARINGO CENTRAL,LELBATAI
Baringo,BARINGO CENTRAL,LELGUT
Baringo,BARINGO CENTRAL,MAGONOI
Baringo,BARINGO CENTRAL,MANAACH
Baringo,BARINGO CENTRAL,MBECHOT
Baringo,BARINGO CENTRAL,MOGORWA
Baringo,BARINGO CENTRAL,MOI TEACHERS
Baringo,BARINGO CENTRAL,MOI TIMOWO
Baringo,BARINGO CENTRAL,MUMOL
Baringo,BARINGO CENTRAL,NGETMOI
Baringo,BARINGO CENTRAL,NGOLONG
Baringo,BARINGO CENTRAL,OCHII
Baringo,BARINGO CENTRAL,Ochii school for the H.I
Baringo,BARINGO CENTRAL,PEMWAI
Baringo,BARINGO CENTRAL,Pemwai Special School
Baringo,BARINGO CENTRAL,RIWO
Baringo,BARINGO CENTRAL,ROSOBET
Baringo,BARINGO CENTRAL,SAIMET
Baringo,BARINGO CENTRAL,SALAWA
Baringo,BARINGO CENTRAL,SANGARAU SEC
Baringo,BARINGO CENTRAL,SEGUTON HILL
Baringo,BARINGO CENTRAL,SENETWO
Baringo,BARINGO CENTRAL,SERETON
Baringo,BARINGO CENTRAL,SERETUNIN
Baringo,BARINGO CENTRAL,SESYA
Baringo,BARINGO CENTRAL,SIRONOI
Baringo,BARINGO CENTRAL,SOROK
Baringo,BARINGO CENTRAL,SOSION
Baringo,BARINGO CENTRAL,TABARIN
Baringo,BARINGO CENTRAL,TALAI
Baringo,BARINGO CENTRAL,TANDUI
Baringo,BARINGO CENTRAL,TARTAR
Baringo,BARINGO CENTRAL,TEBEI
Baringo,BARINGO CENTRAL,TENGES
Baringo,BARINGO CENTRAL,TEREBEN
Baringo,BARINGO CENTRAL,TINOMOI
Baringo,BARINGO CENTRAL,TURKWO
Baringo,BARINGO CENTRAL,YEMO
Baringo,BARINGO NORTH,AIC KAPKARANI
Baringo,BARINGO NORTH,AIYEBO
Baringo,BARINGO NORTH,AKOROYAN
Baringo,BARINGO NORTH,ATIAR
Baringo,BARINGO NORTH,AYATYA
Baringo,BARINGO NORTH,BARBARCHUN
Baringo,BARINGO NORTH,BARKEBO
Baringo,BARINGO NORTH,BARKETIEW
Baringo,BARINGO NORTH,BARSISO
Baringo,BARINGO NORTH,BARSISO PRY SCHOOL
Baringo,BARINGO NORTH,BARTABWA D&B
Baringo,BARINGO NORTH,BARTARAGON
Baringo,BARINGO NORTH,BARTOGO
Baringo,BARINGO NORTH,BARTOLIMO
Baringo,BARINGO NORTH,BARTUM
Baringo,BARINGO NORTH,BARWESSA
Baringo,BARINGO NORTH,BIRETWONIN
Baringo,BARINGO NORTH,BIRINGWENY
Baringo,BARINGO NORTH,BOIN
Baringo,BARINGO NORTH,BORUIYO
Baringo,BARINGO NORTH,BOSSEI
Baringo,BARINGO NORTH,BURBURET
Baringo,BARINGO NORTH,CHAMBAI
Baringo,BARINGO NORTH,CHAPIN
Baringo,BARINGO NORTH,CHEBARSIAT
Baringo,BARINGO NORTH,CHEBUGAR
Baringo,BARINGO NORTH,CHEMINTANY
Baringo,BARINGO NORTH,CHEMURA
Baringo,BARINGO NORTH,CHEPKESIN
Baringo,BARINGO NORTH,CHEPKEW
Baringo,BARINGO NORTH,CHEPKEWEL
Baringo,BARINGO NORTH,CHEPTIGIT
Baringo,BARINGO NORTH,CHESANGICH
Baringo,BARINGO NORTH,EMBO RUTTO
Baringo,BARINGO NORTH,KABARBET
Baringo,BARINGO NORTH,KABARGOGE PRIMARY SCHOOL
Baringo,BARINGO NORTH,KABILANY
Baringo,BARINGO NORTH,KABIYEWO
Baringo,BARINGO NORTH,KABORON
Baringo,BARINGO NORTH,KAGIR
Baringo,BARINGO NORTH,KAIMOGOL
Baringo,BARINGO NORTH,KALABATA
Baringo,BARINGO NORTH,KALEL
Baringo,BARINGO NORTH,KAMOGOI
Baringo,BARINGO NORTH,KAMOTIONY
Baringo,BARINGO NORTH,KAMPI NYASI
Baringo,BARINGO NORTH,KAMWETIO
Baringo,BARINGO NORTH,KAMWETON
Baringo,BARINGO NORTH,KAPCHEPKISA
Baringo,BARINGO NORTH,KAPCHEPKOR
Baringo,BARINGO NORTH,KAPCHEPKULEI
Baringo,BARINGO NORTH,KAPKIAMO
Baringo,BARINGO NORTH,KAPKIRWOK
Baringo,BARINGO NORTH,KAPKOIWO
Baringo,BARINGO NORTH,KAPKOLE
Baringo,BARINGO NORTH,KAPKOMBE
Baringo,BARINGO NORTH,KAPKOMON
Baringo,BARINGO NORTH,KAPKWANG
Baringo,BARINGO NORTH,KAPLUK
Baringo,BARINGO NORTH,KAPTERE
Baringo,BARINGO NORTH,KAPTIGIT
Baringo,BARINGO NORTH,KAPTILOMWO
Baringo,BARINGO NORTH,KAPTIONY D& B
Baringo,BARINGO NORTH,KAPTOIN
Baringo,BARINGO NORTH,KAPTOROT
Baringo,BARINGO NORTH,KAPTUM
Baringo,BARINGO NORTH,KAPTUMIN
Baringo,BARINGO NORTH,KAPTURO
Baringo,BARINGO NORTH,KARIMO
Baringo,BARINGO NORTH,KASAKA
Baringo,BARINGO NORTH,KASESYA
Baringo,BARINGO NORTH,KASIBER
Baringo,BARINGO NORTH,KASIRMA
Baringo,BARINGO NORTH,KASISIT
Baringo,BARINGO NORTH,KASOK
Baringo,BARINGO NORTH,KATIBEL
Baringo,BARINGO NORTH,KELWONDONIN
Baringo,BARINGO NORTH,KETURWO
Baringo,BARINGO NORTH,KIBIRIOKWONIN
Baringo,BARINGO NORTH,KILINGOT
Baringo,BARINGO NORTH,KIMUGUL
Baringo,BARINGO NORTH,KINYACH
Baringo,BARINGO NORTH,KIPCHERERE
Baringo,BARINGO NORTH,KIPKAREN
Baringo,BARINGO NORTH,KIPKOLONY
Baringo,BARINGO NORTH,KIPSARAMAN
Baringo,BARINGO NORTH,KIPTAIWA
Baringo,BARINGO NORTH,KIPTILINGON
Baringo,BARINGO NORTH,KIPTOLELYO
Baringo,BARINGO NORTH,KIRINY-GALIA
Baringo,BARINGO NORTH,KITIBEI
Baringo,BARINGO NORTH,KOIBOWARE
Baringo,BARINGO NORTH,KOINDUI
Baringo,BARINGO NORTH,KOISERAT
Baringo,BARINGO NORTH,KOMBOSANG
Baringo,BARINGO NORTH,KONOO
Baringo,BARINGO NORTH,KORMOR
Baringo,BARINGO NORTH,KOROSECHUN
Baringo,BARINGO NORTH,KOROTO DAY AND BOARDING
Baringo,BARINGO NORTH,KOSILE
Baringo,BARINGO NORTH,KUIKUI D&B
Baringo,BARINGO NORTH,KURESCHUN
Baringo,BARINGO NORTH,LAKE KAMNOROK
Baringo,BARINGO NORTH,LAWAN
Baringo,BARINGO NORTH,LEKEPCHUN
Baringo,BARINGO NORTH,LIKWON
Baringo,BARINGO NORTH,LITEIN
Baringo,BARINGO NORTH,MAREGUT
Baringo,BARINGO NORTH,MARMAR
Baringo,BARINGO NORTH,MOI KABARTONJO D&B
Baringo,BARINGO NORTH,MOI KABARTONJO V.I SPECIAL SCHOOL
Baringo,BARINGO NORTH,MOIGUTWO
Baringo,BARINGO NORTH,MOINONIN
Baringo,BARINGO NORTH,MONDOI
Baringo,BARINGO NORTH,MORMORIO
Baringo,BARINGO NORTH,MUCHUKWO
Baringo,BARINGO NORTH,MURTERIT
Baringo,BARINGO NORTH,NGARATUKO
Baringo,BARINGO NORTH,NGEIWAN
Baringo,BARINGO NORTH,NUREGOI
Baringo,BARINGO NORTH,OSSEN
Baringo,BARINGO NORTH,RIMO
Baringo,BARINGO NORTH,RONDININ
Baringo,BARINGO NORTH,ROOT
Baringo,BARINGO NORTH,RORMOCH PRI
Baringo,BARINGO NORTH,ROSONDONIN
Baringo,BARINGO NORTH,SENEBO
Baringo,BARINGO NORTH,SEREMWO
Baringo,BARINGO NORTH,SESOI
Baringo,BARINGO NORTH,SIBILO
Baringo,BARINGO NORTH,SIBOO
Baringo,BARINGO NORTH,SOGOM
Baringo,BARINGO NORTH,SUMEIYON
Baringo,BARINGO NORTH,SUTIECHUN
Baringo,BARINGO NORTH,TERENIN
Baringo,BARINGO NORTH,TERIK
Baringo,BARINGO NORTH,TERMET
Baringo,BARINGO NORTH,TIBINGAR
Baringo,BARINGO NORTH,TILOI
Baringo,BARINGO NORTH,TIRIMIONIN
Baringo,BARINGO NORTH,TIRIONDONIN
Baringo,BARINGO NORTH,TOBOROI
Baringo,BARINGO NORTH,TOROKWONIN PRIMARY SCHOOL
Baringo,BARINGO NORTH,TOROLOKWONIN DAY AND BORDING
Baringo,BARINGO NORTH,TULUK
Baringo,BARINGO NORTH,TUNOIWO
Baringo,BARINGO NORTH,TURBEI
Baringo,BARINGO NORTH,TURUTURU
Baringo,BARINGO NORTH,YATIA D&B
Baringo,EAST POKOT,ADICH PRIMARY
Baringo,EAST POKOT,AIC AMAYA
Baringo,EAST POKOT,AIC AMAYA LIGHT OF LIFE BOARDING
Baringo,EAST POKOT,AKWICHATIS
Baringo,EAST POKOT,APAKISO PRIMARY
Baringo,EAST POKOT,BARPELLO PRIMARY
Baringo,EAST POKOT,CHEMAYES PRY
Baringo,EAST POKOT,CHEMERIL
Baringo,EAST POKOT,CHEMISIK PRIMARY
Baringo,EAST POKOT,CHEMNGARUA
Baringo,EAST POKOT,CHEMOLINGOT B PRI
Baringo,EAST POKOT,CHEMUNGUNA
Baringo,EAST POKOT,CHEMURO
Baringo,EAST POKOT,CHEPELION PRI
Baringo,EAST POKOT,CHEPELOW
Baringo,EAST POKOT,CHEPILAT
Baringo,EAST POKOT,CHEPKALACHA
Baringo,EAST POKOT,CHEPKUTAN
Baringo,EAST POKOT,CHEPTUNOYO
Baringo,EAST POKOT,CHEPTURU
Baringo,EAST POKOT,CHERUMBO
Baringo,EAST POKOT,CHESAKAM PRI
Baringo,EAST POKOT,CHESANAYAN PRIMARY
Baringo,EAST POKOT,CHESERET PRIMARY
Baringo,EAST POKOT,CHESIRIMION
Baringo,EAST POKOT,CHESITET
Baringo,EAST POKOT,CHEWARA PRI
Baringo,EAST POKOT,CHURO
Baringo,EAST POKOT,DIRA PRI
Baringo,EAST POKOT,DONYASA PRY
Baringo,EAST POKOT,EMBOSISTIT PRIMARY
Baringo,EAST POKOT,KACHILITWA
Baringo,EAST POKOT,KADOKOI
Baringo,EAST POKOT,KAISAKAT PRI
Baringo,EAST POKOT,KAMKAN
Baringo,EAST POKOT,KAMRIO PRI
Baringo,EAST POKOT,KAMUSUK
Baringo,EAST POKOT,KANGIRURU PRIMARY
Baringo,EAST POKOT,KAPTUYA
Baringo,EAST POKOT,KAPUNYANY PRI
Baringo,EAST POKOT,KASHOKON
Baringo,EAST POKOT,KASILANGWA
Baringo,EAST POKOT,KASITET
Baringo,EAST POKOT,KATAKON
Baringo,EAST POKOT,KATIKIT PRI
Baringo,EAST POKOT,KATUIT
Baringo,EAST POKOT,KATUNGURA PRIM
Baringo,EAST POKOT,KERELON PRIMARY
Baringo,EAST POKOT,KIPNAI PRIMARY
Baringo,EAST POKOT,KIPNGAL
Baringo,EAST POKOT,KITAILEM
Baringo,EAST POKOT,KOKWOTOTO
Baringo,EAST POKOT,KOLOA PRI
Baringo,EAST POKOT,KOMOLION
Baringo,EAST POKOT,KORECACH PRIMARY
Baringo,EAST POKOT,KOSITEI
Baringo,EAST POKOT,KRESIA
Baringo,EAST POKOT,LEMUYEK
Baringo,EAST POKOT,LOIWAT BOARDING PRI
Baringo,EAST POKOT,LOMERIMERI
Baringo,EAST POKOT,LOMORTOU
Baringo,EAST POKOT,LOMUGE
Baringo,EAST POKOT,LORWATUM
Baringo,EAST POKOT,LOSIKIRIAMOI
Baringo,EAST POKOT,LOTITA
Baringo,EAST POKOT,LOYEYA
Baringo,EAST POKOT,LOYEYA PRI
Baringo,EAST POKOT,MAKANY
Baringo,EAST POKOT,MARRAM
Baringo,EAST POKOT,MATUNDA
Baringo,EAST POKOT,MENDERA
Baringo,EAST POKOT,MEVTO PRIMARY
Baringo,EAST POKOT,MURTENA
Baringo,EAST POKOT,NACHURUR
Baringo,EAST POKOT,NAKOKO
Baringo,EAST POKOT,NALEKAT PRIMARY
Baringo,EAST POKOT,NALUKULUONGIN PRI
Baringo,EAST POKOT,NANGARUA
Baringo,EAST POKOT,NAPEKORE
Baringo,EAST POKOT,NASOROT
Baringo,EAST POKOT,NASUR
Baringo,EAST POKOT,NATAN
Baringo,EAST POKOT,NGAINA
Baringo,EAST POKOT,NGAIWA PRI
Baringo,EAST POKOT,NGINYANG BOARDING
Baringo,EAST POKOT,NGORON BOARFDING PRI
Baringo,EAST POKOT,NYALILPICH
Baringo,EAST POKOT,NYAUNYAU
Baringo,EAST POKOT,ORUS PRI
Baringo,EAST POKOT,ORUSION
Baringo,EAST POKOT,PKAGHIT PRI
Baringo,EAST POKOT,PLESIAN B
Baringo,EAST POKOT,PTIKII PRIMARY
Baringo,EAST POKOT,PUTERO
Baringo,EAST POKOT,RIONGO
Baringo,EAST POKOT,ROTU PRI
Baringo,EAST POKOT,SERETION
Baringo,EAST POKOT,SERONU
Baringo,EAST POKOT,SILOLU
Baringo,EAST POKOT,SOSION
Baringo,EAST POKOT,ST MARY’S KAKAPUL PRI
Baringo,EAST POKOT,SUKUT PRIMARY
Baringo,EAST POKOT,SUNRISE
Baringo,EAST POKOT,TAMKAL PRY
Baringo,EAST POKOT,TEBELEKWO
Baringo,EAST POKOT,TUKOMOI PRI
Baringo,EAST POKOT,TUWO
Baringo,KOIBATEK,ARAMA
Baringo,KOIBATEK,BENONIN
Baringo,KOIBATEK,BIK KWEN
Baringo,KOIBATEK,BOITO
Baringo,KOIBATEK,CHEMESWON
Baringo,KOIBATEK,CHEMUSUSU
Baringo,KOIBATEK,CHEPTILILIK PRIMARY
Baringo,KOIBATEK,CHERAIK
Baringo,KOIBATEK,E/RAVINE BOARDING
Baringo,KOIBATEK,EMKWEN
Baringo,KOIBATEK,EMKWEN PRIMARY
Baringo,KOIBATEK,EQUATOR
Baringo,KOIBATEK,GITHIORO
Baringo,KOIBATEK,IGURE
Baringo,KOIBATEK,IGURE
Baringo,KOIBATEK,IGURE
Baringo,KOIBATEK,J K MOI KABURWO
Baringo,KOIBATEK,KABIMOI
Baringo,KOIBATEK,KABIYET
Baringo,KOIBATEK,KABOR
Baringo,KOIBATEK,KAMASABA
Baringo,KOIBATEK,KAMELILO
Baringo,KOIBATEK,KAMNGOECH
Baringo,KOIBATEK,KAMURA
Baringo,KOIBATEK,KANJULUL
Baringo,KOIBATEK,KAPCHOLOI
Baringo,KOIBATEK,KAPKITET
Baringo,KOIBATEK,KAPNGEMUI
Baringo,KOIBATEK,KAPROWA PRIMARY
Baringo,KOIBATEK,KAPSIGOT
Baringo,KOIBATEK,KAPSOIT
Baringo,KOIBATEK,KAPTIM
Baringo,KOIBATEK,KEWANGOI
Baringo,KOIBATEK,KIBA SISO SEC
Baringo,KOIBATEK,KIBARASOI
Baringo,KOIBATEK,KIBIAS
Baringo,KOIBATEK,KIBOBON PRI
Baringo,KOIBATEK,KILOMBE
Baringo,KOIBATEK,KIMAMOI PRI SCHOOL
Baringo,KOIBATEK,KIPKABER
Baringo,KOIBATEK,KIPKORIONY
Baringo,KOIBATEK,KIPKUYANG
Baringo,KOIBATEK,KIPLONGON
Baringo,KOIBATEK,KIPTUNO
Baringo,KOIBATEK,KIRIMA
Baringo,KOIBATEK,KOIBATEK
Baringo,KOIBATEK,KOKORWONIN
Baringo,KOIBATEK,KOKWOMOI
Baringo,KOIBATEK,LALUT
Baringo,KOIBATEK,LEBOLOS
Baringo,KOIBATEK,LELGEL
Baringo,KOIBATEK,MAJI MAZURI FOREST
Baringo,KOIBATEK,MAJI MAZURI RC
Baringo,KOIBATEK,MANDINA
Baringo,KOIBATEK,METIPSO
Baringo,KOIBATEK,MOCHONGOI
Baringo,KOIBATEK,MORINGWO
Baringo,KOIBATEK,MUMBERES
Baringo,KOIBATEK,MUSERECHI
Baringo,KOIBATEK,MWACHON
Baringo,KOIBATEK,NAITILI PRIMARY
Baringo,KOIBATEK,NAKURTAKWEI
Baringo,KOIBATEK,NERKWO
Baringo,KOIBATEK,NGARIE
Baringo,KOIBATEK,NYAKIO
Baringo,KOIBATEK,ORINIE
Baringo,KOIBATEK,POROR
Baringo,KOIBATEK,SABATIA
Baringo,KOIBATEK,SAGAT
Baringo,KOIBATEK,SAOS
Baringo,KOIBATEK,SEGUTON PRIMARY
Baringo,KOIBATEK,SIGORO
Baringo,KOIBATEK,SIGOWET
Baringo,KOIBATEK,SIMOTWET
Baringo,KOIBATEK,SINENDE
Baringo,KOIBATEK,SINONIN
Baringo,KOIBATEK,SOGONIN
Baringo,KOIBATEK,SOIBEI
Baringo,KOIBATEK,SOLIAN PRIMARY SCHOOL
Baringo,KOIBATEK,SOYMINING
Baringo,KOIBATEK,ST PATRICKS SHIMONI
Baringo,KOIBATEK,ST. JOSEPHS MAKUTANO
Baringo,KOIBATEK,TARIGO
Baringo,KOIBATEK,TEBESWET PRIMARY
Baringo,KOIBATEK,TINET
Baringo,KOIBATEK,TOLMO
Baringo,KOIBATEK,TONIOK
Baringo,KOIBATEK,TOROKWONIN
Baringo,KOIBATEK,TORONGO
Baringo,KOIBATEK,TULWAMOI
Baringo,MARIGAT,ALICE INGHAM
Baringo,MARIGAT,ARABAL
Baringo,MARIGAT,BARSEMOI
Baringo,MARIGAT,CHEBINYINY
Baringo,MARIGAT,CHEMORONGION
Baringo,MARIGAT,CHEPKOTOYAN
Baringo,MARIGAT,CHEPLOCH
Baringo,MARIGAT,ELDEPE OSINYA
Baringo,MARIGAT,ELDUME
Baringo,MARIGAT,ENDAO
Baringo,MARIGAT,ILINGARUA
Baringo,MARIGAT,ITI PRIMARY
Baringo,MARIGAT,KABEL
Baringo,MARIGAT,KABURWO
Baringo,MARIGAT,KAILER
Baringo,MARIGAT,KAMAILEL
Baringo,MARIGAT,KAMPI YA SAMAKI
Baringo,MARIGAT,KAMUGA
Baringo,MARIGAT,KAMUNGEI
Baringo,MARIGAT,KAPINDASUM
Baringo,MARIGAT,KAPKECHIR
Baringo,MARIGAT,KAPKOIBAI PRIMARY SCHOOL
Baringo,MARIGAT,KAPKUIKUI
Baringo,MARIGAT,KAPKUN
Baringo,MARIGAT,KAPRONGUNO
Baringo,MARIGAT,KAPSOI
Baringo,MARIGAT,KAPTOMBES
Baringo,MARIGAT,KARNEE
Baringo,MARIGAT,KASIELA
Baringo,MARIGAT,KENEROI PRIMARY
Baringo,MARIGAT,KEON
Baringo,MARIGAT,KIBAGENGE
Baringo,MARIGAT,KIBINGOR
Baringo,MARIGAT,KIMALEL
Baringo,MARIGAT,KIMAO
Baringo,MARIGAT,KIMOIGUT
Baringo,MARIGAT,KIMORIOT
Baringo,MARIGAT,KIMOROK
Baringo,MARIGAT,KIRIM PRIMARY
Baringo,MARIGAT,KOIMUGUL
Baringo,MARIGAT,KOITILIL PRI
Baringo,MARIGAT,KOITILION
Baringo,MARIGAT,KOKWA ISLAND
Baringo,MARIGAT,KOKWENBEI PRY
Baringo,MARIGAT,KONGASIS
Baringo,MARIGAT,KORIEMA
Baringo,MARIGAT,LABOS
Baringo,MARIGAT,LAMALOK
Baringo,MARIGAT,LATACHA
Baringo,MARIGAT,LEKETETWO
Baringo,MARIGAT,LESWAA
Baringo,MARIGAT,LOBEBER
Baringo,MARIGAT,LOBOI
Baringo,MARIGAT,LOGUMGUM
Baringo,MARIGAT,LOIMINANG
Baringo,MARIGAT,LOMAYANA
Baringo,MARIGAT,LONGEWAN
Baringo,MARIGAT,LOOSAMPURMPUR
Baringo,MARIGAT,LOROPIL
Baringo,MARIGAT,LORROK
Baringo,MARIGAT,LORUK
Baringo,MARIGAT,MAOI DAY AND BOARDING
Baringo,MARIGAT,MARIGAT BOARDING
Baringo,MARIGAT,MBECHOT
Baringo,MARIGAT,MEISORI
Baringo,MARIGAT,MOCHONGOI
Baringo,MARIGAT,MOKOBE
Baringo,MARIGAT,MWENGE
Baringo,MARIGAT,NGAMBO
Baringo,MARIGAT,NGARIE PRI
Baringo,MARIGAT,NGENYILEL
Baringo,MARIGAT,NGOLBELON
Baringo,MARIGAT,NTEPES PRY
Baringo,MARIGAT,NYIMBEI
Baringo,MARIGAT,parkerra primary school
Baringo,MARIGAT,POI HILL
Baringo,MARIGAT,ROROBAI PRIMARY
Baringo,MARIGAT,SABOR
Baringo,MARIGAT,SALABANI
Baringo,MARIGAT,SINENDET
Baringo,MARIGAT,SINONI
Baringo,MARIGAT,SINTAAN
Baringo,MARIGAT,SOKEE
Baringo,MARIGAT,SOKOTEI D&B
Baringo,MARIGAT,SOSIONTE PRY
Baringo,MARIGAT,SUKUTEK
Baringo,MARIGAT,TENDENBEI
Baringo,MARIGAT,TUIYOBEI
Baringo,MARIGAT,TUIYOTICH
Baringo,MARIGAT,TULWOBSOO
Baringo,MARIGAT,YEMIT PRIMARY
Baringo,MOGOTIO,AIC EBENEZER
Baringo,MOGOTIO,ARAM
Baringo,MOGOTIO,BENONGOI
Baringo,MOGOTIO,BIKWEN GOBAT
Baringo,MOGOTIO,BOROKWO
Baringo,MOGOTIO,CHEBAIBAI ECD
Baringo,MOGOTIO,Chebarer Primary School
Baringo,MOGOTIO,CHEBEREN
Baringo,MOGOTIO,CHEBIREBEI
Baringo,MOGOTIO,CHEMOGOCH
Baringo,MOGOTIO,CHEMOINOI
Baringo,MOGOTIO,CHEMORGONG
Baringo,MOGOTIO,CHEMUTUNG
Baringo,MOGOTIO,CHEPKOKON
Baringo,MOGOTIO,CHEPNYORGIN
Baringo,MOGOTIO,CHOMIEK
Baringo,MOGOTIO,EMBOGONG
Baringo,MOGOTIO,EMINING DAY AND BOARDING
Baringo,MOGOTIO,EMSOS
Baringo,MOGOTIO,ESAGERI AIC
Baringo,MOGOTIO,ESAGERI SCHOOL FOR THE DEAF
Baringo,MOGOTIO,KABARBESI
Baringo,MOGOTIO,KABERGEI
Baringo,MOGOTIO,KABOGOR
Baringo,MOGOTIO,KABURGEI
Baringo,MOGOTIO,KABUSWO
Baringo,MOGOTIO,KAMALANGET
Baringo,MOGOTIO,KAMAR
Baringo,MOGOTIO,KAMASAI
Baringo,MOGOTIO,KAPCHELUKUNY
Baringo,MOGOTIO,KAPKARARAM
Baringo,MOGOTIO,KAPKEIN
Baringo,MOGOTIO,KAPKUNDUL
Baringo,MOGOTIO,KAPLAIMOI
Baringo,MOGOTIO,KAPLELWO
Baringo,MOGOTIO,KAPLOGOS
Baringo,MOGOTIO,KAPNGEMUI
Baringo,MOGOTIO,KAPNOSGEI
Baringo,MOGOTIO,KAPSOK
Baringo,MOGOTIO,KAPYEMIT
Baringo,MOGOTIO,KATERIT PRIMTRY
Baringo,MOGOTIO,KELELWA
Baringo,MOGOTIO,KELELWA HILL
Baringo,MOGOTIO,KIBOTANY
Baringo,MOGOTIO,KIMNGOROM
Baringo,MOGOTIO,KIMOSE
Baringo,MOGOTIO,KIPCHOBET
Baringo,MOGOTIO,KIPKIGEI
Baringo,MOGOTIO,KIPKITUR
Baringo,MOGOTIO,KIPKUREGO ECD
Baringo,MOGOTIO,KIPNYUNGUNY
Baringo,MOGOTIO,KIPSOGON
Baringo,MOGOTIO,Kipteweret Primary
Baringo,MOGOTIO,KIPTOIM
Baringo,MOGOTIO,KIRIBOT
Baringo,MOGOTIO,KISANANA
Baringo,MOGOTIO,KISKIS
Baringo,MOGOTIO,Kitecho
Baringo,MOGOTIO,KOIBARAK PRIMARY
Baringo,MOGOTIO,KOISARAM
Baringo,MOGOTIO,KOITEBES
Baringo,MOGOTIO,KOKWENMOI
Baringo,MOGOTIO,KURES
Baringo,MOGOTIO,KWIRINDOCHE
Baringo,MOGOTIO,LEGETETWET
Baringo,MOGOTIO,LELEN
Baringo,MOGOTIO,LETOI
Baringo,MOGOTIO,LOGIRI
Baringo,MOGOTIO,LOLBUGO
Baringo,MOGOTIO,LOMANIRA
Baringo,MOGOTIO,LOMBALA
Baringo,MOGOTIO,LOMBOGISHU
Baringo,MOGOTIO,MAGOI
Baringo,MOGOTIO,MAJIMOTO DAY & BOARDING
Baringo,MOGOTIO,MATEBEI PRIMARY SCHOOL
Baringo,MOGOTIO,MOGOTIO
Baringo,MOGOTIO,MOLOK
Baringo,MOGOTIO,MOLOS
Baringo,MOGOTIO,MOLOSIRWE
Baringo,MOGOTIO,MUGURIN
Baringo,MOGOTIO,MUGUYUNI
Baringo,MOGOTIO,MUTARAN
Baringo,MOGOTIO,NATO
Baringo,MOGOTIO,NGEMBOMOI
Baringo,MOGOTIO,NGENDALEL PRIMARY SCHOOL
Baringo,MOGOTIO,NGENTUI
Baringo,MOGOTIO,NGUBERETI
Baringo,MOGOTIO,NGUSERO
Baringo,MOGOTIO,NOIWET DAY & BOARDING
Baringo,MOGOTIO,OINOPSOS
Baringo,MOGOTIO,OTERIT
Baringo,MOGOTIO,RADAD
Baringo,MOGOTIO,ROSOGA
Baringo,MOGOTIO,SAGASAGIK
Baringo,MOGOTIO,SIRWA
Baringo,MOGOTIO,SORE
Baringo,MOGOTIO,SORTI
Baringo,MOGOTIO,SOSION
Baringo,MOGOTIO,ST MARY’S
Baringo,MOGOTIO,ST MAXIMILLIAN KOLBES
Baringo,MOGOTIO,TIAN
Baringo,MOGOTIO,TINGTINGNYON
County,Sub County,School Name
Bomet,BOMET,AISAIK
Bomet,BOMET,BALEK B
Bomet,BOMET,BARAKA
Bomet,BOMET,BAREKEIYAT
Bomet,BOMET,BILELGA
Bomet,BOMET,BOMET TOWNSHIP
Bomet,BOMET,BONYORIOT
Bomet,BOMET,BOONGO
Bomet,BOMET,BOREIYWEK
Bomet,BOMET,BUKACHA
Bomet,BOMET,BUKUNYE
Bomet,BOMET,CENTRAL
Bomet,BOMET,CHAMBORI
Bomet,BOMET,CHANG CHEGO
Bomet,BOMET,CHANGINA
Bomet,BOMET,CHEBAMBAN
Bomet,BOMET,CHEBISIAN
Bomet,BOMET,CHEBITET
Bomet,BOMET,CHEBOINGONG
Bomet,BOMET,CHEBOROR
Bomet,BOMET,CHELEMEI PRIMARY SCHOOL
Bomet,BOMET,CHEMANER PRIMARY
Bomet,BOMET,CHEMATICH
Bomet,BOMET,CHEMORUT
Bomet,BOMET,CHEPKIRIB
Bomet,BOMET,CHEPKITWAL
Bomet,BOMET,CHEPKONGONY
Bomet,BOMET,CHEPKURBET
Bomet,BOMET,CHEPNGAINA PRI
Bomet,BOMET,CHEPTEMBE
Bomet,BOMET,CHEPTUIYET
Bomet,BOMET,CHESOEN
Bomet,BOMET,CHESWERTA
Bomet,BOMET,CHUIYAT
Bomet,BOMET,DR STEURY MEMORIAL
Bomet,BOMET,IRWAGA PRI
Bomet,BOMET,KABUNGUT
Bomet,BOMET,KABUSARE
Bomet,BOMET,KAKIMIRAI CENTRAL
Bomet,BOMET,KAMINJEIWET PRI
Bomet,BOMET,KAMOBIRIRI
Bomet,BOMET,KAMOGOSO
Bomet,BOMET,KAMOYO
Bomet,BOMET,KANUSIN
Bomet,BOMET,KAPCHELUCH
Bomet,BOMET,KAPCHELUCH” B” PRIM
Bomet,BOMET,KAPKESIEGO
Bomet,BOMET,KAPKIGORWET
Bomet,BOMET,KAPKIMOLWA
Bomet,BOMET,Kapkoros Primary
Bomet,BOMET,KAPLELACH B
Bomet,BOMET,KAPNARIET
Bomet,BOMET,KAPORUSO
Bomet,BOMET,KAPSANGARU
Bomet,BOMET,KAPSIGOWO
Bomet,BOMET,KAPSIMBIRI
Bomet,BOMET,KAPSIMOTWA
Bomet,BOMET,KAPSOIYO CENTRE
Bomet,BOMET,KAPTETGOT
Bomet,BOMET,KAPTILOLWO
Bomet,BOMET,KAPTORORGO
Bomet,BOMET,KECHEIYAT
Bomet,BOMET,KEERTA
Bomet,BOMET,KELYOT
Bomet,BOMET,KEMBU
Bomet,BOMET,KESEBEK
Bomet,BOMET,KIBISORONIK
Bomet,BOMET,KIBIWOT B
Bomet,BOMET,KIBOCHI
Bomet,BOMET,KIMANGORA
Bomet,BOMET,KIMARGIS
Bomet,BOMET,KIMUCHUL
Bomet,BOMET,KINYOSE
Bomet,BOMET,KIPKOLIGO
Bomet,BOMET,KIPKURION
Bomet,BOMET,KIPLABOTWA
Bomet,BOMET,KIPLELJI
Bomet,BOMET,KIPLOKYI
Bomet,BOMET,KIPSIWON
Bomet,BOMET,KIPTEWIT
Bomet,BOMET,KIPTOGOCH
Bomet,BOMET,KIPTULWA
Bomet,BOMET,KIPYOSIT
Bomet,BOMET,KIRAMWOK
Bomet,BOMET,KIRISWO
Bomet,BOMET,KITAIMA
Bomet,BOMET,KITOBEN
Bomet,BOMET,KOIMUGUL
Bomet,BOMET,KOITA
Bomet,BOMET,KOMA TENGECHA
Bomet,BOMET,KONGOTIK
Bomet,BOMET,KORARA
Bomet,BOMET,KWENIK AB ILET
Bomet,BOMET,LALAKIN
Bomet,BOMET,LEBEKWET
Bomet,BOMET,LEKETETIET
Bomet,BOMET,LELKATET
Bomet,BOMET,LOSWET PRI
Bomet,BOMET,MAASET
Bomet,BOMET,Magenji primary
Bomet,BOMET,MANGOITA
Bomet,BOMET,MANYATTA PRIMARY
Bomet,BOMET,MATAIMA
Bomet,BOMET,MATARMAT
Bomet,BOMET,MATECHA
Bomet,BOMET,MENET
Bomet,BOMET,MERIGI
Bomet,BOMET,MILLINGA PRIMARY
Bomet,BOMET,MOBURO
Bomet,BOMET,MOGINDO
Bomet,BOMET,MOGITUI
Bomet,BOMET,MOGOIYWET
Bomet,BOMET,MOGOMA
Bomet,BOMET,MONDOIYWET
Bomet,BOMET,MONONWET
Bomet,BOMET,MORIT
Bomet,BOMET,MOTIGO HILL PRIM
Bomet,BOMET,MOTOIMET
Bomet,BOMET,MT SUGUTEK
Bomet,BOMET,MUGANGO
Bomet,BOMET,MUIYWEK
Bomet,BOMET,MURWONGOI
Bomet,BOMET,NDARAWETA
Bomet,BOMET,NDERIAT
Bomet,BOMET,NDUBAI
Bomet,BOMET,NGOCHO
Bomet,BOMET,NGOMWET
Bomet,BOMET,NJERIAN
Bomet,BOMET,NJORWET primary
Bomet,BOMET,NORERA
Bomet,BOMET,NYABONGO
Bomet,BOMET,NYAURURU
Bomet,BOMET,NYONGORES
Bomet,BOMET,OLMOTONYI
Bomet,BOMET,RAIYA
Bomet,BOMET,SACHANGWAN
Bomet,BOMET,SALAIK
Bomet,BOMET,SAMARIA PRI
Bomet,BOMET,SAMOEI
Bomet,BOMET,SAOSET
Bomet,BOMET,SEGUTIET PRIMARY SCHOOL
Bomet,BOMET,SEMOI
Bomet,BOMET,SERGUTIET
Bomet,BOMET,SIBAIYAN
Bomet,BOMET,SIGOWET
Bomet,BOMET,SILIBWET
Bomet,BOMET,SINENDET
Bomet,BOMET,SINGORWET
Bomet,BOMET,SIWOT
Bomet,BOMET,SOGOET
Bomet,BOMET,SOLYOT
Bomet,BOMET,SONOIYA
Bomet,BOMET,SONOKWEK
Bomet,BOMET,ST CATHERINE TEGAT
Bomet,BOMET,SUSWONDO
Bomet,BOMET,TAABET
Bomet,BOMET,TAGARUTO
Bomet,BOMET,TANGUT
Bomet,BOMET,TEGANDA
Bomet,BOMET,TEGAT
Bomet,BOMET,TENWEK
Bomet,BOMET,TENWEK BOARDING
Bomet,BOMET,TIRGAGA
Bomet,BOMET,TIROTO
Bomet,BOMET,TOGOMDA
Bomet,BOMET,TORONIK
Bomet,BOMET,TUMOIYOT CENTRAL
Bomet,BOMET,TUMOIYOT PRY
Bomet,BOMET,WESEGA
Bomet,BOMET EAST,BELGUT
Bomet,BOMET EAST,CHEMOMUL
Bomet,BOMET EAST,CHEPKOLON PRIMARY SCHOOL
Bomet,BOMET EAST,EMITIOT PRIMARY SCHOOL
Bomet,BOMET EAST,GIKOE SECONDARY SCHOOL
Bomet,BOMET EAST,KALYET
Bomet,BOMET EAST,KIPRERES
Bomet,BOMET EAST,KIPTOBIT
Bomet,BOMET EAST,KOIBEIYON
Bomet,BOMET EAST,KOISOMOI
Bomet,BOMET EAST,Korara Special Primary
Bomet,BOMET EAST,KUGUNOI
Bomet,BOMET EAST,LEKIMBO
Bomet,BOMET EAST,LONGISA
Bomet,BOMET EAST,MASARE PRIMARY SCHOOL
Bomet,BOMET EAST,MATUMBORU PRIMARY SCHOOL
Bomet,BOMET EAST,MULOT PRIMARY SCHOOL
Bomet,BOMET EAST,MURANY
Bomet,BOMET EAST,NDABIBI
Bomet,BOMET EAST,OLBOBO
Bomet,BOMET EAST,OLNGOSWET
Bomet,BOMET EAST,SAPARET PRIMARY SCHOOL
Bomet,BOMET EAST,SIMOTWET PRIMARY SCHOOL
Bomet,BOMET EAST,TEBESWET IGOR
Bomet,CHEPALUNGU,ATEBWO
Bomet,CHEPALUNGU,BINGWA
Bomet,CHEPALUNGU,BORUT
Bomet,CHEPALUNGU,CHEBANYINY
Bomet,CHEPALUNGU,CHEBARAA
Bomet,CHEPALUNGU,CHEBELION
Bomet,CHEPALUNGU,CHEBIRIR
Bomet,CHEPALUNGU,CHEBOIS
Bomet,CHEPALUNGU,CHEBORIAN
Bomet,CHEPALUNGU,CHEBORIOT
Bomet,CHEPALUNGU,CHEBOYO
Bomet,CHEPALUNGU,CHEBUGON ‘B’ PRY
Bomet,CHEPALUNGU,CHEBUNYO
Bomet,CHEPALUNGU,CHELEGET
Bomet,CHEPALUNGU,CHELELACH
Bomet,CHEPALUNGU,CHELELAIBEI
Bomet,CHEPALUNGU,CHEMAETANY
Bomet,CHEPALUNGU,CHEMAGEL
Bomet,CHEPALUNGU,CHEMENGWA
Bomet,CHEPALUNGU,CHEMISIMGUT
Bomet,CHEPALUNGU,CHENIT
Bomet,CHEPALUNGU,CHEPKESUI
Bomet,CHEPALUNGU,CHEPKESWAET
Bomet,CHEPALUNGU,CHEPKORGONG
Bomet,CHEPALUNGU,CHEPKOSA
Bomet,CHEPALUNGU,CHEPLELIET PRI SCHOOL
Bomet,CHEPALUNGU,CHEPNGUNGUL
Bomet,CHEPALUNGU,CHEPNYALILIET
Bomet,CHEPALUNGU,CHEPNYALILIET CENTRAL
Bomet,CHEPALUNGU,CHEPONJIRIA
Bomet,CHEPALUNGU,CHEPTAGUM
Bomet,CHEPALUNGU,CHEPTUIYET NGENDA
Bomet,CHEPALUNGU,CHEPTUONIK
Bomet,CHEPALUNGU,CHEPWOSTUIYET PRIMARY SCHOOL
Bomet,CHEPALUNGU,CHESEGEM CENTRAL
Bomet,CHEPALUNGU,CHESERTON
Bomet,CHEPALUNGU,DONBOSCO SINENDET
Bomet,CHEPALUNGU,GELENGEI
Bomet,CHEPALUNGU,GOITABKALYET
Bomet,CHEPALUNGU,GOITABSILIBWET PRI
Bomet,CHEPALUNGU,HIGHLAND
Bomet,CHEPALUNGU,IMARA CHEBUNYO
Bomet,CHEPALUNGU,ITEMBE
Bomet,CHEPALUNGU,KABEMA
Bomet,CHEPALUNGU,KABISIMBA
Bomet,CHEPALUNGU,KABISOGE
Bomet,CHEPALUNGU,KABOLWO
Bomet,CHEPALUNGU,KABOSON
Bomet,CHEPALUNGU,KAGAWET
Bomet,CHEPALUNGU,KAMAGET
Bomet,CHEPALUNGU,KAMOGIBOI
Bomet,CHEPALUNGU,KAMONGIL PRI
Bomet,CHEPALUNGU,KAMORIR
Bomet,CHEPALUNGU,KAMORIT PRI
Bomet,CHEPALUNGU,KAMOSIRO
Bomet,CHEPALUNGU,KAMOSOS
Bomet,CHEPALUNGU,KAMOTYO
Bomet,CHEPALUNGU,KAMUNDUGI
Bomet,CHEPALUNGU,KAMUSANGA
Bomet,CHEPALUNGU,KAPAMBAN
Bomet,CHEPALUNGU,KAPCHERUSE PRI
Bomet,CHEPALUNGU,KAPCHERUSE SUGUTEK
Bomet,CHEPALUNGU,KAPCHUMBE
Bomet,CHEPALUNGU,KAPINDISIN PRY
Bomet,CHEPALUNGU,kapkemoi
Bomet,CHEPALUNGU,KAPKESOSIO
Bomet,CHEPALUNGU,KAPKULUMBEN
Bomet,CHEPALUNGU,KAPKWEN
Bomet,CHEPALUNGU,KAPLEKWA B pri
Bomet,CHEPALUNGU,KAPLELE
Bomet,CHEPALUNGU,KAPLEWA
Bomet,CHEPALUNGU,KAPNGETI PRI
Bomet,CHEPALUNGU,KAPNGETUNY
Bomet,CHEPALUNGU,KAPOLESERO PRIMARY
Bomet,CHEPALUNGU,KAPRORON
Bomet,CHEPALUNGU,KAPSABUL
Bomet,CHEPALUNGU,KAPSAIYALEL
Bomet,CHEPALUNGU,KAPSINENDET CENTRAL
Bomet,CHEPALUNGU,KAPSIO
Bomet,CHEPALUNGU,KAPSOMBER
Bomet,CHEPALUNGU,KAPTABULIET
Bomet,CHEPALUNGU,KAPTEMBWO
Bomet,CHEPALUNGU,KAPTEMBWO LELACH
Bomet,CHEPALUNGU,KAPTERER
Bomet,CHEPALUNGU,KAPTOROKWO
Bomet,CHEPALUNGU,KAPTUMOI
Bomet,CHEPALUNGU,KAPTWOLO
Bomet,CHEPALUNGU,KATARET
Bomet,CHEPALUNGU,KELICHEK
Bomet,CHEPALUNGU,KERUNDUT PRIMARY SCHOOL
Bomet,CHEPALUNGU,KESEGUT
Bomet,CHEPALUNGU,KESOSIO
Bomet,CHEPALUNGU,KIBEREISIT
Bomet,CHEPALUNGU,KIBOSON
Bomet,CHEPALUNGU,KIMANANGA
Bomet,CHEPALUNGU,KIMATISIO
Bomet,CHEPALUNGU,KIMAYA
Bomet,CHEPALUNGU,KIMENDERIT
Bomet,CHEPALUNGU,KIMINDILIL
Bomet,CHEPALUNGU,KIMUGUL
Bomet,CHEPALUNGU,KINYOGI
Bomet,CHEPALUNGU,KIOTA CENTRAL PRI
Bomet,CHEPALUNGU,KIPKEIGEI
Bomet,CHEPALUNGU,KIPKELAT
Bomet,CHEPALUNGU,KIPKUROR
Bomet,CHEPALUNGU,KIPLOMBE
Bomet,CHEPALUNGU,KIPRANYE PRIMARY
Bomet,CHEPALUNGU,KIPRICHEIT PRI
Bomet,CHEPALUNGU,KIPROROGET
Bomet,CHEPALUNGU,KIPSEGON
Bomet,CHEPALUNGU,KIPSIMBOL CENTRE
Bomet,CHEPALUNGU,KIPSIRAT
Bomet,CHEPALUNGU,KIPTAGE
Bomet,CHEPALUNGU,KIPTENDEN
Bomet,CHEPALUNGU,KIPTENDEN CENTRAL
Bomet,CHEPALUNGU,KIPTUNOI
Bomet,CHEPALUNGU,KIPTURGUT
Bomet,CHEPALUNGU,KIRIBA
Bomet,CHEPALUNGU,KISABITA
Bomet,CHEPALUNGU,KISIET
Bomet,CHEPALUNGU,KOSIA
Bomet,CHEPALUNGU,KOTOIBEK
Bomet,CHEPALUNGU,KYOGONG
Bomet,CHEPALUNGU,LABOTIET
Bomet,CHEPALUNGU,LALWAT
Bomet,CHEPALUNGU,LELAITICH
Bomet,CHEPALUNGU,LELBARAK
Bomet,CHEPALUNGU,LELECHONIK
Bomet,CHEPALUNGU,LELECHWET
Bomet,CHEPALUNGU,LUGUMEK
Bomet,CHEPALUNGU,MAKIMENY
Bomet,CHEPALUNGU,MAMBWO
Bomet,CHEPALUNGU,MARAIANGO
Bomet,CHEPALUNGU,MARANGETIT
Bomet,CHEPALUNGU,MASASABEI
Bomet,CHEPALUNGU,MASINDONI
Bomet,CHEPALUNGU,MATHEW MARITIM
Bomet,CHEPALUNGU,MENGWET
Bomet,CHEPALUNGU,MERRY MATUNDA
Bomet,CHEPALUNGU,METIPSO
Bomet,CHEPALUNGU,MOTIGERE PRI
Bomet,CHEPALUNGU,MUGANGET
Bomet,CHEPALUNGU,MWOKYOT
Bomet,CHEPALUNGU,NDAMICHONIK PRI
Bomet,CHEPALUNGU,NGENENET
Bomet,CHEPALUNGU,NGONYAT PRI
Bomet,CHEPALUNGU,NGWONET
Bomet,CHEPALUNGU,NOGIRWET
Bomet,CHEPALUNGU,NYAKICHIWA
Bomet,CHEPALUNGU,NYAMBUGO PRIMARY SCHOOL
Bomet,CHEPALUNGU,NYATEMBE
Bomet,CHEPALUNGU,OLESOI
Bomet,CHEPALUNGU,OREIYET
Bomet,CHEPALUNGU,REBERWET
Bomet,CHEPALUNGU,ROBORWO
Bomet,CHEPALUNGU,RONDA
Bomet,CHEPALUNGU,SAGENYA PRIMARY SCHOOL
Bomet,CHEPALUNGU,SARAMEK
Bomet,CHEPALUNGU,SAUNET
Bomet,CHEPALUNGU,SEGEMIK
Bomet,CHEPALUNGU,SIGOR
Bomet,CHEPALUNGU,SIGOR BOARDING
Bomet,CHEPALUNGU,SIMBEIWET
Bomet,CHEPALUNGU,SIMOTWET PRI
Bomet,CHEPALUNGU,SINGOIWEK
Bomet,CHEPALUNGU,SIONGIROI
Bomet,CHEPALUNGU,SOGORORBEI
Bomet,CHEPALUNGU,ST. SOFIA KAPCHEPOBKENY
Bomet,CHEPALUNGU,ST.JOSEPHS KAPSIRICH
Bomet,CHEPALUNGU,ST.MARY MISMIS
Bomet,CHEPALUNGU,ST.MICHAEL
Bomet,CHEPALUNGU,ST.PATRICK CHEPTOLELYOI
Bomet,CHEPALUNGU,ST.PETER KOIYET
Bomet,CHEPALUNGU,SUGUMERGA
Bomet,CHEPALUNGU,TAITA PRIMARY
Bomet,CHEPALUNGU,TAPAROSHO
Bomet,CHEPALUNGU,TARAKWET
Bomet,CHEPALUNGU,TEBESWET
Bomet,CHEPALUNGU,TILANGOK
Bomet,CHEPALUNGU,Tilyot Primary
Bomet,CHEPALUNGU,TIRIYTA
Bomet,CHEPALUNGU,TOLILET
Bomet,CHEPALUNGU,TUMOI
Bomet,CHEPALUNGU,UMOJA
Bomet,CHEPALUNGU,YOYWANA
Bomet,KONOIN,AREGERIOT
Bomet,KONOIN,BEEKAB ARWET
Bomet,KONOIN,BESIOBEI
Bomet,KONOIN,BOITO
Bomet,KONOIN,BOSTO
Bomet,KONOIN,CHANGANA
Bomet,KONOIN,CHANGOI
Bomet,KONOIN,CHEBABAI PRI
Bomet,KONOIN,CHEBANGANG
Bomet,KONOIN,CHEBUGEN
Bomet,KONOIN,CHEBWONGO
Bomet,KONOIN,CHEIBEI
Bomet,KONOIN,CHEMAAN
Bomet,KONOIN,CHEMALAL
Bomet,KONOIN,CHEMAMUL B
Bomet,KONOIN,CHEMASINGI
Bomet,KONOIN,CHEMELET
Bomet,KONOIN,CHEMOGO
Bomet,KONOIN,Chenacho
Bomet,KONOIN,CHEPCHABAS
Bomet,KONOIN,CHEPCHIRIK
Bomet,KONOIN,CHEPKOCHUN
Bomet,KONOIN,Chepkoin
Bomet,KONOIN,Chepnyoibek
Bomet,KONOIN,CHEPTABAACH
Bomet,KONOIN,CHEPTABES
Bomet,KONOIN,CHEPTALAL
Bomet,KONOIN,CHEPTINGTING
Bomet,KONOIN,CHONGENWO
Bomet,KONOIN,CHORWET
Bomet,KONOIN,Ckepkok primary
Bomet,KONOIN,EMBOMOS
Bomet,KONOIN,EMMANUEL A.I.C
Bomet,KONOIN,KABAIBAI PRIMARY
Bomet,KONOIN,KABIANGEK
Bomet,KONOIN,KABOISIO PRI
Bomet,KONOIN,KABOMOI
Bomet,KONOIN,KAMAGOMON
Bomet,KONOIN,KAPCHEPKOLE
Bomet,KONOIN,KAPCHEPROTWA
Bomet,KONOIN,KAPCHEPTINET BLUE MAN PRI
Bomet,KONOIN,Kapcheptuenik
Bomet,KONOIN,KAPKEN
Bomet,KONOIN,KAPKERONJO
Bomet,KONOIN,KAPKILAIBEI
Bomet,KONOIN,KAPKINARA PRIMARY SCHOOL
Bomet,KONOIN,Kapleleito
Bomet,KONOIN,KAPLETYO
Bomet,KONOIN,KAPRORET
Bomet,KONOIN,KAPSEBETET
Bomet,KONOIN,KAPSENGERE
Bomet,KONOIN,KAPSET
Bomet,KONOIN,KAPSIR
Bomet,KONOIN,Kapsiratet
Bomet,KONOIN,KAPTEBENGWET
Bomet,KONOIN,KAPTEBENGWO
Bomet,KONOIN,KAPTEMBWO
Bomet,KONOIN,KAPTIEN
Bomet,KONOIN,KEBUMBUR
Bomet,KONOIN,KENYAGORO
Bomet,KONOIN,KETIK SOMOK
Bomet,KONOIN,KIBANJALAL
Bomet,KONOIN,KIBIRIRI PRI
Bomet,KONOIN,KIBITGOI
Bomet,KONOIN,KIBOMUT PRIMARY SCHOOL
Bomet,KONOIN,KIMAECH
Bomet,KONOIN,KIMARI
Bomet,KONOIN,KIMARI GIRLS
Bomet,KONOIN,KIMARWANDI
Bomet,KONOIN,KIMORI AIC
Bomet,KONOIN,Kimugul
Bomet,KONOIN,KIMULOT
Bomet,KONOIN,Kimuta
Bomet,KONOIN,KIPKELOK
Bomet,KONOIN,KipKetii
Bomet,KONOIN,KIPRAISI
Bomet,KONOIN,KIPSEONOI
Bomet,KONOIN,KIPSIGIRIO
Bomet,KONOIN,KIPSINENDE
Bomet,KONOIN,KIPTEMENIO
Bomet,KONOIN,KIPTENDEN
Bomet,KONOIN,KIPTIGET
Bomet,KONOIN,KIPTIGET
Bomet,KONOIN,KIRIMOSE
Bomet,KONOIN,KITALA
Bomet,KONOIN,Kitumbe
Bomet,KONOIN,KOBEL PRI
Bomet,KONOIN,KOBOR
Bomet,KONOIN,KOITALEL
Bomet,KONOIN,KOIWA
Bomet,KONOIN,KOMIRMIR
Bomet,KONOIN,Konoitab Tegat
Bomet,KONOIN,KONOITO PRIMARY
Bomet,KONOIN,KOROITIK
Bomet,KONOIN,KORUMA
Bomet,KONOIN,KUGERWET
Bomet,KONOIN,LEBEKYET
Bomet,KONOIN,LELSA
Bomet,KONOIN,Lobokwo
Bomet,KONOIN,Marinyin
Bomet,KONOIN,MESWONDO
Bomet,KONOIN,MICHIRA
Bomet,KONOIN,MOGOGOSIEK T/SHIP
Bomet,KONOIN,MOGONJET
Bomet,KONOIN,MOROMBO
Bomet,KONOIN,Mosoriot
Bomet,KONOIN,MUGENYI
Bomet,KONOIN,MURAMET
Bomet,KONOIN,Mutereriet
Bomet,KONOIN,N. CHEBELYON
Bomet,KONOIN,NDALELAI
Bomet,KONOIN,NGERERIT
Bomet,KONOIN,NYEKESU
Bomet,KONOIN,NYOIKENO
Bomet,KONOIN,RERENDET
Bomet,KONOIN,RUSEYA
Bomet,KONOIN,SANGWA
Bomet,KONOIN,SASETA
Bomet,KONOIN,SATIET
Bomet,KONOIN,SEANIN
Bomet,KONOIN,Sepbet
Bomet,KONOIN,SIMOTWET DAY/ BOARDING PRI
Bomet,KONOIN,SINENDOIK
Bomet,KONOIN,SIOMO
Bomet,KONOIN,SITONIK
Bomet,KONOIN,SOTIT
Bomet,KONOIN,ST. PETERS BUSORETO
Bomet,KONOIN,SUGUTEK
Bomet,KONOIN,SUGUTEK B
Bomet,KONOIN,TAARUT
Bomet,KONOIN,TABAITA
Bomet,KONOIN,TABOINO
Bomet,KONOIN,TALALGA
Bomet,KONOIN,TEMBWET PRI
Bomet,KONOIN,TENDUET
Bomet,KONOIN,TEREK
Bomet,KONOIN,TUIYOBEI
Bomet,SOTIK,ABOSI HILLVIEW
Bomet,SOTIK,BALEK A
Bomet,SOTIK,BAMBANIK
Bomet,SOTIK,Boreito Primary
Bomet,SOTIK,BURGEI
Bomet,SOTIK,CHEBANGO
Bomet,SOTIK,CHEBEIYAN PRIMARY SCHOOL
Bomet,SOTIK,CHEBILAT
Bomet,SOTIK,CHEBIRBELEK
Bomet,SOTIK,CHEBOET
Bomet,SOTIK,CHEBOLE
Bomet,SOTIK,CHEBONGI
Bomet,SOTIK,CHEBUGON
Bomet,SOTIK,CHEBUI
Bomet,SOTIK,CHEBULU
Bomet,SOTIK,CHEMOBEI
Bomet,SOTIK,CHEMOGOI
Bomet,SOTIK,CHEPKALWAL
Bomet,SOTIK,CHEPKEBIT
Bomet,SOTIK,CHEPKEIGEI
Bomet,SOTIK,CHEPKOSIOM
Bomet,SOTIK,CHEPTANGULGEI
Bomet,SOTIK,CHEPTEBE
Bomet,SOTIK,CHERIBO
Bomet,SOTIK,CHERUMBAS PRIMARY
Bomet,SOTIK,CHESAMBAI
Bomet,SOTIK,CHESEGEM PRIMARY SCHOOL
Bomet,SOTIK,CHESERTON
Bomet,SOTIK,CHESILYOT
Bomet,SOTIK,CHESILYOT GIRLS
Bomet,SOTIK,CHILGOTWET
Bomet,SOTIK,CHINGONDI
Bomet,SOTIK,CHOROROITA
Bomet,SOTIK,GAA TUIYOBEI
Bomet,SOTIK,GELEGELE
Bomet,SOTIK,GORGOR
Bomet,SOTIK,Jubiliee Imani Primary
Bomet,SOTIK,KABORUSO KOLUU
Bomet,SOTIK,KABURGEI
Bomet,SOTIK,KAGASIK
Bomet,SOTIK,KAMABWAI
Bomet,SOTIK,KAMBIRA
Bomet,SOTIK,KAMEGUNYET
Bomet,SOTIK,KAMENES
Bomet,SOTIK,KAMESWON
Bomet,SOTIK,KAMIRAI
Bomet,SOTIK,KAMUGENO
Bomet,SOTIK,KAMUNGEI
Bomet,SOTIK,KAMUREITO
Bomet,SOTIK,KAPANGOROR
Bomet,SOTIK,KAPCHEMIBEI
Bomet,SOTIK,KAPCHEPKORO
Bomet,SOTIK,KAPCHEPKOSIOM
Bomet,SOTIK,KAPCHERIRE
Bomet,SOTIK,KAPCHOLYO
Bomet,SOTIK,KAPKELEI
Bomet,SOTIK,KAPKESEMBE
Bomet,SOTIK,KAPKOITIM
Bomet,SOTIK,KAPKURES
Bomet,SOTIK,KAPLEKWA
Bomet,SOTIK,KAPLELACH
Bomet,SOTIK,KAPLETUNDO
Bomet,SOTIK,KAPLOMBOI
Bomet,SOTIK,KAPLONG BOYS
Bomet,SOTIK,KAPLONG GIRLS
Bomet,SOTIK,KAPMAKITUI
Bomet,SOTIK,KAPNYASIMBA
Bomet,SOTIK,KAPOLESOBEI
Bomet,SOTIK,KAPSIONGO
Bomet,SOTIK,KAPSOSURWO
Bomet,SOTIK,KAPTAMUITA
Bomet,SOTIK,KAPTILOLWO
Bomet,SOTIK,KAPTULWA
Bomet,SOTIK,KELONGET VALLEY
Bomet,SOTIK,KENEGUT ‘B’
Bomet,SOTIK,KENENE
Bomet,SOTIK,KERONJO
Bomet,SOTIK,KESENGE
Bomet,SOTIK,KESOGORORET
Bomet,SOTIK,KIBIBO
Bomet,SOTIK,KIBORI
Bomet,SOTIK,KIMASE
Bomet,SOTIK,KIMAWIT
Bomet,SOTIK,KIMOLWET PRIMARY
Bomet,SOTIK,KIMOSO
Bomet,SOTIK,KINYELWET
Bomet,SOTIK,KIPAJIT
Bomet,SOTIK,KIPKETII
Bomet,SOTIK,KIPNGOSOS
Bomet,SOTIK,KIPNGOSOS SPECIAL
Bomet,SOTIK,KIPROBONYIT
Bomet,SOTIK,KIPSIMBOL
Bomet,SOTIK,KIPSINGEI
Bomet,SOTIK,KIPSONOI
Bomet,SOTIK,KIPTAPSIR
Bomet,SOTIK,KIPTENDEN
Bomet,SOTIK,KIPTENDEN TACH ASIS
Bomet,SOTIK,KIPTERGEKYAN
Bomet,SOTIK,KIPTORBEI
Bomet,SOTIK,KIRICHA
Bomet,SOTIK,KISABEI
Bomet,SOTIK,KOIYET
Bomet,SOTIK,KOKWON
Bomet,SOTIK,KORONGORO
Bomet,SOTIK,KURYOT PRIMARY SCHOOL
Bomet,SOTIK,LALWAT
Bomet,SOTIK,LELDAET
Bomet,SOTIK,LELDOK
Bomet,SOTIK,LELECHWET
Bomet,SOTIK,LULUSIK
Bomet,SOTIK,MABWAITA
Bomet,SOTIK,MANARET
Bomet,SOTIK,MOGOIYWEK
Bomet,SOTIK,MOITA
Bomet,SOTIK,MONIRE
Bomet,SOTIK,MORIKO
Bomet,SOTIK,MOSONIK
Bomet,SOTIK,MOTIRET
Bomet,SOTIK,MUNJAZZ
Bomet,SOTIK,NDANAI PRIMARY
Bomet,SOTIK,NGAMURIAN PRI.
Bomet,SOTIK,NGARIET
Bomet,SOTIK,NGENDALEL
Bomet,SOTIK,NGURWO
Bomet,SOTIK,NYAGAA
Bomet,SOTIK,OLDABACH
Bomet,SOTIK,OLDEBESI
Bomet,SOTIK,RONGENA
Bomet,SOTIK,ROTIK
Bomet,SOTIK,SARUCHAT
Bomet,SOTIK,SASITA
Bomet,SOTIK,SERTWET
Bomet,SOTIK,SIGORIAN
Bomet,SOTIK,SIROIN PRIMARY
Bomet,SOTIK,SIRONET
Bomet,SOTIK,SIRYAT
Bomet,SOTIK,SISEI
Bomet,SOTIK,SOGET PRI.
Bomet,SOTIK,SOIMET
Bomet,SOTIK,SOIMOSIEK
Bomet,SOTIK,SOIYOIT PRI
Bomet,SOTIK,SOMOE
Bomet,SOTIK,SOSIK
Bomet,SOTIK,SOSUR
Bomet,SOTIK,SOTIK PRIMARY
Bomet,SOTIK,SOYMET DAY SEC
Bomet,SOTIK,SUGURUSIEK
Bomet,SOTIK,SUGUTEK
Bomet,SOTIK,SUMONI
Bomet,SOTIK,TAABOK
Bomet,SOTIK,TABARIT
Bomet,SOTIK,TABEITUK
Bomet,SOTIK,TAKITECH PRIMARY SCHOOL
Bomet,SOTIK,TARAKWA
Bomet,SOTIK,TEMBWET
Bomet,SOTIK,TEMBWO
Bomet,SOTIK,TENDONOK
Bomet,SOTIK,TOGOMIN
Bomet,SOTIK,TONONGOI
Bomet,SOTIK,TUIYOGOK
Bomet,SOTIK,TUIYOTICH
Bomet,SOTIK,TUMBELYON
Bomet,SOTIK,USWET
Bomet,SOTIK,YAGANEK
County,Sub County,School Name
Bungoma,BUMULA,ACK KHASOKO
Bungoma,BUMULA,BILISO RC
Bungoma,BUMULA,BISUCHE ACK
Bungoma,BUMULA,BITOBO RC
Bungoma,BUMULA,BOSIO RC
Bungoma,BUMULA,BUKIRIMO RC PRIMARY
Bungoma,BUMULA,BUMULA FYM
Bungoma,BUMULA,BUNAMBOBI
Bungoma,BUMULA,BURANGASI RC
Bungoma,BUMULA,BWALIRO ACK
Bungoma,BUMULA,CHILIBA RC
Bungoma,BUMULA,ebenezer academynasyanda
Bungoma,BUMULA,JOYVALLEY SPECIAL
Bungoma,BUMULA,JUHUDI SECONDARY
Bungoma,BUMULA,KABUBERO RC
Bungoma,BUMULA,KABULA RC
Bungoma,BUMULA,KHABUSI S.A PRIMARY
Bungoma,BUMULA,KHASOKO SPECIAL FOR MH
Bungoma,BUMULA,KHASOLO RC
Bungoma,BUMULA,KHAYO MMK
Bungoma,BUMULA,KHELELA AC
Bungoma,BUMULA,KIBACHENJE COG
Bungoma,BUMULA,KIBUKE E R S F
Bungoma,BUMULA,KIMAETI RC MIXED DAY AND BOARDING
Bungoma,BUMULA,KIMATUNI RC
Bungoma,BUMULA,KIMATUNI SA
Bungoma,BUMULA,KIMWANGA RC
Bungoma,BUMULA,KIMWANGA SPECIAL SCHOOL
Bungoma,BUMULA,KISAWAYI SA PRIMARY
Bungoma,BUMULA,KISIOYI ERSF
Bungoma,BUMULA,KITABISI RC
Bungoma,BUMULA,KITINGIA SA
Bungoma,BUMULA,LIBOLINA SPECIAL SCH
Bungoma,BUMULA,LUBUNDA R C
Bungoma,BUMULA,LUMBOKA RC
Bungoma,BUMULA,LUNAO FYM PRIMARY SCHOOL
Bungoma,BUMULA,LUNAO RC
Bungoma,BUMULA,LWANJA RC
Bungoma,BUMULA,MACHWELE DEB
Bungoma,BUMULA,MALINDA RC
Bungoma,BUMULA,MANANI S A
Bungoma,BUMULA,MARABA ACK PRIMARY
Bungoma,BUMULA,MASIELO R C
Bungoma,BUMULA,MASUNO RC
Bungoma,BUMULA,MATEKA RC
Bungoma,BUMULA,MAYANJA R C
Bungoma,BUMULA,MIKOKWE
Bungoma,BUMULA,MILUKI RC
Bungoma,BUMULA,MUANDA RC
Bungoma,BUMULA,MUKHEKHE
Bungoma,BUMULA,MUKHUMA RC
Bungoma,BUMULA,MUKUYUNI RC
Bungoma,BUMULA,MUKWA RC
Bungoma,BUMULA,MULUKOBA RC
Bungoma,BUMULA,MUNGORE ACK
Bungoma,BUMULA,MUSAKASA RC
Bungoma,BUMULA,MUTUA R.C
Bungoma,BUMULA,MWIRUTI RC
Bungoma,BUMULA,MWIYENGA A C K
Bungoma,BUMULA,MWOMO DEB
Bungoma,BUMULA,MYANGA RC
Bungoma,BUMULA,NABUREREYA RC
Bungoma,BUMULA,NAKALILA RC
Bungoma,BUMULA,NAKHWANA R C
Bungoma,BUMULA,NAMANJE F Y M
Bungoma,BUMULA,NAMANZE RC
Bungoma,BUMULA,NAMATOTOA RC
Bungoma,BUMULA,NAMUNINGIE R C
Bungoma,BUMULA,NAMUSASI ACK
Bungoma,BUMULA,NANDIKA SA
Bungoma,BUMULA,NANDINGWA RC
Bungoma,BUMULA,Nandingwa RC Primary
Bungoma,BUMULA,NANGATA
Bungoma,BUMULA,NANGENI FYM
Bungoma,BUMULA,NAPARA ACK PRI
Bungoma,BUMULA,NAPARA RC
Bungoma,BUMULA,NASIMBO S A PRIMARY
Bungoma,BUMULA,NASYANDA BAHAI
Bungoma,BUMULA,NETIMA R C PRIMARY
Bungoma,BUMULA,NGOLI RC
Bungoma,BUMULA,REMWA RC
Bungoma,BUMULA,SANGO RC
Bungoma,BUMULA,SIBOTI RC
Bungoma,BUMULA,SIHILILA RC
Bungoma,BUMULA,SIKINGA FYM
Bungoma,BUMULA,SILOBA SHINE RC PRIMARY
Bungoma,BUMULA,SIRENDE SA
Bungoma,BUMULA,SIYOMBE AC
Bungoma,BUMULA,ST ELIZABETH WACHOLI RC PRIMARY
Bungoma,BUMULA,ST JUDE NABUYEYWE
Bungoma,BUMULA,ST JUDE SYOYA RC
Bungoma,BUMULA,ST MICHAEL BUKUMUMA PRIMARY
Bungoma,BUMULA,ST PETERS NAMAIKA RC
Bungoma,BUMULA,ST STEPHENS BULOSI RC
Bungoma,BUMULA,ST. STEPHENS MUNDAA ACK
Bungoma,BUMULA,SYEKUMULO RC
Bungoma,BUMULA,TABALA R C
Bungoma,BUMULA,TABUTI SUDI RC
Bungoma,BUMULA,TALITIA RC
Bungoma,BUMULA,TULUKUYI
Bungoma,BUMULA,TULUMBA RC
Bungoma,BUMULA,TUNYA RC
Bungoma,BUMULA,WAMUMALI RC
Bungoma,BUMULA,WESIMIKHA SA
Bungoma,BUNGOMA CENTRAL,BARAKI ERSF
Bungoma,BUNGOMA CENTRAL,BUSAKALA FYM
Bungoma,BUNGOMA CENTRAL,BWAKE RC
Bungoma,BUNGOMA CENTRAL,CHEBUKAKA BOYS
Bungoma,BUNGOMA CENTRAL,CHEBUKAKA GIRLS
Bungoma,BUNGOMA CENTRAL,CHEBUKWA DEB
Bungoma,BUNGOMA CENTRAL,CHEBUNYINYI ACK
Bungoma,BUNGOMA CENTRAL,CHEKULO BAPTIST
Bungoma,BUNGOMA CENTRAL,CHEKULO FYM
Bungoma,BUNGOMA CENTRAL,CHEKWANDA COC PRI
Bungoma,BUNGOMA CENTRAL,CHEMWA RC
Bungoma,BUNGOMA CENTRAL,CHENJENI ERSF
Bungoma,BUNGOMA CENTRAL,CHEPSITATI
Bungoma,BUNGOMA CENTRAL,HON WETANGULA SANGO PCU
Bungoma,BUNGOMA CENTRAL,KABUCHAI
Bungoma,BUNGOMA CENTRAL,KABUCHAI SA SPECIAL SCHOOL
Bungoma,BUNGOMA CENTRAL,KASOSI SA PRIMARY SCHOOL
Bungoma,BUNGOMA CENTRAL,KHACHONGE RC
Bungoma,BUNGOMA CENTRAL,KHALABA RC
Bungoma,BUNGOMA CENTRAL,KHATIRI SA PRI
Bungoma,BUNGOMA CENTRAL,KIBICHORI
Bungoma,BUNGOMA CENTRAL,KIBOOCHI
Bungoma,BUNGOMA CENTRAL,KIMALEWA
Bungoma,BUNGOMA CENTRAL,KISIWA
Bungoma,BUNGOMA CENTRAL,KUYWA
Bungoma,BUNGOMA CENTRAL,KUYWA SA SPECIAL FOR M HANDICAPPED
Bungoma,BUNGOMA CENTRAL,LUFUTU SA
Bungoma,BUNGOMA CENTRAL,LUKHOME ERSF
Bungoma,BUNGOMA CENTRAL,LUKHUNA ERSF
Bungoma,BUNGOMA CENTRAL,LUUCHO FYM
Bungoma,BUNGOMA CENTRAL,LUUYA R C
Bungoma,BUNGOMA CENTRAL,LWANJA PEFA
Bungoma,BUNGOMA CENTRAL,MABANGA RC
Bungoma,BUNGOMA CENTRAL,MADISI ERSF
Bungoma,BUNGOMA CENTRAL,MAKHONGE
Bungoma,BUNGOMA CENTRAL,MAKHONGE SA PRI
Bungoma,BUNGOMA CENTRAL,MAROBO
Bungoma,BUNGOMA CENTRAL,MATIBO R
Bungoma,BUNGOMA CENTRAL,MIKAYU FRIENDS
Bungoma,BUNGOMA CENTRAL,MILEMBE FYM
Bungoma,BUNGOMA CENTRAL,MISIRI RC
Bungoma,BUNGOMA CENTRAL,MUKHWEYA RC
Bungoma,BUNGOMA CENTRAL,MUSOKHO FYM
Bungoma,BUNGOMA CENTRAL,NAIRUMBI SA
Bungoma,BUNGOMA CENTRAL,NAKITUMBA SA
Bungoma,BUNGOMA CENTRAL,NALONDO CBM
Bungoma,BUNGOMA CENTRAL,NALONDO DEB
Bungoma,BUNGOMA CENTRAL,NALONDO R C
Bungoma,BUNGOMA CENTRAL,NAMAKHELE RC
Bungoma,BUNGOMA CENTRAL,NAMAONDO CBM
Bungoma,BUNGOMA CENTRAL,NAMILAMA
Bungoma,BUNGOMA CENTRAL,NAMOSI
Bungoma,BUNGOMA CENTRAL,namukongo admirals academy
Bungoma,BUNGOMA CENTRAL,NANGILI
Bungoma,BUNGOMA CENTRAL,NANGWE RC
Bungoma,BUNGOMA CENTRAL,NASAKA
Bungoma,BUNGOMA CENTRAL,NGALASIA ACK
Bungoma,BUNGOMA CENTRAL,PONGOLA
Bungoma,BUNGOMA CENTRAL,S A KHATIRI
Bungoma,BUNGOMA CENTRAL,SAMITA SA
Bungoma,BUNGOMA CENTRAL,SANANDIKI S.A
Bungoma,BUNGOMA CENTRAL,SANANDIKI FRIENDS
Bungoma,BUNGOMA CENTRAL,SAWALI FYM
Bungoma,BUNGOMA CENTRAL,SICHEI FYM
Bungoma,BUNGOMA CENTRAL,SICHEI R C
Bungoma,BUNGOMA CENTRAL,SIKULU
Bungoma,BUNGOMA CENTRAL,SIKUSI
Bungoma,BUNGOMA CENTRAL,SIRARE
Bungoma,BUNGOMA CENTRAL,SIRWA PRI
Bungoma,BUNGOMA CENTRAL,SITILA FYM
Bungoma,BUNGOMA CENTRAL,ST WALUMOLI M 1
Bungoma,BUNGOMA CENTRAL,TEREMI ERSF
Bungoma,BUNGOMA CENTRAL,WABUKHONYI
Bungoma,BUNGOMA CENTRAL,WALUKAYA DEB
Bungoma,BUNGOMA EAST,BAKISA D.E.B
Bungoma,BUNGOMA EAST,BAKISA SA
Bungoma,BUNGOMA EAST,BEN KAPTEN
Bungoma,BUNGOMA EAST,BENAAS VALLEY ACADEMY
Bungoma,BUNGOMA EAST,BITUYU D.E.B
Bungoma,BUNGOMA EAST,BOKOLI F Y M
Bungoma,BUNGOMA EAST,BOKOLI R.C
Bungoma,BUNGOMA EAST,CHEBINI PEFA PRIMARY
Bungoma,BUNGOMA EAST,CHENG’OLI PRIMARY
Bungoma,BUNGOMA EAST,FROI DEB
Bungoma,BUNGOMA EAST,HOLY FAMILY MISIKHU GIRLS
Bungoma,BUNGOMA EAST,KAKIMANYI E R S F
Bungoma,BUNGOMA EAST,KAKIMANYI SDA PRIMARY
Bungoma,BUNGOMA EAST,KHALALA RC
Bungoma,BUNGOMA EAST,KHAMOTO FYM
Bungoma,BUNGOMA EAST,KITUNI FYM
Bungoma,BUNGOMA EAST,KUYWA FYM PRIMARY
Bungoma,BUNGOMA EAST,KWENA SDA
Bungoma,BUNGOMA EAST,LUFWINDIRI DEB
Bungoma,BUNGOMA EAST,LUGULU DAY
Bungoma,BUNGOMA EAST,LUGULU MIXED BOARDING/DAY
Bungoma,BUNGOMA EAST,LUGULU PAG
Bungoma,BUNGOMA EAST,LUGUSI FYM
Bungoma,BUNGOMA EAST,LUKHUNA PRI
Bungoma,BUNGOMA EAST,LUMULI SDA
Bungoma,BUNGOMA EAST,LUTACHO FYM MIXED DAY AND BOARDING
Bungoma,BUNGOMA EAST,LUTASO RC
Bungoma,BUNGOMA EAST,LWILE SAMBU P A G PRIMARY
Bungoma,BUNGOMA EAST,MABELE BAPTIST
Bungoma,BUNGOMA EAST,MAGEMO FYM PRIMARY SCHOOL
Bungoma,BUNGOMA EAST,MAHANGA E R S F PRIMARY
Bungoma,BUNGOMA EAST,MAHANGA PEFA
Bungoma,BUNGOMA EAST,MAKEMO RC
Bungoma,BUNGOMA EAST,MAKHONGE FYM
Bungoma,BUNGOMA EAST,MAKUSELWA FYM
Bungoma,BUNGOMA EAST,MALAHA FYM
Bungoma,BUNGOMA EAST,MALOMONYE FYM
Bungoma,BUNGOMA EAST,MANAFWA F Y M
Bungoma,BUNGOMA EAST,MANG’ANA FYM
Bungoma,BUNGOMA EAST,MARAKA PEFA
Bungoma,BUNGOMA EAST,MASIBAI FYM
Bungoma,BUNGOMA EAST,MASINDU FYM
Bungoma,BUNGOMA EAST,MATISI S A
Bungoma,BUNGOMA EAST,MATULO FRIENDS
Bungoma,BUNGOMA EAST,MATULO RC
Bungoma,BUNGOMA EAST,MIENDO FYM
Bungoma,BUNGOMA EAST,MIHUU FYM
Bungoma,BUNGOMA EAST,MIKUVA FYM
Bungoma,BUNGOMA EAST,MILANI FYM
Bungoma,BUNGOMA EAST,MILO FYM
Bungoma,BUNGOMA EAST,MINYALI SA
Bungoma,BUNGOMA EAST,MISEMWA FYM
Bungoma,BUNGOMA EAST,MISIKHU FYM
Bungoma,BUNGOMA EAST,MISIKHU RC BOYS
Bungoma,BUNGOMA EAST,MISIMO FYM
Bungoma,BUNGOMA EAST,MITUKUYU FYM
Bungoma,BUNGOMA EAST,MOYOKWE
Bungoma,BUNGOMA EAST,MUJI FYM
Bungoma,BUNGOMA EAST,MUKHUYU FYM PRI
Bungoma,BUNGOMA EAST,MULACHI SA
Bungoma,BUNGOMA EAST,MUNGAKHA ACK
Bungoma,BUNGOMA EAST,MURUMBA R.C
Bungoma,BUNGOMA EAST,MURUMBA RC
Bungoma,BUNGOMA EAST,MUSA FYM
Bungoma,BUNGOMA EAST,MUTIKE DEB
Bungoma,BUNGOMA EAST,MWEMBULA DEB
Bungoma,BUNGOMA EAST,NABUYOLE FYM
Bungoma,BUNGOMA EAST,NABUYOLE PEFA
Bungoma,BUNGOMA EAST,NAMARAMBI FYM
Bungoma,BUNGOMA EAST,NAMBALAYI DEB
Bungoma,BUNGOMA EAST,NAMBAMI FYM
Bungoma,BUNGOMA EAST,NAMILIMO KETC PRIMARY
Bungoma,BUNGOMA EAST,NDIVISI FYM PRIMARY
Bungoma,BUNGOMA EAST,NDURUSIA PEFA PRIMARY
Bungoma,BUNGOMA EAST,NEEMA GOOD SHEPHERD E CENTRE
Bungoma,BUNGOMA EAST,NGACHI SA
Bungoma,BUNGOMA EAST,NGWELO FYM PRIMARY
Bungoma,BUNGOMA EAST,NZOIA RC
Bungoma,BUNGOMA EAST,ONDOTI ADC
Bungoma,BUNGOMA EAST,PEFA NZOIA
Bungoma,BUNGOMA EAST,SAMBU CENTRAL
Bungoma,BUNGOMA EAST,Sambu Central Primary
Bungoma,BUNGOMA EAST,SAMBU PAG
Bungoma,BUNGOMA EAST,SAMBU PEFA LUKUKU
Bungoma,BUNGOMA EAST,SANGO DEB
Bungoma,BUNGOMA EAST,SAWA PCU
Bungoma,BUNGOMA EAST,SIKIMBILO RC
Bungoma,BUNGOMA EAST,SILUNGAI FYM
Bungoma,BUNGOMA EAST,SINOKO FYM
Bungoma,BUNGOMA EAST,SINOKO PCU
Bungoma,BUNGOMA EAST,SIPALA fym
Bungoma,BUNGOMA EAST,SIRISIA BOK FYM
Bungoma,BUNGOMA EAST,SIYILILA D.E.B
Bungoma,BUNGOMA EAST,ST ANTONY FOR THE DEAF
Bungoma,BUNGOMA EAST,ST JOHN’S SAVANA
Bungoma,BUNGOMA EAST,ST JOSEPHS RC
Bungoma,BUNGOMA EAST,ST TERESAS SPECIAL FOR M H
Bungoma,BUNGOMA EAST,ST. ELIZABETH ACADEMY
Bungoma,BUNGOMA EAST,ST. MICHAEL NASAKA
Bungoma,BUNGOMA EAST,ST. PAULS KIBISI
Bungoma,BUNGOMA EAST,WABUKHONYI FYM
Bungoma,BUNGOMA EAST,WANDABWA FYM
Bungoma,BUNGOMA EAST,WEBUYE ACK
Bungoma,BUNGOMA EAST,WEBUYE MUSLIM
Bungoma,BUNGOMA EAST,WEBUYE PAG
Bungoma,BUNGOMA EAST,WEBUYE SA
Bungoma,BUNGOMA EAST,WENYILA ERSF
Bungoma,BUNGOMA EAST,YALUSI FYM
Bungoma,BUNGOMA NORTH,ARCHBISHOP WABUKALA
Bungoma,BUNGOMA NORTH,BILIBILI FYM
Bungoma,BUNGOMA NORTH,BILIBILI SPECIAL SCHOOL
Bungoma,BUNGOMA NORTH,BINYENYA RC
Bungoma,BUNGOMA NORTH,BIRUNDA PAG PRIMARY SCHOOL
Bungoma,BUNGOMA NORTH,BITUYU RC
Bungoma,BUNGOMA NORTH,BUNAMBO FRIENDS
Bungoma,BUNGOMA NORTH,BUYANZI PEFA
Bungoma,BUNGOMA NORTH,CHUMA PAG
Bungoma,BUNGOMA NORTH,DR ESELI RC
Bungoma,BUNGOMA NORTH,DR. REGINALDA NASIANDA
Bungoma,BUNGOMA NORTH,HAFOLAND
Bungoma,BUNGOMA NORTH,KAKAMWE RC
Bungoma,BUNGOMA NORTH,KANANACHI FYM
Bungoma,BUNGOMA NORTH,KAPCHONGE DEB
Bungoma,BUNGOMA NORTH,KAPTALELIO BAPTIST
Bungoma,BUNGOMA NORTH,KARIMA
Bungoma,BUNGOMA NORTH,KEWA DEB
Bungoma,BUNGOMA NORTH,KEWA S.A
Bungoma,BUNGOMA NORTH,KIBISI FYM
Bungoma,BUNGOMA NORTH,KIKWAMETI S.A
Bungoma,BUNGOMA NORTH,KIMININI FYM
Bungoma,BUNGOMA NORTH,LUKHOKHWE FYM
Bungoma,BUNGOMA NORTH,LUKHUNA FYM PRIMARY
Bungoma,BUNGOMA NORTH,LUMUKILE PEFA
Bungoma,BUNGOMA NORTH,LUNAO DEB
Bungoma,BUNGOMA NORTH,LUNGAI
Bungoma,BUNGOMA NORTH,LUNYU D E B PRIMARY
Bungoma,BUNGOMA NORTH,LUSOKHO PAG
Bungoma,BUNGOMA NORTH,LUUYA D E B
Bungoma,BUNGOMA NORTH,MACHAKHA DEB
Bungoma,BUNGOMA NORTH,MAINA P A G PRIMARY
Bungoma,BUNGOMA NORTH,MAKHANGA SA
Bungoma,BUNGOMA NORTH,MAKHONGE DEB
Bungoma,BUNGOMA NORTH,MAKOLOLWE P.A.G
Bungoma,BUNGOMA NORTH,MAKUNGA
Bungoma,BUNGOMA NORTH,MALIKI FYM
Bungoma,BUNGOMA NORTH,MANYASA FYM
Bungoma,BUNGOMA NORTH,MAPERA D E B
Bungoma,BUNGOMA NORTH,MARESI FYM
Bungoma,BUNGOMA NORTH,MARINDA FYM
Bungoma,BUNGOMA NORTH,MASHINANI FYM
Bungoma,BUNGOMA NORTH,MATISI PAG
Bungoma,BUNGOMA NORTH,MBAKALO ACK
Bungoma,BUNGOMA NORTH,MBAKALO DEB
Bungoma,BUNGOMA NORTH,MFUNJE ADC
Bungoma,BUNGOMA NORTH,MFUPI R.C
Bungoma,BUNGOMA NORTH,MILELE FRIENDS
Bungoma,BUNGOMA NORTH,MILIMA BOARDING PRIMARY
Bungoma,BUNGOMA NORTH,MILMA RIVERSIDE FYM
Bungoma,BUNGOMA NORTH,MINYALI FRIENDS PRIMARY SCHOOL
Bungoma,BUNGOMA NORTH,MITOTO ADC
Bungoma,BUNGOMA NORTH,MITUA FYM
Bungoma,BUNGOMA NORTH,MIYUKE SA
Bungoma,BUNGOMA NORTH,MUKHUYU R.C
Bungoma,BUNGOMA NORTH,MUKOMARI PEFA PRIM
Bungoma,BUNGOMA NORTH,MUKUYUNI FYM
Bungoma,BUNGOMA NORTH,MULIRO DEB
Bungoma,BUNGOMA NORTH,MUSANGURA FRIENDSS
Bungoma,BUNGOMA NORTH,MUSEMBE FYM PRIMARY SCHOOL
Bungoma,BUNGOMA NORTH,MUSEMBE PAG
Bungoma,BUNGOMA NORTH,MWAMBU PAG
Bungoma,BUNGOMA NORTH,MWIKHOPO DEB
Bungoma,BUNGOMA NORTH,MWIKHUPO RC
Bungoma,BUNGOMA NORTH,NABISWA FYM
Bungoma,BUNGOMA NORTH,NAITIRI FYM
Bungoma,BUNGOMA NORTH,NAITIRI RC
Bungoma,BUNGOMA NORTH,NAITIRI S.A TOWNSHIP
Bungoma,BUNGOMA NORTH,NAKOBA FYM
Bungoma,BUNGOMA NORTH,NAMATORE FPF
Bungoma,BUNGOMA NORTH,NAMAWANGA RGC
Bungoma,BUNGOMA NORTH,NAMBOKO RC
Bungoma,BUNGOMA NORTH,NAMUNYIRI RCEA
Bungoma,BUNGOMA NORTH,NANDOROBO FYM
Bungoma,BUNGOMA NORTH,NDALU RC
Bungoma,BUNGOMA NORTH,NDEGELWA SA
Bungoma,BUNGOMA NORTH,NDENGELWA S.A
Bungoma,BUNGOMA NORTH,NGOYA BUYOFU
Bungoma,BUNGOMA NORTH,NYANGE DEB
Bungoma,BUNGOMA NORTH,NYANGE PAG
Bungoma,BUNGOMA NORTH,NZOIA FYM
Bungoma,BUNGOMA NORTH,NZOIA R.C
Bungoma,BUNGOMA NORTH,SANGO PAG
Bungoma,BUNGOMA NORTH,SAWA DEB
Bungoma,BUNGOMA NORTH,SHIKUKU FYM
Bungoma,BUNGOMA NORTH,SIANGALAMWE RC
Bungoma,BUNGOMA NORTH,SIKULU FYM
Bungoma,BUNGOMA NORTH,SIRAKARU SA
Bungoma,BUNGOMA NORTH,SIRENDE RC
Bungoma,BUNGOMA NORTH,SIUMBWA RC
Bungoma,BUNGOMA NORTH,SOYSAMBU DEB
Bungoma,BUNGOMA NORTH,SOYSAMBU S.A
Bungoma,BUNGOMA NORTH,ST CHARLES LWANGA SINOKO R C
Bungoma,BUNGOMA NORTH,ST MARYS MABUSI RC MIXED
Bungoma,BUNGOMA NORTH,ST PETERS R.C MAKUMU PRIMARY
Bungoma,BUNGOMA NORTH,ST. JOAN SANGO R.C
Bungoma,BUNGOMA NORTH,ST. PAUL’S NARATI R.C
Bungoma,BUNGOMA NORTH,ST. PETER’S MAKUMU
Bungoma,BUNGOMA NORTH,TABANI FYM
Bungoma,BUNGOMA NORTH,TABANI RC
Bungoma,BUNGOMA NORTH,TONGAREN
Bungoma,BUNGOMA SOUTH,ACK The Good Shephard Kibabii
Bungoma,BUNGOMA SOUTH,BUEMA RC
Bungoma,BUNGOMA SOUTH,BUKANANACHI FYM
Bungoma,BUNGOMA SOUTH,BUKEMBE ERSF
Bungoma,BUNGOMA SOUTH,BUKUSU RC
Bungoma,BUNGOMA SOUTH,BULONDO RC
Bungoma,BUNGOMA SOUTH,BUNGOMA DEB
Bungoma,BUNGOMA SOUTH,BUNGOMA MUSLIM
Bungoma,BUNGOMA SOUTH,BUUMBA CCA
Bungoma,BUNGOMA SOUTH,CENTRAL BAPTIST
Bungoma,BUNGOMA SOUTH,CHEMCHE ACK
Bungoma,BUNGOMA SOUTH,CHENGWALI SA
Bungoma,BUNGOMA SOUTH,FUCHANI FRIENDS
Bungoma,BUNGOMA SOUTH,Hututu SDA PRIMARY
Bungoma,BUNGOMA SOUTH,JAMIA PRIMARY
Bungoma,BUNGOMA SOUTH,KAKICHUMA RC
Bungoma,BUNGOMA SOUTH,KAMBA RC
Bungoma,BUNGOMA SOUTH,KANDUYI DEB
Bungoma,BUNGOMA SOUTH,KHAKULA RCEA
Bungoma,BUNGOMA SOUTH,KHAOYA ERSF
Bungoma,BUNGOMA SOUTH,KHAWELI RC
Bungoma,BUNGOMA SOUTH,KIBABII MIXED
Bungoma,BUNGOMA SOUTH,KIKWECHI ACK
Bungoma,BUNGOMA SOUTH,KIMUGUI FYM
Bungoma,BUNGOMA SOUTH,KIMUKUNG’I RC
Bungoma,BUNGOMA SOUTH,KISULINI SA
Bungoma,BUNGOMA SOUTH,KITALE FYM
Bungoma,BUNGOMA SOUTH,KITINDA RC
Bungoma,BUNGOMA SOUTH,KOMBO
Bungoma,BUNGOMA SOUTH,KONGOLI RC
Bungoma,BUNGOMA SOUTH,LUMASA R.C PRY
Bungoma,BUNGOMA SOUTH,LUTUNGU RC
Bungoma,BUNGOMA SOUTH,LUYEKYE RC
Bungoma,BUNGOMA SOUTH,LWANDA FYM
Bungoma,BUNGOMA SOUTH,MABUUSI RCEA
Bungoma,BUNGOMA SOUTH,MAKUTANO SA
Bungoma,BUNGOMA SOUTH,MATONG’I SA
Bungoma,BUNGOMA SOUTH,MATUMBUFU BAPTIST
Bungoma,BUNGOMA SOUTH,MECHIMERU SA
Bungoma,BUNGOMA SOUTH,MISANGA FYM
Bungoma,BUNGOMA SOUTH,MOI DEB
Bungoma,BUNGOMA SOUTH,MUFULE FYM
Bungoma,BUNGOMA SOUTH,MUIKHUPO BAPTIST
Bungoma,BUNGOMA SOUTH,MUKHAWELI MMK
Bungoma,BUNGOMA SOUTH,MUKHOLI PRI
Bungoma,BUNGOMA SOUTH,MUNGETI RC
Bungoma,BUNGOMA SOUTH,MUPELI DEB
Bungoma,BUNGOMA SOUTH,MUSIKOMA RC
Bungoma,BUNGOMA SOUTH,MUYAYI RC
Bungoma,BUNGOMA SOUTH,MWIBALE RC
Bungoma,BUNGOMA SOUTH,NABUKHISA CC
Bungoma,BUNGOMA SOUTH,NABUTOLA FYM
Bungoma,BUNGOMA SOUTH,NAKOYONJO DEB
Bungoma,BUNGOMA SOUTH,NALUTIRI SA
Bungoma,BUNGOMA SOUTH,NAMAANGA FYM
Bungoma,BUNGOMA SOUTH,NAMAMUKA RC PRIMARY
Bungoma,BUNGOMA SOUTH,NAMASANDA RC
Bungoma,BUNGOMA SOUTH,NAMIKELO RC
Bungoma,BUNGOMA SOUTH,NAMIREMBE FRIENDS
Bungoma,BUNGOMA SOUTH,NAMISI CEB PRI
Bungoma,BUNGOMA SOUTH,NAMISI RC
Bungoma,BUNGOMA SOUTH,NAMWACHA FYM
Bungoma,BUNGOMA SOUTH,NDENGELWA RC
Bungoma,BUNGOMA SOUTH,NZOIA DOROFU TOWNSHIP
Bungoma,BUNGOMA SOUTH,NZOIA INDUSTRIAL
Bungoma,BUNGOMA SOUTH,NZOIA SUGAR
Bungoma,BUNGOMA SOUTH,RANJE DEB
Bungoma,BUNGOMA SOUTH,SAMOYA RC
Bungoma,BUNGOMA SOUTH,SANG’ALO RC
Bungoma,BUNGOMA SOUTH,SANGO FYM
Bungoma,BUNGOMA SOUTH,SIAKA DEB
Bungoma,BUNGOMA SOUTH,SIANGWE RC
Bungoma,BUNGOMA SOUTH,SIKALAME SA
Bungoma,BUNGOMA SOUTH,SILOBA RC
Bungoma,BUNGOMA SOUTH,SINOKO DEB
Bungoma,BUNGOMA SOUTH,SIO RC
Bungoma,BUNGOMA SOUTH,SIRENDE DEB
Bungoma,BUNGOMA SOUTH,SIRITANYI RC
Bungoma,BUNGOMA SOUTH,SITOMA SA
Bungoma,BUNGOMA SOUTH,ST CHARLES OKANYA
Bungoma,BUNGOMA SOUTH,ST ELIZABETH CHEMULULUCHI RC
Bungoma,BUNGOMA SOUTH,ST MARYS KIBABII GIRLS
Bungoma,BUNGOMA SOUTH,ST. MICHAEL NDAKARU
Bungoma,BUNGOMA SOUTH,TEMBELELA SA
Bungoma,BUNGOMA SOUTH,TULIENGE RC
Bungoma,BUNGOMA SOUTH,TUNGELELE COD
Bungoma,BUNGOMA SOUTH,WACHEKA ACK
Bungoma,BUNGOMA SOUTH,WALALA RC
Bungoma,BUNGOMA SOUTH,WATWANG’A COG
Bungoma,BUNGOMA SOUTH,WEKELEKHA RC
Bungoma,BUNGOMA WEST,ACK CHEBUKUYI
Bungoma,BUNGOMA WEST,BINYENYA SA
Bungoma,BUNGOMA WEST,BISUNU FYM
Bungoma,BUNGOMA WEST,BUKIABI SA
Bungoma,BUNGOMA WEST,BUKOKHOLO
Bungoma,BUNGOMA WEST,BUTONGE ACK
Bungoma,BUNGOMA WEST,BUTUNDE
Bungoma,BUNGOMA WEST,CHEBUKUTUMI ACK
Bungoma,BUNGOMA WEST,CHENJENI SA
Bungoma,BUNGOMA WEST,CHONGOYI RC
Bungoma,BUNGOMA WEST,CHWELE BOYS
Bungoma,BUNGOMA WEST,CHWELE GIRLS
Bungoma,BUNGOMA WEST,HON WATENGULA LURARE PEFA
Bungoma,BUNGOMA WEST,KABENDO SDA
Bungoma,BUNGOMA WEST,KABKARA SA
Bungoma,BUNGOMA WEST,KABURWET SA
Bungoma,BUNGOMA WEST,KAG NAMAWANGA
Bungoma,BUNGOMA WEST,KAMUNYONG OLE ACK
Bungoma,BUNGOMA WEST,KAPROT DEB
Bungoma,BUNGOMA WEST,KAPTANAI SA
Bungoma,BUNGOMA WEST,KASIAMO FYM
Bungoma,BUNGOMA WEST,KATOMEI
Bungoma,BUNGOMA WEST,KHABUKOYA DEB
Bungoma,BUNGOMA WEST,KIBEU SA
Bungoma,BUNGOMA WEST,KIBINDOI SA
Bungoma,BUNGOMA WEST,KIKAI FYM
Bungoma,BUNGOMA WEST,KOLANI FYM
Bungoma,BUNGOMA WEST,KOMIRIAI RC
Bungoma,BUNGOMA WEST,KOROSIONDET SA
Bungoma,BUNGOMA WEST,KUAFU RC
Bungoma,BUNGOMA WEST,KULISIRU FYM
Bungoma,BUNGOMA WEST,LONDO SA
Bungoma,BUNGOMA WEST,LUKAALA FYM
Bungoma,BUNGOMA WEST,LUTASO PEFA
Bungoma,BUNGOMA WEST,LWAKHAKHA SA
Bungoma,BUNGOMA WEST,LWANDANYI
Bungoma,BUNGOMA WEST,MACHAKHA RC
Bungoma,BUNGOMA WEST,MALAKISI
Bungoma,BUNGOMA WEST,MALAKISI MUSLIM
Bungoma,BUNGOMA WEST,MALINDA FYM
Bungoma,BUNGOMA WEST,MALINDA SA
Bungoma,BUNGOMA WEST,MASABA DEB
Bungoma,BUNGOMA WEST,MATIBO RC
Bungoma,BUNGOMA WEST,MATUMBAYI BLM
Bungoma,BUNGOMA WEST,MATUNDA ACK
Bungoma,BUNGOMA WEST,MENU FYM
Bungoma,BUNGOMA WEST,MUFUNGU SA
Bungoma,BUNGOMA WEST,MUNYANGANYI RC
Bungoma,BUNGOMA WEST,MUSIEBA SA
Bungoma,BUNGOMA WEST,MUTONYI ERSF
Bungoma,BUNGOMA WEST,MWANDA SA
Bungoma,BUNGOMA WEST,NABEKI RC
Bungoma,BUNGOMA WEST,NABULOOLI SA
Bungoma,BUNGOMA WEST,NAMANG OFULO DEB
Bungoma,BUNGOMA WEST,NAMAWANGA FYM
Bungoma,BUNGOMA WEST,NAMBUYA ACK
Bungoma,BUNGOMA WEST,NAMUBILA SA
Bungoma,BUNGOMA WEST,NAMUNDI FYM
Bungoma,BUNGOMA WEST,NAMUNYU SA
Bungoma,BUNGOMA WEST,NAMUTOKHOLO DEB
Bungoma,BUNGOMA WEST,NAMWESI
Bungoma,BUNGOMA WEST,NASALA SA
Bungoma,BUNGOMA WEST,NDAKARU SA
Bungoma,BUNGOMA WEST,SIBANGA SA
Bungoma,BUNGOMA WEST,SIRISIA MAL
Bungoma,BUNGOMA WEST,SIRISIA SPECIAL (MH)
Bungoma,BUNGOMA WEST,SIRISIA TOWNSHIP
Bungoma,BUNGOMA WEST,SITABICHA RC
Bungoma,BUNGOMA WEST,ST GABRIEL MAYEKWE
Bungoma,BUNGOMA WEST,ST JOSEPHS KAKALA RC
Bungoma,BUNGOMA WEST,TAMULEGA ACK
Bungoma,BUNGOMA WEST,TULIENGE ACK
Bungoma,BUNGOMA WEST,WANJOYA SA PRIMARY
Bungoma,BUNGOMA WEST,WAPUKHA FYM
Bungoma,BUNGOMA WEST,YABEKO SA
Bungoma,CHEPTAIS,BANAN-TEGA
Bungoma,CHEPTAIS,BIKHUTU SDA
Bungoma,CHEPTAIS,BUKONOI
Bungoma,CHEPTAIS,Bulukha ACK
Bungoma,CHEPTAIS,BURKENWO
Bungoma,CHEPTAIS,BUSANJA FYM
Bungoma,CHEPTAIS,CHEBICH R. C
Bungoma,CHEPTAIS,CHEBIN D.E.B
Bungoma,CHEPTAIS,CHEBINYINY C.O.C
Bungoma,CHEPTAIS,CHEBWEK S.A.
Bungoma,CHEPTAIS,CHELEBEI FYM
Bungoma,CHEPTAIS,Chemeker SDA
Bungoma,CHEPTAIS,CHEMOIKUUT
Bungoma,CHEPTAIS,CHEMONDI S. A.
Bungoma,CHEPTAIS,CHEMUTA
Bungoma,CHEPTAIS,CHEPCHABAI A.I.C
Bungoma,CHEPTAIS,CHEPKOWO R.C.E.A
Bungoma,CHEPTAIS,CHEPKUBE ACK
Bungoma,CHEPTAIS,CHEPKUBE S.A
Bungoma,CHEPTAIS,CHEPKURKUR S. A.
Bungoma,CHEPTAIS,CHEPTAIS S.A.
Bungoma,CHEPTAIS,CHEPTAIS SDA
Bungoma,CHEPTAIS,CHEPTOROR R.C
Bungoma,CHEPTAIS,CHEPYUK R.C
Bungoma,CHEPTAIS,CHERENDIO S.D.A
Bungoma,CHEPTAIS,CHESIKAKI F.Y.M
Bungoma,CHEPTAIS,CHESIKAKI R.C
Bungoma,CHEPTAIS,CHESIRO SA
Bungoma,CHEPTAIS,CHESIYWO SA
Bungoma,CHEPTAIS,CHONGEYWO SA
Bungoma,CHEPTAIS,Coneratone educationa centre
Bungoma,CHEPTAIS,KABORIOT SA
Bungoma,CHEPTAIS,KABUKWO SA
Bungoma,CHEPTAIS,KAMABUS
Bungoma,CHEPTAIS,KAMACHEI
Bungoma,CHEPTAIS,KAMARANG DEB
Bungoma,CHEPTAIS,KAMOSONG SA
Bungoma,CHEPTAIS,KAPCHEBUK
Bungoma,CHEPTAIS,KAPKATENY ACK
Bungoma,CHEPTAIS,KAPKEKE ACK
Bungoma,CHEPTAIS,KAPKERWA
Bungoma,CHEPTAIS,KAPKIRWOK
Bungoma,CHEPTAIS,KAPKISEI AIC
Bungoma,CHEPTAIS,KAPKOTO ACK
Bungoma,CHEPTAIS,KAPKURONGO FYM
Bungoma,CHEPTAIS,KAPONDI PRIMARY
Bungoma,CHEPTAIS,KAPROBOI RC PRIMARY
Bungoma,CHEPTAIS,KAPSAMBU
Bungoma,CHEPTAIS,KAPSESOI SA
Bungoma,CHEPTAIS,KAPSIKA PEFA
Bungoma,CHEPTAIS,KAPSOGOM
Bungoma,CHEPTAIS,KAPSOROMET ADC
Bungoma,CHEPTAIS,KAPTUM
Bungoma,CHEPTAIS,KEBEE S.A. PRIMARY SCHOOL
Bungoma,CHEPTAIS,KEWAANI-KOOY
Bungoma,CHEPTAIS,KIBUMET KCC
Bungoma,CHEPTAIS,KIMABOLE FYM
Bungoma,CHEPTAIS,KIMAMA RC
Bungoma,CHEPTAIS,KIMASWA SA
Bungoma,CHEPTAIS,KIMERIN
Bungoma,CHEPTAIS,KIMORONG PRIMARY
Bungoma,CHEPTAIS,KIMURIO RCEA
Bungoma,CHEPTAIS,KIPSABULA SA
Bungoma,CHEPTAIS,KIPSIGON
Bungoma,CHEPTAIS,KIPSIKROK ACK
Bungoma,CHEPTAIS,KIPSIS SA
Bungoma,CHEPTAIS,KIPTEKA SA
Bungoma,CHEPTAIS,KIPTII SDA
Bungoma,CHEPTAIS,KIPTUNGURWO SA
Bungoma,CHEPTAIS,KOPSIRO SA
Bungoma,CHEPTAIS,KORNG’OTUNY
Bungoma,CHEPTAIS,KUBURA SA
Bungoma,CHEPTAIS,MARIGO SDA
Bungoma,CHEPTAIS,MASAEK SA
Bungoma,CHEPTAIS,MULATIWA SA
Bungoma,CHEPTAIS,MULUKHU FRIENDS
Bungoma,CHEPTAIS,MURWANI DEB
Bungoma,CHEPTAIS,NALONDO SA
Bungoma,CHEPTAIS,NDARET ACK
Bungoma,CHEPTAIS,PANDAP-TAY
Bungoma,CHEPTAIS,PERESTEN ACK
Bungoma,CHEPTAIS,RAMA SDA
Bungoma,CHEPTAIS,ROCK PRIMARY
Bungoma,CHEPTAIS,RWANDA SA
Bungoma,CHEPTAIS,SARIA
Bungoma,CHEPTAIS,SEREK
Bungoma,CHEPTAIS,SESIK DEB
Bungoma,CHEPTAIS,SIMOTWET PRI
Bungoma,CHEPTAIS,SOET AIM PRIMARY
Bungoma,CHEPTAIS,SOSAPLEL ACK
Bungoma,CHEPTAIS,ST ANDREWS NAMATOTOA
Bungoma,CHEPTAIS,ST JOSEPHS CHEMUSES
Bungoma,CHEPTAIS,ST. JUDE KAIMUGUL
Bungoma,CHEPTAIS,ST.PETERS CHEPTONON
Bungoma,CHEPTAIS,STREAM FIELD ACADEMY
Bungoma,CHEPTAIS,TEREM SA
Bungoma,CHEPTAIS,TOROSO SA
Bungoma,CHEPTAIS,TOYWONDET DEB
Bungoma,CHEPTAIS,TUIKUT COG
Bungoma,CHEPTAIS,TUUYO BEI
Bungoma,CHEPTAIS,WALANGA
Bungoma,CHEPTAIS,WASIO ACK
Bungoma,KIMILILI,ST JOSEPHS’ KAMUSINDE R C
Bungoma,KIMILILI,ALLAN BRADLEY KAMUSINGA
Bungoma,KIMILILI,BITUYU FYM
Bungoma,KIMILILI,BUKO
Bungoma,KIMILILI,CHEBUKWABI FYM
Bungoma,KIMILILI,CHELEKEI BAHAI
Bungoma,KIMILILI,CHESAMISI FYM
Bungoma,KIMILILI,FRIENDS SCHOOL KAMUSINGA
Bungoma,KIMILILI,KAMASIELO
Bungoma,KIMILILI,KAMBINI C C
Bungoma,KIMILILI,KAMUKUYWA A C
Bungoma,KIMILILI,KAMUKUYWA F Y M
Bungoma,KIMILILI,KAMUSINDE FYM
Bungoma,KIMILILI,KAMUSINGA AC
Bungoma,KIMILILI,KHAMULATI DEB PRI
Bungoma,KIMILILI,KHWIRORO AC
Bungoma,KIMILILI,KIBINGEI FYM
Bungoma,KIMILILI,KIBUNDE FYM
Bungoma,KIMILILI,KIKWECHI ASEM PRI
Bungoma,KIMILILI,KIMILILI ADULT SEC
Bungoma,KIMILILI,KIMILILI DEB
Bungoma,KIMILILI,KIMILILI FYM
Bungoma,KIMILILI,KIMILILI RC GIRLS
Bungoma,KIMILILI,KIMINGICHI AIC
Bungoma,KIMILILI,KITAYI R C
Bungoma,KIMILILI,LUBOKHA
Bungoma,KIMILILI,LUKHOME BAPTIST
Bungoma,KIMILILI,LURARE BAPTIST
Bungoma,KIMILILI,LUTONYI
Bungoma,KIMILILI,LWANDA SA
Bungoma,KIMILILI,MAENI FYM
Bungoma,KIMILILI,MAKHONGE FYM
Bungoma,KIMILILI,MATILI FYM
Bungoma,KIMILILI,MATILI RC
Bungoma,KIMILILI,MISIKHU MAIN PRI
Bungoma,KIMILILI,MITISI FYM PRIMARY
Bungoma,KIMILILI,MURUNGA SA DARAJA MUNGU
Bungoma,KIMILILI,MUSEMBE DEB
Bungoma,KIMILILI,MWANGALE DEB
Bungoma,KIMILILI,NAKALIRA RC
Bungoma,KIMILILI,NAMAKHELE ACK
Bungoma,KIMILILI,NAMAWANGA DEB
Bungoma,KIMILILI,NAMBOANI FYM
Bungoma,KIMILILI,NAMBOANI RC
Bungoma,KIMILILI,NASIANDA SA
Bungoma,KIMILILI,NG’OLI PRI
Bungoma,KIMILILI,SANGO BAPTIST
Bungoma,KIMILILI,SIBAKALA RC
Bungoma,KIMILILI,SIUNA SA
Bungoma,KIMILILI,SOSIO RC PRIMARY SCHOOL
Bungoma,KIMILILI,ST JOHNS MIRURI RC
Bungoma,KIMILILI,ST. JOHN’S RC MIRURI
Bungoma,KIMILILI,SULEIMAN MURUNGA
Bungoma,KIMILILI,SULWE JUDAH ISRAEL
Bungoma,MT ELGON,ABURI ACK PRI
Bungoma,MT ELGON,BUGAA
Bungoma,MT ELGON,CHEBOMBAI DEB
Bungoma,MT ELGON,CHEBUKAT ACK
Bungoma,MT ELGON,CHELILDE RC
Bungoma,MT ELGON,CHEMOGE
Bungoma,MT ELGON,CHEMOREMWO
Bungoma,MT ELGON,CHEMOSITET SDA PRI
Bungoma,MT ELGON,CHEMSES RC
Bungoma,MT ELGON,CHEMWEISUS
Bungoma,MT ELGON,CHEPKERER
Bungoma,MT ELGON,CHEPKOYA
Bungoma,MT ELGON,CHEPSOIKEI KETC PRI
Bungoma,MT ELGON,CHEPUKAI
Bungoma,MT ELGON,CHEROMIS
Bungoma,MT ELGON,CHERONGOS DEB
Bungoma,MT ELGON,CHESINENDE FYM PRIMARY SCHOOL
Bungoma,MT ELGON,CHESITO
Bungoma,MT ELGON,IYAA
Bungoma,MT ELGON,KABERWA DEB
Bungoma,MT ELGON,KABOIOM ACK
Bungoma,MT ELGON,KABOROM
Bungoma,MT ELGON,KABOYWO
Bungoma,MT ELGON,KAMENJO ACK
Bungoma,MT ELGON,KAMKATA ACK
Bungoma,MT ELGON,KAMUNERU ACK
Bungoma,MT ELGON,KAPCHEBON
Bungoma,MT ELGON,KAPCHOYWO S.A PRIMARY
Bungoma,MT ELGON,KAPKUSENG
Bungoma,MT ELGON,KAPSOKWONY DEB
Bungoma,MT ELGON,KAPTALEIO BAPTIST PRI
Bungoma,MT ELGON,KAPTALELIO RC
Bungoma,MT ELGON,KAPTAMA FYM
Bungoma,MT ELGON,KAPTEGANDET
Bungoma,MT ELGON,KAPTOLA
Bungoma,MT ELGON,KAPTOLA FYM SPECIAL SCHOOL
Bungoma,MT ELGON,KEWABRANG
Bungoma,MT ELGON,KEWOOY
Bungoma,MT ELGON,KIBEI
Bungoma,MT ELGON,KIBUK
Bungoma,MT ELGON,KIMKUNG SDA
Bungoma,MT ELGON,KIMOBO
Bungoma,MT ELGON,KIPCHIRIA ACK
Bungoma,MT ELGON,KIPSOEN SDA
Bungoma,MT ELGON,KIPTIROKO
Bungoma,MT ELGON,KIPYETO
Bungoma,MT ELGON,KONGT RC
Bungoma,MT ELGON,KOSHOK RC
Bungoma,MT ELGON,KOSTOI
Bungoma,MT ELGON,MAKUNGA SDA
Bungoma,MT ELGON,MILIMANI SDA
Bungoma,MT ELGON,MULATIWA
Bungoma,MT ELGON,NOMORIO
Bungoma,MT ELGON,SACHO RC
Bungoma,MT ELGON,SAMBOCHO
Bungoma,MT ELGON,SANGO
Bungoma,MT ELGON,SENDERA S.A
Bungoma,MT ELGON,SIRGOI
Bungoma,MT ELGON,ST JOHNS CHEPYUK
Bungoma,MT ELGON,TENDET RC
Bungoma,MT ELGON,THE SALVATION ARMY KAPCHOYWO
Bungoma,MT ELGON,TOBOO
Bungoma,MT ELGON,TOMOI PRI
Bungoma,MT ELGON,TOMOOY F.P.F.K
Bungoma,MT ELGON,TULWO CEC
Bungoma,WEBUYE WEST,BUKUNJANGABO SA
Bungoma,WEBUYE WEST,BUNANGENI FYM
Bungoma,WEBUYE WEST,BUNJOSI FYM
Bungoma,WEBUYE WEST,CHEBOSI S A PRIMARY
Bungoma,WEBUYE WEST,CHENG’OLI PRIMARY
Bungoma,WEBUYE WEST,KHALUMULI FYM
Bungoma,WEBUYE WEST,MALOHO RC
Bungoma,WEBUYE WEST,NAMAWANGA FYM
Bungoma,WEBUYE WEST,SIRENDE AC
Bungoma,WEBUYE WEST,SITIKHO ERSF
County,Sub County,School Name
Busia,BUNYALA,BUBAMBA
Busia,BUNYALA,BUBANGO
Busia,BUNYALA,BUDALA
Busia,BUNYALA,BUDALANGI
Busia,BUNYALA,BUDUBUSI
Busia,BUNYALA,BUKOMA
Busia,BUNYALA,BULEMIA
Busia,BUNYALA,BULWANI AC
Busia,BUNYALA,BUMADEYA
Busia,BUNYALA,BUONGO
Busia,BUNYALA,BUSAGWA
Busia,BUNYALA,IGIGO
Busia,BUNYALA,KENYA GAUZE
Busia,BUNYALA,LAKEVIEW
Busia,BUNYALA,LUGALE
Busia,BUNYALA,LUNYOFU
Busia,BUNYALA,MADUWA
Busia,BUNYALA,MAKUNDA
Busia,BUNYALA,MUBWAYO
Busia,BUNYALA,MUDEMBI
Busia,BUNYALA,MUKHOBOLA
Busia,BUNYALA,MUNDERE PRIMARY
Busia,BUNYALA,MUNDERE SPECIAL SCHOOL
Busia,BUNYALA,MUNDIKA B’
Busia,BUNYALA,MUSOMA AC.
Busia,BUNYALA,NABUTSWI
Busia,BUNYALA,NAMALO
Busia,BUNYALA,NANJOMI
Busia,BUNYALA,OSIEKO
Busia,BUNYALA,PORT VICTORIA MIXED
Busia,BUNYALA,RUAMBWA
Busia,BUNYALA,RUGUNGA PRIMARY SCHOOL
Busia,BUNYALA,RUGUNGA SPECIAL FOR THE MENTALLY
Busia,BUNYALA,RUGUNGA SPECIAL SCHOOL FOR THE H.C
Busia,BUNYALA,RUNYU
Busia,BUNYALA,SIBUKA
Busia,BUNYALA,SIFUGWE
Busia,BUNYALA,SIRIMBA
Busia,BUNYALA,SISENYE
Busia,BUNYALA,ST.CECILIA GIRLS
Busia,BUSIA,ALUNGOLI
Busia,BUSIA,BUGENGI
Busia,BUSIA,BUKALAMA
Busia,BUSIA,BULANDA
Busia,BUSIA,BURINGALA
Busia,BUSIA,BURUMBA
Busia,BUSIA,BUSABAKHWA
Busia,BUSIA,BUSENDE
Busia,BUSIA,BUSIBWABO
Busia,BUSIA,BUSIDIBU
Busia,BUSIA,BUYAMA
Busia,BUSIA,BUYENDE
Busia,BUSIA,BWAMANI
Busia,BUSIA,DULIENGE
Busia,BUSIA,ESIKULU
Busia,BUSIA,ESIRISIA
Busia,BUSIA,IGERO
Busia,BUSIA,INDOLI
Busia,BUSIA,KANGELEMUGE
Busia,BUSIA,LUKONYI PRIMARY (BOYS)
Busia,BUSIA,LULIBA
Busia,BUSIA,LUNG’A
Busia,BUSIA,LWANYA
Busia,BUSIA,LWANYA SPECIAL
Busia,BUSIA,MABUNGE A.C
Busia,BUSIA,MAYENJE
Busia,BUSIA,MORUKEYAN
Busia,BUSIA,MUJURU
Busia,BUSIA,MUNDIKA BOYS
Busia,BUSIA,MUNDIKA GIRLS
Busia,BUSIA,MUNDIKA SPECIAL FOR HI
Busia,BUSIA,MUNDULUSIA
Busia,BUSIA,MUNONGO
Busia,BUSIA,MURENDE
Busia,BUSIA,MURENDE MIXED SEC
Busia,BUSIA,MUYAFWA
Busia,BUSIA,NANGOMA
Busia,BUSIA,NASEWA AC
Busia,BUSIA,NASIRA AC
Busia,BUSIA,NASIRA R.C.
Busia,BUSIA,SITEKO
Busia,BUSIA,SIWONGO PRIMARY
Busia,BUSIA,ST MOSES SIGWATA FUNCTIONL
Busia,BUSIA,St Peter’s Budokomi primary school
Busia,BUSIA,ST ROSE MABALE PRI
Busia,BUSIA,ST TERESA’S GIRLS
Busia,BUSIA,ST. EUGENE’S
Busia,BUSIA,ST. PETER’S BURIANGI
Busia,BUSIA,ST. TERESA’S NAMBERE R.C
Busia,BUSIA,ST.JOSEPH’S BUSIA GIRLS
Busia,BUSIA,ST.PAULS BUDERIE
Busia,BUSIA,YMCA BUSIA
Busia,BUTULA,BISHOP L. ATUNDO MUNG’AMBWA
Busia,BUTULA,BUDUMA ACK
Busia,BUTULA,BUHUYI
Busia,BUTULA,BUJUMBA
Busia,BUTULA,BUKATI
Busia,BUTULA,BUKHAKHALA
Busia,BUTULA,BUKHALALIRE
Busia,BUTULA,BUKHUMA
Busia,BUTULA,BUKHWAKU
Busia,BUTULA,BULWANI
Busia,BUTULA,BUMALA AC
Busia,BUTULA,BUMALA RC
Busia,BUTULA,BUMUTIRU RC
Busia,BUTULA,BURINDA
Busia,BUTULA,BURIYA
Busia,BUTULA,BUSIADA
Busia,BUTULA,BUSIBI
Busia,BUTULA,BUSIBULA
Busia,BUTULA,BUSIRE
Busia,BUTULA,BUTULA BOYS
Busia,BUTULA,BUTUNYI MIXED
Busia,BUTULA,BWALIRO
Busia,BUTULA,DADIRA
Busia,BUTULA,ELUKHARI
Busia,BUTULA,EMAGOMBE
Busia,BUTULA,ENAKAYWA
Busia,BUTULA,ESIBEMBE A.C
Busia,BUTULA,ESIBINA
Busia,BUTULA,IGULA DEB
Busia,BUTULA,IKONZO
Busia,BUTULA,ISONGO
Busia,BUTULA,KALALANI
Busia,BUTULA,KANJALA
Busia,BUTULA,KANJALA MIXED SECONDARY
Busia,BUTULA,KHUNYANGU
Busia,BUTULA,KINGANDOLE
Busia,BUTULA,LUGULU AC
Busia,BUTULA,MADOLA
Busia,BUTULA,MAKWARA
Busia,BUTULA,MASEBULA
Busia,BUTULA,MASENDEBALE
Busia,BUTULA,MAUKO DEB
Busia,BUTULA,MUNGABO
Busia,BUTULA,MUSIBIRIRI
Busia,BUTULA,MUSOMA RC
Busia,BUTULA,NANGO
Busia,BUTULA,"NEELA , PRIMARY ST. TERESA"
Busia,BUTULA,NYAMWANGA
Busia,BUTULA,SIKARIRA
Busia,BUTULA,SIKOMA
Busia,BUTULA,SIKURA
Busia,BUTULA,SIMULI
Busia,BUTULA,SIRIBO
Busia,BUTULA,SIUNGA
Busia,BUTULA,SOMABASE PREPARATORY
Busia,BUTULA,ST CATHERINE’S PRIMARY AND TECHNICAL
Busia,BUTULA,ST. MARY’S BUTULA GIRLS
Busia,BUTULA,ST. MELTUS SAKA
Busia,BUTULA,ST. SIMON ELUNYIKO
Busia,BUTULA,ST. THOMAS MORE NAMWITSULA
Busia,BUTULA,STAUGUSTINE BOYS
Busia,BUTULA,TINGOLO
Busia,NAMBALE,BUYOFU
Busia,NAMBALE,EKISUMO
Busia,NAMBALE,ELWANIKHA
Busia,NAMBALE,EMAKINA
Busia,NAMBALE,EMUKHUYU
Busia,NAMBALE,ESIDENDE
Busia,NAMBALE,HARAMBEE PRI
Busia,NAMBALE,IGARA
Busia,NAMBALE,KAJORO
Busia,NAMBALE,KAPINA ST. JUDE
Busia,NAMBALE,KATIRA
Busia,NAMBALE,KHAYO
Busia,NAMBALE,KHULWANDA
Busia,NAMBALE,KHWIRALE CENTRE
Busia,NAMBALE,KISOKO GIRLS
Busia,NAMBALE,KOSHALAI
Busia,NAMBALE,LUPIDA
Busia,NAMBALE,MABUNGE RC
Busia,NAMBALE,MADENDE
Busia,NAMBALE,MADIBO
Busia,NAMBALE,MAIRA RC PRIMARY
Busia,NAMBALE,MALANGA ACK
Busia,NAMBALE,MANYOLE
Busia,NAMBALE,MAOLO
Busia,NAMBALE,MATILI
Busia,NAMBALE,MUNGATSI
Busia,NAMBALE,MUSOKOTO B
Busia,NAMBALE,MUSOKOTO DEB
Busia,NAMBALE,MWANGAZA ACK
Busia,NAMBALE,MWENGE
Busia,NAMBALE,NAMAHINDI
Busia,NAMBALE,NAMBALE AC
Busia,NAMBALE,NAMBALE BAPTIST
Busia,NAMBALE,NAMBALE URBAN
Busia,NAMBALE,NAMISI
Busia,NAMBALE,NANGENI
Busia,NAMBALE,OTIIRI
Busia,NAMBALE,SANGO
Busia,NAMBALE,SEGERO
Busia,NAMBALE,SIANDA
Busia,NAMBALE,SIBEMBE
Busia,NAMBALE,SIERA
Busia,NAMBALE,SIKINGA
Busia,NAMBALE,ST MARTINS KISOKO SPECIAL
Busia,NAMBALE,ST MARYS NAMBALE
Busia,NAMBALE,ST. ELIZABETH OPEDUR RC
Busia,NAMBALE,ST. FRANCIS MAKONGENI
Busia,NAMBALE,ST. JOSEPH’S KISOKO BOYS
Busia,NAMBALE,ST. MARK’S MUSOMA
Busia,NAMBALE,ST. MATHEWS LWANYANGE
Busia,NAMBALE,ST. PETERS KHWIRALE
Busia,NAMBALE,ST. PHILLIP KALUDEKA
Busia,NAMBALE,WAMBA EDU CENTRE
Busia,SAMIA,ACK HAKATI
Busia,SAMIA,AGENG’A
Busia,SAMIA,BUBURI
Busia,SAMIA,BUDUTA
Busia,SAMIA,BUJWANGA
Busia,SAMIA,BUKEKO
Busia,SAMIA,BUKHWAMBA
Busia,SAMIA,BUKIRI
Busia,SAMIA,BULOMA
Busia,SAMIA,BUMAYENGA
Busia,SAMIA,BUMBE
Busia,SAMIA,BUMULIMBA
Busia,SAMIA,BURADI
Busia,SAMIA,BURUDU
Busia,SAMIA,BUSEMBE
Busia,SAMIA,BUSIBI INTERGRATED
Busia,SAMIA,BUSULERE
Busia,SAMIA,BWANGANGI
Busia,SAMIA,EUGINE MASOMBO
Busia,SAMIA,GANJALA
Busia,SAMIA,KABWODO PRIMARY
Busia,SAMIA,LUCHULULO
Busia,SAMIA,LUGALA
Busia,SAMIA,MALANGA
Busia,SAMIA,MOODY AWORI INTEGRATED
Busia,SAMIA,MUDOMA
Busia,SAMIA,MUGASA
Busia,SAMIA,MUKONJO
Busia,SAMIA,MUNDAYA
Busia,SAMIA,MUNYANJA
Busia,SAMIA,NABALAKI
Busia,SAMIA,NABUGANDA
Busia,SAMIA,NABUTUKI
Busia,SAMIA,NAKHASIKO
Busia,SAMIA,NAMASALI
Busia,SAMIA,NANDEREKA
Busia,SAMIA,NANGINA MIXED
Busia,SAMIA,NEROBIA
Busia,SAMIA,NYAKHOBI PRIMARY SCHOOL
Busia,SAMIA,SIBALE
Busia,SAMIA,SIBINGA PRIMARY
Busia,SAMIA,SICHEKHE
Busia,SAMIA,SIDONGE
Busia,SAMIA,SIFUYO
Busia,SAMIA,SIGALAME
Busia,SAMIA,SIGULU
Busia,SAMIA,SIJOWA
Busia,SAMIA,ST. CATHERINE NANGINA GIRLS
Busia,SAMIA,ST. JOHN’S BUSIJO INTERGRATED
Busia,SAMIA,ST. JOSEPH’S GANYALA SECONDARY SCHOOL WEDL
Busia,SAMIA,ST. KIZITO MURAMBA
Busia,SAMIA,ST. LEAH BUNANDI
Busia,SAMIA,ST. PATRICK NANDEREMA
Busia,SAMIA,ST. PAUL’S BUKHULUNGU
Busia,SAMIA,WAKHUNGU
Busia,TESO NORTH,AKADOOT ACK
Busia,TESO NORTH,ACK AKIRIAMET
Busia,TESO NORTH,ACK CHAMASIRI
Busia,TESO NORTH,ACK KOPIYA
Busia,TESO NORTH,ACK OBURI KODE
Busia,TESO NORTH,ADANYA
Busia,TESO NORTH,ADURUKOIT
Busia,TESO NORTH,AEDOMORU
Busia,TESO NORTH,AGONGET
Busia,TESO NORTH,AKAPIJAN
Busia,TESO NORTH,AKIBUI ACK
Busia,TESO NORTH,AKICHELESIT
Busia,TESO NORTH,AKOBWAIT ‘CHA’ RC
Busia,TESO NORTH,AKOLONG
Busia,TESO NORTH,AKULONY
Busia,TESO NORTH,ALOETE
Busia,TESO NORTH,AMAGORO
Busia,TESO NORTH,AMONI
Busia,TESO NORTH,ANGARO SA
Busia,TESO NORTH,ANGURAI
Busia,TESO NORTH,ATABA OBURI
Busia,TESO NORTH,CHANGARA ACK
Busia,TESO NORTH,CHELELEMUK BOYS
Busia,TESO NORTH,CHELELEMUK GIRLS BOARDING
Busia,TESO NORTH,EKISEGERE
Busia,TESO NORTH,ELALAI
Busia,TESO NORTH,GARA PRIMARY SCHOOL
Busia,TESO NORTH,GOROMAIT SA
Busia,TESO NORTH,IKAPOLOK
Busia,TESO NORTH,KABUKUI
Busia,TESO NORTH,KAEJO
Busia,TESO NORTH,KAESET
Busia,TESO NORTH,KAGUTIO ECD
Busia,TESO NORTH,KAJEI
Busia,TESO NORTH,KAKAPEL SPECIAL
Busia,TESO NORTH,KAKEMER
Busia,TESO NORTH,KAKERIAUT
Busia,TESO NORTH,KAKOIT
Busia,TESO NORTH,KAKOLI
Busia,TESO NORTH,KAKURIKIT
Busia,TESO NORTH,KAMOLO
Busia,TESO NORTH,KAMUNYELE
Busia,TESO NORTH,KAMURIAI
Busia,TESO NORTH,KANDELEMUGE
Busia,TESO NORTH,KANDELEMUGE
Busia,TESO NORTH,KANGELEMUGE
Busia,TESO NORTH,KAPESUR ACK
Busia,TESO NORTH,KASINGE
Busia,TESO NORTH,KASOGOL KAPEL
Busia,TESO NORTH,KATAKWA
Busia,TESO NORTH,KATANYU
Busia,TESO NORTH,KATOTOI
Busia,TESO NORTH,KAWALUN
Busia,TESO NORTH,KEKALET
Busia,TESO NORTH,KENGATUNY
Busia,TESO NORTH,KETEBAT
Busia,TESO NORTH,KIRIKO (A.C.K)
Busia,TESO NORTH,KISIOMBE
Busia,TESO NORTH,KOCHOLYA
Busia,TESO NORTH,KOKARE
Busia,TESO NORTH,KOLAIT BOYS BOARDING PRIMARY SCHOOL
Busia,TESO NORTH,KOLAIT GIRLS PRIMARY SCHOOL
Busia,TESO NORTH,KOLANYA BOYS
Busia,TESO NORTH,KOLANYA GIRLS
Busia,TESO NORTH,KONGOLOLO
Busia,TESO NORTH,KONGURAKOL
Busia,TESO NORTH,KORISAI
Busia,TESO NORTH,KORURUMA
Busia,TESO NORTH,MALABA TOWNSHIP
Busia,TESO NORTH,MATUMBAI S.A
Busia,TESO NORTH,MODING
Busia,TESO NORTH,MWARI RC
Busia,TESO NORTH,OKIMARU ACK
Busia,TESO NORTH,OKULEU
Busia,TESO NORTH,ONYUNYUR
Busia,TESO NORTH,OPAARE R.C PRIMARY
Busia,TESO NORTH,OSASAME RC
Busia,TESO NORTH,OSOPOTOIT PRIMARY
Busia,TESO NORTH,RWATAMA
Busia,TESO NORTH,S. A. ABOLOI
Busia,TESO NORTH,SA ABOLOI SEC
Busia,TESO NORTH,SA KOSENYI
Busia,TESO NORTH,SDA KAUJAKITO
Busia,TESO NORTH,ST BARNABAS KATELENYANG
Busia,TESO NORTH,ST JAMES KOTEKO
Busia,TESO NORTH,ST JAMES OSIA
Busia,TESO NORTH,ST LUKES KAKEMER SPECIAL
Busia,TESO NORTH,ST MARY’S AKIRIAMASIT RC
Busia,TESO NORTH,ST MARY’S OSAJAI R.C
Busia,TESO NORTH,ST PAULS ACHUNET
Busia,TESO NORTH,ST. ANN KAKAPEL PRIMARY
Busia,TESO SOUTH,ACIIT PRIMARY
Busia,TESO SOUTH,ACUNET PRIMARY
Busia,TESO SOUTH,ADEREMA
Busia,TESO SOUTH,AKATAGOROIT
Busia,TESO SOUTH,AKITES PRIMARY
Busia,TESO SOUTH,AKOBWAIT
Busia,TESO SOUTH,AKOREET
Busia,TESO SOUTH,ALOMODOI primary school
Busia,TESO SOUTH,ALUPE
Busia,TESO SOUTH,ALUPE SPECIAL FOR THE HEARING
Busia,TESO SOUTH,AMAASE
Busia,TESO SOUTH,AMONGURA
Busia,TESO SOUTH,ANGOROM
Busia,TESO SOUTH,APATIT
Busia,TESO SOUTH,APEGEI
Busia,TESO SOUTH,APEGEI SPECIAL SCHOOL FOR PHYSICALLY
Busia,TESO SOUTH,APOKOR
Busia,TESO SOUTH,APOKOR SPECIAL SCHOOL
Busia,TESO SOUTH,ASIRIAM
Busia,TESO SOUTH,ATERAIT
Busia,TESO SOUTH,BUSIA AIR STRIP
Busia,TESO SOUTH,busia precious vision academy
Busia,TESO SOUTH,BUSIA TOWNSHIP
Busia,TESO SOUTH,CHAKOL BOYS
Busia,TESO SOUTH,CHAKOL GIRLS BOARDING
Busia,TESO SOUTH,goria primary
Busia,TESO SOUTH,KABOSOKIPI
Busia,TESO SOUTH,KALIWA
Busia,TESO SOUTH,KAMARINYANG
Busia,TESO SOUTH,KAMUNUOIT
Busia,TESO SOUTH,KARISA
Busia,TESO SOUTH,KATELENYANG
Busia,TESO SOUTH,KERIAMATA
Busia,TESO SOUTH,KIDERA
Busia,TESO SOUTH,KOCHEK
Busia,TESO SOUTH,KODEDEMA
Busia,TESO SOUTH,KOSERA
Busia,TESO SOUTH,KOTUR
Busia,TESO SOUTH,KWANGAMOR
Busia,TESO SOUTH,MACHAKUSI
Busia,TESO SOUTH,MORUKAMOSING
Busia,TESO SOUTH,OBEKAI
Busia,TESO SOUTH,OBUCUUN
Busia,TESO SOUTH,OBURI
Busia,TESO SOUTH,OCHUDE
Busia,TESO SOUTH,ODIOI
Busia,TESO SOUTH,OJAAMONG
Busia,TESO SOUTH,OJAMII
Busia,TESO SOUTH,OKAME
Busia,TESO SOUTH,OKATEKOK
Busia,TESO SOUTH,OKEREBWA
Busia,TESO SOUTH,OKOKORU
Busia,TESO SOUTH,OKWATA
Busia,TESO SOUTH,OLEPITO
Busia,TESO SOUTH,OMOLOI
Busia,TESO SOUTH,ONGARIAMA
Busia,TESO SOUTH,ONGAROI
Busia,TESO SOUTH,OPOKOTO ACK
Busia,TESO SOUTH,OTIMONG
Busia,TESO SOUTH,palama primary
Busia,TESO SOUTH,PAPA PRIMARY SCHOOL
Busia,TESO SOUTH,PARATER
Busia,TESO SOUTH,ST ANNES OKIPORO
Busia,TESO SOUTH,ST PAULS AMERIKWAI
Busia,TESO SOUTH,ST PETERS AKIRIAMAS
Busia,TESO SOUTH,ST PETER’S OSURET
Busia,TESO SOUTH,ST. ANNE SIDELEWA
Busia,TESO SOUTH,ST. JOSEPH’S AMUKURA GIRLS
Busia,TESO SOUTH,ST. LUKES AMONI
Busia,TESO SOUTH,ST. MARY’S ASINGE
Busia,TESO SOUTH,ST. PETER’S OSIPATA
Busia,TESO SOUTH,ST. SIMON ABURI
Elgeyo Marakwet County,Sub County,School Name
Elgeyo,KEIYO,Nyaliil.
Elgeyo,KEIYO,ANIN
Elgeyo,KEIYO,BUGAR
Elgeyo,KEIYO,CHEBEREN
Elgeyo,KEIYO,CHEBOKOKWO
Elgeyo,KEIYO,CHEBONET
Elgeyo,KEIYO,CHEGILET
Elgeyo,KEIYO,CHELINGWA PRIMARY SCHOOL
Elgeyo,KEIYO,CHEPKITONY
Elgeyo,KEIYO,CHEPKOGIN
Elgeyo,KEIYO,CHEPTARIT
Elgeyo,KEIYO,CHESITEK
Elgeyo,KEIYO,ELGEYO SAWMILL
Elgeyo,KEIYO,ITEN
Elgeyo,KEIYO,ITEN FOR THE DEAF
Elgeyo,KEIYO,KABORE
Elgeyo,KEIYO,KABULWO
Elgeyo,KEIYO,KAMARINY
Elgeyo,KEIYO,KAMEZA
Elgeyo,KEIYO,KAPCHELAL
Elgeyo,KEIYO,KAPKEI
Elgeyo,KEIYO,KAPKESSUM
Elgeyo,KEIYO,KAPKOI
Elgeyo,KEIYO,KAPLAMAI
Elgeyo,KEIYO,KAPLOLO
Elgeyo,KEIYO,KAPSINENDE
Elgeyo,KEIYO,KAPSIO
Elgeyo,KEIYO,KAPSISI
Elgeyo,KEIYO,KAPSOIYO
Elgeyo,KEIYO,KAPTEREN
Elgeyo,KEIYO,KAPTUM
Elgeyo,KEIYO,Katalel
Elgeyo,KEIYO,KATALEL PRIMARY
Elgeyo,KEIYO,KAYOI
Elgeyo,KEIYO,KENDUR
Elgeyo,KEIYO,KERMUK
Elgeyo,KEIYO,KESSUP
Elgeyo,KEIYO,KEWAPSOS
Elgeyo,KEIYO,KIBARGOIYET
Elgeyo,KEIYO,KIBENDO
Elgeyo,KEIYO,KIBOI
Elgeyo,KEIYO,KIPCHAWAT
Elgeyo,KEIYO,KIPKA
Elgeyo,KEIYO,KIPKENDA
Elgeyo,KEIYO,KIPKULOT
Elgeyo,KEIYO,KIPSABU PRIMARY SCHOOL
Elgeyo,KEIYO,KIPTABUS
Elgeyo,KEIYO,KIPTINGO
Elgeyo,KEIYO,KIPTOIT PRIMARY
Elgeyo,KEIYO,KIPTORO
Elgeyo,KEIYO,KOBIL
Elgeyo,KEIYO,KOKWAO
Elgeyo,KEIYO,KOLOL
Elgeyo,KEIYO,KOMOTONY
Elgeyo,KEIYO,KORKITONY
Elgeyo,KEIYO,LAMAON
Elgeyo,KEIYO,MATANY
Elgeyo,KEIYO,MINDILILWO
Elgeyo,KEIYO,MINDILILWO SPECIAL
Elgeyo,KEIYO,MOI TAMBACH PRIMARY
Elgeyo,KEIYO,MSEKEKWA
Elgeyo,KEIYO,MUNO
Elgeyo,KEIYO,NYALIIL PRIMARY
Elgeyo,KEIYO,NYAWA
Elgeyo,KEIYO,RIMOI
Elgeyo,KEIYO,SALABA
Elgeyo,KEIYO,SALABA
Elgeyo,KEIYO,SERGOIT
Elgeyo,KEIYO,SINGORE
Elgeyo,KEIYO,SIROCH
Elgeyo,KEIYO,SONGETO
Elgeyo,KEIYO,St. Peter¶s Chebokokwa.
Elgeyo,KEIYO,USWO
Elgeyo,KEIYO,WILLIAM MURGOR
Elgeyo,KEIYO,YOKOT
Elgeyo,KEIYO SOUTH,BIWOTT
Elgeyo,KEIYO SOUTH,CHANGACH BARAK
Elgeyo,KEIYO SOUTH,CHANGACH BARAK
Elgeyo,KEIYO SOUTH,CHEBIOR
Elgeyo,KEIYO SOUTH,CHEBIREI
Elgeyo,KEIYO SOUTH,CHEBOGE
Elgeyo,KEIYO SOUTH,CHEBULBUL
Elgeyo,KEIYO SOUTH,CHEKOBEI
Elgeyo,KEIYO SOUTH,CHEMARKACH
Elgeyo,KEIYO SOUTH,CHEMOIBON
Elgeyo,KEIYO SOUTH,CHEMURGUI
Elgeyo,KEIYO SOUTH,CHEMWABUL
Elgeyo,KEIYO SOUTH,CHEPKETERET
Elgeyo,KEIYO SOUTH,CHEPKORIO
Elgeyo,KEIYO SOUTH,CHEPKOSOM
Elgeyo,KEIYO SOUTH,CHEPSAMO
Elgeyo,KEIYO SOUTH,CHEPSIGOT
Elgeyo,KEIYO SOUTH,CHEPSIREI
Elgeyo,KEIYO SOUTH,CHEPTEBO
Elgeyo,KEIYO SOUTH,CHEROTA
Elgeyo,KEIYO SOUTH,CHOP
Elgeyo,KEIYO SOUTH,CHORORGET
Elgeyo,KEIYO SOUTH,EMIS
Elgeyo,KEIYO SOUTH,EMSEA
Elgeyo,KEIYO SOUTH,ENEGO
Elgeyo,KEIYO SOUTH,EPKE
Elgeyo,KEIYO SOUTH,FLAX MIXED DAY AND BOARDING
Elgeyo,KEIYO SOUTH,KABAWA
Elgeyo,KEIYO SOUTH,KALWAL
Elgeyo,KEIYO SOUTH,KAMELIL
Elgeyo,KEIYO SOUTH,KAMOSONG
Elgeyo,KEIYO SOUTH,KAMWAGO
Elgeyo,KEIYO SOUTH,KAMWOSOR
Elgeyo,KEIYO SOUTH,KAPALWAT
Elgeyo,KEIYO SOUTH,KAPCHEBELEL
Elgeyo,KEIYO SOUTH,KAPCHEBUTUK
Elgeyo,KEIYO SOUTH,KAPCHEPTEK
Elgeyo,KEIYO SOUTH,KAPCHORWA
Elgeyo,KEIYO SOUTH,KAPKENDA
Elgeyo,KEIYO SOUTH,KAPKITONY
Elgeyo,KEIYO SOUTH,KAPKONO
Elgeyo,KEIYO SOUTH,KAPKOSOM
Elgeyo,KEIYO SOUTH,KAPKUT
Elgeyo,KEIYO SOUTH,KAPLETINGI
Elgeyo,KEIYO SOUTH,KAPNG ETIK
Elgeyo,KEIYO SOUTH,Kapngetik primary school
Elgeyo,KEIYO SOUTH,KAPSAMICH
Elgeyo,KEIYO SOUTH,KAPSEGUT
Elgeyo,KEIYO SOUTH,KAPSERGONG
Elgeyo,KEIYO SOUTH,KAPSIEKWA
Elgeyo,KEIYO SOUTH,KAPSOO
Elgeyo,KEIYO SOUTH,Kapsoo Primary School
Elgeyo,KEIYO SOUTH,KAPSOWEK
Elgeyo,KEIYO SOUTH,KAPTAGAT
Elgeyo,KEIYO SOUTH,KAPTARKOK
Elgeyo,KEIYO SOUTH,KAPTERE
Elgeyo,KEIYO SOUTH,KAPTILOL
Elgeyo,KEIYO SOUTH,KAPTUBEI
Elgeyo,KEIYO SOUTH,KASAR
Elgeyo,KEIYO SOUTH,KATUMOI
Elgeyo,KEIYO SOUTH,Katumoi primary school
Elgeyo,KEIYO SOUTH,KETIGOI
Elgeyo,KEIYO SOUTH,Kewane Primary School
Elgeyo,KEIYO SOUTH,KEWAPMWEN
Elgeyo,KEIYO SOUTH,KIBIGOR
Elgeyo,KEIYO SOUTH,KIBOMET
Elgeyo,KEIYO SOUTH,KIBONGE
Elgeyo,KEIYO SOUTH,KIMOLOI
Elgeyo,KEIYO SOUTH,KIMWARER
Elgeyo,KEIYO SOUTH,KIMWOGO
Elgeyo,KEIYO SOUTH,KIPCHILOI
Elgeyo,KEIYO SOUTH,KIPCHORWA
Elgeyo,KEIYO SOUTH,KIPKABUS DOWNS
Elgeyo,KEIYO SOUTH,KIPKABUS FOREST
Elgeyo,KEIYO SOUTH,KIPKANAO
Elgeyo,KEIYO SOUTH,Kipkanao primary
Elgeyo,KEIYO SOUTH,KIPSAINA
Elgeyo,KEIYO SOUTH,KIPSANAI
Elgeyo,KEIYO SOUTH,KIPSAOS
Elgeyo,KEIYO SOUTH,KIPTABACH
Elgeyo,KEIYO SOUTH,KIPTENDEN
Elgeyo,KEIYO SOUTH,KIPTENGWER
Elgeyo,KEIYO SOUTH,KIPTULOS
Elgeyo,KEIYO SOUTH,KITANY
Elgeyo,KEIYO SOUTH,KOCHOLWO
Elgeyo,KEIYO SOUTH,KOGIBOR
Elgeyo,KEIYO SOUTH,KOIMUR
Elgeyo,KEIYO SOUTH,KOMBATICH
Elgeyo,KEIYO SOUTH,KOPTEGA
Elgeyo,KEIYO SOUTH,KOWOCHI
Elgeyo,KEIYO SOUTH,LELBOINET
Elgeyo,KEIYO SOUTH,LOBOEN PRIMARY
Elgeyo,KEIYO SOUTH,LOLGARINI
Elgeyo,KEIYO SOUTH,MATUNGEN
Elgeyo,KEIYO SOUTH,MENCHEIWA
Elgeyo,KEIYO SOUTH,MENONE
Elgeyo,KEIYO SOUTH,MOKWO
Elgeyo,KEIYO SOUTH,MOSORTO
Elgeyo,KEIYO SOUTH,MUNYEK PRIMARY
Elgeyo,KEIYO SOUTH,MUSKUT
Elgeyo,KEIYO SOUTH,NGOBISI
Elgeyo,KEIYO SOUTH,POYWECH
Elgeyo,KEIYO SOUTH,ROKOCHO
Elgeyo,KEIYO SOUTH,SABOR
Elgeyo,KEIYO SOUTH,Sabor primary school
Elgeyo,KEIYO SOUTH,SAMABUL
Elgeyo,KEIYO SOUTH,SESIA primary school
Elgeyo,KEIYO SOUTH,SETANO
Elgeyo,KEIYO SOUTH,SIMIT
Elgeyo,KEIYO SOUTH,SIMOTWO
Elgeyo,KEIYO SOUTH,SItotwo mixed day and boarding
Elgeyo,KEIYO SOUTH,ST. MARY’S KIPRIRIA
Elgeyo,KEIYO SOUTH,ST. PATRICK KABIRIRSUS
Elgeyo,KEIYO SOUTH,ST. PAUL KABECHEI PRIMARY
Elgeyo,KEIYO SOUTH,SURMO PRIMARY
Elgeyo,KEIYO SOUTH,SURMO PRIMARY
Elgeyo,KEIYO SOUTH,TAMBUL
Elgeyo,KEIYO SOUTH,TINONE
Elgeyo,KEIYO SOUTH,TOROR
Elgeyo,KEIYO SOUTH,TUGUMOI
Elgeyo,KEIYO SOUTH,TULWOBEI
Elgeyo,KEIYO SOUTH,TURESIA
Elgeyo,KEIYO SOUTH,WALBEI
Elgeyo,KEIYO SOUTH,WEREP
Elgeyo,KEIYO SOUTH,YATIANE
Elgeyo,MARAKWET EAST,BARBERI
Elgeyo,MARAKWET EAST,BOROKO
Elgeyo,MARAKWET EAST,CHAWIS PRIMARY
Elgeyo,MARAKWET EAST,CHEBILIL
Elgeyo,MARAKWET EAST,CHECHAN
Elgeyo,MARAKWET EAST,CHELIMWO
Elgeyo,MARAKWET EAST,CHEMISTO PRI
Elgeyo,MARAKWET EAST,CHEMWOROR
Elgeyo,MARAKWET EAST,CHEPTANY PRI
Elgeyo,MARAKWET EAST,CHEPTOBOT
Elgeyo,MARAKWET EAST,CHESAWACH
Elgeyo,MARAKWET EAST,CHESETAN
Elgeyo,MARAKWET EAST,CHESOI
Elgeyo,MARAKWET EAST,CHESONGOCH
Elgeyo,MARAKWET EAST,CHUGOR MIXED BOARDING PRI
Elgeyo,MARAKWET EAST,EMBOMIR
Elgeyo,MARAKWET EAST,ENDIWA PRIMARY SCHOOL
Elgeyo,MARAKWET EAST,ITUM PRIMARY SCHOOL
Elgeyo,MARAKWET EAST,KABALDAMET
Elgeyo,MARAKWET EAST,KABETWA
Elgeyo,MARAKWET EAST,KABIEGO
Elgeyo,MARAKWET EAST,KALYA PRI
Elgeyo,MARAKWET EAST,Kalya pri school
Elgeyo,MARAKWET EAST,KAMASIA
Elgeyo,MARAKWET EAST,KAMELEI
Elgeyo,MARAKWET EAST,KAMOGO PRY
Elgeyo,MARAKWET EAST,KAPCHEBAU
Elgeyo,MARAKWET EAST,KAPCHELAGA
Elgeyo,MARAKWET EAST,KAPCHEMURKELDET
Elgeyo,MARAKWET EAST,KAPCHOGE
Elgeyo,MARAKWET EAST,KAPERO
Elgeyo,MARAKWET EAST,KAPKAIN PRIM
Elgeyo,MARAKWET EAST,KAPKENY
Elgeyo,MARAKWET EAST,KAPKOBIL
Elgeyo,MARAKWET EAST,KAPKUTO
Elgeyo,MARAKWET EAST,KAPSICHA
Elgeyo,MARAKWET EAST,KAPTOBENDO
Elgeyo,MARAKWET EAST,KAPTORA
Elgeyo,MARAKWET EAST,KARARIA
Elgeyo,MARAKWET EAST,Kasokotow pr school
Elgeyo,MARAKWET EAST,KATILIT
Elgeyo,MARAKWET EAST,KERBUT
Elgeyo,MARAKWET EAST,KILANGATA
Elgeyo,MARAKWET EAST,Kimitel
Elgeyo,MARAKWET EAST,KIMONGO PRIMARY
Elgeyo,MARAKWET EAST,KIMUREN
Elgeyo,MARAKWET EAST,KIPTANUI CHEPKOG ACA
Elgeyo,MARAKWET EAST,KIPYEBO
Elgeyo,MARAKWET EAST,KOISABUL
Elgeyo,MARAKWET EAST,KOMBASES
Elgeyo,MARAKWET EAST,Kreel primary school
Elgeyo,MARAKWET EAST,MARON
Elgeyo,MARAKWET EAST,METIPSOO
Elgeyo,MARAKWET EAST,MKENO
Elgeyo,MARAKWET EAST,MOGIL PRIMARY SCHOOL
Elgeyo,MARAKWET EAST,MOROR PRIMARY SCHOOL
Elgeyo,MARAKWET EAST,MUNGWA
Elgeyo,MARAKWET EAST,MURETO
Elgeyo,MARAKWET EAST,MUSWON
Elgeyo,MARAKWET EAST,NYIRAR
Elgeyo,MARAKWET EAST,QUEEN OF PEACE CHESEGER
Elgeyo,MARAKWET EAST,RATIA
Elgeyo,MARAKWET EAST,SAMBALAT
Elgeyo,MARAKWET EAST,SANGACH
Elgeyo,MARAKWET EAST,SEBERO
Elgeyo,MARAKWET EAST,sebero pri school
Elgeyo,MARAKWET EAST,ST GABRIEL CHORWA
Elgeyo,MARAKWET EAST,ST MICHAELS EMBOBUT
Elgeyo,MARAKWET EAST,ST PETERS KORION
Elgeyo,MARAKWET EAST,ST STEPHEN KORUO ACADEMY
Elgeyo,MARAKWET EAST,TANGUL
Elgeyo,MARAKWET EAST,TEBE
Elgeyo,MARAKWET EAST,TENDERWA
Elgeyo,MARAKWET EAST,TIRAP PRI
Elgeyo,MARAKWET EAST,TOBONGON
Elgeyo,MARAKWET EAST,TOROKO
Elgeyo,MARAKWET EAST,TOT
Elgeyo,MARAKWET EAST,TUTURUNG
Elgeyo,MARAKWET EAST,WEWO
Elgeyo,MARAKWET WEST,BARSUMBAT
Elgeyo,MARAKWET WEST,BISHOP KEWASIS KABEREWO
Elgeyo,MARAKWET WEST,BOROON PRIMARY SCHOOL
Elgeyo,MARAKWET WEST,CHEBAI
Elgeyo,MARAKWET WEST,CHEBARA
Elgeyo,MARAKWET WEST,CHEBIEMIT
Elgeyo,MARAKWET WEST,CHEBORORWA
Elgeyo,MARAKWET WEST,CHELES
Elgeyo,MARAKWET WEST,CHEMOSONG PRIMARY
Elgeyo,MARAKWET WEST,CHEMULANY
Elgeyo,MARAKWET WEST,CHEMURGOI
Elgeyo,MARAKWET WEST,CHEPKAWAI
Elgeyo,MARAKWET WEST,CHEPKUM PRIMARY SCHOOL
Elgeyo,MARAKWET WEST,CHEPSIGOR PRI
Elgeyo,MARAKWET WEST,CHEPTONGEI
Elgeyo,MARAKWET WEST,CHEPTULON
Elgeyo,MARAKWET WEST,CHESINGEI
Elgeyo,MARAKWET WEST,CHESUBET
Elgeyo,MARAKWET WEST,CHESUMAN
Elgeyo,MARAKWET WEST,CHOGOO
Elgeyo,MARAKWET WEST,EMKEW
Elgeyo,MARAKWET WEST,HOSSEN
Elgeyo,MARAKWET WEST,JEMUNADA
Elgeyo,MARAKWET WEST,KABARAR
Elgeyo,MARAKWET WEST,KABELYO
Elgeyo,MARAKWET WEST,KAMASAT
Elgeyo,MARAKWET WEST,KAMOI
Elgeyo,MARAKWET WEST,KAMURTO
Elgeyo,MARAKWET WEST,KAMUSENY
Elgeyo,MARAKWET WEST,KAPCHEBIT
Elgeyo,MARAKWET WEST,KAPCHEPSAR
Elgeyo,MARAKWET WEST,KAPCHEROP
Elgeyo,MARAKWET WEST,KAPCHESEWES
Elgeyo,MARAKWET WEST,KAPENGONG
Elgeyo,MARAKWET WEST,KAPKANYAR
Elgeyo,MARAKWET WEST,KAPKATA
Elgeyo,MARAKWET WEST,KAPKOCHUR
Elgeyo,MARAKWET WEST,KAPKOROS
Elgeyo,MARAKWET WEST,KAPLENGE
Elgeyo,MARAKWET WEST,KAPLONGON
Elgeyo,MARAKWET WEST,KAPSAINA
Elgeyo,MARAKWET WEST,KAPSAIT
Elgeyo,MARAKWET WEST,KAPSIGOT
Elgeyo,MARAKWET WEST,KAPSIW
Elgeyo,MARAKWET WEST,KAPSOWAR
Elgeyo,MARAKWET WEST,KAPSUMAI
Elgeyo,MARAKWET WEST,KAPTABUK
Elgeyo,MARAKWET WEST,KAPTALAMWA
Elgeyo,MARAKWET WEST,KAPTEK
Elgeyo,MARAKWET WEST,KAPTERIT
Elgeyo,MARAKWET WEST,KAPTIONY
Elgeyo,MARAKWET WEST,KAPTOMUT
Elgeyo,MARAKWET WEST,KASUBWA
Elgeyo,MARAKWET WEST,KERER
Elgeyo,MARAKWET WEST,KIBIKOS
Elgeyo,MARAKWET WEST,KIBIRECH
Elgeyo,MARAKWET WEST,KIBUGA
Elgeyo,MARAKWET WEST,KILIMA
Elgeyo,MARAKWET WEST,KILOS
Elgeyo,MARAKWET WEST,KIMNAI
Elgeyo,MARAKWET WEST,KIPKENER
Elgeyo,MARAKWET WEST,KIPKERMEN
Elgeyo,MARAKWET WEST,KIPKUNDUL
Elgeyo,MARAKWET WEST,KIPLABAI
Elgeyo,MARAKWET WEST,KIPLEGETET
Elgeyo,MARAKWET WEST,KIPSAIYA
Elgeyo,MARAKWET WEST,KIPSAMBACH
Elgeyo,MARAKWET WEST,KIPSERO
Elgeyo,MARAKWET WEST,KIPSETAN
Elgeyo,MARAKWET WEST,KIPSINOT
Elgeyo,MARAKWET WEST,KIPTEBER
Elgeyo,MARAKWET WEST,KITONGET
Elgeyo,MARAKWET WEST,KOIBARAK
Elgeyo,MARAKWET WEST,KOITILIAL
Elgeyo,MARAKWET WEST,KOITUGUM
Elgeyo,MARAKWET WEST,KOKWONGOI
Elgeyo,MARAKWET WEST,KOLELACH
Elgeyo,MARAKWET WEST,KUSERWO
Elgeyo,MARAKWET WEST,LAMAON PRIMARY
Elgeyo,MARAKWET WEST,LITEI
Elgeyo,MARAKWET WEST,LOCHIN
Elgeyo,MARAKWET WEST,MATIRA
Elgeyo,MARAKWET WEST,METIBELIO
Elgeyo,MARAKWET WEST,MOEK KAPKURES PRIMARY
Elgeyo,MARAKWET WEST,MOSONGO PRIMARY
Elgeyo,MARAKWET WEST,MUGULA
Elgeyo,MARAKWET WEST,NGORNGOROI PRIMARY
Elgeyo,MARAKWET WEST,NGORNGOROI PRIMARY
Elgeyo,MARAKWET WEST,PMCA AINAPMOI ACADEMY
Elgeyo,MARAKWET WEST,SANGURUR
Elgeyo,MARAKWET WEST,SHOE 4 AFRICA MOSES KIPTANUI
Elgeyo,MARAKWET WEST,SIMAT
Elgeyo,MARAKWET WEST,SIMBEIYWET
Elgeyo,MARAKWET WEST,SITOTON
Elgeyo,MARAKWET WEST,SOIYO
Elgeyo,MARAKWET WEST,ST. ANTONY SANIAK
Elgeyo,MARAKWET WEST,ST. CHRISTOPHER TARTAR PRIMARY
Elgeyo,MARAKWET WEST,ST. MONICA EWAA
Elgeyo,MARAKWET WEST,ST. MONICA EWAA
Elgeyo,MARAKWET WEST,ST. PAULS KAPCHELOS PRIMARY
Elgeyo,MARAKWET WEST,ST. PETERS MARAKWET BOYS
Elgeyo,MARAKWET WEST,TEKWEI PRIMARY
Elgeyo,MARAKWET WEST,TEMBU
Elgeyo,MARAKWET WEST,TERIKMOI
Elgeyo,MARAKWET WEST,TUNYO
Elgeyo,MARAKWET WEST,YATOI
County,Sub County,School Name
Embu,EMBU EAST,ACK IRIARI
Embu,EMBU EAST,ACK KAGAARI PRIMARY SCHOOL
Embu,EMBU EAST,CANON HABERT IKURA
Embu,EMBU EAST,CIAMANDA
Embu,EMBU EAST,ENA
Embu,EMBU EAST,GAKWEGORI
Embu,EMBU EAST,GATUMBI
Embu,EMBU EAST,GICHERA
Embu,EMBU EAST,GICHICHE
Embu,EMBU EAST,GIKUURI
Embu,EMBU EAST,GITARE
Embu,EMBU EAST,IRANGI
Embu,EMBU EAST,KAGONDI
Embu,EMBU EAST,KANDETE
Embu,EMBU EAST,KANDURI
Embu,EMBU EAST,KANGINGA
Embu,EMBU EAST,KANJA
Embu,EMBU EAST,KARAGO
Embu,EMBU EAST,KARIRU
Embu,EMBU EAST,KARUMIRI
Embu,EMBU EAST,KARUNDORI
Embu,EMBU EAST,KARUNGU
Embu,EMBU EAST,KARURUMO
Embu,EMBU EAST,KASAFARI
Embu,EMBU EAST,KATHAMBAICONI
Embu,EMBU EAST,KATHANDE
Embu,EMBU EAST,KATHANJURI
Embu,EMBU EAST,KATHARI
Embu,EMBU EAST,KATHUNGURI
Embu,EMBU EAST,KATHURIRI
Embu,EMBU EAST,KAVETI
Embu,EMBU EAST,KAVURU
Embu,EMBU EAST,KIAMBOA
Embu,EMBU EAST,KIANGUNGI
Embu,EMBU EAST,KIARAGANA
Embu,EMBU EAST,KIARIMUI
Embu,EMBU EAST,KIGAA
Embu,EMBU EAST,KIGUMO BOARDING
Embu,EMBU EAST,KINTHITHE
Embu,EMBU EAST,KITHARE
Embu,EMBU EAST,KITHUNGUTHIA
Embu,EMBU EAST,KIVURIA
Embu,EMBU EAST,KUBUKUBU
Embu,EMBU EAST,KYENI
Embu,EMBU EAST,MACUMO
Embu,EMBU EAST,MAGACA
Embu,EMBU EAST,MBUINJERU
Embu,EMBU EAST,MUFU
Embu,EMBU EAST,MUGANJUKI
Embu,EMBU EAST,MUNYUTTU
Embu,EMBU EAST,MURAGARI
Embu,EMBU EAST,MWENENDENGA
Embu,EMBU EAST,NDUMARI
Embu,EMBU EAST,NDUURI
Embu,EMBU EAST,NGARARI
Embu,EMBU EAST,NGENIARI
Embu,EMBU EAST,NGUYORI
Embu,EMBU EAST,NICA MATURURI
Embu,EMBU EAST,NJERURI
Embu,EMBU EAST,NTHAGAIYA
Embu,EMBU EAST,NYAGARI
Embu,EMBU EAST,RUKURIRI
Embu,EMBU EAST,SA MUKURIA PRI
Embu,EMBU EAST,SACRED HEART KYENI
Embu,EMBU EAST,ST FRANCIS KATHUGU
Embu,EMBU EAST,ST JOHN BOARDING GAIKAMA
Embu,EMBU EAST,ST MICHAEL KARIGIRI
Embu,EMBU EAST,ST PAULS GATINDA
Embu,EMBU EAST,ST THOMAS KAMUGERE
Embu,EMBU EAST,ST. BONIFACE MUGUI PRIMARY SCHOOL
Embu,EMBU EAST,THIGINGI
Embu,EMBU EAST,UGWERI
Embu,EMBU NORTH,ACK CHRIST THE KING KARURIRI
Embu,EMBU NORTH,D.E.B KAVUTIRI
Embu,EMBU NORTH,DEB GACIIGI
Embu,EMBU NORTH,DEB KAIRURI PRI
Embu,EMBU NORTH,GATOORI
Embu,EMBU NORTH,GATWE
Embu,EMBU NORTH,GICHERORI
Embu,EMBU NORTH,GICHUGU
Embu,EMBU NORTH,GITURI PRI
Embu,EMBU NORTH,KAGUMORI
Embu,EMBU NORTH,KAMVIU
Embu,EMBU NORTH,KARIARI PRI
Embu,EMBU NORTH,KATHANGARIRI
Embu,EMBU NORTH,KATHUNIRI
Embu,EMBU NORTH,KIANGOCI
Embu,EMBU NORTH,KIANJUKI
Embu,EMBU NORTH,KIBUGU
Embu,EMBU NORTH,KIGARI
Embu,EMBU NORTH,KIRIGI
Embu,EMBU NORTH,KITHUNGURIRI
Embu,EMBU NORTH,MAKANGU PRI
Embu,EMBU NORTH,NGIMARI
Embu,EMBU NORTH,RUGUMU
Embu,EMBU NORTH,S.A MANYATTA
Embu,EMBU NORTH,ST BENEDICT KARAU
Embu,EMBU NORTH,ST HELLEN KARIMARI
Embu,EMBU NORTH,ST JOHNS KARUMIRI
Embu,EMBU NORTH,ST JOSEPHS NDUNDA
Embu,EMBU NORTH,ST MARKS RUTUNE PRI
Embu,EMBU NORTH,ST MARYS MUCHAGORI
Embu,EMBU NORTH,ST MATHEW
Embu,EMBU NORTH,ST PAULS MBUVORI
Embu,EMBU NORTH,ST URSULA
Embu,EMBU NORTH,ST.FRANCIS
Embu,EMBU WEST,A.C.K IGUMO PRIMARY SCHOOL
Embu,EMBU WEST,D.E.B NTHAMBO PRIMARY SCHOOL
Embu,EMBU WEST,NJUKIRI
Embu,EMBU WEST,ACK ST. MONICA EMBU SPECIAL
Embu,EMBU WEST,AP UTAWALA
Embu,EMBU WEST,C.C.M NEMBURE
Embu,EMBU WEST,C.C.M NGUIRE PRIMARY
Embu,EMBU WEST,CCM KEVOTE
Embu,EMBU WEST,CONSOLATA GIRLS
Embu,EMBU WEST,CONSOLATA GIRLS KEVOTE
Embu,EMBU WEST,DALLAS
Embu,EMBU WEST,EMBU COUNTY
Embu,EMBU WEST,EMBU PRISONS
Embu,EMBU WEST,EMBU URBAN
Embu,EMBU WEST,GATONDO
Embu,EMBU WEST,GATUNDURI
Embu,EMBU WEST,ITABUA
Embu,EMBU WEST,ITHANGAWE PRIMARY SCHOOL
Embu,EMBU WEST,IVECHE
Embu,EMBU WEST,JOSEPH AllAMANO
Embu,EMBU WEST,KAMIU
Embu,EMBU WEST,KAMUTHATHA BOARDING PRIMARY SCHOOL Z25A
Embu,EMBU WEST,KANGARU
Embu,EMBU WEST,KATHITA
Embu,EMBU WEST,KIANDUNDU
Embu,EMBU WEST,KIAnGIMA PRI
Embu,EMBU WEST,KIHUMBU
Embu,EMBU WEST,KIMANGARU
Embu,EMBU WEST,KITHEGI
Embu,EMBU WEST,KITHIMU
Embu,EMBU WEST,MBUKORI
Embu,EMBU WEST,NGERWE
Embu,EMBU WEST,OLD STADIUM
Embu,EMBU WEST,RUKIRA
Embu,EMBU WEST,SHAURI
Embu,EMBU WEST,ST ANDREWS PRIMARY
Embu,EMBU WEST,ST CATHERINE
Embu,EMBU WEST,ST MARKS KARUE
Embu,EMBU WEST,ST PAULS GAKINDURIRI
Embu,EMBU WEST,ST PETERS GATITURI
Embu,EMBU WEST,ST PETERS RUNGANGA
Embu,EMBU WEST,ST. ANGELAS CHILDREN’S HOME
Embu,EMBU WEST,TENDE PRIMARY
Embu,MBEERE NORTH,DEB NGIIRI
Embu,MBEERE NORTH,ACK KATHERU PRIM`
Embu,MBEERE NORTH,ACK KIANJOYA PRI
Embu,MBEERE NORTH,ACK ST ANNS MBINGORI
Embu,MBEERE NORTH,CIAIKUNGUGU
Embu,MBEERE NORTH,CIANGERA
Embu,MBEERE NORTH,CIANTHIA
Embu,MBEERE NORTH,CIANYI
Embu,MBEERE NORTH,CIERIA
Embu,MBEERE NORTH,EAPC JUNIOR ACADEMY- NTHIGIRANI
Embu,MBEERE NORTH,GANGARA SEC
Embu,MBEERE NORTH,GATAKARI
Embu,MBEERE NORTH,GATATHA
Embu,MBEERE NORTH,GATORORORI
Embu,MBEERE NORTH,GATOTHIA
Embu,MBEERE NORTH,GICHERURI
Embu,MBEERE NORTH,GIKUYARI
Embu,MBEERE NORTH,GITIBURI
Embu,MBEERE NORTH,GITII
Embu,MBEERE NORTH,IBUTUKA
Embu,MBEERE NORTH,IRIRI
Embu,MBEERE NORTH,ITIIRA
Embu,MBEERE NORTH,ITURURI
Embu,MBEERE NORTH,KABACHI
Embu,MBEERE NORTH,KAGERI
Embu,MBEERE NORTH,KAMARINDO
Embu,MBEERE NORTH,KAMAUA
Embu,MBEERE NORTH,KAMBARU
Embu,MBEERE NORTH,KAMBUNGU
Embu,MBEERE NORTH,KAMIGUA PRY
Embu,MBEERE NORTH,KAMUGU
Embu,MBEERE NORTH,KAMUKANYA
Embu,MBEERE NORTH,KAMUTU
Embu,MBEERE NORTH,KAMWAA
Embu,MBEERE NORTH,KANDOMBA
Embu,MBEERE NORTH,KANYANGI PRI
Embu,MBEERE NORTH,KANYUAMBORA
Embu,MBEERE NORTH,KANYUERI
Embu,MBEERE NORTH,KARAMBARI
Embu,MBEERE NORTH,KARANGARE SEC
Embu,MBEERE NORTH,KARIGIRI
Embu,MBEERE NORTH,KARIMARI
Embu,MBEERE NORTH,KARUARI
Embu,MBEERE NORTH,KATHAGUTARI
Embu,MBEERE NORTH,KATHANGARI
Embu,MBEERE NORTH,KATHIGAGACERU
Embu,MBEERE NORTH,KATHITU
Embu,MBEERE NORTH,KAUNGU
Embu,MBEERE NORTH,KAVENGERO
Embu,MBEERE NORTH,KAVUI
Embu,MBEERE NORTH,KIAMBERE SCHOOL COMPLEX
Embu,MBEERE NORTH,KIAMUGONGO
Embu,MBEERE NORTH,KIANAMU
Embu,MBEERE NORTH,KIANGANJA
Embu,MBEERE NORTH,KIANJERU
Embu,MBEERE NORTH,KIANJOGU
Embu,MBEERE NORTH,KIANJOYA
Embu,MBEERE NORTH,KIANTHENGE
Embu,MBEERE NORTH,KIATHAMBU
Embu,MBEERE NORTH,KIGWAMBITI
Embu,MBEERE NORTH,KIRIE
Embu,MBEERE NORTH,KIRIGO
Embu,MBEERE NORTH,KIVUE
Embu,MBEERE NORTH,KOGARI
Embu,MBEERE NORTH,KUNE
Embu,MBEERE NORTH,KUUI
Embu,MBEERE NORTH,KWANDWAMBOGO
Embu,MBEERE NORTH,KYENIRE
Embu,MBEERE NORTH,MAKUNGURU
Embu,MBEERE NORTH,MANG’OTE
Embu,MBEERE NORTH,MATHAI
Embu,MBEERE NORTH,MBACHI
Embu,MBEERE NORTH,MBARWARI
Embu,MBEERE NORTH,MIANJATIRI
Embu,MBEERE NORTH,MICHEGETHIU
Embu,MBEERE NORTH,MUCHONOKE
Embu,MBEERE NORTH,MUGWANJOGU
Embu,MBEERE NORTH,MUIRU
Embu,MBEERE NORTH,MUKORORIA
Embu,MBEERE NORTH,MUNG’AU
Embu,MBEERE NORTH,MURANGU
Embu,MBEERE NORTH,MUTHANTHARA
Embu,MBEERE NORTH,MWONDU
Embu,MBEERE NORTH,NDUTORI
Embu,MBEERE NORTH,NGARWERERI
Embu,MBEERE NORTH,NGOCE
Embu,MBEERE NORTH,NGUNYUMU
Embu,MBEERE NORTH,NGUTHI
Embu,MBEERE NORTH,NGUTHI
Embu,MBEERE NORTH,NJARANGE
Embu,MBEERE NORTH,OVARIRE
Embu,MBEERE NORTH,RIANDU
Embu,MBEERE NORTH,RWAGORI
Embu,MBEERE NORTH,RWANJERU PRI
Embu,MBEERE NORTH,ST JAMES MUTIRIEGURU
Embu,MBEERE NORTH,ST JOHN XX11I GWAKAITHI
Embu,MBEERE NORTH,ST MARY’S NTHABARI
Embu,MBEERE NORTH,ST MICHAEL’S GACURIRI
Embu,MBEERE NORTH,ST PAUL MBARASA
Embu,MBEERE NORTH,ST PETERS UPPER PRY
Embu,MBEERE NORTH,ST PHILIPS KAMIGUA PRIMARY
Embu,MBEERE NORTH,USAMBARA PRI
Embu,MBEERE NORTH,WITWA PRI
Embu,MBEERE SOUTH,C.C.M KITOLOLONI
Embu,MBEERE SOUTH,A.CK.KILIA
Embu,MBEERE SOUTH,A.I.C KATHIANI
Embu,MBEERE SOUTH,AIC GACHURIRI PRI
Embu,MBEERE SOUTH,AIC KASIONI
Embu,MBEERE SOUTH,BARAKA ACADEMY
Embu,MBEERE SOUTH,CCM NDUNE
Embu,MBEERE SOUTH,CIORINDAGWA
Embu,MBEERE SOUTH,CONSOLATA KARABA
Embu,MBEERE SOUTH,GACABARI
Embu,MBEERE SOUTH,GATAKA
Embu,MBEERE SOUTH,GATIRARI
Embu,MBEERE SOUTH,GATUMBIRI
Embu,MBEERE SOUTH,GATURURI
Embu,MBEERE SOUTH,GIKIIRO
Embu,MBEERE SOUTH,GIKONDI
Embu,MBEERE SOUTH,GIKURU
Embu,MBEERE SOUTH,GITARAKA
Embu,MBEERE SOUTH,GWAKARIGU
Embu,MBEERE SOUTH,IGUMORI
Embu,MBEERE SOUTH,IKOMENIE
Embu,MBEERE SOUTH,IRABARI
Embu,MBEERE SOUTH,IRARI
Embu,MBEERE SOUTH,IRIAITUNE
Embu,MBEERE SOUTH,IRIAMURAI
Embu,MBEERE SOUTH,J N MWONGE
Embu,MBEERE SOUTH,J.J.M. NYAGA
Embu,MBEERE SOUTH,KABUGURI
Embu,MBEERE SOUTH,KABURURI
Embu,MBEERE SOUTH,KAKAWA
Embu,MBEERE SOUTH,KAKINDU
Embu,MBEERE SOUTH,KALISA
Embu,MBEERE SOUTH,KAMAUNJU
Embu,MBEERE SOUTH,KAMIGUONGO
Embu,MBEERE SOUTH,KAMUKUNGA
Embu,MBEERE SOUTH,KAMUNYAGIA
Embu,MBEERE SOUTH,KAMUNYANGE
Embu,MBEERE SOUTH,KAMURUGU
Embu,MBEERE SOUTH,KAMWELI
Embu,MBEERE SOUTH,KAMWIMBI
Embu,MBEERE SOUTH,KAMWIYENDEI
Embu,MBEERE SOUTH,KANDUKU
Embu,MBEERE SOUTH,KANGETA
Embu,MBEERE SOUTH,KANGUNGI
Embu,MBEERE SOUTH,KANINWANTHIGA
Embu,MBEERE SOUTH,KANOTHI
Embu,MBEERE SOUTH,KANOTHI
Embu,MBEERE SOUTH,KANYARIRI
Embu,MBEERE SOUTH,KANYONGA
Embu,MBEERE SOUTH,KARABA
Embu,MBEERE SOUTH,KARIARI
Embu,MBEERE SOUTH,KARIGURI PRIMARY SCHOOL
Embu,MBEERE SOUTH,KARUKI
Embu,MBEERE SOUTH,KARUKU
Embu,MBEERE SOUTH,KARURA
Embu,MBEERE SOUTH,KARWIRO
Embu,MBEERE SOUTH,KASEVE
Embu,MBEERE SOUTH,KASEVENI
Embu,MBEERE SOUTH,KATHURI
Embu,MBEERE SOUTH,KATUANYAGA
Embu,MBEERE SOUTH,KAURARI
Embu,MBEERE SOUTH,KAWERU PRI
Embu,MBEERE SOUTH,KERANGI
Embu,MBEERE SOUTH,KERWA
Embu,MBEERE SOUTH,KIAMBERE
Embu,MBEERE SOUTH,KIAMETHO
Embu,MBEERE SOUTH,KIAMUKUYU
Embu,MBEERE SOUTH,KIAMURINGA
Embu,MBEERE SOUTH,KIKULANI
Embu,MBEERE SOUTH,KIKUMINI
Embu,MBEERE SOUTH,KILIA CONSOLATA
Embu,MBEERE SOUTH,KIRATHE
Embu,MBEERE SOUTH,KIRIMA
Embu,MBEERE SOUTH,KIRITIRI
Embu,MBEERE SOUTH,KIRURIRI
Embu,MBEERE SOUTH,KITUNENI
Embu,MBEERE SOUTH,KOMA
Embu,MBEERE SOUTH,MACHANGA
Embu,MBEERE SOUTH,MAKAWANI
Embu,MBEERE SOUTH,MAKUTANO
Embu,MBEERE SOUTH,MALIKINI
Embu,MBEERE SOUTH,MANYATI
Embu,MBEERE SOUTH,MARIMARI
Embu,MBEERE SOUTH,MASHAMBA
Embu,MBEERE SOUTH,MAVIANI
Embu,MBEERE SOUTH,MAYORI
Embu,MBEERE SOUTH,MBITA PRIMARY
Embu,MBEERE SOUTH,MBONDONI
Embu,MBEERE SOUTH,MBURUTANI
Embu,MBEERE SOUTH,MINURI
Embu,MBEERE SOUTH,MULUKUSI
Embu,MBEERE SOUTH,MUNYORI
Embu,MBEERE SOUTH,MURARU
Embu,MBEERE SOUTH,MURINDI
Embu,MBEERE SOUTH,MUSINGINI
Embu,MBEERE SOUTH,MUTHIRU
Embu,MBEERE SOUTH,MUTHITHU PRIMARY
Embu,MBEERE SOUTH,MUTINDWA
Embu,MBEERE SOUTH,MUTUOBARE
Embu,MBEERE SOUTH,MUTUS
Embu,MBEERE SOUTH,MWANYANI
Embu,MBEERE SOUTH,MWEA
Embu,MBEERE SOUTH,NAC MUTUGU
Embu,MBEERE SOUTH,NAMURI
Embu,MBEERE SOUTH,NDITHIRI
Embu,MBEERE SOUTH,NDUNE
Embu,MBEERE SOUTH,NDUNGUNI
Embu,MBEERE SOUTH,NGAMBARI
Embu,MBEERE SOUTH,NGANDURI
Embu,MBEERE SOUTH,NGANGARI
Embu,MBEERE SOUTH,NGECA
Embu,MBEERE SOUTH,NGENGE
Embu,MBEERE SOUTH,NGIORI
Embu,MBEERE SOUTH,NGOMOLA
Embu,MBEERE SOUTH,NGUTHIRU
Embu,MBEERE SOUTH,NGUTHIRU
Embu,MBEERE SOUTH,NJERU
Embu,MBEERE SOUTH,NTHARAWE
Embu,MBEERE SOUTH,NTHINGINI
Embu,MBEERE SOUTH,NYAMBORI
Embu,MBEERE SOUTH,NYANGWA
Embu,MBEERE SOUTH,RIACIINA
Embu,MBEERE SOUTH,RIAKANAU
Embu,MBEERE SOUTH,RIANGUU
Embu,MBEERE SOUTH,RIANJERU
Embu,MBEERE SOUTH,RUGAKORI
Embu,MBEERE SOUTH,RUGOGWE
Embu,MBEERE SOUTH,RURII
Embu,MBEERE SOUTH,RWETHE
Embu,MBEERE SOUTH,S.A GATEGI PRI
Embu,MBEERE SOUTH,SEVEN FOLKS
Embu,MBEERE SOUTH,ST ANNES RUTUMBI
Embu,MBEERE SOUTH,ST JOSEPHS GACHURIRI
Embu,MBEERE SOUTH,ST LUKES OF THE DEAF
Embu,MBEERE SOUTH,ST MATHEW GATETE
Embu,MBEERE SOUTH,ST PAUL MAKIMA MIXED DAY/BOARDING
Embu,MBEERE SOUTH,ST. ANTHONY KAMUTUANJIRU
Embu,MBEERE SOUTH,ST. KIZITO KINYAGA
Embu,MBEERE SOUTH,ST. LUKES KANTHENGE
Embu,MBEERE SOUTH,ST. PAUL’S MATHIGAMERU
Embu,MBEERE SOUTH,UNGUNI
Embu,MBEERE SOUTH,URUA
Embu,MBEERE SOUTH,WAKALIA
Embu,MBEERE SOUTH,WANDIGI
Embu,MBEERE SOUTH,WANGO
Embu,MBEERE SOUTH,YODER KARWIGI
County,Sub County,School Name
Garissa,BALAMBALA,ABDISAMET
Garissa,BALAMBALA,ATHEYLEY
Garissa,BALAMBALA,BALAMBALA
Garissa,BALAMBALA,Balich Primary
Garissa,BALAMBALA,BURADANSA
Garissa,BALAMBALA,DALEY
Garissa,BALAMBALA,DANYERE
Garissa,BALAMBALA,Dogob Primary
Garissa,BALAMBALA,DOLOLO WEIN
Garissa,BALAMBALA,DUJIS BOARDING PRIMARY
Garissa,BALAMBALA,HADLEY PRIMARY
Garissa,BALAMBALA,HAGARJAREER
Garissa,BALAMBALA,HIRBAYA PRIMARY SCHOOL
Garissa,BALAMBALA,JARAJARA
Garissa,BALAMBALA,KASHA
Garissa,BALAMBALA,KONE
Garissa,BALAMBALA,KUNO
Garissa,BALAMBALA,LAGO
Garissa,BALAMBALA,LIBAHLOW
Garissa,BALAMBALA,MATHAH LIBAH
Garissa,BALAMBALA,MODIKA
Garissa,BALAMBALA,MODIKA PRI
Garissa,BALAMBALA,Modika Primary
Garissa,BALAMBALA,MUDEY
Garissa,BALAMBALA,NUNOW
Garissa,BALAMBALA,OHIO
Garissa,BALAMBALA,ORAHEY
Garissa,BALAMBALA,QABOBEY PRI
Garissa,BALAMBALA,RAYA PRIMARY SCHOOL
Garissa,BALAMBALA,SAKA
Garissa,BALAMBALA,SAKA JUNCTION
Garissa,BALAMBALA,SHABAH PRIMARY SCHOOL
Garissa,BALAMBALA,SHEBTA ADD
Garissa,DADAAB,ABAKAILE
Garissa,DADAAB,ALANGO ARBA
Garissa,DADAAB,ALIKUNE
Garissa,DADAAB,BAHURI
Garissa,DADAAB,BORANSIS PRIM
Garissa,DADAAB,BULLA KHEIR
Garissa,DADAAB,BULLA KHEIR
Garissa,DADAAB,BULLA KHEIR
Garissa,DADAAB,BULLA KHEIR
Garissa,DADAAB,DADAAB BOARDING
Garissa,DADAAB,DAGAHALEY PRIMARY
Garissa,DADAAB,DAHAGALEY
Garissa,DADAAB,DAIDAI PRIMARY
Garissa,DADAAB,DAMAJALE
Garissa,DADAAB,DERTU
Garissa,DADAAB,HAMEY
Garissa,DADAAB,KADAKSO PRIMARY
Garissa,DADAAB,KOKAR
Garissa,DADAAB,KOKAR
Garissa,DADAAB,KOKAR
Garissa,DADAAB,KOKAR
Garissa,DADAAB,KULAN PRIMARY
Garissa,DADAAB,KUMAHUMATO BORDING PRIMARY
Garissa,DADAAB,LABISIGALE
Garissa,DADAAB,LIBOI BOARDING PRIMARY
Garissa,DADAAB,MADAHGISI PRIMARY SCHOOL
Garissa,DADAAB,MALALEY 1
Garissa,DADAAB,MALALEY 2
Garissa,DADAAB,MALEYLEY PRIMARY SCHOOL
Garissa,DADAAB,MAROTHILEY ABE CENTRE
Garissa,DADAAB,MASLAH
Garissa,DADAAB,MASLAH
Garissa,DADAAB,MASLAH
Garissa,DADAAB,MASLAH
Garissa,DADAAB,SARETHO PRIMARY
Garissa,DADAAB,WELDINI
Garissa,DADAAB,WELDINI
Garissa,DADAAB,WELDINI
Garissa,DADAAB,WELDINI
Garissa,DADAAB,WELDONI PRIMARY
Garissa,DADAAB,WELHAR PRIMARY
Garissa,FAFI,ABAQDERA
Garissa,FAFI,ALIEMIJ
Garissa,FAFI,ALINJUGUR
Garissa,FAFI,AMUMA
Garissa,FAFI,BOREHOLE 5
Garissa,FAFI,BULAGOLOL
Garissa,FAFI,BURA BOARDING
Garissa,FAFI,DADDERE PRI
Garissa,FAFI,DEKAHARJA
Garissa,FAFI,DIISO
Garissa,FAFI,DIISO II PRI
Garissa,FAFI,ELHUMO
Garissa,FAFI,FAFHAJIN ABE CENTRE
Garissa,FAFI,FAFI
Garissa,FAFI,FAFI GIRLS
Garissa,FAFI,GALMAGALA
Garissa,FAFI,GARASWEINO
Garissa,FAFI,GUBIS
Garissa,FAFI,GUYO
Garissa,FAFI,HAWAJOD
Garissa,FAFI,HAWAJOD
Garissa,FAFI,JAMBELE
Garissa,FAFI,KAMUTHE
Garissa,FAFI,MADHAHMARUB
Garissa,FAFI,MANSABUBU
Garissa,FAFI,NADIR primary
Garissa,FAFI,NANIGHI
Garissa,FAFI,RUQA PRI
Garissa,FAFI,TAQAL PRI
Garissa,FAFI,WARABLE
Garissa,FAFI,WELMARER
Garissa,FAFI,YUMBIS
Garissa,GARISSA,GOOD HOPE
Garissa,GARISSA,A P GOODWISH
Garissa,GARISSA,ABDI LUGEY
Garissa,GARISSA,ABDI LUGEY
Garissa,GARISSA,ABDI LUGEY
Garissa,GARISSA,ADC
Garissa,GARISSA,AFLAH INTEGRATED ACADEMY
Garissa,GARISSA,AL FAROUQ BOYS
Garissa,GARISSA,AL FATAH
Garissa,GARISSA,BALICHI
Garissa,GARISSA,BOUR ALGAY
Garissa,GARISSA,BOURALGY
Garissa,GARISSA,BOYSTOWN
Garissa,GARISSA,BULA COLLEGE
Garissa,GARISSA,BULLA MZURI
Garissa,GARISSA,BULLA NUR
Garissa,GARISSA,BULLA RAHMA PRIMARY SCHOOL DAY
Garissa,GARISSA,DOLOLO MIDI
Garissa,GARISSA,DOLOLOWEIN PRIMARY SCHOOL
Garissa,GARISSA,GARISSA
Garissa,GARISSA,GARISSA CHILDREN RESCUE CENTRE
Garissa,GARISSA,GARISSA CHILDREN RESCUE CENTRE
Garissa,GARISSA,GARISSA CHILDREN RESCUE CENTRE
Garissa,GARISSA,GARISSA CHILDREN RESCUE CENTRE
Garissa,GARISSA,GARISSA SCHOOL FOR THE DEAF
Garissa,GARISSA,HYUGA GIRLS
Garissa,GARISSA,IFTIN
Garissa,GARISSA,JARIBU
Garissa,GARISSA,JARIROT
Garissa,GARISSA,KAZUKO GIRLS
Garissa,GARISSA,KORAKORA
Garissa,GARISSA,LAGO PRIMARY
Garissa,GARISSA,MNARA BOYS HIGH SCHOOL
Garissa,GARISSA,NAJAH
Garissa,GARISSA,NASIIB
Garissa,GARISSA,NUNOW PRI
Garissa,GARISSA,RAYA PRIMARY
Garissa,GARISSA,SAMBUL
Garissa,GARISSA,shaban primary
Garissa,GARISSA,SHIMBIR PRIMARY
Garissa,GARISSA,TETU
Garissa,GARISSA,YATHRIB
Garissa,HULUGHO,BODHAI
Garissa,HULUGHO,BOMA
Garissa,HULUGHO,BULA QOQOW PRI
Garissa,HULUGHO,BULTOHAMA
Garissa,HULUGHO,DOI ECD
Garissa,HULUGHO,DOLOLO
Garissa,HULUGHO,DOMI ECD
Garissa,HULUGHO,EGE
Garissa,HULUGHO,ELKABERE
Garissa,HULUGHO,GARABEY primary school
Garissa,HULUGHO,GEDILUN
Garissa,HULUGHO,GESIREB
Garissa,HULUGHO,HADI
Garissa,HULUGHO,HADI
Garissa,HULUGHO,HANDARO
Garissa,HULUGHO,HULUGHO
Garissa,HULUGHO,JALISH
Garissa,HULUGHO,KORANHIDI
Garissa,HULUGHO,KURDE ECD
Garissa,HULUGHO,MANDERERDOO MOBILE
Garissa,HULUGHO,MARE MOBILE
Garissa,HULUGHO,MARE PRI
Garissa,HULUGHO,MATAARBA
Garissa,HULUGHO,MUFTU PRIMARY
Garissa,HULUGHO,NASIB
Garissa,HULUGHO,SANGAILU PRIMARY
Garissa,HULUGHO,SARIRAH
Garissa,HULUGHO,SINAI
Garissa,HULUGHO,SINAI PRIMARY
Garissa,HULUGHO,TUMTISH ECD
Garissa,HULUGHO,WAKABHAREY
Garissa,HULUGHO,WARADEIJAB
Garissa,IJARA,ABDI GURE MOBILE
Garissa,IJARA,ALIJARIRE
Garissa,IJARA,DABALWEINE
Garissa,IJARA,DAHIR
Garissa,IJARA,ELMAAN
Garissa,IJARA,FARJANA
Garissa,IJARA,FURQAN
Garissa,IJARA,GABABA
Garissa,IJARA,GERILLE
Garissa,IJARA,GUMAREY
Garissa,IJARA,HARA
Garissa,IJARA,HIDAYA
Garissa,IJARA,IJARA
Garissa,IJARA,IJARA GIRLS
Garissa,IJARA,KHALAKHAL
Garissa,IJARA,KHOTILE
Garissa,IJARA,KORISA
Garissa,IJARA,MAI
Garissa,IJARA,MARE
Garissa,IJARA,MASALANI GIRLS
Garissa,IJARA,MASALANI PRIMARY
Garissa,IJARA,RAHMA
Garissa,IJARA,RUQA PRIMARY
Garissa,IJARA,TORABORA
Garissa,IJARA,TOWNSHIP
Garissa,IJARA,WARANWEIN
Garissa,IJARA,WARDEGOGA
Garissa,IJARA,WARSAME
Garissa,LAGDERA,AFWEIN PRIMARY SCHOOL
Garissa,LAGDERA,AHMEDTUKALE
Garissa,LAGDERA,AHMEDTUKALE
Garissa,LAGDERA,AHMEDTUKALE
Garissa,LAGDERA,AHMEDTUKALE
Garissa,LAGDERA,AMA PRIMARY SCHOOL
Garissa,LAGDERA,BARAKI PRIMARY SCHOOL
Garissa,LAGDERA,BARFIN PRIMARY
Garissa,LAGDERA,BARKUKE
Garissa,LAGDERA,BENANE
Garissa,LAGDERA,BULLO
Garissa,LAGDERA,DIHLE
Garissa,LAGDERA,ELAN
Garissa,LAGDERA,GEYLAB
Garissa,LAGDERA,GOREALE
Garissa,LAGDERA,GOSMO
Garissa,LAGDERA,GURUFA
Garissa,LAGDERA,HADUN
Garissa,LAGDERA,HAGAJARER
Garissa,LAGDERA,JANJU
Garissa,LAGDERA,JILANGO
Garissa,LAGDERA,KAMBI SAMAKI
Garissa,LAGDERA,MAALIMIN
Garissa,LAGDERA,MEDINA
Garissa,LAGDERA,MODOGASHE
Garissa,LAGDERA,RIGDAM
Garissa,LAGDERA,RIGDAM
Garissa,LAGDERA,RIGDAM
Garissa,LAGDERA,SARTA
Garissa,LAGDERA,SKANSKA
Garissa,LAGDERA,SKANSKA
Garissa,LAGDERA,SKANSKA
Garissa,LAGDERA,TOGDUB
Garissa,LAGDERA,TOKOJO
Garissa,LAGDERA,WANYAMA JIBRIL
County,Sub County,School Name
Homa Bay,HOMA BAY,ACHEGO
Homa Bay,HOMA BAY,ADONGO
Homa Bay,HOMA BAY,AIMO
Homa Bay,HOMA BAY,AKADO
Homa Bay,HOMA BAY,AKELE
Homa Bay,HOMA BAY,ALARA KORAYO
Homa Bay,HOMA BAY,AMOSO
Homa Bay,HOMA BAY,ANDINGO
Homa Bay,HOMA BAY,ANIND OKO
Homa Bay,HOMA BAY,AOCH MUGA
Homa Bay,HOMA BAY,ARIWA
Homa Bay,HOMA BAY,ARUJO PRIMARY
Homa Bay,HOMA BAY,ARUNDA PRIMARY SCHOOL
Homa Bay,HOMA BAY,ASEGO
Homa Bay,HOMA BAY,ASUMBI GIRLS
Homa Bay,HOMA BAY,ASUMBI MIXED
Homa Bay,HOMA BAY,ATILI
Homa Bay,HOMA BAY,AYUYU
Homa Bay,HOMA BAY,BONDO
Homa Bay,HOMA BAY,CHIEPE
Homa Bay,HOMA BAY,CHIGA
Homa Bay,HOMA BAY,DISII KOCHIA
Homa Bay,HOMA BAY,GOD BONDO
Homa Bay,HOMA BAY,GOD LWALA
Homa Bay,HOMA BAY,GOD MARERA
Homa Bay,HOMA BAY,GOD NDIRU
Homa Bay,HOMA BAY,GOD PONGE
Homa Bay,HOMA BAY,GOD PURO
Homa Bay,HOMA BAY,GOGO KATUMA
Homa Bay,HOMA BAY,GOT KABOK
Homa Bay,HOMA BAY,GOT KOCHUNGO
Homa Bay,HOMA BAY,GOT KOKECH
Homa Bay,HOMA BAY,GOT NYALGOSI
Homa Bay,HOMA BAY,GOT RABUOR
Homa Bay,HOMA BAY,GUL KAGEMBE
Homa Bay,HOMA BAY,HOMA BAY PRIMARY SCHOOL
Homa Bay,HOMA BAY,KACHAR
Homa Bay,HOMA BAY,KAMBEKE
Homa Bay,HOMA BAY,KAWIYA
Homa Bay,HOMA BAY,KIJAWA
Homa Bay,HOMA BAY,KIMANYI
Homa Bay,HOMA BAY,KIRONGO
Homa Bay,HOMA BAY,KOCHIENGE
Homa Bay,HOMA BAY,KOGA
Homa Bay,HOMA BAY,KOGELO KALANYA
Homa Bay,HOMA BAY,KOGWANG
Homa Bay,HOMA BAY,KOPIYO
Homa Bay,HOMA BAY,KOTORA
Homa Bay,HOMA BAY,KOYORE
Homa Bay,HOMA BAY,KUJA
Homa Bay,HOMA BAY,KUOYO KOCHIA
Homa Bay,HOMA BAY,KWOYO KAURA
Homa Bay,HOMA BAY,LAKE
Homa Bay,HOMA BAY,LALA
Homa Bay,HOMA BAY,LANDA
Homa Bay,HOMA BAY,LANGO OROMO
Homa Bay,HOMA BAY,LIETA
Homa Bay,HOMA BAY,LIGISA
Homa Bay,HOMA BAY,LORATENG
Homa Bay,HOMA BAY,LUDHE DONGO
Homa Bay,HOMA BAY,LUORA
Homa Bay,HOMA BAY,LWAHO
Homa Bay,HOMA BAY,LWANDA KODOTE
Homa Bay,HOMA BAY,MAGARE
Homa Bay,HOMA BAY,MAGUJE
Homa Bay,HOMA BAY,MAGUTI
Homa Bay,HOMA BAY,MAGWAR
Homa Bay,HOMA BAY,MAJIWA
Homa Bay,HOMA BAY,MANGA
Homa Bay,HOMA BAY,MANGA
Homa Bay,HOMA BAY,MARIENGA
Homa Bay,HOMA BAY,MASAKLA
Homa Bay,HOMA BAY,MAUGO
Homa Bay,HOMA BAY,MUCHE
Homa Bay,HOMA BAY,NDIRU
Homa Bay,HOMA BAY,NDORI
Homa Bay,HOMA BAY,NDUTA
Homa Bay,HOMA BAY,NGEGU
Homa Bay,HOMA BAY,NGERE
Homa Bay,HOMA BAY,NGULU
Homa Bay,HOMA BAY,NYABOLA GEM
Homa Bay,HOMA BAY,NYACHAR
Homa Bay,HOMA BAY,NYADIERE
Homa Bay,HOMA BAY,NYAGIDHA
Homa Bay,HOMA BAY,NYAJANJA
Homa Bay,HOMA BAY,NYAKAHIA
Homa Bay,HOMA BAY,NYAKUNE
Homa Bay,HOMA BAY,NYAKWADHA
Homa Bay,HOMA BAY,NYALIECH
Homa Bay,HOMA BAY,NYALIENGA
Homa Bay,HOMA BAY,NYALKINYI
Homa Bay,HOMA BAY,NYALUYA
Homa Bay,HOMA BAY,NYAMBARE
Homa Bay,HOMA BAY,NYANDEMA
Homa Bay,HOMA BAY,NYANDIWA
Homa Bay,HOMA BAY,NYANDO
Homa Bay,HOMA BAY,NYANGUU
Homa Bay,HOMA BAY,NYANGWESO SPECIAL FOR THE DEAF
Homa Bay,HOMA BAY,NYARUT
Homa Bay,HOMA BAY,NYATAGO KACHAR
Homa Bay,HOMA BAY,NYAUNDHO
Homa Bay,HOMA BAY,NYAUU
Homa Bay,HOMA BAY,NYAWAWA
Homa Bay,HOMA BAY,NYAWITA
Homa Bay,HOMA BAY,NYOPUGE
Homa Bay,HOMA BAY,OBENGLE
Homa Bay,HOMA BAY,OBUYA
Homa Bay,HOMA BAY,OBWANDA
Homa Bay,HOMA BAY,ODIENYA
Homa Bay,HOMA BAY,OGANDE MIXED
Homa Bay,HOMA BAY,OGANDE SPECIAL
Homa Bay,HOMA BAY,OGANGO KATUMA
Homa Bay,HOMA BAY,OJUNGE
Homa Bay,HOMA BAY,OLARE
Homa Bay,HOMA BAY,OLODO
Homa Bay,HOMA BAY,OLUSO
Homa Bay,HOMA BAY,OMOCHE
Homa Bay,HOMA BAY,ONENO
Homa Bay,HOMA BAY,ONGANGA
Homa Bay,HOMA BAY,ONGORO
Homa Bay,HOMA BAY,ONYEGE
Homa Bay,HOMA BAY,OPINDE
Homa Bay,HOMA BAY,OREGO
Homa Bay,HOMA BAY,OTARO
Homa Bay,HOMA BAY,OTHORO
Homa Bay,HOMA BAY,OTWEYO
Homa Bay,HOMA BAY,PALA MASANGO
Homa Bay,HOMA BAY,PAP KAMATHAYO
Homa Bay,HOMA BAY,PAP NDEGE
Homa Bay,HOMA BAY,PEDO
Homa Bay,HOMA BAY,PUNDO
Homa Bay,HOMA BAY,PUNDO KALANYA
Homa Bay,HOMA BAY,RABANGO
Homa Bay,HOMA BAY,RABUOR MASAWA
Homa Bay,HOMA BAY,RABURO PONGE
Homa Bay,HOMA BAY,RADIRO
Homa Bay,HOMA BAY,RANDUNG
Homa Bay,HOMA BAY,RANGII
Homa Bay,HOMA BAY,RANGWE
Homa Bay,HOMA BAY,RANGWENA
Homa Bay,HOMA BAY,RIWA
Homa Bay,HOMA BAY,ROBA
Homa Bay,HOMA BAY,RODI KOPANY
Homa Bay,HOMA BAY,RUGA
Homa Bay,HOMA BAY,SERO
Homa Bay,HOMA BAY,SHAURI YAKO
Homa Bay,HOMA BAY,SINOGO
Homa Bay,HOMA BAY,SOTA KOCHIA
Homa Bay,HOMA BAY,ST PATRICKS MAKONGENI
Homa Bay,HOMA BAY,STS MARINDI
Homa Bay,HOMA BAY,TAR
Homa Bay,HOMA BAY,WANGAPALA KOBUOLA
Homa Bay,HOMA BAY,WANGAPALA KOLIELO
Homa Bay,HOMA BAY,WIGA
Homa Bay,HOMA BAY,WIOBIERO
Homa Bay,HOMA BAY,YAWO
Homa Bay,HOMA BAY,YOGO
Homa Bay,MBITA,AGIRO
Homa Bay,MBITA,ALERO
Homa Bay,MBITA,ARINGO
Homa Bay,MBITA,BEDIE
Homa Bay,MBITA,BONDO TOWNSHIP
Homa Bay,MBITA,CHAMAKOWA
Homa Bay,MBITA,DR WILLIAMS BAPTIST
Homa Bay,MBITA,EDDIE MEMORIAL OKOWE
Homa Bay,MBITA,GENGE
Homa Bay,MBITA,GOD AWENDO
Homa Bay,MBITA,GOD JOPE
Homa Bay,MBITA,GODE ARIYO
Homa Bay,MBITA,GOT KOPOLO
Homa Bay,MBITA,GOT NYASUMBI
Homa Bay,MBITA,GOT RATENG
Homa Bay,MBITA,GULWE
Homa Bay,MBITA,HOPE SPECIAL FOR THE M H
Homa Bay,MBITA,KAGUNGU
Homa Bay,MBITA,KAKIIMBA
Homa Bay,MBITA,KAKRIGU
Homa Bay,MBITA,KAKRIGU MFANGANO
Homa Bay,MBITA,KAMASENGERE
Homa Bay,MBITA,KAMATO
Homa Bay,MBITA,KAMAYOGE
Homa Bay,MBITA,KAMGERE
Homa Bay,MBITA,KAMSAMA
Homa Bay,MBITA,KASWANGA
Homa Bay,MBITA,KIRAMBO
Homa Bay,MBITA,KIRINDO
Homa Bay,MBITA,KISAKA
Homa Bay,MBITA,KISAMBA PRIMARY
Homa Bay,MBITA,KISUI
Homa Bay,MBITA,KITARE
Homa Bay,MBITA,KITENYI
Homa Bay,MBITA,KIWARI
Homa Bay,MBITA,KOMBE PRIMARY
Homa Bay,MBITA,KUGE PRIMARY
Homa Bay,MBITA,LAMBWE
Homa Bay,MBITA,LAMBWE CHRISTIAN SCHOOL
Homa Bay,MBITA,LIANDA
Homa Bay,MBITA,LWANDA OLOO
Homa Bay,MBITA,M P I S
Homa Bay,MBITA,MASISI
Homa Bay,MBITA,MAUTA
Homa Bay,MBITA,MAWANGA
Homa Bay,MBITA,MBITA
Homa Bay,MBITA,MISORI
Homa Bay,MBITA,NDHURU
Homa Bay,MBITA,NGODHE DSC
Homa Bay,MBITA,NGODHE SDA
Homa Bay,MBITA,NYAHERA
Homa Bay,MBITA,NYAKAYIEMBA
Homa Bay,MBITA,NYAKWERI
Homa Bay,MBITA,NYAMAJI
Homa Bay,MBITA,NYAMANGA
Homa Bay,MBITA,NYAMASARE
Homa Bay,MBITA,NYAMUGA
Homa Bay,MBITA,NYAMUGA SPECIAL FOR THE PHYSICALLY
Homa Bay,MBITA,NYANDENGA
Homa Bay,MBITA,NYASANJA
Homa Bay,MBITA,NYASUMBI
Homa Bay,MBITA,NYAWIYA
Homa Bay,MBITA,OBALWANDA
Homa Bay,MBITA,OBALWANDA SPECIAL FOR M H
Homa Bay,MBITA,OBAMBO
Homa Bay,MBITA,OCHIENG ODIERE
Homa Bay,MBITA,OGANDO
Homa Bay,MBITA,OGUTA MBARE
Homa Bay,MBITA,OLWEYA
Homa Bay,MBITA,OSENO
Homa Bay,MBITA,OSODO
Homa Bay,MBITA,OWICH
Homa Bay,MBITA,PAGA
Homa Bay,MBITA,PONGE
Homa Bay,MBITA,POWO
Homa Bay,MBITA,RAMBA
Homa Bay,MBITA,RAMBIM
Homa Bay,MBITA,RAPORA
Homa Bay,MBITA,RINGITI
Homa Bay,MBITA,RINYA
Homa Bay,MBITA,SENA
Homa Bay,MBITA,SIKRI JERUSALEM
Homa Bay,MBITA,SOKLO
Homa Bay,MBITA,SOKO ABALA
Homa Bay,MBITA,SULWE
Homa Bay,MBITA,TAKAWIRI PRI
Homa Bay,MBITA,TEMO
Homa Bay,MBITA,UOZI
Homa Bay,MBITA,URIANDA
Homa Bay,MBITA,USAO
Homa Bay,MBITA,USARE PRIMARY SCHOOL
Homa Bay,MBITA,WAIGA
Homa Bay,MBITA,WAKONDO
Homa Bay,MBITA,WANGA PRIMARY SCHOOL
Homa Bay,MBITA,WAONDO
Homa Bay,MBITA,WAREGI
Homa Bay,MBITA,WASARIA
Homa Bay,NDHIWA,ABUORO
Homa Bay,NDHIWA,ABURA
Homa Bay,NDHIWA,ADEK
Homa Bay,NDHIWA,AGUDO
Homa Bay,NDHIWA,AKALA
Homa Bay,NDHIWA,ALARA
Homa Bay,NDHIWA,ALUOR
Homa Bay,NDHIWA,ANDINGO PALA
Homa Bay,NDHIWA,ANDIWO
Homa Bay,NDHIWA,ANGIYA
Homa Bay,NDHIWA,AORA CHUODHO
Homa Bay,NDHIWA,APUOCHE
Homa Bay,NDHIWA,AREMBE
Homa Bay,NDHIWA,ARINA
Homa Bay,NDHIWA,ARIRI
Homa Bay,NDHIWA,BONGU
Homa Bay,NDHIWA,BUCHE
Homa Bay,NDHIWA,BURU ATEGO
Homa Bay,NDHIWA,BWANDA
Homa Bay,NDHIWA,DAGO
Homa Bay,NDHIWA,DUNGA
Homa Bay,NDHIWA,GINA
Homa Bay,NDHIWA,GOD POKO
Homa Bay,NDHIWA,GOT ADUNDO
Homa Bay,NDHIWA,GOT KOJOWI
Homa Bay,NDHIWA,GOT KOWITI
Homa Bay,NDHIWA,GOYO
Homa Bay,NDHIWA,KAGURIA
Homa Bay,NDHIWA,KAMASI
Homa Bay,NDHIWA,KAMENYA
Homa Bay,NDHIWA,KAMOLO
Homa Bay,NDHIWA,KANYANGASI
Homa Bay,NDHIWA,KAUMO
Homa Bay,NDHIWA,KOBODO PRIMARY
Homa Bay,NDHIWA,KODIDA
Homa Bay,NDHIWA,KODUOGO
Homa Bay,NDHIWA,KODUOL PRIMARY
Homa Bay,NDHIWA,KOGA
Homa Bay,NDHIWA,KOGUTA
Homa Bay,NDHIWA,KOLWALO
Homa Bay,NDHIWA,KOMBE
Homa Bay,NDHIWA,KOME PRIMARY
Homa Bay,NDHIWA,KOMOLO
Homa Bay,NDHIWA,KONGO
Homa Bay,NDHIWA,KOWUOR
Homa Bay,NDHIWA,KWOYO
Homa Bay,NDHIWA,LANGI
Homa Bay,NDHIWA,LIGEGA
Homa Bay,NDHIWA,LIGODHO
Homa Bay,NDHIWA,LONG’O
Homa Bay,NDHIWA,LWANDA KAWOUR
Homa Bay,NDHIWA,MAGINA
Homa Bay,NDHIWA,MALELA
Homa Bay,NDHIWA,MALELE
Homa Bay,NDHIWA,MANERA
Homa Bay,NDHIWA,MANYWANDA
Homa Bay,NDHIWA,MARANGA
Homa Bay,NDHIWA,MARANYONA
Homa Bay,NDHIWA,MARIRI
Homa Bay,NDHIWA,MARIWA
Homa Bay,NDHIWA,MAROO
Homa Bay,NDHIWA,MAWEGA
Homa Bay,NDHIWA,MBANI
Homa Bay,NDHIWA,MINYA
Homa Bay,NDHIWA,MINYERE
Homa Bay,NDHIWA,MIRANGA
Homa Bay,NDHIWA,MIROGI GIRLS PRIMARY
Homa Bay,NDHIWA,MIROGI MIXED
Homa Bay,NDHIWA,MISANI
Homa Bay,NDHIWA,MISITA
Homa Bay,NDHIWA,NDERE
Homa Bay,NDHIWA,NDHIWA
Homa Bay,NDHIWA,NDHIWA HOSPITAL PRIMARY
Homa Bay,NDHIWA,NDIRA KOKOTH
Homa Bay,NDHIWA,NDISI
Homa Bay,NDHIWA,NGERE KWABWAI
Homa Bay,NDHIWA,NGUKU
Homa Bay,NDHIWA,NYAGIDHA
Homa Bay,NDHIWA,NYAKWERE KAMITO
Homa Bay,NDHIWA,NYAMANGA
Homa Bay,NDHIWA,NYAMOGO
Homa Bay,NDHIWA,NYAMOS
Homa Bay,NDHIWA,NYAMWARE
Homa Bay,NDHIWA,NYANDEMRA
Homa Bay,NDHIWA,NYANDOTO
Homa Bay,NDHIWA,NYANGIENDO
Homa Bay,NDHIWA,NYARANDI
Homa Bay,NDHIWA,NYARATH
Homa Bay,NDHIWA,NYARONGI
Homa Bay,NDHIWA,NYARONGI MIXED
Homa Bay,NDHIWA,NYONIANG
Homa Bay,NDHIWA,OBER KABUOCH
Homa Bay,NDHIWA,OBERA
Homa Bay,NDHIWA,OCHOL
Homa Bay,NDHIWA,ODHIAMBO RAMBO
Homa Bay,NDHIWA,OGADA
Homa Bay,NDHIWA,OGADI
Homa Bay,NDHIWA,OGANGO
Homa Bay,NDHIWA,OGINGO
Homa Bay,NDHIWA,OJODE MIKUMU NYASOCEDI
Homa Bay,NDHIWA,OKOK
Homa Bay,NDHIWA,OKOTA
Homa Bay,NDHIWA,OMAKO KOTH
Homa Bay,NDHIWA,OMBO
Homa Bay,NDHIWA,OMOYA
Homa Bay,NDHIWA,ONDATI
Homa Bay,NDHIWA,ONENO NAM
Homa Bay,NDHIWA,ONGAKO PRIMARY
Homa Bay,NDHIWA,ONGENG PRIMARY
Homa Bay,NDHIWA,OPANGA
Homa Bay,NDHIWA,ORIDI
Homa Bay,NDHIWA,OSANI
Homa Bay,NDHIWA,OSODO
Homa Bay,NDHIWA,OSOGO PRIMARY
Homa Bay,NDHIWA,OSURE
Homa Bay,NDHIWA,OTANGE
Homa Bay,NDHIWA,OTANGRE
Homa Bay,NDHIWA,OTOTO
Homa Bay,NDHIWA,PALA
Homa Bay,NDHIWA,PALA BOYA
Homa Bay,NDHIWA,POYA
Homa Bay,NDHIWA,RADIENYA
Homa Bay,NDHIWA,RAIRI
Homa Bay,NDHIWA,RAKORO
Homa Bay,NDHIWA,RALANG
Homa Bay,NDHIWA,RAMBUSI
Homa Bay,NDHIWA,RAMOYA
Homa Bay,NDHIWA,RANDHORE
Homa Bay,NDHIWA,RANEN MIKUMU
Homa Bay,NDHIWA,RANGENYA
Homa Bay,NDHIWA,RAPEDHI
Homa Bay,NDHIWA,RARAGE PRIMARY
Homa Bay,NDHIWA,RATANGA
Homa Bay,NDHIWA,RATIL
Homa Bay,NDHIWA,ROTA
Homa Bay,NDHIWA,RUGA KWABWAI
Homa Bay,NDHIWA,SANGO
Homa Bay,NDHIWA,SANGORE
Homa Bay,NDHIWA,SARAMBA
Homa Bay,NDHIWA,SIGAMA
Homa Bay,NDHIWA,SING’ENGE PRIMARY
Homa Bay,NDHIWA,ST JOHNS NYANDIWA
Homa Bay,NDHIWA,UNGA
Homa Bay,NDHIWA,WACHARA
Homa Bay,NDHIWA,WANJAWA
Homa Bay,NDHIWA,WAYAGA
Homa Bay,NDHIWA,WAYARA
Homa Bay,NDHIWA,WI KOONJE
Homa Bay,NDHIWA,WIRAKUOM
Homa Bay,NDHIWA,YAGO
Homa Bay,NDHIWA,YIEMBE PRIMARY SCHOOL
Homa Bay,RACHUONYO EAST,ANDINGO
Homa Bay,RACHUONYO EAST,ANGENO PRIMARY
Homa Bay,RACHUONYO EAST,APONDO
Homa Bay,RACHUONYO EAST,DUDU
Homa Bay,RACHUONYO EAST,HARAMBEE
Homa Bay,RACHUONYO EAST,KANGO
Homa Bay,RACHUONYO EAST,KITARE
Homa Bay,RACHUONYO EAST,KOKWANYO
Homa Bay,RACHUONYO EAST,KOLWENY
Homa Bay,RACHUONYO EAST,KOMOLO
Homa Bay,RACHUONYO EAST,KOTIENDITI
Homa Bay,RACHUONYO EAST,LWANDA
Homa Bay,RACHUONYO EAST,MANGA
Homa Bay,RACHUONYO EAST,NYAKWAKA
Homa Bay,RACHUONYO EAST,NYALURU
Homa Bay,RACHUONYO EAST,NYAWANGO
Homa Bay,RACHUONYO EAST,OGERA
Homa Bay,RACHUONYO EAST,RADIENYA
Homa Bay,RACHUONYO EAST,RINGA
Homa Bay,RACHUONYO EAST,RIWO
Homa Bay,RACHUONYO NORTH,ABUNDU
Homa Bay,RACHUONYO NORTH,ACHUTH
Homa Bay,RACHUONYO NORTH,ADIEDO
Homa Bay,RACHUONYO NORTH,ADITA
Homa Bay,RACHUONYO NORTH,AJIGO
Homa Bay,RACHUONYO NORTH,AKWAKRA
Homa Bay,RACHUONYO NORTH,ALARA
Homa Bay,RACHUONYO NORTH,ALARU
Homa Bay,RACHUONYO NORTH,ALEGO
Homa Bay,RACHUONYO NORTH,ANDUU
Homa Bay,RACHUONYO NORTH,ANGONGA
Homa Bay,RACHUONYO NORTH,APUKO DOH
Homa Bay,RACHUONYO NORTH,APUKO SDA
Homa Bay,RACHUONYO NORTH,AWACH
Homa Bay,RACHUONYO NORTH,AYUB OKOKO
Homa Bay,RACHUONYO NORTH,BALA
Homa Bay,RACHUONYO NORTH,BONGIA
Homa Bay,RACHUONYO NORTH,BURLUM
Homa Bay,RACHUONYO NORTH,BURU
Homa Bay,RACHUONYO NORTH,BWARE
Homa Bay,RACHUONYO NORTH,CHULA
Homa Bay,RACHUONYO NORTH,DARAJA
Homa Bay,RACHUONYO NORTH,DENGA
Homa Bay,RACHUONYO NORTH,DR.OUMA OTIENO
Homa Bay,RACHUONYO NORTH,GENDIA PRIMARY
Homa Bay,RACHUONYO NORTH,GOD NDONYO
Homa Bay,RACHUONYO NORTH,GOGO
Homa Bay,RACHUONYO NORTH,GOT OKII
Homa Bay,RACHUONYO NORTH,GUNGU
Homa Bay,RACHUONYO NORTH,HOMA HILLS
Homa Bay,RACHUONYO NORTH,HOMA LIME
Homa Bay,RACHUONYO NORTH,JONYO
Homa Bay,RACHUONYO NORTH,KAGAI
Homa Bay,RACHUONYO NORTH,KAJIEI
Homa Bay,RACHUONYO NORTH,KAMBUSI
Homa Bay,RACHUONYO NORTH,KAMOLO
Homa Bay,RACHUONYO NORTH,KAMSER
Homa Bay,RACHUONYO NORTH,KANAM
Homa Bay,RACHUONYO NORTH,KANDIEGE
Homa Bay,RACHUONYO NORTH,KANJIRA
Homa Bay,RACHUONYO NORTH,KANYADHIANG
Homa Bay,RACHUONYO NORTH,KANYAMFWA
Homa Bay,RACHUONYO NORTH,KANYANG’WENA
Homa Bay,RACHUONYO NORTH,KARABONDI
Homa Bay,RACHUONYO NORTH,KASIBOS
Homa Bay,RACHUONYO NORTH,KAWITI
Homa Bay,RACHUONYO NORTH,KAWITI SEC
Homa Bay,RACHUONYO NORTH,KENDU MUSLIM
Homa Bay,RACHUONYO NORTH,KIBAGA
Homa Bay,RACHUONYO NORTH,KIBUGU
Homa Bay,RACHUONYO NORTH,KIDESWA
Homa Bay,RACHUONYO NORTH,KIMIRA
Homa Bay,RACHUONYO NORTH,KINGII
Homa Bay,RACHUONYO NORTH,KISINDI
Homa Bay,RACHUONYO NORTH,KITAL
Homa Bay,RACHUONYO NORTH,KOBALA
Homa Bay,RACHUONYO NORTH,KOBILA
Homa Bay,RACHUONYO NORTH,KOBOO
Homa Bay,RACHUONYO NORTH,KOBUYA
Homa Bay,RACHUONYO NORTH,KODHOCH
Homa Bay,RACHUONYO NORTH,KOGANA
Homa Bay,RACHUONYO NORTH,KOGEMBO
Homa Bay,RACHUONYO NORTH,KOGWENO
Homa Bay,RACHUONYO NORTH,KOKOTH
Homa Bay,RACHUONYO NORTH,KOLIECH
Homa Bay,RACHUONYO NORTH,KONYACH
Homa Bay,RACHUONYO NORTH,KOTIENO GUMBA
Homa Bay,RACHUONYO NORTH,KOTONJE
Homa Bay,RACHUONYO NORTH,KOWUOR
Homa Bay,RACHUONYO NORTH,KUNYA
Homa Bay,RACHUONYO NORTH,LIERA
Homa Bay,RACHUONYO NORTH,LIETA
Homa Bay,RACHUONYO NORTH,LOO RATENG
Homa Bay,RACHUONYO NORTH,LOWER KAMUGA
Homa Bay,RACHUONYO NORTH,LWALA
Homa Bay,RACHUONYO NORTH,LWANDA
Homa Bay,RACHUONYO NORTH,MAGUTI
Homa Bay,RACHUONYO NORTH,MAKAKA
Homa Bay,RACHUONYO NORTH,MANGO
Homa Bay,RACHUONYO NORTH,MARIWA
Homa Bay,RACHUONYO NORTH,MASOGO
Homa Bay,RACHUONYO NORTH,MAWEGO MIXED
Homa Bay,RACHUONYO NORTH,MIGENI
Homa Bay,RACHUONYO NORTH,MIGINGO
Homa Bay,RACHUONYO NORTH,MIGUNDE
Homa Bay,RACHUONYO NORTH,MIREMBE
Homa Bay,RACHUONYO NORTH,MIRENGO
Homa Bay,RACHUONYO NORTH,MIYUGA
Homa Bay,RACHUONYO NORTH,N GURA
Homa Bay,RACHUONYO NORTH,NDERE
Homa Bay,RACHUONYO NORTH,NDHOLE
Homa Bay,RACHUONYO NORTH,NDWARA
Homa Bay,RACHUONYO NORTH,NG OCHE
Homa Bay,RACHUONYO NORTH,NGETA
Homa Bay,RACHUONYO NORTH,NGOLO
Homa Bay,RACHUONYO NORTH,NGOU
Homa Bay,RACHUONYO NORTH,NGURA
Homa Bay,RACHUONYO NORTH,NYABIAGE
Homa Bay,RACHUONYO NORTH,NYABURI
Homa Bay,RACHUONYO NORTH,NYAKANGO
Homa Bay,RACHUONYO NORTH,NYAKECH
Homa Bay,RACHUONYO NORTH,NYAMWALA
Homa Bay,RACHUONYO NORTH,NYANDUSI
Homa Bay,RACHUONYO NORTH,NYANGAJO
Homa Bay,RACHUONYO NORTH,NYANGAO
Homa Bay,RACHUONYO NORTH,NYANJA RATENG
Homa Bay,RACHUONYO NORTH,NYAOLA
Homa Bay,RACHUONYO NORTH,NYASANJA
Homa Bay,RACHUONYO NORTH,NYATIR
Homa Bay,RACHUONYO NORTH,NYAWI OMUGA
Homa Bay,RACHUONYO NORTH,NYAWINO
Homa Bay,RACHUONYO NORTH,OBANGLA
Homa Bay,RACHUONYO NORTH,OBILO
Homa Bay,RACHUONYO NORTH,OBUYA
Homa Bay,RACHUONYO NORTH,OCHUOGA
Homa Bay,RACHUONYO NORTH,OGANGO
Homa Bay,RACHUONYO NORTH,OINDO
Homa Bay,RACHUONYO NORTH,OKIKI AMAYO
Homa Bay,RACHUONYO NORTH,OLUTI
Homa Bay,RACHUONYO NORTH,OMBOGA
Homa Bay,RACHUONYO NORTH,OMBUJO
Homa Bay,RACHUONYO NORTH,OMINDI
Homa Bay,RACHUONYO NORTH,OMOLO AGAR
Homa Bay,RACHUONYO NORTH,OMUGA
Homa Bay,RACHUONYO NORTH,ONENO NAM
Homa Bay,RACHUONYO NORTH,ONGALO
Homa Bay,RACHUONYO NORTH,ONGANG
Homa Bay,RACHUONYO NORTH,ONYANDO
Homa Bay,RACHUONYO NORTH,ORIANG MANYWANDA
Homa Bay,RACHUONYO NORTH,ORIRE
Homa Bay,RACHUONYO NORTH,ORIWO
Homa Bay,RACHUONYO NORTH,OSAKWE
Homa Bay,RACHUONYO NORTH,OSIKA
Homa Bay,RACHUONYO NORTH,OSODO
Homa Bay,RACHUONYO NORTH,OTARO
Homa Bay,RACHUONYO NORTH,OTOK
Homa Bay,RACHUONYO NORTH,OYOMBE
Homa Bay,RACHUONYO NORTH,PIER GOT
Homa Bay,RACHUONYO NORTH,RABUOR
Homa Bay,RACHUONYO NORTH,RABUOR KOGUTO
Homa Bay,RACHUONYO NORTH,RABWARE
Homa Bay,RACHUONYO NORTH,RAKWARO
Homa Bay,RACHUONYO NORTH,RAONGO
Homa Bay,RACHUONYO NORTH,RARUA
Homa Bay,RACHUONYO NORTH,RONGO NYAGOWA
Homa Bay,RACHUONYO NORTH,SAMANGA
Homa Bay,RACHUONYO NORTH,SAMBA
Homa Bay,RACHUONYO NORTH,SANDA
Homa Bay,RACHUONYO NORTH,SANGLA
Homa Bay,RACHUONYO NORTH,SEKA
Homa Bay,RACHUONYO NORTH,SEME KAIMA
Homa Bay,RACHUONYO NORTH,SIALA
Homa Bay,RACHUONYO NORTH,SIBURI
Homa Bay,RACHUONYO NORTH,SIMBI
Homa Bay,RACHUONYO NORTH,SOKO KAGWA
Homa Bay,RACHUONYO NORTH,SOKO KOGIRA
Homa Bay,RACHUONYO NORTH,SOMBRO
Homa Bay,RACHUONYO NORTH,ST BENEDETTE ABUNDU SEC
Homa Bay,RACHUONYO NORTH,ST DOUGLAS WETA
Homa Bay,RACHUONYO NORTH,ST MARY GORETTI
Homa Bay,RACHUONYO NORTH,WAGWE
Homa Bay,RACHUONYO NORTH,WANG ADONJI
Homa Bay,RACHUONYO NORTH,WANG GOT
Homa Bay,RACHUONYO NORTH,WARAO
Homa Bay,RACHUONYO NORTH,WIKONDIEK
Homa Bay,RACHUONYO NORTH,WIMAGAK
Homa Bay,RACHUONYO NORTH,YALA
Homa Bay,RACHUONYO NORTH,YAWO KOMOLO
Homa Bay,RACHUONYO SOUTH,ABUOYE
Homa Bay,RACHUONYO SOUTH,ADEGA
Homa Bay,RACHUONYO SOUTH,AGAWO
Homa Bay,RACHUONYO SOUTH,AGORO SARE
Homa Bay,RACHUONYO SOUTH,ALARO
Homa Bay,RACHUONYO SOUTH,ALERO NANGA
Homa Bay,RACHUONYO SOUTH,ANJECH
Homa Bay,RACHUONYO SOUTH,ANYONA
Homa Bay,RACHUONYO SOUTH,AOLO
Homa Bay,RACHUONYO SOUTH,ARAMO
Homa Bay,RACHUONYO SOUTH,ATELA
Homa Bay,RACHUONYO SOUTH,ATEMO
Homa Bay,RACHUONYO SOUTH,ATONO
Homa Bay,RACHUONYO SOUTH,AWUOR DIMO
Homa Bay,RACHUONYO SOUTH,AWUORO
Homa Bay,RACHUONYO SOUTH,AYIENGO
Homa Bay,RACHUONYO SOUTH,BONGE
Homa Bay,RACHUONYO SOUTH,BUOYE
Homa Bay,RACHUONYO SOUTH,CHAGERE
Homa Bay,RACHUONYO SOUTH,DUDI
Homa Bay,RACHUONYO SOUTH,GANGRE
Homa Bay,RACHUONYO SOUTH,GOD AGAK
Homa Bay,RACHUONYO SOUTH,GOD AGULU
Homa Bay,RACHUONYO SOUTH,GOD BER
Homa Bay,RACHUONYO SOUTH,GOD KWACH
Homa Bay,RACHUONYO SOUTH,GOD MIAHA
Homa Bay,RACHUONYO SOUTH,GOD NYANGO
Homa Bay,RACHUONYO SOUTH,GOT
Homa Bay,RACHUONYO SOUTH,GOT KAGUMBO
Homa Bay,RACHUONYO SOUTH,GOT RATENG
Homa Bay,RACHUONYO SOUTH,GWENO KIPODI
Homa Bay,RACHUONYO SOUTH,JWELU
Homa Bay,RACHUONYO SOUTH,KABONGO
Homa Bay,RACHUONYO SOUTH,KACHIENG PRIMARY SCHOOL
Homa Bay,RACHUONYO SOUTH,KADIE
Homa Bay,RACHUONYO SOUTH,KADIJU
Homa Bay,RACHUONYO SOUTH,KADITONGE PRIMARY
Homa Bay,RACHUONYO SOUTH,KAKELO
Homa Bay,RACHUONYO SOUTH,KALANDING
Homa Bay,RACHUONYO SOUTH,KALANDO
Homa Bay,RACHUONYO SOUTH,KALUOCH
Homa Bay,RACHUONYO SOUTH,KAMUGA
Homa Bay,RACHUONYO SOUTH,KANDEGWA
Homa Bay,RACHUONYO SOUTH,KANGA OMUGA
Homa Bay,RACHUONYO SOUTH,KANYANGWARA
Homa Bay,RACHUONYO SOUTH,KARABOK
Homa Bay,RACHUONYO SOUTH,KAROKO
Homa Bay,RACHUONYO SOUTH,KASIMBA
Homa Bay,RACHUONYO SOUTH,KATANGA
Homa Bay,RACHUONYO SOUTH,KAUMA
Homa Bay,RACHUONYO SOUTH,KILUSI
Homa Bay,RACHUONYO SOUTH,KISURI
Homa Bay,RACHUONYO SOUTH,KOGALO
Homa Bay,RACHUONYO SOUTH,KOGOLA
Homa Bay,RACHUONYO SOUTH,KOGONDA
Homa Bay,RACHUONYO SOUTH,KOGWANG’
Homa Bay,RACHUONYO SOUTH,KOJWACH
Homa Bay,RACHUONYO SOUTH,KOLAL
Homa Bay,RACHUONYO SOUTH,KOLWA
Homa Bay,RACHUONYO SOUTH,KOMBAKA
Homa Bay,RACHUONYO SOUTH,KOSELE
Homa Bay,RACHUONYO SOUTH,KOSIRA
Homa Bay,RACHUONYO SOUTH,KOTIENO
Homa Bay,RACHUONYO SOUTH,KOWIDI
Homa Bay,RACHUONYO SOUTH,KWOYO
Homa Bay,RACHUONYO SOUTH,MAGUNGU
Homa Bay,RACHUONYO SOUTH,MANGANGA
Homa Bay,RACHUONYO SOUTH,MASANGA
Homa Bay,RACHUONYO SOUTH,MASOGO
Homa Bay,RACHUONYO SOUTH,MAWIRA
Homa Bay,RACHUONYO SOUTH,MIGWA
Homa Bay,RACHUONYO SOUTH,MIRONDO
Homa Bay,RACHUONYO SOUTH,MITHUI
Homa Bay,RACHUONYO SOUTH,MITITI
Homa Bay,RACHUONYO SOUTH,MUMBO
Homa Bay,RACHUONYO SOUTH,MWAMBA
Homa Bay,RACHUONYO SOUTH,NANDI
Homa Bay,RACHUONYO SOUTH,NGULU KANYANGO
Homa Bay,RACHUONYO SOUTH,NJURA
Homa Bay,RACHUONYO SOUTH,NYABOLA
Homa Bay,RACHUONYO SOUTH,NYABONDO
Homa Bay,RACHUONYO SOUTH,NYABONDO MILIMANI
Homa Bay,RACHUONYO SOUTH,NYAFARE
Homa Bay,RACHUONYO SOUTH,NYAGOWA
Homa Bay,RACHUONYO SOUTH,NYAHERA
Homa Bay,RACHUONYO SOUTH,NYAJOWI CCS CENTRE
Homa Bay,RACHUONYO SOUTH,NYAKIYA
Homa Bay,RACHUONYO SOUTH,NYALENDA
Homa Bay,RACHUONYO SOUTH,NYALGOSI
Homa Bay,RACHUONYO SOUTH,NYAMBARE
Homa Bay,RACHUONYO SOUTH,NYAMBORI
Homa Bay,RACHUONYO SOUTH,NYAMWAGA
Homa Bay,RACHUONYO SOUTH,NYANDAMA HILL ACA
Homa Bay,RACHUONYO SOUTH,NYANDIWA
Homa Bay,RACHUONYO SOUTH,NYANDOLO
Homa Bay,RACHUONYO SOUTH,NYANDUMA
Homa Bay,RACHUONYO SOUTH,NYANGIELA
Homa Bay,RACHUONYO SOUTH,NYARABI
Homa Bay,RACHUONYO SOUTH,NYASORE
Homa Bay,RACHUONYO SOUTH,NYATINDO
Homa Bay,RACHUONYO SOUTH,NYATWERE
Homa Bay,RACHUONYO SOUTH,NYIMBI INERGRATED AND SPECIAL UNIT
Homa Bay,RACHUONYO SOUTH,OASIS COMPLEX
Homa Bay,RACHUONYO SOUTH,OBER BOYS
Homa Bay,RACHUONYO SOUTH,OBER MIXED
Homa Bay,RACHUONYO SOUTH,OBISA
Homa Bay,RACHUONYO SOUTH,OCHUNYNO
Homa Bay,RACHUONYO SOUTH,ODINO
Homa Bay,RACHUONYO SOUTH,OGENGA
Homa Bay,RACHUONYO SOUTH,OGILO
Homa Bay,RACHUONYO SOUTH,OJWANDO
Homa Bay,RACHUONYO SOUTH,OMBEK
Homa Bay,RACHUONYO SOUTH,OMIRO
Homa Bay,RACHUONYO SOUTH,OMOLO MADO
Homa Bay,RACHUONYO SOUTH,OMUGA
Homa Bay,RACHUONYO SOUTH,ONDIKO
Homa Bay,RACHUONYO SOUTH,ONDIWA GAMBA
Homa Bay,RACHUONYO SOUTH,ONGORO
Homa Bay,RACHUONYO SOUTH,ONGUJO
Homa Bay,RACHUONYO SOUTH,OOGO
Homa Bay,RACHUONYO SOUTH,OPANGA
Homa Bay,RACHUONYO SOUTH,OPONDO
Homa Bay,RACHUONYO SOUTH,ORERA
Homa Bay,RACHUONYO SOUTH,ORIANG
Homa Bay,RACHUONYO SOUTH,ORINDE
Homa Bay,RACHUONYO SOUTH,ORIRI
Homa Bay,RACHUONYO SOUTH,OSURI
Homa Bay,RACHUONYO SOUTH,OTEL
Homa Bay,RACHUONYO SOUTH,OTHORO
Homa Bay,RACHUONYO SOUTH,OTONDO
Homa Bay,RACHUONYO SOUTH,OTULA
Homa Bay,RACHUONYO SOUTH,OWIRO
Homa Bay,RACHUONYO SOUTH,OYUGIS
Homa Bay,RACHUONYO SOUTH,PALA
Homa Bay,RACHUONYO SOUTH,PANY KOMOLO
Homa Bay,RACHUONYO SOUTH,PONGE
Homa Bay,RACHUONYO SOUTH,RAGOGO
Homa Bay,RACHUONYO SOUTH,RANYIENYA
Homa Bay,RACHUONYO SOUTH,RAWINJI
Homa Bay,RACHUONYO SOUTH,RONGO
Homa Bay,RACHUONYO SOUTH,RUNGU
Homa Bay,RACHUONYO SOUTH,SARAMBA
Homa Bay,RACHUONYO SOUTH,SAYE
Homa Bay,RACHUONYO SOUTH,SIANY
Homa Bay,RACHUONYO SOUTH,SIMBIRI
Homa Bay,RACHUONYO SOUTH,SINO DOK
Homa Bay,RACHUONYO SOUTH,SINO SDA
Homa Bay,RACHUONYO SOUTH,ST. CHARLES KAUKO
Homa Bay,RACHUONYO SOUTH,ST. JOSEPH S COMBINED
Homa Bay,RACHUONYO SOUTH,SUNA
Homa Bay,RACHUONYO SOUTH,UMAI
Homa Bay,RACHUONYO SOUTH,WANGAPALA
Homa Bay,RACHUONYO SOUTH,WARADHO
Homa Bay,RACHUONYO SOUTH,WIRA BUOR
Homa Bay,RACHUONYO SOUTH,WIRE
Homa Bay,RACHUONYO SOUTH,Wire Special Primary School
Homa Bay,RACHUONYO SOUTH,YADH WELO
Homa Bay,RACHUONYO SOUTH,YALA
Homa Bay,RANGWE,ANGIRO
Homa Bay,RANGWE,FR SCHEFFER ASUMBI
Homa Bay,RANGWE,GOD KADO
Homa Bay,RANGWE,KOYOO
Homa Bay,RANGWE,OBUNGA
Homa Bay,RANGWE,ONDICHE
Homa Bay,RANGWE,ONGETI
Homa Bay,RANGWE,ORERO
Homa Bay,RANGWE,OTOLO
Homa Bay,RANGWE,PAP ALARA
Homa Bay,RANGWE,RABUOR KAURA
Homa Bay,RANGWE,RACHAR
Homa Bay,RANGWE,SANGO GEM
Homa Bay,SUBA,GENDO
Homa Bay,SUBA,GINGO
Homa Bay,SUBA,GOD BURA
Homa Bay,SUBA,GOD OLOO
Homa Bay,SUBA,GOT ADUNDO
Homa Bay,SUBA,GOT KOMBUTO
Homa Bay,SUBA,KASINGA
Homa Bay,SUBA,KIABUYA
Homa Bay,SUBA,KIANYUMBA
Homa Bay,SUBA,KIBUOGI
Homa Bay,SUBA,KIBURA
Homa Bay,SUBA,KICHARE
Homa Bay,SUBA,KIEMBE
Homa Bay,SUBA,KIGOTO
Homa Bay,SUBA,KIGWENYO PRI
Homa Bay,SUBA,KIKUBI
Homa Bay,SUBA,KIMANGE
Homa Bay,SUBA,KIMORO
Homa Bay,SUBA,KING ENYO
Homa Bay,SUBA,KINGHORORIO PRI
Homa Bay,SUBA,KINYASAGA
Homa Bay,SUBA,KIRAMBO
Homa Bay,SUBA,KISAKU
Homa Bay,SUBA,KISEGI
Homa Bay,SUBA,KISIAMBI
Homa Bay,SUBA,KITAWA
Homa Bay,SUBA,KITHEREKA
Homa Bay,SUBA,KIWA
Homa Bay,SUBA,KOGA
Homa Bay,SUBA,KOYOMBE
Homa Bay,SUBA,KUMBATHA
Homa Bay,SUBA,KUMUINDA
Homa Bay,SUBA,LIGONGO
Homa Bay,SUBA,LWANDA
Homa Bay,SUBA,MAGUNGA
Homa Bay,SUBA,MALONGO
Homa Bay,SUBA,MANYALA
Homa Bay,SUBA,MATUNGA
Homa Bay,SUBA,MIRAMBA
Homa Bay,SUBA,MIRIYA
Homa Bay,SUBA,MSARE
Homa Bay,SUBA,MUKENDE
Homa Bay,SUBA,MUKUYU
Homa Bay,SUBA,MUMISA
Homa Bay,SUBA,MWIRARIA
Homa Bay,SUBA,MWIREGWA
Homa Bay,SUBA,MWIRENDIA
Homa Bay,SUBA,MWIYOYO
Homa Bay,SUBA,NGERI
Homa Bay,SUBA,NYABERA
Homa Bay,SUBA,NYABOMO
Homa Bay,SUBA,NYABURU
Homa Bay,SUBA,NYABWECHECHE
Homa Bay,SUBA,NYADENDA
Homa Bay,SUBA,NYAGWETHE
Homa Bay,SUBA,NYAKASERA
Homa Bay,SUBA,NYAKIYA
Homa Bay,SUBA,NYALKEMBO
Homa Bay,SUBA,NYAMADEDE
Homa Bay,SUBA,NYANDIWA
Homa Bay,SUBA,NYASOTI
Homa Bay,SUBA,NYATAMBE
Homa Bay,SUBA,NYATAMBE PRI
Homa Bay,SUBA,NYATOTO
Homa Bay,SUBA,NYAWACHA
Homa Bay,SUBA,NYENGA
Homa Bay,SUBA,OBANGA
Homa Bay,SUBA,OGAKA
Homa Bay,SUBA,OLANDO
Homa Bay,SUBA,OMA
Homa Bay,SUBA,ONGALO PRI
Homa Bay,SUBA,ONGAYO
Homa Bay,SUBA,ONGONGO
Homa Bay,SUBA,ONGORO
Homa Bay,SUBA,ONYWERA
Homa Bay,SUBA,ONYWERA SPECIAL SCHOOL FOR M.H
Homa Bay,SUBA,OSIRI
Homa Bay,SUBA,PUNDO
Homa Bay,SUBA,RAGWE
Homa Bay,SUBA,ROO DOH
Homa Bay,SUBA,ROWO
Homa Bay,SUBA,ROWO MIXED DAY
Homa Bay,SUBA,SAGARUME
Homa Bay,SUBA,SANJWERU
Homa Bay,SUBA,SAWANKA
Homa Bay,SUBA,SEKA
Homa Bay,SUBA,SINDO
Homa Bay,SUBA,SOKONI
Homa Bay,SUBA,ST JOSEPHS MUKIUNDU
Homa Bay,SUBA,SUMBA
Homa Bay,SUBA,UTERERE
Homa Bay,SUBA,VICTOR MUSOGA
Homa Bay,SUBA,WIGA
Homa Bay,SUBA,WIRA
Homa Bay,SUBA,YONGO
County,Sub County,School Name
Isiolo,GARBATULA,ABAGARSE
Isiolo,GARBATULA,AL GANI GIRL’S
Isiolo,GARBATULA,BADANA
Isiolo,GARBATULA,BAHARI
Isiolo,GARBATULA,BELGESH PRY SCH
Isiolo,GARBATULA,BILIQI NUR
Isiolo,GARBATULA,BISAN ARDHI
Isiolo,GARBATULA,BOJI
Isiolo,GARBATULA,DAAWA MUSLIM
Isiolo,GARBATULA,DABASITI
Isiolo,GARBATULA,DIDA ABAKIRI
Isiolo,GARBATULA,DUSE
Isiolo,GARBATULA,ELDERA
Isiolo,GARBATULA,GAFARSA
Isiolo,GARBATULA,GALMADIDO
Isiolo,GARBATULA,GARBATULA BOARDING
Isiolo,GARBATULA,GARBATULA DAY
Isiolo,GARBATULA,GUBATU
Isiolo,GARBATULA,IRESABORU
Isiolo,GARBATULA,KINNA
Isiolo,GARBATULA,KOMBOLA
Isiolo,GARBATULA,KONE PRIMARY
Isiolo,GARBATULA,KORBESA PRIMARY
Isiolo,GARBATULA,KULA MAWE
Isiolo,GARBATULA,MAKARIM
Isiolo,GARBATULA,MALKA MANSA
Isiolo,GARBATULA,MALKADAKA
Isiolo,GARBATULA,MATAGARI
Isiolo,GARBATULA,MOGORE
Isiolo,GARBATULA,MUCHURO
Isiolo,GARBATULA,NAGAA
Isiolo,GARBATULA,OMARA BOARDING
Isiolo,GARBATULA,QOTICHA
Isiolo,GARBATULA,RAPSU
Isiolo,GARBATULA,SAYYIDAH FATIMAH GIRLS COMPLEX
Isiolo,GARBATULA,SERICHO
Isiolo,GARBATULA,TANNA
Isiolo,GARBATULA,WAKO WARIO
Isiolo,GARBATULA,YAO-BARSADHI
Isiolo,ISIOLO,Akadeli
Isiolo,ISIOLO,AKILI
Isiolo,ISIOLO,Alamach primary
Isiolo,ISIOLO,AREMIET
Isiolo,ISIOLO,ATTAN
Isiolo,ISIOLO,Attir community
Isiolo,ISIOLO,BULA MPYA
Isiolo,ISIOLO,CHUMVIYERE
Isiolo,ISIOLO,DAABA
Isiolo,ISIOLO,ELSA
Isiolo,ISIOLO,EMEJEN
Isiolo,ISIOLO,GAMBELLA
Isiolo,ISIOLO,GOTU
Isiolo,ISIOLO,ISIOLO BARRACKS
Isiolo,ISIOLO,ISIOLO SAMBURU
Isiolo,ISIOLO,ISIOLO SCHOOL FOR THE DEAF
Isiolo,ISIOLO,KAMBI ODHA
Isiolo,ISIOLO,KAMBI YA GARBA
Isiolo,ISIOLO,KAMBI YA JUU
Isiolo,ISIOLO,Karma
Isiolo,ISIOLO,KILIMANI
Isiolo,ISIOLO,KIPSING
Isiolo,ISIOLO,KIWANJA
Isiolo,ISIOLO,KIWANJANI
Isiolo,ISIOLO,LEBARUA
Isiolo,ISIOLO,LENGURUMA
Isiolo,ISIOLO,LENGWENYI
Isiolo,ISIOLO,Lions
Isiolo,ISIOLO,LOBARISHEREKI
Isiolo,ISIOLO,LOWANGila
Isiolo,ISIOLO,MANYATTA
Isiolo,ISIOLO,MCK KISIMANI 78
Isiolo,ISIOLO,MWANGAZA
Isiolo,ISIOLO,NDUGU ZANGU INTEGRATED PRIMARY
Isiolo,ISIOLO,NGAREMARA
Isiolo,ISIOLO,NOOLOROI
Isiolo,ISIOLO,NTALABANY
Isiolo,ISIOLO,OLDONYIRO
Isiolo,ISIOLO,PARKISHON
Isiolo,ISIOLO,PARKURUK
Isiolo,ISIOLO,PEPO LA TUMAINI
Isiolo,ISIOLO,RAAP
Isiolo,ISIOLO,RAMADHAN
Isiolo,ISIOLO,RIGA
Isiolo,ISIOLO,SHAMBANI
Isiolo,ISIOLO,ST KIZITO
Isiolo,ISIOLO,TUALE
Isiolo,ISIOLO,UHURU
Isiolo,ISIOLO,WABERA
Isiolo,ISIOLO,WASO
Isiolo,MERTI,abaqabale primary
Isiolo,MERTI,ADHE WARABESA
Isiolo,MERTI,AL-RAHMA
Isiolo,MERTI,AWARSITU
Isiolo,MERTI,BADAN RARO
Isiolo,MERTI,BILIQI
Isiolo,MERTI,Biliqo Muslim
Isiolo,MERTI,Bisan Biliqo
Isiolo,MERTI,BULESA
Isiolo,MERTI,DADACHA BASA
Isiolo,MERTI,DOLOLO DAKIYE
Isiolo,MERTI,GAMACHU MUSLIM OOL
Isiolo,MERTI,GODA
Isiolo,MERTI,HALANGO
Isiolo,MERTI,HURURA MOBILE
Isiolo,MERTI,KARGI PRIMARY SCHOOL
Isiolo,MERTI,KHALIFA ABUBAKAR
Isiolo,MERTI,KOM OOL
Isiolo,MERTI,KORBESA
Isiolo,MERTI,KUBI MATA MUKA
Isiolo,MERTI,LAKOLE MOBILE
Isiolo,MERTI,MALKA GALLA
Isiolo,MERTI,mama saleti primary
Isiolo,MERTI,MATA ARBA
Isiolo,MERTI,MERTI boarding pry school
Isiolo,MERTI,MERTI MUSLIM
Isiolo,MERTI,merti south muslim girls
Isiolo,MERTI,MUNANDA NUR
Isiolo,MERTI,SALETI MUSLIM
Isiolo,MERTI,TAQWA
County,Sub County,School Name
Kajiado,ISINYA,ATHI RIVER PRISON
Kajiado,ISINYA,EMAMPARISUAI
Kajiado,ISINYA,EMPAKASI
Kajiado,ISINYA,ENKASITI
Kajiado,ISINYA,ENKILELE
Kajiado,ISINYA,ENKIRR GIRRI
Kajiado,ISINYA,ERETETI PRIMARY
Kajiado,ISINYA,ILPOLOSAT
Kajiado,ISINYA,ISINYA MIXED BOARDING
Kajiado,ISINYA,ISNYA TOWNSHIP
Kajiado,ISINYA,JESUS HOBBS HOUSE OF HOPE SCHOOL
Kajiado,ISINYA,KAPUTIEI
Kajiado,ISINYA,KEPIRO
Kajiado,ISINYA,KIKAYAYA PRIMARY SCHOOL
Kajiado,ISINYA,KITENGELA BOARDING PRI
Kajiado,ISINYA,KORROMPOI
Kajiado,ISINYA,LENCHANI
Kajiado,ISINYA,MUSA
Kajiado,ISINYA,NAMUNYAK
Kajiado,ISINYA,NASERIAN
Kajiado,ISINYA,NOOMPOPONG NAKUO
Kajiado,ISINYA,NOONKOPIR TOWNSHIP
Kajiado,ISINYA,OLE NKOTILA
Kajiado,ISINYA,OLOOLTEPES
Kajiado,ISINYA,OLOOSIRKON
Kajiado,ISINYA,OLTUROTO
Kajiado,ISINYA,P J DAVE
Kajiado,ISINYA,PRESTIGE PREPARATORY SCHOOL
Kajiado,ISINYA,SENIOR CHIEF MUTUNKEI
Kajiado,ISINYA,SHOLINKE
Kajiado,ISINYA,ST. MARK ENKUTOTO
Kajiado,ISINYA,TIPATET EMAKOKO
Kajiado,ISINYA,UTUMISHI SACCO PRIMARY
Kajiado,KAJIADO CENTRAL,ACK KAJIADO HIGH
Kajiado,KAJIADO CENTRAL,AIC GIRLS BOARDING
Kajiado,KAJIADO CENTRAL,AIC NAMANGA
Kajiado,KAJIADO CENTRAL,ALHUDA MUSLIM
Kajiado,KAJIADO CENTRAL,EITI
Kajiado,KAJIADO CENTRAL,ELANGATA WUAS
Kajiado,KAJIADO CENTRAL,ELUANATA primary school
Kajiado,KAJIADO CENTRAL,EMARTI
Kajiado,KAJIADO CENTRAL,EMOTOROKI
Kajiado,KAJIADO CENTRAL,Empoor Nalepo
Kajiado,KAJIADO CENTRAL,EMPUKANI
Kajiado,KAJIADO CENTRAL,EMURKEYA
Kajiado,KAJIADO CENTRAL,EMURUADIKIR
Kajiado,KAJIADO CENTRAL,ENDONYIO EKAMPI
Kajiado,KAJIADO CENTRAL,ENGABOLI
Kajiado,KAJIADO CENTRAL,ENJEJU ERAP
Kajiado,KAJIADO CENTRAL,ENKANASA
Kajiado,KAJIADO CENTRAL,ENKARONI
Kajiado,KAJIADO CENTRAL,ENKASURAI
Kajiado,KAJIADO CENTRAL,ENKERESUNA
Kajiado,KAJIADO CENTRAL,ENKOLILI
Kajiado,KAJIADO CENTRAL,ENKORIKA
Kajiado,KAJIADO CENTRAL,ENOOSAMPURRPUR
Kajiado,KAJIADO CENTRAL,ENTASHATA
Kajiado,KAJIADO CENTRAL,ENTUKAI
Kajiado,KAJIADO CENTRAL,ENYONYOR
Kajiado,KAJIADO CENTRAL,ESEKI
Kajiado,KAJIADO CENTRAL,ESILALEI
Kajiado,KAJIADO CENTRAL,ESOIT
Kajiado,KAJIADO CENTRAL,ESOKOTA
Kajiado,KAJIADO CENTRAL,ILBISSIL BOARDING
Kajiado,KAJIADO CENTRAL,ILBISSIL TOWNSHIP
Kajiado,KAJIADO CENTRAL,ildonyio olmoti
Kajiado,KAJIADO CENTRAL,Ilkinyie
Kajiado,KAJIADO CENTRAL,ILKIREMISHO
Kajiado,KAJIADO CENTRAL,ILMARBA
Kajiado,KAJIADO CENTRAL,ILMISIGIYIO
Kajiado,KAJIADO CENTRAL,ILMOTIO
Kajiado,KAJIADO CENTRAL,ILOMOLELIAN
Kajiado,KAJIADO CENTRAL,ILOSHON
Kajiado,KAJIADO CENTRAL,ILPARRUA
Kajiado,KAJIADO CENTRAL,ILPARTIMARO
Kajiado,KAJIADO CENTRAL,ILTARETO
Kajiado,KAJIADO CENTRAL,ILTIRPEN
Kajiado,KAJIADO CENTRAL,IMANYAT
Kajiado,KAJIADO CENTRAL,Imanyati
Kajiado,KAJIADO CENTRAL,IMPIRO PRIMARY SCHOOL
Kajiado,KAJIADO CENTRAL,IMPOORI
Kajiado,KAJIADO CENTRAL,INAAROK LUKUNY
Kajiado,KAJIADO CENTRAL,INAUDOT
Kajiado,KAJIADO CENTRAL,INDEPEN
Kajiado,KAJIADO CENTRAL,INDOINYIO
Kajiado,KAJIADO CENTRAL,INDUPA
Kajiado,KAJIADO CENTRAL,INKATI
Kajiado,KAJIADO CENTRAL,INKINYIE
Kajiado,KAJIADO CENTRAL,ISEURI
Kajiado,KAJIADO CENTRAL,ISILALE
Kajiado,KAJIADO CENTRAL,KAJIADO TOWNSHIP
Kajiado,KAJIADO CENTRAL,Kalia
Kajiado,KAJIADO CENTRAL,KARERO
Kajiado,KAJIADO CENTRAL,KENYA MARBLE QUARRY
Kajiado,KAJIADO CENTRAL,KILONITO
Kajiado,KAJIADO CENTRAL,KISAPUK
Kajiado,KAJIADO CENTRAL,KUMPA HOLY MOTHERS
Kajiado,KAJIADO CENTRAL,KURKET
Kajiado,KAJIADO CENTRAL,LEBOO
Kajiado,KAJIADO CENTRAL,LELE CHRISTIAN
Kajiado,KAJIADO CENTRAL,LEMPALAKAE
Kajiado,KAJIADO CENTRAL,LENKISHON
Kajiado,KAJIADO CENTRAL,LESINKO
Kajiado,KAJIADO CENTRAL,LETOIRE
Kajiado,KAJIADO CENTRAL,LINTI
Kajiado,KAJIADO CENTRAL,LORNGOSUA
Kajiado,KAJIADO CENTRAL,LOSITETI
Kajiado,KAJIADO CENTRAL,MAILWA
Kajiado,KAJIADO CENTRAL,MAISIKIRIA
Kajiado,KAJIADO CENTRAL,MAPARASHA
Kajiado,KAJIADO CENTRAL,MEGUARRA
Kajiado,KAJIADO CENTRAL,Meidenyi
Kajiado,KAJIADO CENTRAL,METO
Kajiado,KAJIADO CENTRAL,MOIPEI
Kajiado,KAJIADO CENTRAL,MOPIA
Kajiado,KAJIADO CENTRAL,MPOROKUA
Kajiado,KAJIADO CENTRAL,MURANTAWUA
Kajiado,KAJIADO CENTRAL,Naibala
Kajiado,KAJIADO CENTRAL,NAIRABALA
Kajiado,KAJIADO CENTRAL,Nalala
Kajiado,KAJIADO CENTRAL,NALEPO
Kajiado,KAJIADO CENTRAL,NAMANGA
Kajiado,KAJIADO CENTRAL,NENTONAI ENYORRATA
Kajiado,KAJIADO CENTRAL,NGATATAEK
Kajiado,KAJIADO CENTRAL,NKOILE
Kajiado,KAJIADO CENTRAL,NKUSERON
Kajiado,KAJIADO CENTRAL,NOONTOTO
Kajiado,KAJIADO CENTRAL,NOOSIKITOK
Kajiado,KAJIADO CENTRAL,OITI GLORY
Kajiado,KAJIADO CENTRAL,OLCHORRO-OIBOR
Kajiado,KAJIADO CENTRAL,OLDOINYO SAMPU
Kajiado,KAJIADO CENTRAL,OLELESHUA
Kajiado,KAJIADO CENTRAL,OLENARAU
Kajiado,KAJIADO CENTRAL,Olepolos
Kajiado,KAJIADO CENTRAL,OLETUMUKE
Kajiado,KAJIADO CENTRAL,OLGOS
Kajiado,KAJIADO CENTRAL,OLIORUM LUTHERAN
Kajiado,KAJIADO CENTRAL,OLKEJUADO PRIMARY BOYS BOARDING
Kajiado,KAJIADO CENTRAL,OLMANIE
Kajiado,KAJIADO CENTRAL,OLMOTIANY
Kajiado,KAJIADO CENTRAL,OLOBELIBEL
Kajiado,KAJIADO CENTRAL,OLOILALEI
Kajiado,KAJIADO CENTRAL,OLOIRIMIRIMI
Kajiado,KAJIADO CENTRAL,OLOOLAROI
Kajiado,KAJIADO CENTRAL,OLOOLERA
Kajiado,KAJIADO CENTRAL,OLOOMUNYI
Kajiado,KAJIADO CENTRAL,OLOOSUYIAN
Kajiado,KAJIADO CENTRAL,OLOSERIAN
Kajiado,KAJIADO CENTRAL,OLOSIRUA
Kajiado,KAJIADO CENTRAL,ORINIE
Kajiado,KAJIADO CENTRAL,OSYIAMALILI-OLOIKA
Kajiado,KAJIADO CENTRAL,PARANAE
Kajiado,KAJIADO CENTRAL,PILIWA
Kajiado,KAJIADO CENTRAL,SAINA
Kajiado,KAJIADO CENTRAL,SAJILONI
Kajiado,KAJIADO CENTRAL,SERE
Kajiado,KAJIADO CENTRAL,SINGIRAINE
Kajiado,KAJIADO CENTRAL,ST AUGUSTINE OLPIRIKATA.
Kajiado,KAJIADO CENTRAL,TOROSEI
Kajiado,KAJIADO NORTH,AIC NGONG HILL
Kajiado,KAJIADO NORTH,ARAP MOI
Kajiado,KAJIADO NORTH,BETHANY JUNIOR
Kajiado,KAJIADO NORTH,BISHOP MAZZOLDI PRIMARY
Kajiado,KAJIADO NORTH,EMBARBAL PRI
Kajiado,KAJIADO NORTH,EMBOLIEI
Kajiado,KAJIADO NORTH,EMBULBUL
Kajiado,KAJIADO NORTH,ENDOINYO OLASHO
Kajiado,KAJIADO NORTH,ENDOINYO-SIDAI
Kajiado,KAJIADO NORTH,ENKEREYIAN
Kajiado,KAJIADO NORTH,ENKOIREROI
Kajiado,KAJIADO NORTH,ENOOMATASIANI
Kajiado,KAJIADO NORTH,ENTASOPIA
Kajiado,KAJIADO NORTH,EREMIT
Kajiado,KAJIADO NORTH,ERORET
Kajiado,KAJIADO NORTH,ESILANKE
Kajiado,KAJIADO NORTH,ESOIT OLPARAKUO
Kajiado,KAJIADO NORTH,ESONORUA
Kajiado,KAJIADO NORTH,ILKIRORIT
Kajiado,KAJIADO NORTH,ILMASIN
Kajiado,KAJIADO NORTH,ILNGAROOJ
Kajiado,KAJIADO NORTH,ILPARKUO
Kajiado,KAJIADO NORTH,INCHORROI SCH
Kajiado,KAJIADO NORTH,INKIITO
Kajiado,KAJIADO NORTH,IYARAT PRI
Kajiado,KAJIADO NORTH,KERARAPON
Kajiado,KAJIADO NORTH,KIBIKO PRIMARY SCHOOL
Kajiado,KAJIADO NORTH,KIMELOK
Kajiado,KAJIADO NORTH,KIMUKA PRIMARY
Kajiado,KAJIADO NORTH,KIPETO
Kajiado,KAJIADO NORTH,KISAJU
Kajiado,KAJIADO NORTH,KISERIAN
Kajiado,KAJIADO NORTH,KISHARU
Kajiado,KAJIADO NORTH,KOMIYA
Kajiado,KAJIADO NORTH,KOORA
Kajiado,KAJIADO NORTH,LESHUTA
Kajiado,KAJIADO NORTH,LOODARIAK PR
Kajiado,KAJIADO NORTH,MURANTAWUA
Kajiado,KAJIADO NORTH,MUSENKE
Kajiado,KAJIADO NORTH,NAKEEL
Kajiado,KAJIADO NORTH,NALEPO
Kajiado,KAJIADO NORTH,NAMUNYAK
Kajiado,KAJIADO NORTH,NANDO ENTERIT
Kajiado,KAJIADO NORTH,NAROMORU
Kajiado,KAJIADO NORTH,NASARU PRI
Kajiado,KAJIADO NORTH,NASERIAN
Kajiado,KAJIADO NORTH,NGONG TOWNSHIP
Kajiado,KAJIADO NORTH,NKAIMURUNYA
Kajiado,KAJIADO NORTH,OLASITI PRI
Kajiado,KAJIADO NORTH,OLDONYIO ONYOKIE
Kajiado,KAJIADO NORTH,OLDORKO
Kajiado,KAJIADO NORTH,OLDORKO MOSIRO
Kajiado,KAJIADO NORTH,OLEKASASI
Kajiado,KAJIADO NORTH,OLEKIMUNKE
Kajiado,KAJIADO NORTH,OLENTOKO
Kajiado,KAJIADO NORTH,OLEPOLOS
Kajiado,KAJIADO NORTH,OLGUMI
Kajiado,KAJIADO NORTH,OLGUMI PRIMARY SCHOOL
Kajiado,KAJIADO NORTH,OLKERI
Kajiado,KAJIADO NORTH,OLKERI PRIMARY SCHOOL
Kajiado,KAJIADO NORTH,OLKIRAMATIAN
Kajiado,KAJIADO NORTH,OLMAROROI
Kajiado,KAJIADO NORTH,olmeroi pri
Kajiado,KAJIADO NORTH,OLODUNGORO
Kajiado,KAJIADO NORTH,OLOIBORTOTO
Kajiado,KAJIADO NORTH,OLOIKA
Kajiado,KAJIADO NORTH,OLOIRIEN
Kajiado,KAJIADO NORTH,Olokeri Pri
Kajiado,KAJIADO NORTH,OLOKIROINGAI
Kajiado,KAJIADO NORTH,OLOLOITIKOSHI PRI
Kajiado,KAJIADO NORTH,OLOOLUA
Kajiado,KAJIADO NORTH,OLOONKURMAN
Kajiado,KAJIADO NORTH,OLOOSEOS
Kajiado,KAJIADO NORTH,OLOOSERIAN
Kajiado,KAJIADO NORTH,OLOROPIL
Kajiado,KAJIADO NORTH,OLOSHOIBOR
Kajiado,KAJIADO NORTH,OLTEPESI
Kajiado,KAJIADO NORTH,OLTEYIANI
Kajiado,KAJIADO NORTH,ONGATA RONGAI
Kajiado,KAJIADO NORTH,OSUPUKO
Kajiado,KAJIADO NORTH,SAIKERI
Kajiado,KAJIADO NORTH,SAIRASHIE
Kajiado,KAJIADO NORTH,SHOMPOLE
Kajiado,KAJIADO NORTH,UPPER MATASIA
Kajiado,KAJIADO WEST,EITI KISAMES
Kajiado,KAJIADO WEST,Elangata Olomayiat
Kajiado,KAJIADO WEST,ELANGATAWUAS PRY
Kajiado,KAJIADO WEST,EMUKUTAN PRY
Kajiado,KAJIADO WEST,EMURKEYA PRY
Kajiado,KAJIADO WEST,ENARAU
Kajiado,KAJIADO WEST,ENCHORO-ENSETEU
Kajiado,KAJIADO WEST,ENCHORRO E SENTEU
Kajiado,KAJIADO WEST,ENKUSERO- SAMPU PRI
Kajiado,KAJIADO WEST,ENTASHATA PRY
Kajiado,KAJIADO WEST,EWAUSO ONKIDONGI PRY
Kajiado,KAJIADO WEST,IDEPEN PRY
Kajiado,KAJIADO WEST,ILOSHON PRY
Kajiado,KAJIADO WEST,INAUDOT PRY
Kajiado,KAJIADO WEST,INDUPA PRY
Kajiado,KAJIADO WEST,INKOKIROINGA PR
Kajiado,KAJIADO WEST,INYONYORI
Kajiado,KAJIADO WEST,KILKURIA PRY
Kajiado,KAJIADO WEST,KILONITO PRY
Kajiado,KAJIADO WEST,KIRKURIA
Kajiado,KAJIADO WEST,KMQ PRY
Kajiado,KAJIADO WEST,LOSINYAI PRY
Kajiado,KAJIADO WEST,MAGADI PRY SCHOOL
Kajiado,KAJIADO WEST,MPIRRISHI KISAMES
Kajiado,KAJIADO WEST,NAJILE
Kajiado,KAJIADO WEST,NANINGOI GIRLS BOARDING
Kajiado,KAJIADO WEST,NARETOI PRY
Kajiado,KAJIADO WEST,OLCHORO-ONYORI
Kajiado,KAJIADO WEST,OLDEPE
Kajiado,KAJIADO WEST,OLDORKO-MAGADI
Kajiado,KAJIADO WEST,OLKUDATE PRY
Kajiado,KAJIADO WEST,OLMAROROI PRY
Kajiado,KAJIADO WEST,OLNGARUA PRY
Kajiado,KAJIADO WEST,OLOIKUM NASIRA PRI
Kajiado,KAJIADO WEST,OLOIRIEN PRY
Kajiado,KAJIADO WEST,OLOKERI PRY
Kajiado,KAJIADO WEST,OLOMAYIANA WEST
Kajiado,KAJIADO WEST,OLOOLOITIKOSHI PRY
Kajiado,KAJIADO WEST,OLOONKURMAN PRY
Kajiado,KAJIADO WEST,OLOOSURUTIA
Kajiado,KAJIADO WEST,OLOYIANKALANI
Kajiado,KAJIADO WEST,OLSHO-OIBOR PRY
Kajiado,KAJIADO WEST,OLTANKI
Kajiado,KAJIADO WEST,OLTANKI PRY
Kajiado,KAJIADO WEST,OSUPUKO PRY
Kajiado,KAJIADO WEST,SAIRASHIE PRY
Kajiado,KAJIADO WEST,SIGIRAINE PRY
Kajiado,KAJIADO WEST,"ST,AUGUSTINE ORPRIKATA"
Kajiado,KAJIADO WEST,TOROSEI PRY
Kajiado,LOITOKITOK,AIC LOITOKITOK
Kajiado,LOITOKITOK,AMBOSELI
Kajiado,LOITOKITOK,BELGROVE LEMONGO
Kajiado,LOITOKITOK,CHIEF OLE MUTURY
Kajiado,LOITOKITOK,DEB LOITOKITOK
Kajiado,LOITOKITOK,ELANGATA ENKIMA
Kajiado,LOITOKITOK,ELERAI
Kajiado,LOITOKITOK,ELUAI NALEPO
Kajiado,LOITOKITOK,ELUAI NALEPO
Kajiado,LOITOKITOK,Eluai nalepo
Kajiado,LOITOKITOK,ELUAI NALEPO
Kajiado,LOITOKITOK,EMUKUTAN
Kajiado,LOITOKITOK,ENCHORRO ENKAI
Kajiado,LOITOKITOK,ENCHURRAI
Kajiado,LOITOKITOK,ENKAJI NAIBOR
Kajiado,LOITOKITOK,ENKII
Kajiado,LOITOKITOK,ENKIJAPE
Kajiado,LOITOKITOK,Enkolili
Kajiado,LOITOKITOK,ENKOLILI
Kajiado,LOITOKITOK,ENKOLILI
Kajiado,LOITOKITOK,ENKOLILI
Kajiado,LOITOKITOK,ENKONG’U
Kajiado,LOITOKITOK,ENKONGU NAROK
Kajiado,LOITOKITOK,ENKUSERO
Kajiado,LOITOKITOK,ENTARARA
Kajiado,LOITOKITOK,ENTONET
Kajiado,LOITOKITOK,ESITETI
Kajiado,LOITOKITOK,ESOSIAN
Kajiado,LOITOKITOK,ESUKUTA
Kajiado,LOITOKITOK,ESUKUTA
Kajiado,LOITOKITOK,ESUKUTA
Kajiado,LOITOKITOK,ILCHALAI
Kajiado,LOITOKITOK,ILLASIT
Kajiado,LOITOKITOK,ILOIRERO
Kajiado,LOITOKITOK,ILTILAL
Kajiado,LOITOKITOK,ILTULETA
Kajiado,LOITOKITOK,IMISIGIYIO
Kajiado,LOITOKITOK,IMPIRON SHAPASHINA
Kajiado,LOITOKITOK,IMURTOT
Kajiado,LOITOKITOK,INKARIAK RONKENA
Kajiado,LOITOKITOK,INKISANJANI
Kajiado,LOITOKITOK,INKOISUK
Kajiado,LOITOKITOK,ISINET
Kajiado,LOITOKITOK,KALESIRUA
Kajiado,LOITOKITOK,KIBO
Kajiado,LOITOKITOK,KIKELELWA
Kajiado,LOITOKITOK,KIMANA
Kajiado,LOITOKITOK,KUKU
Kajiado,LOITOKITOK,LEINKATI
Kajiado,LOITOKITOK,LEMASUSU
Kajiado,LOITOKITOK,LEMONGO
Kajiado,LOITOKITOK,LENKISEM
Kajiado,LOITOKITOK,LOOLAKIR
Kajiado,LOITOKITOK,LOORMEUT
Kajiado,LOITOKITOK,LOOSOITOK
Kajiado,LOITOKITOK,MAISUYATI
Kajiado,LOITOKITOK,MARLAL
Kajiado,LOITOKITOK,MATEPES
Kajiado,LOITOKITOK,MESHANANI
Kajiado,LOITOKITOK,MOILO
Kajiado,LOITOKITOK,MUNYURRA
Kajiado,LOITOKITOK,NAMELOK
Kajiado,LOITOKITOK,NAORR ENKARE
Kajiado,LOITOKITOK,NASIPA
Kajiado,LOITOKITOK,NG’ASAKINO
Kajiado,LOITOKITOK,NG’ASAKINO
Kajiado,LOITOKITOK,NG’ASAKINO
Kajiado,LOITOKITOK,Ng’asakinoi
Kajiado,LOITOKITOK,NKAMA
Kajiado,LOITOKITOK,NOLASITI
Kajiado,LOITOKITOK,OLANTI
Kajiado,LOITOKITOK,OLBILI
Kajiado,LOITOKITOK,OLCHORRO
Kajiado,LOITOKITOK,OLDOINYO OIBOR
Kajiado,LOITOKITOK,OLGIRA
Kajiado,LOITOKITOK,OLGULULUI
Kajiado,LOITOKITOK,OLGURMAEK
Kajiado,LOITOKITOK,OLGURMAEK
Kajiado,LOITOKITOK,OLGURMAEK
Kajiado,LOITOKITOK,OLKARIA
Kajiado,LOITOKITOK,OLKILORITI
Kajiado,LOITOKITOK,OLMAPINU PRIMARY SCHOOL
Kajiado,LOITOKITOK,OLMAROROI
Kajiado,LOITOKITOK,OLMOTI
Kajiado,LOITOKITOK,OLOIBOR SOIT
Kajiado,LOITOKITOK,OLOILALEI
Kajiado,LOITOKITOK,OLOILE
Kajiado,LOITOKITOK,PARANAI
Kajiado,LOITOKITOK,RISA
Kajiado,LOITOKITOK,ROMBO BOYS MIXED
Kajiado,LOITOKITOK,ROMBO GIRL
Kajiado,LOITOKITOK,SAMAI
Kajiado,LOITOKITOK,SENATE HIGH
Kajiado,LOITOKITOK,SHILISHILI
Kajiado,LOITOKITOK,SHOKUT
Kajiado,LOITOKITOK,SHURIE
Kajiado,LOITOKITOK,SOMPET
Kajiado,MASHUURU,ARROI
Kajiado,MASHUURU,ELANGATA NANYOKIE
Kajiado,MASHUURU,EMARORO
Kajiado,MASHUURU,EMASHINI
Kajiado,MASHUURU,ENDKIR
Kajiado,MASHUURU,ENDOINYIO ENKER
Kajiado,MASHUURU,ENDOINYIO WUAS
Kajiado,MASHUURU,ENKUTOTO
Kajiado,MASHUURU,ENOORETET
Kajiado,MASHUURU,ENTARETOI
Kajiado,MASHUURU,ENTARETOI
Kajiado,MASHUURU,ENYUATA OLPARAKUO
Kajiado,MASHUURU,ESARUNOTO
Kajiado,MASHUURU,ESELENKEI
Kajiado,MASHUURU,ESOIT SAMPU
Kajiado,MASHUURU,EWANGAN
Kajiado,MASHUURU,EWANGAN EMAA
Kajiado,MASHUURU,F. P. F. K. LESOIT
Kajiado,MASHUURU,GUADALUPE OLTEPESI
Kajiado,MASHUURU,ILAIMIRROR
Kajiado,MASHUURU,ILKELUNYETI
Kajiado,MASHUURU,ILKIDEMY
Kajiado,MASHUURU,ILKIMUNYAK
Kajiado,MASHUURU,ILKISHUMU
Kajiado,MASHUURU,ILKIUSHIN
Kajiado,MASHUURU,ILMAMEN
Kajiado,MASHUURU,ILMAO
Kajiado,MASHUURU,ILMEJOOLE
Kajiado,MASHUURU,ILMUKUTANi
Kajiado,MASHUURU,ILMUNKUSH A I C
Kajiado,MASHUURU,IMBUKO
Kajiado,MASHUURU,ISARA
Kajiado,MASHUURU,KALEMBWANI
Kajiado,MASHUURU,KIBINI EAPC PRIMARY SCHOOL
Kajiado,MASHUURU,KILOH
Kajiado,MASHUURU,KUNCHU
Kajiado,MASHUURU,LESONKOYO
Kajiado,MASHUURU,M.C.K. NEMBUYA
Kajiado,MASHUURU,MALILIMA
Kajiado,MASHUURU,MASHUURU
Kajiado,MASHUURU,MCK ELERAI
Kajiado,MASHUURU,MCK KIBOKO
Kajiado,MASHUURU,MEGUMI OSILALEI
Kajiado,MASHUURU,MERRUESHI
Kajiado,MASHUURU,NAILUMPE
Kajiado,MASHUURU,NAIRATAAT
Kajiado,MASHUURU,NEMASI
Kajiado,MASHUURU,NGATU
Kajiado,MASHUURU,NKUSSO
Kajiado,MASHUURU,NOOMPALA
Kajiado,MASHUURU,NOONGABOLO
Kajiado,MASHUURU,NOOSIDAN
Kajiado,MASHUURU,OLDARPOI PRIMARY BOARDING
Kajiado,MASHUURU,OLDONYIO LENKAI
Kajiado,MASHUURU,OLDONYIO SAMPU
Kajiado,MASHUURU,OLDUPAI
Kajiado,MASHUURU,OLKATETEMAI
Kajiado,MASHUURU,OLMELELEKI
Kajiado,MASHUURU,OLOIBOR AJIJIK
Kajiado,MASHUURU,OLOIKARRA
Kajiado,MASHUURU,OLOITIKO
Kajiado,MASHUURU,OLOMAYIANA
Kajiado,MASHUURU,OLOOLNGOSUANI
Kajiado,MASHUURU,OLOONTULUGUM
Kajiado,MASHUURU,OLOSINYA CHYULU
Kajiado,MASHUURU,OLPERRE LONG’O
Kajiado,MASHUURU,OLTINKA
Kajiado,MASHUURU,OLTUKAI
Kajiado,MASHUURU,OSARAI
Kajiado,MASHUURU,P.C.E.A NASERIAN
Kajiado,MASHUURU,PARANAE ENYORRATA
Kajiado,MASHUURU,PARSINTI
Kajiado,MASHUURU,SAMULI
Kajiado,MASHUURU,SANARE
Kajiado,MASHUURU,SIMBA
Kajiado,MASHUURU,SULTAN HAMUD
Kajiado,MASHUURU,SUNDE
County,Sub County,School Name
Kakamega,BUTERE,BUCHENYA
Kakamega,BUTERE,BUKOLWE
Kakamega,BUTERE,BUKURA
Kakamega,BUTERE,BULANDA AC
Kakamega,BUTERE,BULANDA RC
Kakamega,BUTERE,BULULWE
Kakamega,BUTERE,BUMAMU
Kakamega,BUTERE,BUTERE
Kakamega,BUTERE,BUTERE MENTAL
Kakamega,BUTERE,EBUBALA
Kakamega,BUTERE,EBUBOKO
Kakamega,BUTERE,EBUKHORORO
Kakamega,BUTERE,EBUKUTI
Kakamega,BUTERE,EBULAFU
Kakamega,BUTERE,EBUTAYI
Kakamega,BUTERE,EBUTSETSE
Kakamega,BUTERE,EBUTUNYI
Kakamega,BUTERE,EKENDERO
Kakamega,BUTERE,ELUKOKHO
Kakamega,BUTERE,EMARENYO
Kakamega,BUTERE,EMASHERE
Kakamega,BUTERE,EMATAWA
Kakamega,BUTERE,EMATENDE
Kakamega,BUTERE,EMATSAKHA
Kakamega,BUTERE,EMAUKO
Kakamega,BUTERE,EMUKANGU
Kakamega,BUTERE,EMUNUKU
Kakamega,BUTERE,EMUSUNGURI
Kakamega,BUTERE,EMUTONDO
Kakamega,BUTERE,EMUTONDO
Kakamega,BUTERE,ESHIANINI
Kakamega,BUTERE,ESHIBIMBI
Kakamega,BUTERE,ESHIKANGU
Kakamega,BUTERE,ESHIKHOLOBE
Kakamega,BUTERE,ESHIKOMERE
Kakamega,BUTERE,ESHILUNYIRE
Kakamega,BUTERE,ESHIREMBE
Kakamega,BUTERE,ESHIRUMBA
Kakamega,BUTERE,ESHISHEBU
Kakamega,BUTERE,ESHISISIA
Kakamega,BUTERE,ESHITARI
Kakamega,BUTERE,ESHITSAKHA
Kakamega,BUTERE,ESHIYANZA
Kakamega,BUTERE,ESHIYANZA SECONDARY SCHOOL
Kakamega,BUTERE,ETATIRA
Kakamega,BUTERE,IBOKOLO
Kakamega,BUTERE,IKOKWA
Kakamega,BUTERE,IMANGA
Kakamega,BUTERE,IMANYIKA PRI. SCH
Kakamega,BUTERE,INAYA
Kakamega,BUTERE,ITUTI
Kakamega,BUTERE,LUNZA
Kakamega,BUTERE,MABOLE
Kakamega,BUTERE,MANYULIA
Kakamega,BUTERE,MATIBIRA
Kakamega,BUTERE,MULUWA
Kakamega,BUTERE,MUTOMA
Kakamega,BUTERE,MUYUNDI
Kakamega,BUTERE,MWILALA
Kakamega,BUTERE,SHIANDA
Kakamega,BUTERE,SHIATSALA
Kakamega,BUTERE,SHIBANGA
Kakamega,BUTERE,SHIBEMBE
Kakamega,BUTERE,SHIKULU
Kakamega,BUTERE,SHIKUNGA
Kakamega,BUTERE,SHINAMWENYULI
Kakamega,BUTERE,SHIRAHA
Kakamega,BUTERE,SHITSITSWI
Kakamega,BUTERE,SHIYIRO
Kakamega,KAKAMEGA CENTRAL,ALBERTOS DIVINE PROVIDENCE
Kakamega,KAKAMEGA CENTRAL,AMALEMBA
Kakamega,KAKAMEGA CENTRAL,BONDENI
Kakamega,KAKAMEGA CENTRAL,BUKHULUNYA
Kakamega,KAKAMEGA CENTRAL,CHIEF MUTSEMBI
Kakamega,KAKAMEGA CENTRAL,DAISY SPECIAL SCHOOL F.P.H.C&V.T
Kakamega,KAKAMEGA CENTRAL,EBUCHINGA
Kakamega,KAKAMEGA CENTRAL,EBUCHIRA
Kakamega,KAKAMEGA CENTRAL,EBUNG’AYA
Kakamega,KAKAMEGA CENTRAL,EBWAMBWA
Kakamega,KAKAMEGA CENTRAL,EKAPWONJE
Kakamega,KAKAMEGA CENTRAL,ELUFAFWA COMMUNITY
Kakamega,KAKAMEGA CENTRAL,ELUKHO
Kakamega,KAKAMEGA CENTRAL,EMAHUNGU
Kakamega,KAKAMEGA CENTRAL,EMASERA
Kakamega,KAKAMEGA CENTRAL,EMASERA COMMUNITY
Kakamega,KAKAMEGA CENTRAL,EMATETIE PRIMARY
Kakamega,KAKAMEGA CENTRAL,EMATSAYI COMMUNITY
Kakamega,KAKAMEGA CENTRAL,EMMACHEMBE
Kakamega,KAKAMEGA CENTRAL,EMUKABA
Kakamega,KAKAMEGA CENTRAL,EMUKANGU
Kakamega,KAKAMEGA CENTRAL,EMULELE
Kakamega,KAKAMEGA CENTRAL,EMULUNDU
Kakamega,KAKAMEGA CENTRAL,EMURUMBA
Kakamega,KAKAMEGA CENTRAL,EMUSALA
Kakamega,KAKAMEGA CENTRAL,ESHIAMBOKA
Kakamega,KAKAMEGA CENTRAL,ESHIANDUKUSI
Kakamega,KAKAMEGA CENTRAL,ESHIBEMBE
Kakamega,KAKAMEGA CENTRAL,ESHIBEYE
Kakamega,KAKAMEGA CENTRAL,ESHIKHUYU
Kakamega,KAKAMEGA CENTRAL,ESHILIBO
Kakamega,KAKAMEGA CENTRAL,ESHISIRU
Kakamega,KAKAMEGA CENTRAL,ESOKONE PRIMARY
Kakamega,KAKAMEGA CENTRAL,HIRUMBI
Kakamega,KAKAMEGA CENTRAL,IBINZO
Kakamega,KAKAMEGA CENTRAL,IKONYERO
Kakamega,KAKAMEGA CENTRAL,INDANGALASIA
Kakamega,KAKAMEGA CENTRAL,KAKAMEGA
Kakamega,KAKAMEGA CENTRAL,KAKAMEGA FOR THE DEAF
Kakamega,KAKAMEGA CENTRAL,KAKAMEGA MUSLIM
Kakamega,KAKAMEGA CENTRAL,KAKAMEGA REHABILITATION
Kakamega,KAKAMEGA CENTRAL,KAKAMEGA TOWNSHIP
Kakamega,KAKAMEGA CENTRAL,KATI
Kakamega,KAKAMEGA CENTRAL,KILIMO DEB
Kakamega,KAKAMEGA CENTRAL,MAHIAKALO
Kakamega,KAKAMEGA CENTRAL,MARABA MUNICIPALITY
Kakamega,KAKAMEGA CENTRAL,MATENDE COG
Kakamega,KAKAMEGA CENTRAL,MATIOLI PRIMARY
Kakamega,KAKAMEGA CENTRAL,MUNGULU
Kakamega,KAKAMEGA CENTRAL,MUSAA
Kakamega,KAKAMEGA CENTRAL,MWIYALA
Kakamega,KAKAMEGA CENTRAL,MWIYENGA PRIMARY
Kakamega,KAKAMEGA CENTRAL,NABONGO
Kakamega,KAKAMEGA CENTRAL,NYAYO TEA ZONE
Kakamega,KAKAMEGA CENTRAL,ROSTERMAN
Kakamega,KAKAMEGA CENTRAL,SHIKOTI GIRLS PRIMARY SCHOOL
Kakamega,KAKAMEGA CENTRAL,SHIKOTI MIXED PRIMARY
Kakamega,KAKAMEGA CENTRAL,SHISANGO
Kakamega,KAKAMEGA CENTRAL,SHISASARI
Kakamega,KAKAMEGA CENTRAL,SIYENGA
Kakamega,KAKAMEGA CENTRAL,ST BASIL LURAMBI
Kakamega,KAKAMEGA CENTRAL,ST JOSEPH’S ESHIRUMBA
Kakamega,KAKAMEGA CENTRAL,ST LAWRENCE ICHINA
Kakamega,KAKAMEGA CENTRAL,ST PETERS EBUHAYI PRIMARY
Kakamega,KAKAMEGA CENTRAL,ST. GERALD SHITAHO
Kakamega,KAKAMEGA CENTRAL,St. Josephs Eshirumba
Kakamega,KAKAMEGA CENTRAL,St. Paul Shivakala pr.
Kakamega,KAKAMEGA EAST,ADC BUHUNYILU
Kakamega,KAKAMEGA EAST,BUKHAYWA
Kakamega,KAKAMEGA EAST,BULOVI
Kakamega,KAKAMEGA EAST,BUSULWA
Kakamega,KAKAMEGA EAST,BUYANGU S.A
Kakamega,KAKAMEGA EAST,CHIROBANI
Kakamega,KAKAMEGA EAST,FRIENDS SCHOO LVIKOSHE
Kakamega,KAKAMEGA EAST,FRIENDS SCHOOL HANDIDI
Kakamega,KAKAMEGA EAST,IBUKABURU
Kakamega,KAKAMEGA EAST,IHONDOLO
Kakamega,KAKAMEGA EAST,IKUYWA
Kakamega,KAKAMEGA EAST,ILEHO
Kakamega,KAKAMEGA EAST,ILORO
Kakamega,KAKAMEGA EAST,INGOLOMOSIO
Kakamega,KAKAMEGA EAST,INJIRA
Kakamega,KAKAMEGA EAST,IRENJI
Kakamega,KAKAMEGA EAST,IROBO
Kakamega,KAKAMEGA EAST,ISECHENO
Kakamega,KAKAMEGA EAST,ITENYI
Kakamega,KAKAMEGA EAST,IVAKALE
Kakamega,KAKAMEGA EAST,IVONO
Kakamega,KAKAMEGA EAST,IVUYI
Kakamega,KAKAMEGA EAST,IYENGA
Kakamega,KAKAMEGA EAST,KHAYEGA DEB
Kakamega,KAKAMEGA EAST,KISAINA
Kakamega,KAKAMEGA EAST,KWIRENYI S A
Kakamega,KAKAMEGA EAST,LIKHOVERO
Kakamega,KAKAMEGA EAST,LIRHANDA GIRLS
Kakamega,KAKAMEGA EAST,LIRHANDA MIXED
Kakamega,KAKAMEGA EAST,LUBAO
Kakamega,KAKAMEGA EAST,LUGALA
Kakamega,KAKAMEGA EAST,LUGANGO
Kakamega,KAKAMEGA EAST,LUGOSE
Kakamega,KAKAMEGA EAST,LUKUSI
Kakamega,KAKAMEGA EAST,LUNYU
Kakamega,KAKAMEGA EAST,LUVINI
Kakamega,KAKAMEGA EAST,LWANDA EAST
Kakamega,KAKAMEGA EAST,MADALA
Kakamega,KAKAMEGA EAST,MADIOLI
Kakamega,KAKAMEGA EAST,MAGAKHA PAG
Kakamega,KAKAMEGA EAST,MAGALE
Kakamega,KAKAMEGA EAST,MALUNA
Kakamega,KAKAMEGA EAST,MASHINDU
Kakamega,KAKAMEGA EAST,MUGOMARI
Kakamega,KAKAMEGA EAST,MUKANGO
Kakamega,KAKAMEGA EAST,MUKHONJE
Kakamega,KAKAMEGA EAST,MUKHONJE ILEHO
Kakamega,KAKAMEGA EAST,MUKHUYU PEFA
Kakamega,KAKAMEGA EAST,MUKULUSU
Kakamega,KAKAMEGA EAST,MUKUMU GIRLS
Kakamega,KAKAMEGA EAST,MULECHE
Kakamega,KAKAMEGA EAST,MUNASIO
Kakamega,KAKAMEGA EAST,MUNDULU
Kakamega,KAKAMEGA EAST,MUNYANDA
Kakamega,KAKAMEGA EAST,MURAKA
Kakamega,KAKAMEGA EAST,MURHANDA FAM
Kakamega,KAKAMEGA EAST,MUSANYI
Kakamega,KAKAMEGA EAST,MUSENO
Kakamega,KAKAMEGA EAST,MUSINGU
Kakamega,KAKAMEGA EAST,MWILITSA
Kakamega,KAKAMEGA EAST,NAVANGALA
Kakamega,KAKAMEGA EAST,SENYENDE
Kakamega,KAKAMEGA EAST,SHABWALI
Kakamega,KAKAMEGA EAST,SHAGUNGU
Kakamega,KAKAMEGA EAST,SHAMILOLI
Kakamega,KAKAMEGA EAST,SHANDA
Kakamega,KAKAMEGA EAST,SHANDEREMA
Kakamega,KAKAMEGA EAST,SHANJERO
Kakamega,KAKAMEGA EAST,SHANYINYA
Kakamega,KAKAMEGA EAST,SHIBUYE GIRLS
Kakamega,KAKAMEGA EAST,SHIDODO
Kakamega,KAKAMEGA EAST,SHIHIMBA PR
Kakamega,KAKAMEGA EAST,SHIHULI
Kakamega,KAKAMEGA EAST,SHIKALAKALA
Kakamega,KAKAMEGA EAST,SHIKULU
Kakamega,KAKAMEGA EAST,SHIKUSA B.I.
Kakamega,KAKAMEGA EAST,SHIKUSA G.K.
Kakamega,KAKAMEGA EAST,SHILALYO
Kakamega,KAKAMEGA EAST,SHILONGO
Kakamega,KAKAMEGA EAST,SHINA
Kakamega,KAKAMEGA EAST,SHITOCHI
Kakamega,KAKAMEGA EAST,SHITSAVA
Kakamega,KAKAMEGA EAST,SHIVAKALA NEW
Kakamega,KAKAMEGA EAST,SINGILA
Kakamega,KAKAMEGA EAST,SOLYO
Kakamega,KAKAMEGA EAST,ST ANNE IKUYWA SEC
Kakamega,KAKAMEGA EAST,ST. AUGUSTINE MUKUMU BOYS’ PRIMARY
Kakamega,KAKAMEGA EAST,ST. KIZITO BUKUSI PRIMARY SCHOOL
Kakamega,KAKAMEGA EAST,ST. PAULS SHIBUYE
Kakamega,KAKAMEGA EAST,ST. PETERS SHIRULU
Kakamega,KAKAMEGA EAST,ST. PHILIPS MUKOMARI
Kakamega,KAKAMEGA EAST,VIKUTSA
Kakamega,KAKAMEGA EAST,WANZALALA
Kakamega,KAKAMEGA NORTH,6KLUXOR 3ULPDU\ 6FKRRO
Kakamega,KAKAMEGA NORTH,ACL SHIKOKHWE
Kakamega,KAKAMEGA NORTH,BISUNU
Kakamega,KAKAMEGA NORTH,BUKHAKUNGA
Kakamega,KAKAMEGA NORTH,BULUPI
Kakamega,KAKAMEGA NORTH,BUNUKU PRIMARY
Kakamega,KAKAMEGA NORTH,BURUNDU primary
Kakamega,KAKAMEGA NORTH,BWANGA PRIMARY
Kakamega,KAKAMEGA NORTH,CHEGULO
Kakamega,KAKAMEGA NORTH,CHEPTULI
Kakamega,KAKAMEGA NORTH,CHESERO
Kakamega,KAKAMEGA NORTH,CHEVOSO
Kakamega,KAKAMEGA NORTH,CHILIVA
Kakamega,KAKAMEGA NORTH,CHIMORONI
Kakamega,KAKAMEGA NORTH,CHIVELI
Kakamega,KAKAMEGA NORTH,CHOMBELI
Kakamega,KAKAMEGA NORTH,EMUSALI ‘K’
Kakamega,KAKAMEGA NORTH,FRIENDS LUGUSI
Kakamega,KAKAMEGA NORTH,FRIENDS LUKALA ‘K’
Kakamega,KAKAMEGA NORTH,FRIENDS SCHOOL MUTING’ONG’O
Kakamega,KAKAMEGA NORTH,FUVALE
Kakamega,KAKAMEGA NORTH,GLORY LIGHT ACADEMY=
Kakamega,KAKAMEGA NORTH,HAMUTUA
Kakamega,KAKAMEGA NORTH,IFWETERE
Kakamega,KAKAMEGA NORTH,IKOLI
Kakamega,KAKAMEGA NORTH,IMBIAKALO
Kakamega,KAKAMEGA NORTH,INGAVIRA
Kakamega,KAKAMEGA NORTH,INGWE
Kakamega,KAKAMEGA NORTH,ISANJIRO
Kakamega,KAKAMEGA NORTH,KAKOYI
Kakamega,KAKAMEGA NORTH,KAKUNGA
Kakamega,KAKAMEGA NORTH,KALENDA
Kakamega,KAKAMEGA NORTH,KAMUCHISU
Kakamega,KAKAMEGA NORTH,KIMANGETI
Kakamega,KAKAMEGA NORTH,KUVASALI
Kakamega,KAKAMEGA NORTH,LUKHOKHO’K’
Kakamega,KAKAMEGA NORTH,LUKOVA ‘K’
Kakamega,KAKAMEGA NORTH,LUKUME
Kakamega,KAKAMEGA NORTH,LUNYINYA
Kakamega,KAKAMEGA NORTH,LURALE
Kakamega,KAKAMEGA NORTH,LUSUMU ‘K’
Kakamega,KAKAMEGA NORTH,LUTALI
Kakamega,KAKAMEGA NORTH,LUYESHE
Kakamega,KAKAMEGA NORTH,LWANDA ‘K’
Kakamega,KAKAMEGA NORTH,MACHE
Kakamega,KAKAMEGA NORTH,MACHEMO
Kakamega,KAKAMEGA NORTH,MAHIRA
Kakamega,KAKAMEGA NORTH,MAHUSI
Kakamega,KAKAMEGA NORTH,MAKALE
Kakamega,KAKAMEGA NORTH,MAKHWABUYE
Kakamega,KAKAMEGA NORTH,MAKUCHE
Kakamega,KAKAMEGA NORTH,MALAVA
Kakamega,KAKAMEGA NORTH,MALICHI
Kakamega,KAKAMEGA NORTH,MALIMALI
Kakamega,KAKAMEGA NORTH,MANDA K
Kakamega,KAKAMEGA NORTH,MANDA SECONDARY SCHOOL
Kakamega,KAKAMEGA NORTH,MANDA SECONDARY SCHOOL
Kakamega,KAKAMEGA NORTH,MANDA SECONDARY SCHOOL
Kakamega,KAKAMEGA NORTH,MANG’ULIRO
Kakamega,KAKAMEGA NORTH,MANYONJE
Kakamega,KAKAMEGA NORTH,MATENDE ‘K’
Kakamega,KAKAMEGA NORTH,MATETE
Kakamega,KAKAMEGA NORTH,MATIOLI
Kakamega,KAKAMEGA NORTH,MATSAKHA
Kakamega,KAKAMEGA NORTH,MAVUSI
Kakamega,KAKAMEGA NORTH,MAYUGE PRI
Kakamega,KAKAMEGA NORTH,MISIMO PRIMARY
Kakamega,KAKAMEGA NORTH,MISIMO PRIMARY
Kakamega,KAKAMEGA NORTH,MISIMO PRIMARY
Kakamega,KAKAMEGA NORTH,MUCHANJA
Kakamega,KAKAMEGA NORTH,MUGAI
Kakamega,KAKAMEGA NORTH,MUKANGU FRIENDS
Kakamega,KAKAMEGA NORTH,MUKAVAKAVA
Kakamega,KAKAMEGA NORTH,MUKHONJE ‘K’
Kakamega,KAKAMEGA NORTH,MUKHUYU
Kakamega,KAKAMEGA NORTH,MUKOKO BAPTIST
Kakamega,KAKAMEGA NORTH,MUKONGOLO
Kakamega,KAKAMEGA NORTH,MUNANGA
Kakamega,KAKAMEGA NORTH,MURIOLA
Kakamega,KAKAMEGA NORTH,MUSIDI
Kakamega,KAKAMEGA NORTH,MUSUNGU
Kakamega,KAKAMEGA NORTH,MUTOTO
Kakamega,KAKAMEGA NORTH,MUTSUMA
Kakamega,KAKAMEGA NORTH,MWIKHUPO
Kakamega,KAKAMEGA NORTH,NAMAGARA
Kakamega,KAKAMEGA NORTH,NAMANJA
Kakamega,KAKAMEGA NORTH,NAMUSHIYA
Kakamega,KAKAMEGA NORTH,NGUVULI
Kakamega,KAKAMEGA NORTH,SAMBULI
Kakamega,KAKAMEGA NORTH,SAMITSI
Kakamega,KAKAMEGA NORTH,SAMITSI SPECIAL BOARDING AND VACATION 28VZ
Kakamega,KAKAMEGA NORTH,SAWAWA
Kakamega,KAKAMEGA NORTH,SHAMBERERE
Kakamega,KAKAMEGA NORTH,SHAMONI
Kakamega,KAKAMEGA NORTH,SHANDA
Kakamega,KAKAMEGA NORTH,SHARAMBATSA
Kakamega,KAKAMEGA NORTH,SHEYWE
Kakamega,KAKAMEGA NORTH,SHIANDICHE
Kakamega,KAKAMEGA NORTH,SHIHOME
Kakamega,KAKAMEGA NORTH,SHILONGO
Kakamega,KAKAMEGA NORTH,SHIRUGU
Kakamega,KAKAMEGA NORTH,SHIRULO PRIMARY SCHOOL
Kakamega,KAKAMEGA NORTH,SHIRULO PRIMARY SCHOOL
Kakamega,KAKAMEGA NORTH,SHIRULO PRIMARY SCHOOL
Kakamega,KAKAMEGA NORTH,SHITIRIRA DAY AND BOARDING
Kakamega,KAKAMEGA NORTH,SHIVANGA ‘K’
Kakamega,KAKAMEGA NORTH,SHIVIKHWA
Kakamega,KAKAMEGA NORTH,SILUNGAI
Kakamega,KAKAMEGA NORTH,ST ELIZABETH SHIPALA
Kakamega,KAKAMEGA NORTH,ST JOSEPHS LUNYU ‘K’
Kakamega,KAKAMEGA NORTH,ST JOSEPH’S NAMATALA
Kakamega,KAKAMEGA NORTH,ST. AUGUSTINE INDULUSIA
Kakamega,KAKAMEGA NORTH,ST. GERALD MUKHUNGULA
Kakamega,KAKAMEGA NORTH,ST. MARTIN PR.
Kakamega,KAKAMEGA NORTH,TANDE
Kakamega,KAKAMEGA NORTH,TERESIA
Kakamega,KAKAMEGA NORTH,TUMBENI
Kakamega,KAKAMEGA NORTH,VASHELE
Kakamega,KAKAMEGA NORTH,WAVOKA PR. SCH.
Kakamega,KAKAMEGA SOUTH,BUGUTE
Kakamega,KAKAMEGA SOUTH,BURENDWA
Kakamega,KAKAMEGA SOUTH,BUSHIANGALA
Kakamega,KAKAMEGA SOUTH,BUSILWA
Kakamega,KAKAMEGA SOUTH,BUSILWA SPECIAL
Kakamega,KAKAMEGA SOUTH,EMULEMBO
Kakamega,KAKAMEGA SOUTH,EREGI GIRLS
Kakamega,KAKAMEGA SOUTH,EREGI MIXED
Kakamega,KAKAMEGA SOUTH,EREGI SPECIAL FOR THE DEAF (HEARING
Kakamega,KAKAMEGA SOUTH,IBUKA
Kakamega,KAKAMEGA SOUTH,IBWALI
Kakamega,KAKAMEGA SOUTH,ICHINA
Kakamega,KAKAMEGA SOUTH,IGUHU
Kakamega,KAKAMEGA SOUTH,IGUYIO
Kakamega,KAKAMEGA SOUTH,IKHULILI
Kakamega,KAKAMEGA SOUTH,ILUYA
Kakamega,KAKAMEGA SOUTH,IMALABA
Kakamega,KAKAMEGA SOUTH,IMBALE
Kakamega,KAKAMEGA SOUTH,IMULAMA
Kakamega,KAKAMEGA SOUTH,IMULIRU
Kakamega,KAKAMEGA SOUTH,IMUSALI
Kakamega,KAKAMEGA SOUTH,IRECHELO
Kakamega,KAKAMEGA SOUTH,IREMELE
Kakamega,KAKAMEGA SOUTH,ISHIANJI
Kakamega,KAKAMEGA SOUTH,ISHIEYWE
Kakamega,KAKAMEGA SOUTH,ISULU
Kakamega,KAKAMEGA SOUTH,IVOLE
Kakamega,KAKAMEGA SOUTH,IVONDA
Kakamega,KAKAMEGA SOUTH,KALUNI
Kakamega,KAKAMEGA SOUTH,KASAVAYI
Kakamega,KAKAMEGA SOUTH,KIMINGINI
Kakamega,KAKAMEGA SOUTH,LIRHEMBE
Kakamega,KAKAMEGA SOUTH,LUBAMBO
Kakamega,KAKAMEGA SOUTH,LUSIOLA
Kakamega,KAKAMEGA SOUTH,LUSUI
Kakamega,KAKAMEGA SOUTH,LWANASWA
Kakamega,KAKAMEGA SOUTH,LWENYA
Kakamega,KAKAMEGA SOUTH,MADIVINI
Kakamega,KAKAMEGA SOUTH,MAKHOKHO
Kakamega,KAKAMEGA SOUTH,MAKHOKHO PRIMARY SCHOOL
Kakamega,KAKAMEGA SOUTH,MALINYA
Kakamega,KAKAMEGA SOUTH,MASIYENZE
Kakamega,KAKAMEGA SOUTH,MILIMANI
Kakamega,KAKAMEGA SOUTH,MUKANGU
Kakamega,KAKAMEGA SOUTH,MUKOYANI
Kakamega,KAKAMEGA SOUTH,MUMBETSA
Kakamega,KAKAMEGA SOUTH,MUNYANZA
Kakamega,KAKAMEGA SOUTH,MUSASA
Kakamega,KAKAMEGA SOUTH,MUSOLI GIRLS
Kakamega,KAKAMEGA SOUTH,MUSOLI MIXED
Kakamega,KAKAMEGA SOUTH,MUTAHO
Kakamega,KAKAMEGA SOUTH,MWIKHOMO
Kakamega,KAKAMEGA SOUTH,MWIKHOMO SP FOR H I
Kakamega,KAKAMEGA SOUTH,NALIAVA
Kakamega,KAKAMEGA SOUTH,SABANE
Kakamega,KAKAMEGA SOUTH,SHAMUSINJIRI
Kakamega,KAKAMEGA SOUTH,SHANJETSO
Kakamega,KAKAMEGA SOUTH,SHAVIHIGA
Kakamega,KAKAMEGA SOUTH,SHAVIHIGA SPECIAL
Kakamega,KAKAMEGA SOUTH,SHIBUNAME
Kakamega,KAKAMEGA SOUTH,SHICHINJI
Kakamega,KAKAMEGA SOUTH,SHIHALIA
Kakamega,KAKAMEGA SOUTH,SHIKHOMBELO
Kakamega,KAKAMEGA SOUTH,SHIKOKHO PRIMARY SCHOOL
Kakamega,KAKAMEGA SOUTH,SHIKONDI
Kakamega,KAKAMEGA SOUTH,SHIKUMU
Kakamega,KAKAMEGA SOUTH,SHIMANYIRO
Kakamega,KAKAMEGA SOUTH,SHINYIKHA
Kakamega,KAKAMEGA SOUTH,shinyikha primary
Kakamega,KAKAMEGA SOUTH,SHIRANDALO
Kakamega,KAKAMEGA SOUTH,SHIRUMBA
Kakamega,KAKAMEGA SOUTH,SHISELE
Kakamega,KAKAMEGA SOUTH,SHISENO
Kakamega,KAKAMEGA SOUTH,SHITECHIA
Kakamega,KAKAMEGA SOUTH,SHIVAGALA
Kakamega,KAKAMEGA SOUTH,SHIVEYE
Kakamega,KAKAMEGA SOUTH,ST CHARLES LWANGA ITULUBINI
Kakamega,KAKAMEGA SOUTH,ST.PETERS MATUNDU PRIMARY SCHOOL
Kakamega,KHWISERO,ALPHA
Kakamega,KHWISERO,BBM MULWANDA.
Kakamega,KHWISERO,BRIDGE INTERNATIONAL- KHWISERO.
Kakamega,KHWISERO,DUDI TOWNSHIP
Kakamega,KHWISERO,EBUHONGA
Kakamega,KHWISERO,EBUKANGA
Kakamega,KHWISERO,EBUKUTENGA
Kakamega,KHWISERO,EBUKWALA
Kakamega,KHWISERO,EBULWANI.
Kakamega,KHWISERO,EBUSHIBUNGO
Kakamega,KHWISERO,EBUYONGA
Kakamega,KHWISERO,EKAMBULI
Kakamega,KHWISERO,EKATSOMBERO
Kakamega,KHWISERO,ELUKANJI
Kakamega,KHWISERO,ELUKARI
Kakamega,KHWISERO,ELWANGALE
Kakamega,KHWISERO,EMAKO
Kakamega,KHWISERO,EMAKUCHE
Kakamega,KHWISERO,EMALINDI
Kakamega,KHWISERO,EMATUNDU
Kakamega,KHWISERO,EMULANDA
Kakamega,KHWISERO,EMULOLE PRIMARY SCHOOL
Kakamega,KHWISERO,EMULUNYA
Kakamega,KHWISERO,EMUNGABO
Kakamega,KHWISERO,EMURUBA
Kakamega,KHWISERO,EMUTSASA
Kakamega,KHWISERO,EMWANIRO
Kakamega,KHWISERO,EMWIRU
Kakamega,KHWISERO,ESHIAKHONDO
Kakamega,KHWISERO,ESHIBINGA
Kakamega,KHWISERO,ESHIKHUNGULA
Kakamega,KHWISERO,ESHINUTSA
Kakamega,KHWISERO,ESHIRULI
Kakamega,KHWISERO,ESHITIRI ADC.
Kakamega,KHWISERO,GOOD SHEPHERED ACADEMY.
Kakamega,KHWISERO,HULUWINU
Kakamega,KHWISERO,IKOMERO
Kakamega,KHWISERO,JUNIOR HEARTS ACADEMY
Kakamega,KHWISERO,KHWISERO
Kakamega,KHWISERO,LUANDA ACADEMY.
Kakamega,KHWISERO,LUANDA DOHO
Kakamega,KHWISERO,MILELE ACADEMY.
Kakamega,KHWISERO,MISANGO VIEW PREPARATORY.
Kakamega,KHWISERO,MUKHUNZULU
Kakamega,KHWISERO,MULWANDA
Kakamega,KHWISERO,MUNDAHA
Kakamega,KHWISERO,MUNDEKU
Kakamega,KHWISERO,MUNDOLI
Kakamega,KHWISERO,MUNJECHE
Kakamega,KHWISERO,MUNYANZA
Kakamega,KHWISERO,MUSHICHIBULU
Kakamega,KHWISERO,MUSHIKONGOLO
Kakamega,KHWISERO,MUSHINAAKA
Kakamega,KHWISERO,MUSHINAAKA
Kakamega,KHWISERO,MWIBELENYA
Kakamega,KHWISERO,MWIKALIKHA
Kakamega,KHWISERO,MWIREMBE
Kakamega,KHWISERO,MWIREMBE
Kakamega,KHWISERO,MWISENA PRIMARY
Kakamega,KHWISERO,NAMASOLI PRIMARY SCHOOL
Kakamega,KHWISERO,NEHEMA VISIONARY.
Kakamega,KHWISERO,NEW BRIGHT KID.
Kakamega,KHWISERO,NYAMBOGA
Kakamega,KHWISERO,SHIONGO
Kakamega,KHWISERO,SHIRALI
Kakamega,KHWISERO,SHIROTSA
Kakamega,KHWISERO,ST BENEDICT ESHILONGO
Kakamega,KHWISERO,ST. FRANCIS ENYANYA
Kakamega,KHWISERO,ST. PAULS BUHILI
Kakamega,KHWISERO,WANDOLA MUSHINAAKA
Kakamega,LIKUYANI,BRIGADIER MUSONYE
Kakamega,LIKUYANI,ALIGULA
Kakamega,LIKUYANI,ARCH RAPHAEL ANGEL
Kakamega,LIKUYANI,BINYENYA
Kakamega,LIKUYANI,BONDENI
Kakamega,LIKUYANI,CHANGARAWE
Kakamega,LIKUYANI,CHEPKAKA
Kakamega,LIKUYANI,CHIEF BANDA
Kakamega,LIKUYANI,DR. NGANGA
Kakamega,LIKUYANI,DR. WAKUBE
Kakamega,LIKUYANI,EVERGLADE FOREST
Kakamega,LIKUYANI,GODOWN
Kakamega,LIKUYANI,IVUGWI
Kakamega,LIKUYANI,KAMBI MAPESA
Kakamega,LIKUYANI,KAMBI MAWE
Kakamega,LIKUYANI,KILIMANI
Kakamega,LIKUYANI,KIPSANGUI
Kakamega,LIKUYANI,KISANGULA P.A.G
Kakamega,LIKUYANI,KONA
Kakamega,LIKUYANI,KONGONI
Kakamega,LIKUYANI,KOSOKI
Kakamega,LIKUYANI,KWARE
Kakamega,LIKUYANI,LIKUYANI PRIMARY SCHOOL
Kakamega,LIKUYANI,LUDODO
Kakamega,LIKUYANI,LUGULU
Kakamega,LIKUYANI,LUKUSI
Kakamega,LIKUYANI,LUMINO
Kakamega,LIKUYANI,LURENDE
Kakamega,LIKUYANI,LWANDA M BRIDGE
Kakamega,LIKUYANI,MAKUTANO PRIMARY
Kakamega,LIKUYANI,MANDILLA
Kakamega,LIKUYANI,MAPERA PRIMARY SCHOOL
Kakamega,LIKUYANI,MARY LUSWETI
Kakamega,LIKUYANI,MATISI
Kakamega,LIKUYANI,MATUNDA PRIMARY SCHOOL
Kakamega,LIKUYANI,MAUA
Kakamega,LIKUYANI,MAWENI PRIMARY SCHOOL
Kakamega,LIKUYANI,MAWETATU
Kakamega,LIKUYANI,MBURURU
Kakamega,LIKUYANI,MIREMBE
Kakamega,LIKUYANI,MISHAEL GIMAYO P.A.G
Kakamega,LIKUYANI,MOI TOWNSHIP
Kakamega,LIKUYANI,MOIBRIDGE
Kakamega,LIKUYANI,MTONI
Kakamega,LIKUYANI,MUFUNGU
Kakamega,LIKUYANI,MUKUNGA
Kakamega,LIKUYANI,MURULI
Kakamega,LIKUYANI,MUSEMWA
Kakamega,LIKUYANI,MWIBA
Kakamega,LIKUYANI,NAMUNYIRI
Kakamega,LIKUYANI,NANGILI
Kakamega,LIKUYANI,NASIANDA
Kakamega,LIKUYANI,NGAO
Kakamega,LIKUYANI,PATRICE
Kakamega,LIKUYANI,SANGO
Kakamega,LIKUYANI,SEREGEYA
Kakamega,LIKUYANI,SIKHENDU
Kakamega,LIKUYANI,SIKULU
Kakamega,LIKUYANI,SINOKO
Kakamega,LIKUYANI,SIRENDE BLESSING
Kakamega,LIKUYANI,SIYENGA
Kakamega,LIKUYANI,SOYSAMBU
Kakamega,LIKUYANI,ST AUGUSTINE RIVERSIDE
Kakamega,LIKUYANI,ST CHARLES LWANGA
Kakamega,LIKUYANI,ST DON BOSCO SPECIAL
Kakamega,LIKUYANI,ST FRANCIS MILIMA
Kakamega,LIKUYANI,ST JOSEPH’S NYOROTIS
Kakamega,LIKUYANI,ST MARY’S KISIGAME
Kakamega,LIKUYANI,ST MICHAEL NZOIA
Kakamega,LIKUYANI,ST TERESAS
Kakamega,LIKUYANI,ST VINCENT DEPAUL
Kakamega,LIKUYANI,THE SA LAKE BASIN
Kakamega,LUGARI,ANGAYU
Kakamega,LUGARI,BAHARINI
Kakamega,LUGARI,BAHATI
Kakamega,LUGARI,CHEKALINI
Kakamega,LUGARI,FORESTAL
Kakamega,LUGARI,FRANK
Kakamega,LUGARI,ITUMBU
Kakamega,LUGARI,IVONA EAST
Kakamega,LUGARI,JIRONGO DEB
Kakamega,LUGARI,KILULU
Kakamega,LUGARI,KIWANJA NDEGE
Kakamega,LUGARI,KOROMAITI
Kakamega,LUGARI,LOCHO
Kakamega,LUGARI,LUANDA LUGARI
Kakamega,LUGARI,LUGARI PRIMARY
Kakamega,LUGARI,LUGARI TOWNSHIP
Kakamega,LUGARI,LUMAKANDA DEB
Kakamega,LUGARI,LUMAKANDA TOWNSHIP
Kakamega,LUGARI,LUMAMA
Kakamega,LUGARI,MACHO
Kakamega,LUGARI,MAHEMAS
Kakamega,LUGARI,MAHIGA
Kakamega,LUGARI,MANYONYI
Kakamega,LUGARI,MAPENGO
Kakamega,LUGARI,MARAKUSI
Kakamega,LUGARI,MARULA
Kakamega,LUGARI,MAUTUMA
Kakamega,LUGARI,Maweni Primary
Kakamega,LUGARI,MBAGARA
Kakamega,LUGARI,MBAJO
Kakamega,LUGARI,MBAYA
Kakamega,LUGARI,MLIMANI
Kakamega,LUGARI,MLIMANI SPECIAL FOR THE DEAF
Kakamega,LUGARI,MUFUTU
Kakamega,LUGARI,MUGUMU
Kakamega,LUGARI,MUGUNGA
Kakamega,LUGARI,MUKAVANE
Kakamega,LUGARI,MUKONGE RURAL
Kakamega,LUGARI,MUKUYU
Kakamega,LUGARI,MUKUYU SPECIAL SCHOOL FOR M.H
Kakamega,LUGARI,MULWANDA
Kakamega,LUGARI,MUNYUKI
Kakamega,LUGARI,MURRAM
Kakamega,LUGARI,MUYUGI
Kakamega,LUGARI,MWAMBA
Kakamega,LUGARI,MWIVONA
Kakamega,LUGARI,NABEMO
Kakamega,LUGARI,PAN PAPER PR.
Kakamega,LUGARI,SAVALA
Kakamega,LUGARI,SIPANDE
Kakamega,LUGARI,SIRENDE
Kakamega,LUGARI,ST FRANCIS MAJENGO
Kakamega,LUGARI,ST KIZITO
Kakamega,LUGARI,ST LOUIS SAISI
Kakamega,LUGARI,ST MARYS GIRLS BOARDING
Kakamega,LUGARI,TEKOA
Kakamega,MATETE,CHENJENI
Kakamega,MATETE,CHEPUSAI
Kakamega,MATETE,CHETAMBE
Kakamega,MATETE,CHIMOI
Kakamega,MATETE,KILIBOTI
Kakamega,MATETE,KIVAYWA
Kakamega,MATETE,KULUMBENI
Kakamega,MATETE,KULUMBENI SPECIAL SCHOOL
Kakamega,MATETE,KWAMBU
Kakamega,MATETE,LUKHOKHO
Kakamega,MATETE,LUKOVA
Kakamega,MATETE,LWANDETI D.E.B
Kakamega,MATETE,MABUYE
Kakamega,MATETE,MAHANGA K
Kakamega,MATETE,MAKHUKHUNI
Kakamega,MATETE,MAKHWABUYE
Kakamega,MATETE,MAKINA
Kakamega,MATETE,MAKONGE
Kakamega,MATETE,MARUKUSI PRIMARY SCHOOL
Kakamega,MATETE,MATURE SPECIAL PRIMARY SCHOOL
Kakamega,MATETE,MATURU
Kakamega,MATETE,MAUNGU
Kakamega,MATETE,MAWA
Kakamega,MATETE,MAYOYO MHM
Kakamega,MATETE,MAYOYO SA
Kakamega,MATETE,MUHOMO
Kakamega,MATETE,MUKANGU
Kakamega,MATETE,MUKHALANYA
Kakamega,MATETE,MUTONYI
Kakamega,MATETE,MUTUA
Kakamega,MATETE,NAMARAMBI MUSLIM SCHOOL
Kakamega,MATETE,NAMBALAYI
Kakamega,MATETE,NAMBILIMA
Kakamega,MATETE,NAVALAYO
Kakamega,MATETE,NZOIA
Kakamega,MATETE,PCURD MUSEMWA
Kakamega,MATETE,ST EMMANUEL MASASULI
Kakamega,MATETE,ST MARCELLUS KEWA
Kakamega,MATETE,ST MARYS MUTENYO
Kakamega,MATETE,ST PAULS SHITAVITA
Kakamega,MATETE,St.Michaels Chamavele.
Kakamega,MATETE,VUYIKA
Kakamega,MATUNGU,BUKOSIA
Kakamega,MATUNGU,BULANDA DEB PRI
Kakamega,MATUNGU,BULIMBO
Kakamega,MATUNGU,BULONGA
Kakamega,MATUNGU,BUSOMBI MUSLIM
Kakamega,MATUNGU,CHIBANGA
Kakamega,MATUNGU,EBUBAMBULA
Kakamega,MATUNGU,EBUSAMBE
Kakamega,MATUNGU,EBUTALIKO
Kakamega,MATUNGU,EJINJA
Kakamega,MATUNGU,EMANANI
Kakamega,MATUNGU,EMUBERI
Kakamega,MATUNGU,EMURABE MUSLIM
Kakamega,MATUNGU,ESHIBANZE
Kakamega,MATUNGU,ESHIKHONDI
Kakamega,MATUNGU,ESHIRUMBWE
Kakamega,MATUNGU,Holy Cross Junior school
Kakamega,MATUNGU,IKULUMWOYO
Kakamega,MATUNGU,IMAKALE
Kakamega,MATUNGU,INDANGALASIA M H M
Kakamega,MATUNGU,ITETE
Kakamega,MATUNGU,KADIMA ACK PRMARY SCHOOL
Kakamega,MATUNGU,KANDAYI
Kakamega,MATUNGU,KHABUKOSHE
Kakamega,MATUNGU,KHALABA
Kakamega,MATUNGU,KHOLERA
Kakamega,MATUNGU,KOYONZO
Kakamega,MATUNGU,KOYONZO SPECIAL
Kakamega,MATUNGU,LUBANGA AC
Kakamega,MATUNGU,LUNG’ANYIRO
Kakamega,MATUNGU,MABOLO CCA PRIMARY
Kakamega,MATUNGU,MAKADARA MUSLIM ACADEMY
Kakamega,MATUNGU,MAKOKHWE
Kakamega,MATUNGU,MAKUNDA
Kakamega,MATUNGU,MAKUTANO LEARNING CENTRE
Kakamega,MATUNGU,MALANGA ACK
Kakamega,MATUNGU,MARINDA
Kakamega,MATUNGU,MATUNGU SDA
Kakamega,MATUNGU,MATUNGU SDA SPECIAL
Kakamega,MATUNGU,MAYONI TOWNSHIP
Kakamega,MATUNGU,MIRERE
Kakamega,MATUNGU,MUKHWEYA MUKHWEYA Primary
Kakamega,MATUNGU,MUKUNYUKU
Kakamega,MATUNGU,MUNAMI
Kakamega,MATUNGU,MUNANGA
Kakamega,MATUNGU,MUNGORE
Kakamega,MATUNGU,MUSANGO
Kakamega,MATUNGU,MWIRA
Kakamega,MATUNGU,NAMALASIRE
Kakamega,MATUNGU,NAMALENGE
Kakamega,MATUNGU,NAMALENGE ROMAN CATHOLIC
Kakamega,MATUNGU,NAMAMALI MUSLIM
Kakamega,MATUNGU,NAMAMBA
Kakamega,MATUNGU,NAMANGA
Kakamega,MATUNGU,NAMASANDA
Kakamega,MATUNGU,NAMAYIAKALO PRY
Kakamega,MATUNGU,NAMBEREKEYA
Kakamega,MATUNGU,NAMULUNGU ACK
Kakamega,MATUNGU,NAMULUNGU MUSLIM
Kakamega,MATUNGU,NGAIRWE
Kakamega,MATUNGU,NYAMBULA
Kakamega,MATUNGU,NYAPORA
Kakamega,MATUNGU,NYAPORA ACK
Kakamega,MATUNGU,NYAPWAKA
Kakamega,MATUNGU,SAYANGWE
Kakamega,MATUNGU,SHAWWAL ACADEMY
Kakamega,MATUNGU,SHIYABO
Kakamega,MATUNGU,ST EMMANUEL LUTASIO
Kakamega,MATUNGU,ST JOSEPHS BULENGA SECONDARY
Kakamega,MATUNGU,ST PAULS EJINJA
Kakamega,MATUNGU,ST. AMBROSE SHIKHONESI
Kakamega,MATUNGU,ST. BENEDICT BULOMA
Kakamega,MATUNGU,SUWO
Kakamega,MATUNGU,Victors of Calvary Education Centre
Kakamega,MUMIAS,AHONG’INJO
Kakamega,MUMIAS,BUCHIFI
Kakamega,MUMIAS,BUCHIRINYA
Kakamega,MUMIAS,BUKAYA
Kakamega,MUMIAS,BUMALA
Kakamega,MUMIAS,BUMANYI
Kakamega,MUMIAS,BUMIA
Kakamega,MUMIAS,BUMWENDE
Kakamega,MUMIAS,BUTOBE
Kakamega,MUMIAS,EBUBAKA
Kakamega,MUMIAS,EBUBALA
Kakamega,MUMIAS,EBUBERE
Kakamega,MUMIAS,EBUBOLE
Kakamega,MUMIAS,EBUCHITU
Kakamega,MUMIAS,EBULECHIA PR
Kakamega,MUMIAS,EBUNG’ALE PRI
Kakamega,MUMIAS,EBUYENJERE
Kakamega,MUMIAS,EKAMBARA
Kakamega,MUMIAS,ELWASAMBI
Kakamega,MUMIAS,EMAKHWALE PRIMARY
Kakamega,MUMIAS,EMAUNGU
Kakamega,MUMIAS,EMUBERI PRIMARY SCHOOL
Kakamega,MUMIAS,EMUKHALARI PRIMARY SCHOOL
Kakamega,MUMIAS,EMUKHUWA PRIMARY SCHOOL
Kakamega,MUMIAS,EMULAKA PRIMARY SCHOOL
Kakamega,MUMIAS,EMUTETEMO PRIMARY SCHOOL
Kakamega,MUMIAS,ENYAPORA PRIMARY SCHOOL
Kakamega,MUMIAS,EPANJA PRIMARY SCHOOL
Kakamega,MUMIAS,ESHIAKHULO
Kakamega,MUMIAS,ESHIBINA PRIMARY
Kakamega,MUMIAS,ESHIHAKA PRIMARY SCHOOL
Kakamega,MUMIAS,ESHIKALAME
Kakamega,MUMIAS,ESHIKUFU PRIMARY SCHOOL
Kakamega,MUMIAS,ESHISENYE
Kakamega,MUMIAS,ETENJE PRIMARY SCHOOL
Kakamega,MUMIAS,ICHINGA MUSLIM PRIMARY
Kakamega,MUMIAS,IHONJE PRIMARY SCHOOL
Kakamega,MUMIAS,IKOLI PRIMARY SCHOOL
Kakamega,MUMIAS,INGUSI / ST. MICHAELS INGUSI PRIMARY
Kakamega,MUMIAS,ISANGO PRIMARY SCHOOL
Kakamega,MUMIAS,ISONGO PRIMARY SCHOOL
Kakamega,MUMIAS,IYABO PRIMARY SCHOOL
Kakamega,MUMIAS,KHABAKAYA PRIMARY SCHOOL
Kakamega,MUMIAS,KHABONDI PRIMARY SCHOOL
Kakamega,MUMIAS,KHAIMBA PRIMARY SCHOOL
Kakamega,MUMIAS,KHUNGWANI PRIMARY SCHOOL
Kakamega,MUMIAS,LUBINU PRIMARY SCHOOL
Kakamega,MUMIAS,LUKONGO PRIMARY SCHOOL
Kakamega,MUMIAS,LUREKO PRIMARY SCHOOL
Kakamega,MUMIAS,LUSHEYA
Kakamega,MUMIAS,MAHOLA
Kakamega,MUMIAS,MATAWA
Kakamega,MUMIAS,MILIMANI
Kakamega,MUMIAS,MUMIAS CENTRAL
Kakamega,MUMIAS,MUMIAS DEAF
Kakamega,MUMIAS,MUMIAS DEB
Kakamega,MUMIAS,MUMIAS SUGAR COMP
Kakamega,MUMIAS,MUMIAS TOWNSHIP
Kakamega,MUMIAS,MUNG ANG A
Kakamega,MUMIAS,MUNGABIRA
Kakamega,MUMIAS,MURONI
Kakamega,MUMIAS,MUSANDA
Kakamega,MUMIAS,MUTONO
Kakamega,MUMIAS,MWICHINA
Kakamega,MUMIAS,MWITOTI
Kakamega,MUMIAS,NYAKWAKA MUSLIM.
Kakamega,MUMIAS,NYAPETA
Kakamega,MUMIAS,PETROS
Kakamega,MUMIAS,RISE AND SHINE
Kakamega,MUMIAS,SHANDEREMA
Kakamega,MUMIAS,SHEIKH KHALIFA
Kakamega,MUMIAS,SHIBALE
Kakamega,MUMIAS,SHIBINGA ‘W’
Kakamega,MUMIAS,ST ANNE’S GIRLS
Kakamega,MUMIAS,ST AUSTIN BUYUNDO
Kakamega,MUMIAS,ST CYPRIAN EBUYESHERE
Kakamega,MUMIAS,ST CYRILLA EMULEMBWA
Kakamega,MUMIAS,ST JOSEPH UGANA
Kakamega,MUMIAS,ST PETER BOYS
Kakamega,MUMIAS,ST PETERS BURIYA
Kakamega,MUMIAS,ST PETERS ELUKALA
Kakamega,MUMIAS,UTENDE
Kakamega,MUMIAS,WANG NYANG
Kakamega,MUMIAS EAST,BUMINI
Kakamega,MUMIAS EAST,EBWALIRO
Kakamega,MUMIAS EAST,ELUCHEI
Kakamega,MUMIAS EAST,EMACHINA
Kakamega,MUMIAS EAST,EMUSOMA PRIMARY SCHOOL
Kakamega,MUMIAS EAST,ESHIMULI PRIMARY
Kakamega,MUMIAS EAST,INDANGALASIAI AC PRIMARY SCHOOL
Kakamega,MUMIAS EAST,KAMASHIA PRIMARY SCHOOL
Kakamega,MUMIAS EAST,KHAUNGA PRIMARY SCHOOL
Kakamega,MUMIAS EAST,KHUNGOKOSI MUSLIM
Kakamega,MUMIAS EAST,KHWIHONDWE PRIMARY
Kakamega,MUMIAS EAST,MABANGA
Kakamega,MUMIAS EAST,MAJORTAI CHILDREN CENTRE
Kakamega,MUMIAS EAST,MAKUNGA
Kakamega,MUMIAS EAST,MALAHA
Kakamega,MUMIAS EAST,MARABA
Kakamega,MUMIAS EAST,MUKAMBI
Kakamega,MUMIAS EAST,SHITOTO
Kakamega,NAVAKHOLO,BUCHANGU
Kakamega,NAVAKHOLO,BUDONGA
Kakamega,NAVAKHOLO,BUHAYI
Kakamega,NAVAKHOLO,BUKHUBALO
Kakamega,NAVAKHOLO,BURANGASI
Kakamega,NAVAKHOLO,BUSANGAVIA PRIMARY
Kakamega,NAVAKHOLO,BUSHILI PRI
Kakamega,NAVAKHOLO,CHEBUYUSI
Kakamega,NAVAKHOLO,CHEBUYUSI MUSLIM
Kakamega,NAVAKHOLO,CHEKATA
Kakamega,NAVAKHOLO,EBUMAMU
Kakamega,NAVAKHOLO,EBUMANGALE
Kakamega,NAVAKHOLO,EBURENGA
Kakamega,NAVAKHOLO,EBUSHIBO
Kakamega,NAVAKHOLO,EBUTENJE PRI.
Kakamega,NAVAKHOLO,EMATIHA
Kakamega,NAVAKHOLO,EMUHUNI
Kakamega,NAVAKHOLO,EMULAKHA PR.
Kakamega,NAVAKHOLO,EMULAMA
Kakamega,NAVAKHOLO,ESHIKHONI
Kakamega,NAVAKHOLO,ESHILAKWE
Kakamega,NAVAKHOLO,ESHINGOTO
Kakamega,NAVAKHOLO,ESHING’OTO MUSLIM
Kakamega,NAVAKHOLO,ESHIYENGA
Kakamega,NAVAKHOLO,ESUMEYIA
Kakamega,NAVAKHOLO,EWAMAKHUMBI
Kakamega,NAVAKHOLO,FRIENDS NAMAKOYE
Kakamega,NAVAKHOLO,INGOTSE PRI.
Kakamega,NAVAKHOLO,JOBS PRIMARY
Kakamega,NAVAKHOLO,KAMULI
Kakamega,NAVAKHOLO,KHARANDA
Kakamega,NAVAKHOLO,KISEMBE
Kakamega,NAVAKHOLO,KOCHWA
Kakamega,NAVAKHOLO,LUSUMU PRI
Kakamega,NAVAKHOLO,LUTASO PRIMARY
Kakamega,NAVAKHOLO,MAKHIMA
Kakamega,NAVAKHOLO,MUKANGU
Kakamega,NAVAKHOLO,MUKKAMA
Kakamega,NAVAKHOLO,MUNGAKHA
Kakamega,NAVAKHOLO,MUSABALE
Kakamega,NAVAKHOLO,MUSAGA
Kakamega,NAVAKHOLO,MWIKOLI
Kakamega,NAVAKHOLO,NALUCHIRA
Kakamega,NAVAKHOLO,NAMBACHA
Kakamega,NAVAKHOLO,NAMIRAMA
Kakamega,NAVAKHOLO,NAMUNDERA
Kakamega,NAVAKHOLO,NANGANDA
Kakamega,NAVAKHOLO,NAULU
Kakamega,NAVAKHOLO,NAVAKHOLO
Kakamega,NAVAKHOLO,NAVIKOTO ECD
Kakamega,NAVAKHOLO,NDEREMA
Kakamega,NAVAKHOLO,SAMULI
Kakamega,NAVAKHOLO,SHIKOMARI
Kakamega,NAVAKHOLO,SHINOYI PRI
Kakamega,NAVAKHOLO,SIDIKHO
Kakamega,NAVAKHOLO,SIHANIKHA
Kakamega,NAVAKHOLO,SIKUBALE
Kakamega,NAVAKHOLO,SIMAKINA
Kakamega,NAVAKHOLO,SIRIGOI
Kakamega,NAVAKHOLO,SISOKHE
Kakamega,NAVAKHOLO,SIVILIE
Kakamega,NAVAKHOLO,SIYOMBE
Kakamega,NAVAKHOLO,ST JOSEPHS LUSUMU
Kakamega,NAVAKHOLO,ST MAGARETS WANDINGO PRIMARY
Kakamega,NAVAKHOLO,ST. JOSEPH PRI.
Kakamega,NAVAKHOLO,ST. PAULS MIXED LWAKHUPA PRI.
Kakamega,NAVAKHOLO,ST. PETER’S MUSABALE
Kakamega,NAVAKHOLO,TANGA PRI.
Kakamega,NAVAKHOLO,TUMAINI ACADEMY
Kakamega,NAVAKHOLO,TUMAINI COMMUNITY
Kakamega,NAVAKHOLO,TWINS ACADEMY
Kakamega,NAVAKHOLO,WEREMBA
County,Sub County,School Name
Kericho,BELGUT,A H P WORKSHOP
Kericho,BELGUT,AGC KAPSIYA
Kericho,BELGUT,AINAPKOI
Kericho,BELGUT,BARMEI
Kericho,BELGUT,BARNGOROR
Kericho,BELGUT,BORBORWET
Kericho,BELGUT,CHEBARAA
Kericho,BELGUT,CHEBIRIRBEI
Kericho,BELGUT,CHEBUNGUNGON
Kericho,BELGUT,CHEMAMUL A
Kericho,BELGUT,CHEMOSET
Kericho,BELGUT,CHEMUMBE
Kericho,BELGUT,CHEPKEMEL
Kericho,BELGUT,CHEPKOCHUM
Kericho,BELGUT,CHEPKOIN
Kericho,BELGUT,CHEPKOSILEN
Kericho,BELGUT,CHEPKUTUNG
Kericho,BELGUT,CHEPTAGUM
Kericho,BELGUT,CHEPTENYE
Kericho,BELGUT,CHEPTIGIT
Kericho,BELGUT,CHEPTORORIET
Kericho,BELGUT,CHERIBO
Kericho,BELGUT,CHERONGET
Kericho,BELGUT,CHYEMEN
Kericho,BELGUT,FINLAY FLOWER 1
Kericho,BELGUT,FINLAY FLOWER II
Kericho,BELGUT,IRAA
Kericho,BELGUT,ITANDA
Kericho,BELGUT,ITONDO
Kericho,BELGUT,JAMJI
Kericho,BELGUT,KABIANGA
Kericho,BELGUT,KABOROK
Kericho,BELGUT,KABUNGUNGWO
Kericho,BELGUT,KAKIBEI
Kericho,BELGUT,KAKIPTUI
Kericho,BELGUT,KALYET B
Kericho,BELGUT,KALYONGWET
Kericho,BELGUT,KAMAAS
Kericho,BELGUT,KAMAGET B
Kericho,BELGUT,KAMOGON
Kericho,BELGUT,KAPCHEBET
Kericho,BELGUT,KAPCHEBET B
Kericho,BELGUT,KAPCHELUCH
Kericho,BELGUT,KAPILIELI
Kericho,BELGUT,KAPKITONY
Kericho,BELGUT,KAPKOCHEI
Kericho,BELGUT,KAPKURES B
Kericho,BELGUT,KAPLELARTET
Kericho,BELGUT,KAPLELWO
Kericho,BELGUT,KAPLEMEIYWET
Kericho,BELGUT,KAPLUTIET
Kericho,BELGUT,KAPMASO
Kericho,BELGUT,KAPMASO MLIMANI
Kericho,BELGUT,KAPNANDET
Kericho,BELGUT,KAPNDEGE
Kericho,BELGUT,KAPRIRO
Kericho,BELGUT,KAPSEWA
Kericho,BELGUT,KAPSISIYWO
Kericho,BELGUT,KAPSOIYO
Kericho,BELGUT,KAPSOMBOCH
Kericho,BELGUT,KAPSONGOI
Kericho,BELGUT,KAPSUSER
Kericho,BELGUT,KAPTEBESWET
Kericho,BELGUT,KAPTOBOITI
Kericho,BELGUT,KEBEN
Kericho,BELGUT,KEBENETI
Kericho,BELGUT,KERENGA
Kericho,BELGUT,KESAGETIET
Kericho,BELGUT,KESAINET
Kericho,BELGUT,KIBINGEI
Kericho,BELGUT,KIBIRIRGUT
Kericho,BELGUT,KIBOET
Kericho,BELGUT,KIBOITO
Kericho,BELGUT,KIMALAL
Kericho,BELGUT,KIMOROGO
Kericho,BELGUT,KIPKETER
Kericho,BELGUT,KIPKOK
Kericho,BELGUT,KIPLALMAT
Kericho,BELGUT,KIPLELGUTIK
Kericho,BELGUT,KIPSOLU
Kericho,BELGUT,KIPTALDAL
Kericho,BELGUT,KIPTENDEN
Kericho,BELGUT,KIPTENDEN B
Kericho,BELGUT,KIPTERE
Kericho,BELGUT,KIPTETANI
Kericho,BELGUT,KIPTOME
Kericho,BELGUT,KITUMBE
Kericho,BELGUT,KOITALEL
Kericho,BELGUT,KOIWALELACH
Kericho,BELGUT,MACHORWA
Kericho,BELGUT,MAK PETER
Kericho,BELGUT,MARINYIN
Kericho,BELGUT,MARUMBASI
Kericho,BELGUT,MASARIAN
Kericho,BELGUT,MASOBET
Kericho,BELGUT,MEREONIK
Kericho,BELGUT,MINDILILWET
Kericho,BELGUT,MOBEGO
Kericho,BELGUT,MWEBE
Kericho,BELGUT,NGARIET
Kericho,BELGUT,NYABAGI
Kericho,BELGUT,SAMIYTUK
Kericho,BELGUT,SAOSA
Kericho,BELGUT,SARAMEK B
Kericho,BELGUT,SERETUT
Kericho,BELGUT,SIMOTWET
Kericho,BELGUT,SIMOTWO
Kericho,BELGUT,SINGORONIK
Kericho,BELGUT,SONDU
Kericho,BELGUT,ST MARKS CHEPNGETUNY
Kericho,BELGUT,SUMEEK
Kericho,BELGUT,SUSUMWET
Kericho,BELGUT,TABAITA
Kericho,BELGUT,TAGABI
Kericho,BELGUT,TAIYWET
Kericho,BELGUT,TELDET
Kericho,BELGUT,TILILILBEL
Kericho,BELGUT,TILWET
Kericho,BELGUT,TONONGOI
Kericho,BELGUT,TUMOIYOT
Kericho,BELGUT,TURGUITO
Kericho,BURETI,AROKYET
Kericho,BURETI,BARGIRO
Kericho,BURETI,BOTONI
Kericho,BURETI,BUTIIK
Kericho,BURETI,CHAMAMANYIK
Kericho,BURETI,CHARERA
Kericho,BURETI,CHARERA
Kericho,BURETI,CHEBAGAL
Kericho,BURETI,CHEBAREMA
Kericho,BURETI,CHEBITET PRY
Kericho,BURETI,CHEBORGE
Kericho,BURETI,CHEBWAGAN
Kericho,BURETI,CHELELLAIBEI
Kericho,BURETI,CHELILIS
Kericho,BURETI,CHEMATICH
Kericho,BURETI,CHEMOIBEN
Kericho,BURETI,CHEMOIYWA
Kericho,BURETI,CHEPKULGONG
Kericho,BURETI,CHEPLANGET
Kericho,BURETI,CHEPLANGET JUNIOR
Kericho,BURETI,CHEPTAGUM
Kericho,BURETI,CHEPTENDENIET
Kericho,BURETI,CHERIBO
Kericho,BURETI,CHERIBO OCHI
Kericho,BURETI,CHESAMISIET
Kericho,BURETI,CHESANGA
Kericho,BURETI,GETARWET
Kericho,BURETI,ITOIK
Kericho,BURETI,KABARTEGAN
Kericho,BURETI,KABISAGA
Kericho,BURETI,KABITUNGU
Kericho,BURETI,KABOEITO
Kericho,BURETI,KABORUS
Kericho,BURETI,KABUSIENDUK
Kericho,BURETI,KALDIT
Kericho,BURETI,KAMACHUMO
Kericho,BURETI,KAMANAMSIM
Kericho,BURETI,KAMENCHO
Kericho,BURETI,KAMINJEIWA
Kericho,BURETI,KAMINJEIWET
Kericho,BURETI,KAPCHEBOI
Kericho,BURETI,KAPCHELACH
Kericho,BURETI,KAPKARIN
Kericho,BURETI,KAPKATET
Kericho,BURETI,KAPKISIARA
Kericho,BURETI,KAPKITONY
Kericho,BURETI,KAPKUSUM
Kericho,BURETI,KAPSENETWET
Kericho,BURETI,KAPSIMBIRI
Kericho,BURETI,KAPSINENDET
Kericho,BURETI,KAPSOGERUK
Kericho,BURETI,KAPSOGUT
Kericho,BURETI,KAPSUMET
Kericho,BURETI,KAPTELE
Kericho,BURETI,KAPTEMBWET
Kericho,BURETI,KAPTIRBET
Kericho,BURETI,KELUNET
Kericho,BURETI,KIBARAA
Kericho,BURETI,KIBOLGONG
Kericho,BURETI,KIBUGAT
Kericho,BURETI,KIMORO
Kericho,BURETI,KIMORO
Kericho,BURETI,KIMUGUL
Kericho,BURETI,KIPKERIENY
Kericho,BURETI,KIPKOSIL
Kericho,BURETI,KIPSAMOI
Kericho,BURETI,kipsomoi primary school
Kericho,BURETI,KIPTENDEN
Kericho,BURETI,KIPTEWIT
Kericho,BURETI,KIPTOBON
Kericho,BURETI,KIPTORORGO
Kericho,BURETI,KITAIT
Kericho,BURETI,KOITABAI
Kericho,BURETI,KOITUK
Kericho,BURETI,KOIYET
Kericho,BURETI,KOLONGET
Kericho,BURETI,KORONGOI
Kericho,BURETI,KUSUMEK
Kericho,BURETI,LALAGIN
Kericho,BURETI,LELACH
Kericho,BURETI,LITEIN
Kericho,BURETI,LITIIK
Kericho,BURETI,MABASI
Kericho,BURETI,MABWAITA
Kericho,BURETI,MASUBETI
Kericho,BURETI,MOI KAITAMAT
Kericho,BURETI,MOMBWO
Kericho,BURETI,MONORU
Kericho,BURETI,MOSORE
Kericho,BURETI,NGAINET
Kericho,BURETI,NGANASET
Kericho,BURETI,NGENY
Kericho,BURETI,NGESUMIN
Kericho,BURETI,NGOINA
Kericho,BURETI,NGORORGA
Kericho,BURETI,RERESIK
Kericho,BURETI,RORET
Kericho,BURETI,RORONYA
Kericho,BURETI,RUNGUT
Kericho,BURETI,SAGATET
Kericho,BURETI,SEBETET
Kericho,BURETI,SIMOTON
Kericho,BURETI,SINENDET
Kericho,BURETI,SIONGI
Kericho,BURETI,SIRITIET
Kericho,BURETI,SOET
Kericho,BURETI,SOSIT
Kericho,BURETI,ST KIZITOS
Kericho,BURETI,TEBESONIK
Kericho,BURETI,TEGAT
Kericho,BURETI,TEMBWO
Kericho,BURETI,TENGECHA BOYS
Kericho,BURETI,TENGECHA GIRLS
Kericho,BURETI,TEPKUTWET
Kericho,BURETI,TIRIITAB MOITA
Kericho,BURETI,TIRITAAB EITO
Kericho,BURETI,TIROTO
Kericho,BURETI,TULWET
Kericho,BURETI,WELLSAN ACADEMY
Kericho,BURETI,WOCHI
Kericho,KERICHO,AINAMOI
Kericho,KERICHO,AINAPSOSIOT
Kericho,KERICHO,ARORWET CHERIBO
Kericho,KERICHO,BAGAO
Kericho,KERICHO,BAREGEIWET
Kericho,KERICHO,BARSAIYAN
Kericho,KERICHO,BECHULELACH
Kericho,KERICHO,BINYINY
Kericho,KERICHO,BOGWO
Kericho,KERICHO,BOROR PRIMARY SCHOOL
Kericho,KERICHO,BUCHENGE
Kericho,KERICHO,CHEBIGEN
Kericho,KERICHO,CHEBIRIR PRI
Kericho,KERICHO,CHELIMO
Kericho,KERICHO,CHEMAGALDIT
Kericho,KERICHO,CHEMOBEI
Kericho,KERICHO,CHEPKENDI PRIMARY SCHOOL
Kericho,KERICHO,CHEPKOINIK
Kericho,KERICHO,CHEPKOIYO
Kericho,KERICHO,CHEPKOLON
Kericho,KERICHO,CHEPKURBET
Kericho,KERICHO,CHEPLEL
Kericho,KERICHO,CHEPLIL
Kericho,KERICHO,CHEPNGOBOB
Kericho,KERICHO,CHEPSOO PRIMARY SCHOOL
Kericho,KERICHO,CHEPTILILIK
Kericho,KERICHO,CHEPYEGON
Kericho,KERICHO,CHERAMOR
Kericho,KERICHO,HIGHLAND
Kericho,KERICHO,ITOIBEI
Kericho,KERICHO,KABOKYEK PRIMARY SCHOOL
Kericho,KERICHO,KABOLOIN
Kericho,KERICHO,KABORE
Kericho,KERICHO,KABOSENWO
Kericho,KERICHO,KABOSWA
Kericho,KERICHO,KAITUI
Kericho,KERICHO,KAMELILO
Kericho,KERICHO,KAMINEIYWO
Kericho,KERICHO,KAPCHEPTOROR
Kericho,KERICHO,KAPKIAM
Kericho,KERICHO,KAPKIGORO
Kericho,KERICHO,KAPKISAI
Kericho,KERICHO,KAPKORMOM
Kericho,KERICHO,KAPKWEN PRIMARY
Kericho,KERICHO,KAPNGETUNY
Kericho,KERICHO,KAPSEGUT
Kericho,KERICHO,KAPSIGIRIO
Kericho,KERICHO,KAPSOROK
Kericho,KERICHO,KEBIMBIR
Kericho,KERICHO,KENEGUT
Kericho,KERICHO,KEONGO
Kericho,KERICHO,KEREGO
Kericho,KERICHO,KERICHO BOYS BOARDING
Kericho,KERICHO,KERICHO HQS
Kericho,KERICHO,KERICHO REHABILITATION
Kericho,KERICHO,KERICHO TOWNSHIP PRIMARY
Kericho,KERICHO,KETIPYESE
Kericho,KERICHO,KETITUI
Kericho,KERICHO,KIBOYBEI
Kericho,KERICHO,KIBURET
Kericho,KERICHO,KILEGES
Kericho,KERICHO,KIMUGU
Kericho,KERICHO,KIPCHEBOR
Kericho,KERICHO,KIPCHIMCHIM
Kericho,KERICHO,KIPKWES PRI
Kericho,KERICHO,KIPLOGOI PRY
Kericho,KERICHO,KIPSIGOR I BARAKA PRI
Kericho,KERICHO,KIPSITET
Kericho,KERICHO,KIPSOTET
Kericho,KERICHO,KIPTEGAN
Kericho,KERICHO,KIPTUGUMO
Kericho,KERICHO,KISABEI
Kericho,KERICHO,KOIBEYOT
Kericho,KERICHO,KOIGARON
Kericho,KERICHO,KOIRIA PRI
Kericho,KERICHO,KOITABMAT DUPICATE
Kericho,KERICHO,KOITABUROT PRIMARY
Kericho,KERICHO,KONDAMET-TUL
Kericho,KERICHO,KONGEREN
Kericho,KERICHO,KOSISIT
Kericho,KERICHO,KOYABEI
Kericho,KERICHO,LAITIGO
Kericho,KERICHO,LALIAT
Kericho,KERICHO,LAMAYAT PRI
Kericho,KERICHO,LEMEIYWET
Kericho,KERICHO,MANYOROR
Kericho,KERICHO,MASO
Kericho,KERICHO,MATOBO
Kericho,KERICHO,MERTO
Kericho,KERICHO,MOTERO
Kericho,KERICHO,MURERET
Kericho,KERICHO,NDONYOMARE
Kericho,KERICHO,NGECHEROK
Kericho,KERICHO,NGENYBARE
Kericho,KERICHO,NYALIBUCH
Kericho,KERICHO,OGIRGIR
Kericho,KERICHO,OTUI
Kericho,KERICHO,POIYWEK PRIMARY
Kericho,KERICHO,SAMARIA
Kericho,KERICHO,SAMUTET
Kericho,KERICHO,SHEDEL
Kericho,KERICHO,SINENDET
Kericho,KERICHO,SITOTWET
Kericho,KERICHO,SOLIAT
Kericho,KERICHO,ST JOHNS CHERIBO
Kericho,KERICHO,ST PATRICKS
Kericho,KERICHO,SUGUTEK LELACH
Kericho,KERICHO,SUMEIYON
Kericho,KERICHO,TABAIN
Kericho,KERICHO,TABET
Kericho,KERICHO,TELANET PRIMARY
Kericho,KERICHO,THESSALIA
Kericho,KERICHO,TORIT
Kericho,KERICHO,TORSOGEK
Kericho,KERICHO,TUIYOBEI JORDAN
Kericho,KIPKELION,BARSCHELLEH
Kericho,KIPKELION,BARTERA
Kericho,KIPKELION,BLUE HILLS
Kericho,KIPKELION,BOROWET
Kericho,KIPKELION,CHEBIRIR
Kericho,KIPKELION,CHEBIRIR
Kericho,KIPKELION,CHEPNGOSOS
Kericho,KIPKELION,CHERARA PRIMARY SCHOOL
Kericho,KIPKELION,CHESIGOT
Kericho,KIPKELION,CHESONOI
Kericho,KIPKELION,CHILCHILIA
Kericho,KIPKELION,CHORWET
Kericho,KIPKELION,IMBARAGAI
Kericho,KIPKELION,KABOROK
Kericho,KIPKELION,KALYET A
Kericho,KIPKELION,KAMARUS
Kericho,KIPKELION,KAMASIAN
Kericho,KIPKELION,KAMIWA
Kericho,KIPKELION,KAPCHORWA
Kericho,KIPKELION,KAPIAS
Kericho,KIPKELION,KAPIRONG
Kericho,KIPKELION,KAPIRONG
Kericho,KIPKELION,KAPKESE
Kericho,KIPKELION,KAPKOROS
Kericho,KIPKELION,KAPKURES
Kericho,KIPKELION,KAPLELIT
Kericho,KIPKELION,KAPNGETUNY
Kericho,KIPKELION,KAPSALE
Kericho,KIPKELION,KENYELET
Kericho,KIPKELION,KERENGETI
Kericho,KIPKELION,KIMOLOGIT
Kericho,KIPKELION,KIPCHORIAN
Kericho,KIPKELION,KIPKELION SPECIAL
Kericho,KIPKELION,KIPKELION TOWNSHIP
Kericho,KIPKELION,KIPSEGI
Kericho,KIPKELION,KIPSINENDE
Kericho,KIPKELION,KIPTENDEN
Kericho,KIPKELION,KIPTERIS PRIMARY SCHOOL
Kericho,KIPKELION,KITOI
Kericho,KIPKELION,KOISAGAT
Kericho,KIPKELION,KOISEGEM PRIMARY SCHOOL
Kericho,KIPKELION,KOKWET PRIMARY SCHOOL
Kericho,KIPKELION,KOROSYOT
Kericho,KIPKELION,KORU FARM
Kericho,KIPKELION,KOTETNI PRIMARY SCHOOL
Kericho,KIPKELION,KUTUNG
Kericho,KIPKELION,LELDET
Kericho,KIPKELION,LELECHWET
Kericho,KIPKELION,LELU
Kericho,KIPKELION,LELU CENTRAL
Kericho,KIPKELION,LESIRWO
Kericho,KIPKELION,LILOCH DEB
Kericho,KIPKELION,MACHEISOK
Kericho,KIPKELION,MAGIRE
Kericho,KIPKELION,MORAO
Kericho,KIPKELION,MURGUT PRIMARY SCHOOL
Kericho,KIPKELION,NDUBUSAT
Kericho,KIPKELION,NGENDALEL
Kericho,KIPKELION,NYAGACHO
Kericho,KIPKELION,NYAIROBI
Kericho,KIPKELION,PINUS
Kericho,KIPKELION,SAMOLEL
Kericho,KIPKELION,SAOSET
Kericho,KIPKELION,SEGETET
Kericho,KIPKELION,SEGUTON
Kericho,KIPKELION,SERENG
Kericho,KIPKELION,SIMOTWET
Kericho,KIPKELION,SINGOIWEK
Kericho,KIPKELION,SIRET
Kericho,KIPKELION,SIRIGOI
Kericho,KIPKELION,SIWOT
Kericho,KIPKELION,SOIL CONSERVATION
Kericho,KIPKELION,ST BERNARDS
Kericho,KIPKELION,SUGUTEK
Kericho,KIPKELION,TIMPILIL
Kericho,KIPKELION,TINGATELA
Kericho,KIPKELION,TINGORO
Kericho,KIPKELION,TUIYOBEI
Kericho,KIPKELION,TUMAEK
Kericho,KIPKELION,TUNNEL
Kericho,LONDIANI,BAROTION
Kericho,LONDIANI,BENDITAI
Kericho,LONDIANI,CHAGAIK
Kericho,LONDIANI,CHEBEWOR
Kericho,LONDIANI,CHEPCHOLIET
Kericho,LONDIANI,CHEPKONGONY
Kericho,LONDIANI,CHEPSEON
Kericho,LONDIANI,CHEPSEON COMPLEX
Kericho,LONDIANI,CHEPSIR
Kericho,LONDIANI,CHERERES
Kericho,LONDIANI,CHESINENDE
Kericho,LONDIANI,CHEYMEN
Kericho,LONDIANI,CHUMBA
Kericho,LONDIANI,DR.R.KOECH
Kericho,LONDIANI,EWAT
Kericho,LONDIANI,FURAHA
Kericho,LONDIANI,GWITU
Kericho,LONDIANI,JAGOROR
Kericho,LONDIANI,KABBISOI
Kericho,LONDIANI,KAISUGU
Kericho,LONDIANI,KAMACHUNGWA
Kericho,LONDIANI,KAMUINGI
Kericho,LONDIANI,KAPCHEPLANGA
Kericho,LONDIANI,KAPKATUNGOR
Kericho,LONDIANI,KAPKONDOR
Kericho,LONDIANI,KAPKORECH
Kericho,LONDIANI,KAPKWEN
Kericho,LONDIANI,KAPSEGER
Kericho,LONDIANI,KAPSENDA
Kericho,LONDIANI,KAPTEMBWO
Kericho,LONDIANI,KAPTICH
Kericho,LONDIANI,KATET
Kericho,LONDIANI,KEDOWA
Kericho,LONDIANI,KEDOWA RIVER FARM
Kericho,LONDIANI,KEDOWA SPECIAL FOR THE DEAF
Kericho,LONDIANI,KERINGET
Kericho,LONDIANI,KICHAWIR
Kericho,LONDIANI,KILETIEN
Kericho,LONDIANI,KIMAUT
Kericho,LONDIANI,KIMUGUL
Kericho,LONDIANI,KIPKEREMWO
Kericho,LONDIANI,KIPRENGWE
Kericho,LONDIANI,KIPSIGORI
Kericho,LONDIANI,KIPSIRICHET
Kericho,LONDIANI,KIPTENDEN
Kericho,LONDIANI,KIPYEMIT
Kericho,LONDIANI,KISABO
Kericho,LONDIANI,KONDAMET
Kericho,LONDIANI,KOSYN
Kericho,LONDIANI,LEBERER
Kericho,LONDIANI,LONDIANI BOYS
Kericho,LONDIANI,LONDIANI CENTRAL M
Kericho,LONDIANI,LONDIANI FARMERS
Kericho,LONDIANI,LONDIANI GIRLS
Kericho,LONDIANI,LONDIANI TOWNSHIP
Kericho,LONDIANI,MALAGET
Kericho,LONDIANI,masaita
Kericho,LONDIANI,MASHARIKI
Kericho,LONDIANI,MAU TEA
Kericho,LONDIANI,MOMONIAT
Kericho,LONDIANI,MOMONIAT PRIMARY
Kericho,LONDIANI,MOSOMBORIK
Kericho,LONDIANI,MUGUMOINI
Kericho,LONDIANI,MURASOI
Kericho,LONDIANI,NDARUGU
Kericho,LONDIANI,RINGA
Kericho,LONDIANI,SAMBRET
Kericho,LONDIANI,SARAMEK
Kericho,LONDIANI,SIGOWET
Kericho,LONDIANI,SIMBOIYON
Kericho,LONDIANI,SITIAN
Kericho,LONDIANI,SOGOBET
Kericho,LONDIANI,SORGET
Kericho,LONDIANI,TEGUNOT
Kericho,LONDIANI,TENDENO
Kericho,LONDIANI,TESTAI
Kericho,LONDIANI,TILITO
Kericho,LONDIANI,TILOLWET
Kericho,LONDIANI,TUGUNON
Kericho,LONDIANI,TULWAP KIPSIGIS
Kericho,LONDIANI,TUMAINI
Kericho,LONDIANI,UNITED SOY
Kericho,LONDIANI,UTAFITI
Kericho,SIGOWEI / SOIN,CHEBETET
Kericho,SIGOWEI / SOIN,CHEMEGONG
Kericho,SIGOWEI / SOIN,CHEPTUIYET
Kericho,SIGOWEI / SOIN,EMDIT
Kericho,SIGOWEI / SOIN,KABASWETI
Kericho,SIGOWEI / SOIN,KAMASEGA
Kericho,SIGOWEI / SOIN,KAMOLOK
Kericho,SIGOWEI / SOIN,KAPCHEBWAI
Kericho,SIGOWEI / SOIN,KAPKEBURU
Kericho,SIGOWEI / SOIN,KAPLELACH
Kericho,SIGOWEI / SOIN,KAPTALAMWA
Kericho,SIGOWEI / SOIN,KEJIRIET
Kericho,SIGOWEI / SOIN,KIMASAT
Kericho,SIGOWEI / SOIN,KOILSIR
Kericho,SIGOWEI / SOIN,LELAGOI
Kericho,SIGOWEI / SOIN,MAEMBA
Kericho,SIGOWEI / SOIN,MUSARIA
Kericho,SIGOWEI / SOIN,NYABERI
Kericho,SIGOWEI / SOIN,SERTWET
Kericho,SIGOWEI / SOIN,SIMBI PRY
Kericho,SIGOWEI / SOIN,SISIONIK
Kericho,SIGOWEI / SOIN,SOMBICHO
County,Sub County,School Name
Kiambu,GATUNDU NORTH,CHANIA
Kiambu,GATUNDU NORTH,GACEGE
Kiambu,GATUNDU NORTH,GAKOE
Kiambu,GATUNDU NORTH,GATEI
Kiambu,GATUNDU NORTH,GIKINDU
Kiambu,GATUNDU NORTH,IGAMBA
Kiambu,GATUNDU NORTH,IGEGANIA
Kiambu,GATUNDU NORTH,IHIGA INI
Kiambu,GATUNDU NORTH,JAMES NJENGA
Kiambu,GATUNDU NORTH,KAIBERE
Kiambu,GATUNDU NORTH,KAIRI
Kiambu,GATUNDU NORTH,KAMUNYAKA
Kiambu,GATUNDU NORTH,KAMWANGI
Kiambu,GATUNDU NORTH,KAMWIRIGI
Kiambu,GATUNDU NORTH,KANGAITA
Kiambu,GATUNDU NORTH,KANJABI
Kiambu,GATUNDU NORTH,KANJUKU
Kiambu,GATUNDU NORTH,KARURE PRIMARY SCHOOL
Kiambu,GATUNDU NORTH,KAWIRA
Kiambu,GATUNDU NORTH,KIENI
Kiambu,GATUNDU NORTH,KIHUNJIO INI
Kiambu,GATUNDU NORTH,KIRIKO
Kiambu,GATUNDU NORTH,KIRIKO SPECIAL SCHOOL FOR THE I.I
Kiambu,GATUNDU NORTH,MAKOHOKOHO
Kiambu,GATUNDU NORTH,MAKWA
Kiambu,GATUNDU NORTH,MANG U
Kiambu,GATUNDU NORTH,MARIA INI
Kiambu,GATUNDU NORTH,MATAARA
Kiambu,GATUNDU NORTH,MBICHI
Kiambu,GATUNDU NORTH,MIIRI
Kiambu,GATUNDU NORTH,MIUGU
Kiambu,GATUNDU NORTH,MUHINDI
Kiambu,GATUNDU NORTH,MUIRIGO
Kiambu,GATUNDU NORTH,MUKURWE PRIMARY SCHOOL
Kiambu,GATUNDU NORTH,MUKUYU INI
Kiambu,GATUNDU NORTH,MUNGAI
Kiambu,GATUNDU NORTH,MUNYAKA
Kiambu,GATUNDU NORTH,MURATA WA TWANA
Kiambu,GATUNDU NORTH,NDEKEI
Kiambu,GATUNDU NORTH,NDIKO
Kiambu,GATUNDU NORTH,NDIKO SPECIAL SCHOOL
Kiambu,GATUNDU NORTH,NGUNA PRIMARY SCHOOL
Kiambu,GATUNDU NORTH,NJATHA INI
Kiambu,GATUNDU NORTH,NYAMATHUMBI
Kiambu,GATUNDU NORTH,SOUTH KANYONI
Kiambu,GATUNDU NORTH,ST DOMINIC BUCHANA
Kiambu,GATUNDU NORTH,ST FRANCIS
Kiambu,GATUNDU NORTH,ST GABRIEL KAHATA
Kiambu,GATUNDU NORTH,WANDUI
Kiambu,GATUNDU SOUTH,GACHOKA
Kiambu,GATUNDU SOUTH,GAKUNJU MEMORIAL
Kiambu,GATUNDU SOUTH,GATHAGE
Kiambu,GATUNDU SOUTH,GATHIRU
Kiambu,GATUNDU SOUTH,GATHURI
Kiambu,GATUNDU SOUTH,GATITU
Kiambu,GATUNDU SOUTH,GATUNDU
Kiambu,GATUNDU SOUTH,GICHERU
Kiambu,GATUNDU SOUTH,GIKOBU
Kiambu,GATUNDU SOUTH,GIKURE
Kiambu,GATUNDU SOUTH,GITARE
Kiambu,GATUNDU SOUTH,GITHARURU PRIMARY SCHOOL
Kiambu,GATUNDU SOUTH,GITHUYA
Kiambu,GATUNDU SOUTH,GITWE
Kiambu,GATUNDU SOUTH,HANDEGE
Kiambu,GATUNDU SOUTH,ICACIRI
Kiambu,GATUNDU SOUTH,IKUMA
Kiambu,GATUNDU SOUTH,ITURU
Kiambu,GATUNDU SOUTH,KABUTETI PRIMARY
Kiambu,GATUNDU SOUTH,KAGERA
Kiambu,GATUNDU SOUTH,KAGIO
Kiambu,GATUNDU SOUTH,KAGUMO INI
Kiambu,GATUNDU SOUTH,KAHUGU INI
Kiambu,GATUNDU SOUTH,KAMUNYU
Kiambu,GATUNDU SOUTH,KAMUTUA
Kiambu,GATUNDU SOUTH,KARANGI MAGOMANO
Kiambu,GATUNDU SOUTH,KARATU
Kiambu,GATUNDU SOUTH,KARINGA
Kiambu,GATUNDU SOUTH,KIAMUGO
Kiambu,GATUNDU SOUTH,KIAMWANGI
Kiambu,GATUNDU SOUTH,KIAMWORIA
Kiambu,GATUNDU SOUTH,KIAWANDIGA
Kiambu,GATUNDU SOUTH,KIBIRU
Kiambu,GATUNDU SOUTH,KIGAA
Kiambu,GATUNDU SOUTH,KIGANJO
Kiambu,GATUNDU SOUTH,KIMARURI PRIMARY SCHOOL
Kiambu,GATUNDU SOUTH,KIMUNYU
Kiambu,GATUNDU SOUTH,KIRANGI
Kiambu,GATUNDU SOUTH,KWAMUCHERU
Kiambu,GATUNDU SOUTH,MBOGORO
Kiambu,GATUNDU SOUTH,MUHOHO
Kiambu,GATUNDU SOUTH,MUNYU INI
Kiambu,GATUNDU SOUTH,MUTHIGA
Kiambu,GATUNDU SOUTH,MUTHURUMBI
Kiambu,GATUNDU SOUTH,MUTUNGURU
Kiambu,GATUNDU SOUTH,NDUMBI P.C.E.A.
Kiambu,GATUNDU SOUTH,NDUNDU
Kiambu,GATUNDU SOUTH,NEMBU
Kiambu,GATUNDU SOUTH,PCEA NGENDA PRIMARY
Kiambu,GATUNDU SOUTH,ROI
Kiambu,GATUNDU SOUTH,RUBURI
Kiambu,GATUNDU SOUTH,ST. GABRIEL MIXED DAY & BOARDING
Kiambu,GATUNDU SOUTH,THAARA
Kiambu,GATUNDU SOUTH,UCEKE- INI PRIMARY SCHOOL
Kiambu,GATUNDU SOUTH,WAMITAA
Kiambu,GATUNDU SOUTH,WAMWANGI
Kiambu,GITHUNGURI,KOMOTHAI SPECIAL SCHOOL FOR
Kiambu,GITHUNGURI,A K MAGUGU
Kiambu,GITHUNGURI,CIIKO
Kiambu,GITHUNGURI,GATAKA
Kiambu,GITHUNGURI,GATHAITHI
Kiambu,GITHUNGURI,GATHANGARI PRIMARY SCHOOL
Kiambu,GITHUNGURI,GATHANJI
Kiambu,GITHUNGURI,GATHIRU INI
Kiambu,GITHUNGURI,GATHUGU
Kiambu,GITHUNGURI,GATINA
Kiambu,GITHUNGURI,GATITU
Kiambu,GITHUNGURI,GIATHIEKO
Kiambu,GITHUNGURI,GITHIGA
Kiambu,GITHUNGURI,GITHIMA
Kiambu,GITHUNGURI,GITHIORO
Kiambu,GITHUNGURI,GITHUNGURI
Kiambu,GITHUNGURI,GITHUNGURI TOWNSHIP
Kiambu,GITHUNGURI,GITOMBO
Kiambu,GITHUNGURI,IHIGA
Kiambu,GITHUNGURI,IKINU
Kiambu,GITHUNGURI,KAGEMA
Kiambu,GITHUNGURI,KAHUNIRA
Kiambu,GITHUNGURI,KAMBUI FOR THE DEAF
Kiambu,GITHUNGURI,KAMONDO
Kiambu,GITHUNGURI,KANAKE JOY
Kiambu,GITHUNGURI,KANJAI
Kiambu,GITHUNGURI,KANYORE
Kiambu,GITHUNGURI,KARIA
Kiambu,GITHUNGURI,KIAIBABU
Kiambu,GITHUNGURI,KIAIRIA
Kiambu,GITHUNGURI,KIAMBURURU
Kiambu,GITHUNGURI,KIAWAIGURI
Kiambu,GITHUNGURI,KIAWAIRIA
Kiambu,GITHUNGURI,KIBICHOI
Kiambu,GITHUNGURI,KIGUMO
Kiambu,GITHUNGURI,KIHURIRIO
Kiambu,GITHUNGURI,KINDIGA
Kiambu,GITHUNGURI,KOMOTHAI
Kiambu,GITHUNGURI,LIOKI
Kiambu,GITHUNGURI,MATHANJA
Kiambu,GITHUNGURI,MATUGUTA
Kiambu,GITHUNGURI,MIGUTA
Kiambu,GITHUNGURI,MIIRI
Kiambu,GITHUNGURI,MITAHATO
Kiambu,GITHUNGURI,MUKUBU
Kiambu,GITHUNGURI,NDIRETI
Kiambu,GITHUNGURI,NGEMWA
Kiambu,GITHUNGURI,NGENIA COMMUNITY
Kiambu,GITHUNGURI,NGEWA
Kiambu,GITHUNGURI,NGINDURI
Kiambu,GITHUNGURI,NGOCHI COMMUNITY
Kiambu,GITHUNGURI,NJENGA
Kiambu,GITHUNGURI,NYAGA
Kiambu,GITHUNGURI,THUITA
Kiambu,GITHUNGURI,THUTHURIKI COMMUNITY
Kiambu,JUJA,ATHI
Kiambu,JUJA,JAMWA STAR EDUCATION CENTRE
Kiambu,JUJA,JOMO KENYATTA
Kiambu,JUJA,JUDAH EXCELLENCE JUNIOR
Kiambu,JUJA,JUJA FARM
Kiambu,JUJA,KIA-ORA PRIMARY SCHOOL
Kiambu,JUJA,MAGOMANO PRESBYTERIAN ACADEMY
Kiambu,JUJA,MAGOMANO PRIMARY SCHOOL
Kiambu,JUJA,MUNYAKA THETA
Kiambu,JUJA,MUNYAKA THETA
Kiambu,JUJA,SAPIENZA SCHOOL
Kiambu,JUJA,ST. FRANCIS MUIGAI
Kiambu,JUJA,ST. FRANCIS MUIGAI
Kiambu,JUJA,WENDANI VALLEY VIEW
Kiambu,JUJA,WITEITHIE RISING STAR ACADEMY
Kiambu,KABETE,GATAARA
Kiambu,KABETE,KARURA KA NYUNGU
Kiambu,KABETE,KIBICIKU
Kiambu,KABETE,KIRANGARI
Kiambu,KABETE,MUGUGA
Kiambu,KABETE,NDONGORO
Kiambu,KABETE,ST MARYS KAIMBA
Kiambu,KABETE,WANGIGE
Kiambu,KIAMBAA,BEST WINNERS ACADEMY
Kiambu,KIAMBAA,GACII
Kiambu,KIAMBAA,GATHANGA COMMUNITY SCHOOL
Kiambu,KIAMBAA,GATONO
Kiambu,KIAMBAA,GATONO
Kiambu,KIAMBAA,GATONO
Kiambu,KIAMBAA,GATONO
Kiambu,KIAMBAA,KAMUIRU
Kiambu,KIAMBAA,KARUME COMMUNITY SCHOOL
Kiambu,KIAMBAA,KING OTHUA
Kiambu,KIAMBAA,WANGUNYU
Kiambu,KIAMBU,ACK- KAMITI ANMER
Kiambu,KIAMBU,BENSON NJAU
Kiambu,KIAMBU,CHIEF WANDIE
Kiambu,KIAMBU,GACHARAGE
Kiambu,KIAMBU,GATATHA
Kiambu,KIAMBU,GATUNGURU HILL
Kiambu,KIAMBU,GICOCO
Kiambu,KIAMBU,JOHARI SCHOOL
Kiambu,KIAMBU,KAGAA
Kiambu,KIAMBU,KANGOYA
Kiambu,KIAMBU,KARUNGA
Kiambu,KIAMBU,KARURA
Kiambu,KIAMBU,KARURI
Kiambu,KIAMBU,KASARINI
Kiambu,KIAMBU,KAWAIDA
Kiambu,KIAMBU,KIAMBAA
Kiambu,KIAMBU,KIAMBU
Kiambu,KIAMBU,KIBATHI
Kiambu,KIAMBU,KIBUBUTI
Kiambu,KIAMBU,KIHARA
Kiambu,KIAMBU,KIRIGITI REHABILITATION CENTRE
Kiambu,KIAMBU,KIU KENDA PRESBYTERIAN
Kiambu,KIAMBU,KIU RIVER
Kiambu,KIAMBU,KONGO
Kiambu,KIAMBU,LORETO
Kiambu,KIAMBU,LOWER KIHARA
Kiambu,KIAMBU,MACIRI
Kiambu,KIAMBU,MARY IMMACULATE KIAMUMBI
Kiambu,KIAMBU,MAYUYU
Kiambu,KIAMBU,MUCHATHA
Kiambu,KIAMBU,MUNGAI CHENGECHA
Kiambu,KIAMBU,MUONGOIYA
Kiambu,KIAMBU,MUTHURWA
Kiambu,KIAMBU,MUYA
Kiambu,KIAMBU,NDENDERU
Kiambu,KIAMBU,NDUMBERI
Kiambu,KIAMBU,NGEGU
Kiambu,KIAMBU,NJENGA KARUME
Kiambu,KIAMBU,PCEA KIAMBU PRESBYTERIAN ACADEMY
Kiambu,KIAMBU,RIABAI
Kiambu,KIAMBU,RIARA
Kiambu,KIAMBU,ST PETERS NDUMBERI
Kiambu,KIAMBU,THIMBIGUA
Kiambu,KIAMBU,THINDIGUA
Kiambu,KIAMBU,TINGANGA HGM
Kiambu,KIAMBU,TINGANGA MODEL PRY
Kiambu,KIAMBU,VICTORIOUS NURSERY
Kiambu,KIAMBU,WAGUTHU
Kiambu,KIKUYU,CURA PRIMARY
Kiambu,KIKUYU,FAIRLAWNS
Kiambu,KIKUYU,GATHIGA
Kiambu,KIKUYU,GATHIRU
Kiambu,KIKUYU,GATUANABU
Kiambu,KIKUYU,GATUNE
Kiambu,KIKUYU,GICHARANI
Kiambu,KIKUYU,GIKAMBURA
Kiambu,KIKUYU,GITIBA
Kiambu,KIKUYU,HADDASAH SCHOOLS
Kiambu,KIKUYU,KAHUHO
Kiambu,KIKUYU,KAMANGU
Kiambu,KIKUYU,KAMONJONI
Kiambu,KIKUYU,KAMUGUGA
Kiambu,KIKUYU,KANDENGWA
Kiambu,KIKUYU,KANDUTURA
Kiambu,KIKUYU,KANJERU
Kiambu,KIKUYU,KANYANJARA
Kiambu,KIKUYU,KANYARIRI
Kiambu,KIKUYU,KANYIHA
Kiambu,KIKUYU,KERWA
Kiambu,KIKUYU,KIBIKU
Kiambu,KIKUYU,KIDFARMACO PRIMARY SCHOOL
Kiambu,KIKUYU,KIKUYU TOWNSHIP
Kiambu,KIKUYU,KINGEERO
Kiambu,KIKUYU,KINOO
Kiambu,KIKUYU,LUSIGETTI
Kiambu,KIKUYU,MAGUTU-INI
Kiambu,KIKUYU,MAHIA INI
Kiambu,KIKUYU,MAI-A-IHII
Kiambu,KIKUYU,MAMA NGINA
Kiambu,KIKUYU,MUGUGA MODEL
Kiambu,KIKUYU,MUSA GITAU
Kiambu,KIKUYU,NACHU
Kiambu,KIKUYU,NDERI
Kiambu,KIKUYU,NDUMA
Kiambu,KIKUYU,NDURARUA
Kiambu,KIKUYU,NGURE PRIMARY SCHOOL
Kiambu,KIKUYU,NGURIUNDITU
Kiambu,KIKUYU,NJUMBI
Kiambu,KIKUYU,NYATHUNA
Kiambu,KIKUYU,RENGUTI
Kiambu,KIKUYU,RIU NDERI
Kiambu,KIKUYU,ROOTS KINDERGARTEN KIKUYU
Kiambu,KIKUYU,RUKUBI
Kiambu,KIKUYU,RUNGIRI PRI
Kiambu,KIKUYU,THIRIME
Kiambu,KIKUYU,THOGOTO
Kiambu,KIKUYU,UTAFITI
Kiambu,KIKUYU,UTHIRU
Kiambu,KIKUYU,WAMBAA
Kiambu,LARI,AIC MUKEU SPECIAL SPECIAL SCHOOL FOR
Kiambu,LARI,AUNT JOYCE
Kiambu,LARI,BATHI
Kiambu,LARI,BRIGHT ADVENTIST
Kiambu,LARI,CROSS ROADS
Kiambu,LARI,ESCARPMENT
Kiambu,LARI,GACHOIRE
Kiambu,LARI,GAKENGE
Kiambu,LARI,GATAMAIYU
Kiambu,LARI,GATHAITI
Kiambu,LARI,GATHIMA
Kiambu,LARI,GITHIRIONI
Kiambu,LARI,GITHOGOIYO
Kiambu,LARI,GITITHIA
Kiambu,LARI,GITUAMBA
Kiambu,LARI,JUVENALIS GITAU
Kiambu,LARI,KABUNGE
Kiambu,LARI,KAGO
Kiambu,LARI,KAGUONGO
Kiambu,LARI,KAGWE
Kiambu,LARI,KAGWE TOWNSHIP
Kiambu,LARI,KAMAE
Kiambu,LARI,KAMAHIA
Kiambu,LARI,KAMAHINDU
Kiambu,LARI,KAMBAA
Kiambu,LARI,KAMBURU PRIMARY
Kiambu,LARI,KAMUCHEGE
Kiambu,LARI,KANGURIMA
Kiambu,LARI,KANYEKI INI
Kiambu,LARI,KARATINA
Kiambu,LARI,KARATINA FOR MENTALLY CHALLENGED
Kiambu,LARI,KARENGE
Kiambu,LARI,KARIGU INI
Kiambu,LARI,KARUGO
Kiambu,LARI,KEREITA
Kiambu,LARI,KIAMBOGO
Kiambu,LARI,KIBAGARE PRIMARY SCHOOL
Kiambu,LARI,KIBATHITHI
Kiambu,LARI,KIJABE
Kiambu,LARI,KIMENDE
Kiambu,LARI,KINALE
Kiambu,LARI,KING ATUA
Kiambu,LARI,KIRASHA
Kiambu,LARI,KIRENGA
Kiambu,LARI,KWAREGI
Kiambu,LARI,LARE
Kiambu,LARI,MAGINA
Kiambu,LARI,MATATHIA
Kiambu,LARI,MATIMBEI
Kiambu,LARI,MBAU INI
Kiambu,LARI,MIRANGI
Kiambu,LARI,MUGIKO
Kiambu,LARI,MUHORO
Kiambu,LARI,MUKEU
Kiambu,LARI,MUNYAKA
Kiambu,LARI,MUTHAI INI
Kiambu,LARI,MUTHANDI
Kiambu,LARI,NGECHU
Kiambu,LARI,NYAMUTHANGA
Kiambu,LARI,NYAMWERU
Kiambu,LARI,NYANDUMA
Kiambu,LARI,RAGIA FOREST
Kiambu,LARI,UTUGI
Kiambu,LARI,WANGWARE
Kiambu,LIMURU,BIBiRIONI
Kiambu,LIMURU,GATIMU PRIMARY
Kiambu,LIMURU,GATUURA
Kiambu,LIMURU,GITHUNGUCU
Kiambu,LIMURU,GITUTHA
Kiambu,LIMURU,JOLLY BIRD ACADEMY
Kiambu,LIMURU,JONATHAN MAARA
Kiambu,LIMURU,KABUKU
Kiambu,LIMURU,KAMANDURA
Kiambu,LIMURU,KAMIRITHU
Kiambu,LIMURU,KIAWANDA
Kiambu,LIMURU,KIAWAROGA
Kiambu,LIMURU,KINYOGORI
Kiambu,LIMURU,KIRIRI
Kiambu,LIMURU,LIMURU MISSION
Kiambu,LIMURU,LIMURU MODEL
Kiambu,LIMURU,LIMURU TOWNSHIP
Kiambu,LIMURU,MAHINGA
Kiambu,LIMURU,MAKUTANO
Kiambu,LIMURU,MANGUO
Kiambu,LIMURU,MIRITHU
Kiambu,LIMURU,MURENGETI
Kiambu,LIMURU,NDERU
Kiambu,LIMURU,NGARARIGA
Kiambu,LIMURU,NGECHA
Kiambu,LIMURU,NYANJEGA
Kiambu,LIMURU,NYATARAGI
Kiambu,LIMURU,NYORO
Kiambu,LIMURU,RIRONI
Kiambu,LIMURU,RONGAI
Kiambu,LIMURU,RWACUMARI
Kiambu,LIMURU,RWAKA
Kiambu,LIMURU,RWAMBURI
Kiambu,LIMURU,ST JOHNS BOSCO
Kiambu,LIMURU,ST PAULS
Kiambu,LIMURU,THARUNI
Kiambu,LIMURU,THIGIO
Kiambu,LIMURU,TIEKUNU
Kiambu,LIMURU,TIGONI
Kiambu,LIMURU,TUTU
Kiambu,RUIRU,BLUE SKY ACADEMY
Kiambu,RUIRU,GATONGORA
Kiambu,RUIRU,GIKUMARI
Kiambu,RUIRU,GITHUNGURI RANCHING
Kiambu,RUIRU,GITOTHUA
Kiambu,RUIRU,JACARANDA
Kiambu,RUIRU,JALIST ACADEMY
Kiambu,RUIRU,JUKA LEARNING CENTRE
Kiambu,RUIRU,KAHAWA WENDANI
Kiambu,RUIRU,KAHAWA WENDANI
Kiambu,RUIRU,KIMBO GITHURAI
Kiambu,RUIRU,KIRATINA
Kiambu,RUIRU,KITAMAIYU
Kiambu,RUIRU,KOGI SCHOOLS ACADEMY
Kiambu,RUIRU,KUMURA
Kiambu,RUIRU,KWA NGETHE
Kiambu,RUIRU,KWIHOTA
Kiambu,RUIRU,MATOPENI
Kiambu,RUIRU,MUGUTHA
Kiambu,RUIRU,MUKUYU
Kiambu,RUIRU,MURERA
Kiambu,RUIRU,MUTUNDU
Kiambu,RUIRU,MWIHOKO
Kiambu,RUIRU,MWIKI
Kiambu,RUIRU,NDII INI
Kiambu,RUIRU,NDURURUMO
Kiambu,RUIRU,NEW BEGINNING ACADEMY
Kiambu,RUIRU,NGEWE
Kiambu,RUIRU,OAKLANDS
Kiambu,RUIRU,PANORAMA ACADEMY
Kiambu,RUIRU,PROJECT LUCAS FOUNDATION ACADEMY
Kiambu,RUIRU,RUERA
Kiambu,RUIRU,RUIRU
Kiambu,RUIRU,RURII
Kiambu,RUIRU,ST FRANCIS CATHOLIC -MWIHOKO
Kiambu,RUIRU,ST GEORGES
Kiambu,RUIRU,TATU
Kiambu,RUIRU,THOME
Kiambu,RUIRU,TWIGA
Kiambu,THIKA EAST,DELMONTE MIXED DAY SEC SCH
Kiambu,THIKA EAST,GATUANYAGA
Kiambu,THIKA EAST,GITHIMA PRIMARY SHOOL
Kiambu,THIKA EAST,GITITU SEC
Kiambu,THIKA EAST,IEMBENI
Kiambu,THIKA EAST,ITHANGA
Kiambu,THIKA EAST,ITHANGA SEC
Kiambu,THIKA EAST,KAKUZI
Kiambu,THIKA EAST,KANDURI
Kiambu,THIKA EAST,KARIARA
Kiambu,THIKA EAST,KIANJAHI
Kiambu,THIKA EAST,KIHUNGURO
Kiambu,THIKA EAST,KILIMAMBOGO
Kiambu,THIKA EAST,KOMO
Kiambu,THIKA EAST,MAGANA
Kiambu,THIKA EAST,MAGOGONI
Kiambu,THIKA EAST,MAKUTANO
Kiambu,THIKA EAST,MARIA MAGDALENE SP
Kiambu,THIKA EAST,MATATHIA
Kiambu,THIKA EAST,MATUNDA
Kiambu,THIKA EAST,MATUNDA SEC
Kiambu,THIKA EAST,MIANYANI
Kiambu,THIKA EAST,MT. OLIVE
Kiambu,THIKA EAST,MUGUMO
Kiambu,THIKA EAST,MUGUMO MIXED DAY SEC
Kiambu,THIKA EAST,MUNYU
Kiambu,THIKA EAST,MUTI
Kiambu,THIKA EAST,MUTI SEC
Kiambu,THIKA EAST,MWANA WIKIO
Kiambu,THIKA EAST,MWANAWIKIO
Kiambu,THIKA EAST,NANGA
Kiambu,THIKA EAST,NDULA
Kiambu,THIKA EAST,NDULA SEC SCHOOL
Kiambu,THIKA EAST,NGATHO
Kiambu,THIKA EAST,NGATHO SEC SCH
Kiambu,THIKA EAST,NGELELYA
Kiambu,THIKA EAST,NGELELYA SEC
Kiambu,THIKA EAST,NGINYI
Kiambu,THIKA EAST,NGOLIBA
Kiambu,THIKA EAST,NGURUNGA
Kiambu,THIKA EAST,Power Line Primary ( public)
Kiambu,THIKA EAST,RUBIRU
Kiambu,THIKA EAST,SILANGA
Kiambu,THIKA EAST,ST. TERESAS SEC
Kiambu,THIKA EAST,ST. THERESA
Kiambu,THIKA EAST,SWANI
Kiambu,THIKA EAST,SWANI SEC
Kiambu,THIKA EAST,THUNGURURU
Kiambu,THIKA EAST,THUNGURURU
Kiambu,THIKA WEST,ATHENA
Kiambu,THIKA WEST,GACHORORO
Kiambu,THIKA WEST,GARISSA ROAD
Kiambu,THIKA WEST,GATUMANI
Kiambu,THIKA WEST,GENERAL KAGO
Kiambu,THIKA WEST,JAMHURI
Kiambu,THIKA WEST,KALIMONI
Kiambu,THIKA WEST,KAMENU
Kiambu,THIKA WEST,KARAKUTA
Kiambu,THIKA WEST,KARAMAINI
Kiambu,THIKA WEST,KARIBARIBI
Kiambu,THIKA WEST,KENYATTA HARAMBEE
Kiambu,THIKA WEST,KIANJAU
Kiambu,THIKA WEST,KIBII
Kiambu,THIKA WEST,KIBOKO
Kiambu,THIKA WEST,KIGANJO
Kiambu,THIKA WEST,KIGWE
Kiambu,THIKA WEST,KIMUCHU
Kiambu,THIKA WEST,KISIWA
Kiambu,THIKA WEST,KURAIHA
Kiambu,THIKA WEST,MIRIMAINI
Kiambu,THIKA WEST,MOUNTAIN VIEW
Kiambu,THIKA WEST,MUGUMO-INI
Kiambu,THIKA WEST,MUTHAARA
Kiambu,THIKA WEST,MWIRERI
Kiambu,THIKA WEST,NYACABA
Kiambu,THIKA WEST,QUEEN OF ROSARY
Kiambu,THIKA WEST,S A THIKA F T THE BLIND
Kiambu,THIKA WEST,S.A. JOYTOWN SPECIAL
Kiambu,THIKA WEST,ST APPOLONUHS ACADEMY
Kiambu,THIKA WEST,ST PATRICKS PRIMARY
Kiambu,THIKA WEST,ST PATRICK’S SPECIAL SCHOOL
Kiambu,THIKA WEST,ST PAULS GACHORORO
Kiambu,THIKA WEST,THIKA
Kiambu,THIKA WEST,THIKA BARRACKS
Kiambu,THIKA WEST,THIKA MUSLIM
Kiambu,THIKA WEST,THIRIRIKA
Kiambu,THIKA WEST,UMOJA
County,Sub County,School Name
Kilifi,BAHARI (KILIFI),AMA
Kilifi,BAHARI (KILIFI),BAHARI Primary School
Kilifi,BAHARI (KILIFI),BAHARINI
Kilifi,BAHARI (KILIFI),BARANI
Kilifi,BAHARI (KILIFI),BASI
Kilifi,BAHARI (KILIFI),BEMBO PRY SCHOOL
Kilifi,BAHARI (KILIFI),BODOI
Kilifi,BAHARI (KILIFI),BOFA
Kilifi,BAHARI (KILIFI),BOKINI
Kilifi,BAHARI (KILIFI),BUNDACHO
Kilifi,BAHARI (KILIFI),BUNGU PRY SCHOOL
Kilifi,BAHARI (KILIFI),CHASIMBA
Kilifi,BAHARI (KILIFI),CHASIMBA CENTRAL
Kilifi,BAHARI (KILIFI),CHASIMBA PRIMARY SCHOOL
Kilifi,BAHARI (KILIFI),CHIJE
Kilifi,BAHARI (KILIFI),CHIPANDE MEMORIAL
Kilifi,BAHARI (KILIFI),CHODARI
Kilifi,BAHARI (KILIFI),CHUMANI
Kilifi,BAHARI (KILIFI),DERA tumaini
Kilifi,BAHARI (KILIFI),DZITSONI
Kilifi,BAHARI (KILIFI),EZAMOYO
Kilifi,BAHARI (KILIFI),FUMBINI
Kilifi,BAHARI (KILIFI),GANDINI CHONYI
Kilifi,BAHARI (KILIFI),GONGONI
Kilifi,BAHARI (KILIFI),JEZAZHOMU
Kilifi,BAHARI (KILIFI),JUNJU
Kilifi,BAHARI (KILIFI),KADZINUNI
Kilifi,BAHARI (KILIFI),KAOLE
Kilifi,BAHARI (KILIFI),KAPECHA
Kilifi,BAHARI (KILIFI),KARARACHA
Kilifi,BAHARI (KILIFI),KARIMBONI PRY SCHOOL
Kilifi,BAHARI (KILIFI),KATIKIRIENI
Kilifi,BAHARI (KILIFI),KIBAONI
Kilifi,BAHARI (KILIFI),KIBARANI BOARDING
Kilifi,BAHARI (KILIFI),KIBARANI SCHOOL FOR THE DEAF
Kilifi,BAHARI (KILIFI),KIDUTANI
Kilifi,BAHARI (KILIFI),KIKAMBALA
Kilifi,BAHARI (KILIFI),KILIFI
Kilifi,BAHARI (KILIFI),KILIMO
Kilifi,BAHARI (KILIFI),KILODI
Kilifi,BAHARI (KILIFI),KIREME
Kilifi,BAHARI (KILIFI),KIRIBA
Kilifi,BAHARI (KILIFI),KIRINGI MEMORIAL
Kilifi,BAHARI (KILIFI),KITSOENI
Kilifi,BAHARI (KILIFI),KIWANDANI
Kilifi,BAHARI (KILIFI),KOLEWA
Kilifi,BAHARI (KILIFI),KOLONGONI
Kilifi,BAHARI (KILIFI),KONJORA
Kilifi,BAHARI (KILIFI),KOROSHO
Kilifi,BAHARI (KILIFI),LUBONDO PRIMARY SCHOOL
Kilifi,BAHARI (KILIFI),MADETENI
Kilifi,BAHARI (KILIFI),MAFISINI
Kilifi,BAHARI (KILIFI),MAJAJANI
Kilifi,BAHARI (KILIFI),MAJAONI
Kilifi,BAHARI (KILIFI),MAKATA
Kilifi,BAHARI (KILIFI),MAKONDE
Kilifi,BAHARI (KILIFI),MAPAWA
Kilifi,BAHARI (KILIFI),MARAFIKI P S
Kilifi,BAHARI (KILIFI),MATSANGONI
Kilifi,BAHARI (KILIFI),MAVUENI
Kilifi,BAHARI (KILIFI),MBOMBONI
Kilifi,BAHARI (KILIFI),M’BOMBONI
Kilifi,BAHARI (KILIFI),MBUYUNI
Kilifi,BAHARI (KILIFI),MDZONGOLONI
Kilifi,BAHARI (KILIFI),MIKINGIRINI
Kilifi,BAHARI (KILIFI),MITANGONI
Kilifi,BAHARI (KILIFI),MITULANI
Kilifi,BAHARI (KILIFI),MKOMANI
Kilifi,BAHARI (KILIFI),MKOMBE
Kilifi,BAHARI (KILIFI),MKONGANI
Kilifi,BAHARI (KILIFI),MNARANI
Kilifi,BAHARI (KILIFI),MRIMA WA KUKU
Kilifi,BAHARI (KILIFI),MSUMARINI
Kilifi,BAHARI (KILIFI),MTEPENI
Kilifi,BAHARI (KILIFI),MTOMONDONI PRIMARY SCHOOL
Kilifi,BAHARI (KILIFI),MTONDIA PRIMARY SCHOOL
Kilifi,BAHARI (KILIFI),MTSANGANYIKO
Kilifi,BAHARI (KILIFI),MTUNDANI PRIMARY SCHOOL
Kilifi,BAHARI (KILIFI),MTWAPA
Kilifi,BAHARI (KILIFI),MUHOMKULU
Kilifi,BAHARI (KILIFI),MWAKUHENGA PRIMARY SCHOOL
Kilifi,BAHARI (KILIFI),MWANGAZA
Kilifi,BAHARI (KILIFI),MWARAKAYA
Kilifi,BAHARI (KILIFI),MWAZANGOMBE
Kilifi,BAHARI (KILIFI),NG’ OMBENI
Kilifi,BAHARI (KILIFI),NGALA
Kilifi,BAHARI (KILIFI),NGAMANI
Kilifi,BAHARI (KILIFI),NGERENYI
Kilifi,BAHARI (KILIFI),PINGILIKANI
Kilifi,BAHARI (KILIFI),ROKA
Kilifi,BAHARI (KILIFI),ROKA MAWENI
Kilifi,BAHARI (KILIFI),SHARIANI
Kilifi,BAHARI (KILIFI),SHAURI MOYO
Kilifi,BAHARI (KILIFI),SIRINI
Kilifi,BAHARI (KILIFI),SOYOSOYO
Kilifi,BAHARI (KILIFI),ST MARTINS
Kilifi,BAHARI (KILIFI),ST THOMAS
Kilifi,BAHARI (KILIFI),TAKAUNGU
Kilifi,BAHARI (KILIFI),TEZO
Kilifi,BAHARI (KILIFI),TIMBONI
Kilifi,BAHARI (KILIFI),TUNZANANI
Kilifi,BAHARI (KILIFI),UFUONI
Kilifi,BAHARI (KILIFI),UYOMBO
Kilifi,BAHARI (KILIFI),UYOMBO MAWENI
Kilifi,BAHARI (KILIFI),VIPINGO
Kilifi,BAHARI (KILIFI),VIPINGO CENTRAL
Kilifi,BAHARI (KILIFI),VUMA
Kilifi,BAHARI (KILIFI),VWEWESI
Kilifi,BAHARI (KILIFI),ZIANI PRIMARY SCHOOL
Kilifi,BAHARI (KILIFI),ZOWERANI
Kilifi,GANZE,BAHERO
Kilifi,GANZE,BALE
Kilifi,GANZE,BAMBA
Kilifi,GANZE,BANDARI
Kilifi,GANZE,BARAKA
Kilifi,GANZE,BENGONI
Kilifi,GANZE,BIYUBU PRIMARY
Kilifi,GANZE,BODOI PRY
Kilifi,GANZE,BOGAMACHUKO
Kilifi,GANZE,BUNGALE
Kilifi,GANZE,CHAPUNGU
Kilifi,GANZE,CHINYUME
Kilifi,GANZE,DANICHA
Kilifi,GANZE,DARAJANI
Kilifi,GANZE,DIDA
Kilifi,GANZE,DODOSA
Kilifi,GANZE,DULUKIZA
Kilifi,GANZE,DUNGICHA
Kilifi,GANZE,DUNGUNI
Kilifi,GANZE,DZIKUNZE
Kilifi,GANZE,FORODHOYO
Kilifi,GANZE,FUDUMULO
Kilifi,GANZE,GABINA
Kilifi,GANZE,GANZE
Kilifi,GANZE,GOSHI
Kilifi,GANZE,JARIBUNI
Kilifi,GANZE,JESHI
Kilifi,GANZE,JILA
Kilifi,GANZE,JIRA
Kilifi,GANZE,JUHUDI
Kilifi,GANZE,KABELENGANI
Kilifi,GANZE,KACHORORONI
Kilifi,GANZE,KADZANDANI
Kilifi,GANZE,KAFITSONI
Kilifi,GANZE,KAFULONI
Kilifi,GANZE,KAGOMBANI
Kilifi,GANZE,KAHINGONI
Kilifi,GANZE,KALONGONI
Kilifi,GANZE,KANG’AMBONI
Kilifi,GANZE,KARIMANI
Kilifi,GANZE,KATENDEWA
Kilifi,GANZE,KATOFENI
Kilifi,GANZE,KAVUNZONI
Kilifi,GANZE,KERESA
Kilifi,GANZE,KIDEMU
Kilifi,GANZE,KIKWANGULONI
Kilifi,GANZE,KIMBULE
Kilifi,GANZE,KIRIMANI
Kilifi,GANZE,KWADADU
Kilifi,GANZE,LWANDANI
Kilifi,GANZE,MABATHANI
Kilifi,GANZE,MABIRIKANI
Kilifi,GANZE,MADAMANI
Kilifi,GANZE,MADZENI
Kilifi,GANZE,MAGOGONI
Kilifi,GANZE,MAHENDO ECDE
Kilifi,GANZE,MAKALANGENI
Kilifi,GANZE,MAKONJEMARE
Kilifi,GANZE,MAKONJENI
Kilifi,GANZE,MALOMANI
Kilifi,GANZE,MANGORORO
Kilifi,GANZE,MANGUDHO
Kilifi,GANZE,MAOJO
Kilifi,GANZE,MARERE
Kilifi,GANZE,MARIANI
Kilifi,GANZE,MARYANGO
Kilifi,GANZE,MASEMO
Kilifi,GANZE,MATOLANI
Kilifi,GANZE,MAYOWE
Kilifi,GANZE,MBONGA
Kilifi,GANZE,MBWANA
Kilifi,GANZE,MDANGARANI
Kilifi,GANZE,MGAMBONI
Kilifi,GANZE,MIDODONI
Kilifi,GANZE,MIDOINA
Kilifi,GANZE,MIGODOMANI
Kilifi,GANZE,MIGUJINI
Kilifi,GANZE,MIGUMOMIRI
Kilifi,GANZE,MIHUHUNI
Kilifi,GANZE,MIKAMINI
Kilifi,GANZE,MIKULUNI
Kilifi,GANZE,MILORE
Kilifi,GANZE,MILORE
Kilifi,GANZE,MIRIHINI
Kilifi,GANZE,MISUFINI PRIMARY SCHOOL
Kilifi,GANZE,MITANGANI
Kilifi,GANZE,MITSEDZINI
Kilifi,GANZE,MITSEMERINI
Kilifi,GANZE,MNAGO WA DOLA
Kilifi,GANZE,MNAGONI
Kilifi,GANZE,MPIRANI
Kilifi,GANZE,MRIMA WA NDEGE
Kilifi,GANZE,MSHONGOLENI ECDE
Kilifi,GANZE,MTSARA WA TSATSU
Kilifi,GANZE,MUHONI
Kilifi,GANZE,MULUNGU WA MAWE
Kilifi,GANZE,MURYACHAKWE
Kilifi,GANZE,MUUNGANO
Kilifi,GANZE,MUYUNI
Kilifi,GANZE,MWAEBA
Kilifi,GANZE,MWAHERA
Kilifi,GANZE,MWAKWALA
Kilifi,GANZE,MWANGANGA
Kilifi,GANZE,MWANGANGA PRY
Kilifi,GANZE,MWANGEA
Kilifi,GANZE,MWAPULA
Kilifi,GANZE,MWARANDINDA
Kilifi,GANZE,MWELE ECDE
Kilifi,GANZE,MWENGE
Kilifi,GANZE,MWEZAMOYO
Kilifi,GANZE,NDIGIRIA
Kilifi,GANZE,NDUGU MNANI
Kilifi,GANZE,NYARI
Kilifi,GANZE,NZOVUNI
Kilifi,GANZE,PALAKUMI
Kilifi,GANZE,PAZIANI
Kilifi,GANZE,PETANGUO
Kilifi,GANZE,RANCH
Kilifi,GANZE,RARE
Kilifi,GANZE,RIMARA PERA
Kilifi,GANZE,SHAKA PRIMARY(KILIFI-GANZE)
Kilifi,GANZE,SILALA
Kilifi,GANZE,SOKOKE
Kilifi,GANZE,SOSODEMU
Kilifi,GANZE,TANDIA
Kilifi,GANZE,TSANGALAWENI
Kilifi,GANZE,TSANZUNI
Kilifi,GANZE,VILWAKWE
Kilifi,GANZE,VITENGENI
Kilifi,GANZE,VITSAPUNI
Kilifi,GANZE,ZIWANI
Kilifi,KALOLENI,BARAKA
Kilifi,KALOLENI,BIKIDZAYA PRIMARY SCHOOL
Kilifi,KALOLENI,BIRINI MWAMLEKA
Kilifi,KALOLENI,CHALANI
Kilifi,KALOLENI,CHANAGANDE
Kilifi,KALOLENI,CHILULU
Kilifi,KALOLENI,GABRIEL KAHINDI MEMORIAL
Kilifi,KALOLENI,GANDINI
Kilifi,KALOLENI,GOGORARUHE
Kilifi,KALOLENI,HADEMU
Kilifi,KALOLENI,IKANGA
Kilifi,KALOLENI,IMANI
Kilifi,KALOLENI,KABATHENI
Kilifi,KALOLENI,KADZANDANI
Kilifi,KALOLENI,KADZONZO P S
Kilifi,KALOLENI,KAKOMANI
Kilifi,KALOLENI,KAVUKA
Kilifi,KALOLENI,KIBAOKICHE
Kilifi,KALOLENI,KIDZINI
Kilifi,KALOLENI,KINAGONI
Kilifi,KALOLENI,KINANI PRIMARY
Kilifi,KALOLENI,KINARANI
Kilifi,KALOLENI,KIRUMBI
Kilifi,KALOLENI,KITHENGWANI PRIMARY
Kilifi,KALOLENI,KIZURINI
Kilifi,KALOLENI,KIZURINI SPECIAL SCHOOL
Kilifi,KALOLENI,MAANDANI
Kilifi,KALOLENI,MADZIMBANI
Kilifi,KALOLENI,MAHENZO PRIMARY SCHOOL
Kilifi,KALOLENI,MAKOMBOANI
Kilifi,KALOLENI,MAKULULU
Kilifi,KALOLENI,MAORO
Kilifi,KALOLENI,MARIAKANI
Kilifi,KALOLENI,MARIAKANI GARRISON
Kilifi,KALOLENI,MGAMBONI
Kilifi,KALOLENI,MIGUNDINI
Kilifi,KALOLENI,MIHINGONI
Kilifi,KALOLENI,MIKIRIANI
Kilifi,KALOLENI,MISUFINI
Kilifi,KALOLENI,MITSIKITSINI
Kilifi,KALOLENI,MIYANI
Kilifi,KALOLENI,MKULUNI
Kilifi,KALOLENI,MNAZIMUWENGA
Kilifi,KALOLENI,MNYENZENI
Kilifi,KALOLENI,MTULU
Kilifi,KALOLENI,MUTSENGO
Kilifi,KALOLENI,MUUNGANO
Kilifi,KALOLENI,MWAKOLO
Kilifi,KALOLENI,MWAMBANI
Kilifi,KALOLENI,MWANAMWINGA
Kilifi,KALOLENI,MWANAWIJI
Kilifi,KALOLENI,MWANDAZA
Kilifi,KALOLENI,MWARENI
Kilifi,KALOLENI,MWIJO
Kilifi,KALOLENI,NDATANI
Kilifi,KALOLENI,NGULUWENI
Kilifi,KALOLENI,PANGAYAMBO
Kilifi,KALOLENI,SHANGIA
Kilifi,KALOLENI,ST MICHAELS
Kilifi,KALOLENI,TSAGWA
Kilifi,KALOLENI,TSAKAROLOVU
Kilifi,KALOLENI,TSANGATSINI
Kilifi,KALOLENI,UHURU
Kilifi,KALOLENI,VIRAGONI
Kilifi,KALOLENI,VISHAKANI
Kilifi,KALOLENI,VUGA
Kilifi,KALOLENI,WALEA
Kilifi,KILIFI SOUTH,CHENGONI
Kilifi,KILIFI SOUTH,DINDIRI
Kilifi,KILIFI SOUTH,KIZINGO
Kilifi,KILIFI SOUTH,MKWAJUNI
Kilifi,KILIFI SOUTH,MUDZINI SCHOOLS
Kilifi,KILIFI SOUTH,MWEMBETSUNGU
Kilifi,KILIFI SOUTH,NGOLOKO
Kilifi,KILIFI SOUTH,NZOMBERE
Kilifi,MAGARINI,ADU
Kilifi,MAGARINI,AMKENI
Kilifi,MAGARINI,BANDACHO
Kilifi,MAGARINI,BARAKA PRIMARY
Kilifi,MAGARINI,BARAKAJEMBE DUPLICATE
Kilifi,MAGARINI,BARICHO
Kilifi,MAGARINI,BATE
Kilifi,MAGARINI,BLUE GLUE
Kilifi,MAGARINI,BODOI PRIMARY
Kilifi,MAGARINI,BOMANI
Kilifi,MAGARINI,BORE SINGWAYA
Kilifi,MAGARINI,BOYANI
Kilifi,MAGARINI,BRIDGE INTERNATIONAL ACADEMY –
Kilifi,MAGARINI,BRIDGE INTERNATIONAL ACADEMY –
Kilifi,MAGARINI,BRIGHTWAYS GONGONI
Kilifi,MAGARINI,BUNGALE
Kilifi,MAGARINI,BURA
Kilifi,MAGARINI,BURANGI
Kilifi,MAGARINI,CHANGOTO
Kilifi,MAGARINI,CHANJALO
Kilifi,MAGARINI,CHASIMBA PRIMARY SCHOOL
Kilifi,MAGARINI,DAKACHA
Kilifi,MAGARINI,DANISA
Kilifi,MAGARINI,DHOLOLO
Kilifi,MAGARINI,ELIMU JUNIOR
Kilifi,MAGARINI,FUNDISA
Kilifi,MAGARINI,GALUKANI
Kilifi,MAGARINI,GANDINI PRIMARY
Kilifi,MAGARINI,GARASHI
Kilifi,MAGARINI,GARITHE
Kilifi,MAGARINI,JABALI NURSERY
Kilifi,MAGARINI,KABIBONI
Kilifi,MAGARINI,KADUNGUNI PRIMARY
Kilifi,MAGARINI,KADZANDANI
Kilifi,MAGARINI,KADZIFITSENI
Kilifi,MAGARINI,KADZUHONI
Kilifi,MAGARINI,KADZUYUNI
Kilifi,MAGARINI,KAEMBENI
Kilifi,MAGARINI,KAGOMBANI
Kilifi,MAGARINI,KAKUHANI
Kilifi,MAGARINI,KAMALE
Kilifi,MAGARINI,KAMBI YA WAYA
Kilifi,MAGARINI,KAMBICHA
Kilifi,MAGARINI,KANAGONI
Kilifi,MAGARINI,KANYUMBUNI
Kilifi,MAGARINI,KAOYENI
Kilifi,MAGARINI,KARIMBONI
Kilifi,MAGARINI,KASIMANI
Kilifi,MAGARINI,KATA PRIMARY SCHOOL
Kilifi,MAGARINI,KAVUNYALALO PRIMARY
Kilifi,MAGARINI,KAYADAGAMRA
Kilifi,MAGARINI,KIBAONI
Kilifi,MAGARINI,KIPANGA-AJENI
Kilifi,MAGARINI,KIROSA
Kilifi,MAGARINI,KOMBOBOMA
Kilifi,MAGARINI,KOTAYO
Kilifi,MAGARINI,KUNDENI
Kilifi,MAGARINI,KUNDENI
Kilifi,MAGARINI,KURAWA KANAGONI
Kilifi,MAGARINI,MAGARINI
Kilifi,MAGARINI,MAJAHAZINI
Kilifi,MAGARINI,MAJENGO A.
Kilifi,MAGARINI,MAJENJENI
Kilifi,MAGARINI,MAKUMBA
Kilifi,MAGARINI,MAMBRUI
Kilifi,MAGARINI,MAPIMO
Kilifi,MAGARINI,MAPIMO CENTRAL
Kilifi,MAGARINI,MARAFA
Kilifi,MAGARINI,MARAFA SPECIAL
Kilifi,MAGARINI,MAREKEZO PRIMARY
Kilifi,MAGARINI,MARERENI
Kilifi,MAGARINI,MARIKEBUNI
Kilifi,MAGARINI,MASA
Kilifi,MAGARINI,MASHEHENI
Kilifi,MAGARINI,MASINDENI
Kilifi,MAGARINI,MAWAZO
Kilifi,MAGARINI,MBAONI PRIMARY
Kilifi,MAGARINI,MEKATILILI WA MENZA
Kilifi,MAGARINI,MIDODONI
Kilifi,MAGARINI,MIDODONI CENTRAL
Kilifi,MAGARINI,MIKUYUNI
Kilifi,MAGARINI,MILIMANI
Kilifi,MAGARINI,MJANAHERI
Kilifi,MAGARINI,MKONDONI
Kilifi,MAGARINI,MOGOLE
Kilifi,MAGARINI,MONSOON
Kilifi,MAGARINI,MPIRANI
Kilifi,MAGARINI,MRIHINI
Kilifi,MAGARINI,MTORONI
Kilifi,MAGARINI,MTSANGAMALI
Kilifi,MAGARINI,MUGUMONI
Kilifi,MAGARINI,MULUNGUNI
Kilifi,MAGARINI,MUUNGANO
Kilifi,MAGARINI,MUUNGANO PRIMARY
Kilifi,MAGARINI,MUYU WAKAE
Kilifi,MAGARINI,MWAEBA PRIMARY
Kilifi,MAGARINI,MWANGANI PRIMARY
Kilifi,MAGARINI,MWANGATINI
Kilifi,MAGARINI,MWELE
Kilifi,MAGARINI,NG’ANDU
Kilifi,MAGARINI,NGOMENI
Kilifi,MAGARINI,NYAMALA SINENE
Kilifi,MAGARINI,NYARI CENTRE
Kilifi,MAGARINI,POVUNI
Kilifi,MAGARINI,PUMWANI
Kilifi,MAGARINI,RAMADA
Kilifi,MAGARINI,RASI
Kilifi,MAGARINI,SHAKADULO
Kilifi,MAGARINI,SHOMELA
Kilifi,MAGARINI,SINGWAYA PRIMARY SCHOOL
Kilifi,MAGARINI,SOGOROSA
Kilifi,MAGARINI,SOSO CHAMARI
Kilifi,MAGARINI,SOSONI
Kilifi,MAGARINI,TANGINI PRIMARY
Kilifi,MAGARINI,TUMAINI ZHONGWANI
Kilifi,MAGARINI,ULAYA
Kilifi,MAGARINI,VITHUNGUNI
Kilifi,MAGARINI,WARESA
Kilifi,MAGARINI,ZIWANI PRIMARY SCHOOL
Kilifi,MALINDI,AIRPORT
Kilifi,MALINDI,ARABUKO PRIMARY
Kilifi,MALINDI,ARABUKO SOKOKE
Kilifi,MALINDI,BAGUO
Kilifi,MALINDI,BAHATI
Kilifi,MALINDI,BALAGA
Kilifi,MALINDI,BOFU
Kilifi,MALINDI,CHAKAMA
Kilifi,MALINDI,CHILDREN OF THE RISING SUN
Kilifi,MALINDI,DABASO
Kilifi,MALINDI,DONGOKUNDU
Kilifi,MALINDI,GAHALENI
Kilifi,MALINDI,GALANA RANCH
Kilifi,MALINDI,GANDA
Kilifi,MALINDI,GANDINI
Kilifi,MALINDI,GEDE
Kilifi,MALINDI,GEDE SPECIAL
Kilifi,MALINDI,GIRIMACHA
Kilifi,MALINDI,GOSHI
Kilifi,MALINDI,HAWEWANJE
Kilifi,MALINDI,JACARANDA BEACH PRY
Kilifi,MALINDI,JILORE
Kilifi,MALINDI,JIMBA GEDE
Kilifi,MALINDI,KAKONENI
Kilifi,MALINDI,KAKUYUNI
Kilifi,MALINDI,KAKUYUNI SPECIAL UNIT
Kilifi,MALINDI,KANANI
Kilifi,MALINDI,KARIMA
Kilifi,MALINDI,KASIMBIJI
Kilifi,MALINDI,KATHAMA
Kilifi,MALINDI,KAVUNYALALO
Kilifi,MALINDI,KHOMBENI
Kilifi,MALINDI,KIBOKONI
Kilifi,MALINDI,KIJIWE TANGA
Kilifi,MALINDI,KIREPWE
Kilifi,MALINDI,KJIWETANGA
Kilifi,MALINDI,KULALU
Kilifi,MALINDI,KWAUPANGA
Kilifi,MALINDI,MADUNGUNI
Kilifi,MALINDI,MAJI LANGO BAYA
Kilifi,MALINDI,MALANGA
Kilifi,MALINDI,MALINDI CENTRAL PRIMARY SCHOOL
Kilifi,MALINDI,MALINDI HGM
Kilifi,MALINDI,MARIKANO
Kilifi,MALINDI,MASHAMBA
Kilifi,MALINDI,MATOLANI
Kilifi,MALINDI,MAZIWANI
Kilifi,MALINDI,MBARAKA CHEMBE
Kilifi,MALINDI,MIDA
Kilifi,MALINDI,MIJOMBONI
Kilifi,MALINDI,MKANGAGANI
Kilifi,MALINDI,MKAOMOTO
Kilifi,MALINDI,MMANGANI
Kilifi,MALINDI,MONGOTINI
Kilifi,MALINDI,MSABAHA
Kilifi,MALINDI,MZIZIMA
Kilifi,MALINDI,NGAMANI
Kilifi,MALINDI,PAOLA KATSUHANZALA
Kilifi,MALINDI,PCEA BOMBI
Kilifi,MALINDI,PISHIMWENGA PRIMARY SCHOOL
Kilifi,MALINDI,REUBEN MUTUA
Kilifi,MALINDI,SABAKI
Kilifi,MALINDI,SHAKAHOLA
Kilifi,MALINDI,SHOW GROUND
Kilifi,MALINDI,SIR ALI BIN SALIM
Kilifi,MALINDI,SIR ALI SPECIAL FOR MH
Kilifi,MALINDI,SOSOBORA
Kilifi,MALINDI,SOSONI
Kilifi,MALINDI,SOYOSOYO
Kilifi,MALINDI,ST ANDREWS
Kilifi,MALINDI,STADIUM NURSERY
Kilifi,MALINDI,TAKAYE
Kilifi,MALINDI,TIMBONI
Kilifi,MALINDI,UPWEONI
Kilifi,MALINDI,VIRIKO
Kilifi,MALINDI,WATAMU
Kilifi,MALINDI,YEMBE
Kilifi,RABAI,BAGAMOYO PRIMARY SCHOOL
Kilifi,RABAI,BEDIDA
Kilifi,RABAI,BENYOKA
Kilifi,RABAI,BOFU
Kilifi,RABAI,BOHEKA
Kilifi,RABAI,BOYANI
Kilifi,RABAI,BRIDGE INTERNATIONAL
Kilifi,RABAI,BUNI
Kilifi,RABAI,BWAGAMOYO
Kilifi,RABAI,CHANG’OMBE
Kilifi,RABAI,CHIFERI
Kilifi,RABAI,CHONYI
Kilifi,RABAI,GANDANI
Kilifi,RABAI,ISAAC NYONDO
Kilifi,RABAI,JEURI
Kilifi,RABAI,JIMBA
Kilifi,RABAI,KAILO
Kilifi,RABAI,KAJIWE
Kilifi,RABAI,KALIANG’OMBE
Kilifi,RABAI,KANGAKAMO
Kilifi,RABAI,KANGAKAMO
Kilifi,RABAI,KANYUMBUNI PR
Kilifi,RABAI,KAOYENI
Kilifi,RABAI,KASIDI
Kilifi,RABAI,KAWALA
Kilifi,RABAI,KINUNG’UNA
Kilifi,RABAI,LUGWE
Kilifi,RABAI,MAERENI
Kilifi,RABAI,MAKANZANI
Kilifi,RABAI,MAKOBENI
Kilifi,RABAI,MALAU
Kilifi,RABAI,MASAANI
Kilifi,RABAI,MAZERAS SHINNING STAR
Kilifi,RABAI,MBUNGONI
Kilifi,RABAI,MBWAKA
Kilifi,RABAI,MBWAKA
Kilifi,RABAI,MIKOMANI
Kilifi,RABAI,MITSAJENI
Kilifi,RABAI,MULEJI
Kilifi,RABAI,MWANDODO
Kilifi,RABAI,MWANGUTWA
Kilifi,RABAI,MWANJAMA
Kilifi,RABAI,MWATSAMA
Kilifi,RABAI,MWAWESA
Kilifi,RABAI,MWELE
Kilifi,RABAI,PANGANI
Kilifi,RABAI,RIBE
Kilifi,RABAI,TIMBONI
Kilifi,RABAI,VIFANJONI
Kilifi,RABAI,ZIRO
County,Sub County,School Name
Kirinyaga,KIRINYAGA CENTRAL,GAKOIGO
Kirinyaga,KIRINYAGA CENTRAL,GATHUTHUMA
Kirinyaga,KIRINYAGA CENTRAL,GATUTO
Kirinyaga,KIRINYAGA CENTRAL,GATWE
Kirinyaga,KIRINYAGA CENTRAL,GITWE
Kirinyaga,KIRINYAGA CENTRAL,KAGUMO C CM
Kirinyaga,KIRINYAGA CENTRAL,KAITHERI
Kirinyaga,KIRINYAGA CENTRAL,KAMUIRU
Kirinyaga,KIRINYAGA CENTRAL,KANGAITA
Kirinyaga,KIRINYAGA CENTRAL,KARAINI
Kirinyaga,KIRINYAGA CENTRAL,KERUGOYA FOR THE DEAF
Kirinyaga,KIRINYAGA CENTRAL,KIABARIKIRI
Kirinyaga,KIRINYAGA CENTRAL,KIAGA
Kirinyaga,KIRINYAGA CENTRAL,KIAMAINA
Kirinyaga,KIRINYAGA CENTRAL,KIAMURUGA
Kirinyaga,KIRINYAGA CENTRAL,KIAMUTUIRA
Kirinyaga,KIRINYAGA CENTRAL,KIANDIERI
Kirinyaga,KIRINYAGA CENTRAL,KIANGUNGU
Kirinyaga,KIRINYAGA CENTRAL,KIANJEGE EAST
Kirinyaga,KIRINYAGA CENTRAL,KIARITHA
Kirinyaga,KIRINYAGA CENTRAL,KIARUGU
Kirinyaga,KIRINYAGA CENTRAL,KIRIGO
Kirinyaga,KIRINYAGA CENTRAL,KIRIMA PRIMARY SCHOOL
Kirinyaga,KIRINYAGA CENTRAL,KIRIMUNGE
Kirinyaga,KIRINYAGA CENTRAL,MUGWANDI
Kirinyaga,KIRINYAGA CENTRAL,MUKINDURI
Kirinyaga,KIRINYAGA CENTRAL,MUTIRA PRIMARY SCHOOL
Kirinyaga,KIRINYAGA CENTRAL,MUTITU
Kirinyaga,KIRINYAGA CENTRAL,MUTUMA
Kirinyaga,KIRINYAGA CENTRAL,NGARU
Kirinyaga,KIRINYAGA CENTRAL,NJEGA7
Kirinyaga,KIRINYAGA CENTRAL,ST JOSEPHS
Kirinyaga,KIRINYAGA CENTRAL,ST MICHAEL GIRLS KERUGOYA
Kirinyaga,KIRINYAGA CENTRAL,THAITA
Kirinyaga,KIRINYAGA CENTRAL,WAIGIRI
Kirinyaga,KIRINYAGA EAST,ARCHBISHOP GITARI BOARDING
Kirinyaga,KIRINYAGA EAST,GACATHA
Kirinyaga,KIRINYAGA EAST,GACIONGO
Kirinyaga,KIRINYAGA EAST,GATUGURA
Kirinyaga,KIRINYAGA EAST,GATUNGURU
Kirinyaga,KIRINYAGA EAST,GICONJO INI SCH
Kirinyaga,KIRINYAGA EAST,GIKUMBO
Kirinyaga,KIRINYAGA EAST,GITHAGE
Kirinyaga,KIRINYAGA EAST,GITHURE
Kirinyaga,KIRINYAGA EAST,GITUBA
Kirinyaga,KIRINYAGA EAST,GUAMA
Kirinyaga,KIRINYAGA EAST,KABARE BOYS
Kirinyaga,KIRINYAGA EAST,KANJUU
Kirinyaga,KIRINYAGA EAST,KARIRU
Kirinyaga,KIRINYAGA EAST,KARUCHO
Kirinyaga,KIRINYAGA EAST,KARUMANDI SOUTH
Kirinyaga,KIRINYAGA EAST,KATHUNGURI
Kirinyaga,KIRINYAGA EAST,KAVOTE
Kirinyaga,KIRINYAGA EAST,KIAMBATHA
Kirinyaga,KIRINYAGA EAST,KIAMICIRI
Kirinyaga,KIRINYAGA EAST,KIAMUGUMO
Kirinyaga,KIRINYAGA EAST,KIAMWATHI
Kirinyaga,KIRINYAGA EAST,KIANDAI
Kirinyaga,KIRINYAGA EAST,KIANGUENYI
Kirinyaga,KIRINYAGA EAST,KIANJIRU
Kirinyaga,KIRINYAGA EAST,KIANYAMBO
Kirinyaga,KIRINYAGA EAST,KIATHI
Kirinyaga,KIRINYAGA EAST,KIAUMBUI
Kirinyaga,KIRINYAGA EAST,KIBARO
Kirinyaga,KIRINYAGA EAST,KIBURIA
Kirinyaga,KIRINYAGA EAST,KIMUNYE
Kirinyaga,KIRINYAGA EAST,MBURI CHRISTIAN
Kirinyaga,KIRINYAGA EAST,MUCAGARA PRI SCHOOL
Kirinyaga,KIRINYAGA EAST,MUGUMO
Kirinyaga,KIRINYAGA EAST,MWANIANJAU
Kirinyaga,KIRINYAGA EAST,NGARIAMA
Kirinyaga,KIRINYAGA EAST,NGIRIAMBU
Kirinyaga,KIRINYAGA EAST,NGUNGU
Kirinyaga,KIRINYAGA EAST,NYAGITHUCI
Kirinyaga,KIRINYAGA EAST,NYANJA
Kirinyaga,KIRINYAGA EAST,RAIMU
Kirinyaga,KIRINYAGA EAST,RUKENYA
Kirinyaga,KIRINYAGA EAST,RWAMBITI
Kirinyaga,KIRINYAGA EAST,ST ANDREWS KABARE GIRLS
Kirinyaga,KIRINYAGA WEST,GACHARU
Kirinyaga,KIRINYAGA WEST,GAKINDU
Kirinyaga,KIRINYAGA WEST,GATHAMBI
Kirinyaga,KIRINYAGA WEST,GATHUTHINI
Kirinyaga,KIRINYAGA WEST,GETUYA
Kirinyaga,KIRINYAGA WEST,GITHUANI
Kirinyaga,KIRINYAGA WEST,KABONGE
Kirinyaga,KIRINYAGA WEST,KAHIRO
Kirinyaga,KIRINYAGA WEST,KAHUHOINI
Kirinyaga,KIRINYAGA WEST,KAIRIINI
Kirinyaga,KIRINYAGA WEST,KAIRUNGU
Kirinyaga,KIRINYAGA WEST,KARIMA
Kirinyaga,KIRINYAGA WEST,KARIMAINI
Kirinyaga,KIRINYAGA WEST,KATHAKA
Kirinyaga,KIRINYAGA WEST,KIANDANGAE
Kirinyaga,KIRINYAGA WEST,KIANGAI
Kirinyaga,KIRINYAGA WEST,KIANGOMA
Kirinyaga,KIRINYAGA WEST,KIANJEGE
Kirinyaga,KIRINYAGA WEST,KIANWE
Kirinyaga,KIRINYAGA WEST,KIARAGANA
Kirinyaga,KIRINYAGA WEST,KIBIRIGWI
Kirinyaga,KIRINYAGA WEST,KIBIRIGWI SPECIAL
Kirinyaga,KIRINYAGA WEST,KIBURU
Kirinyaga,KIRINYAGA WEST,KIINE
Kirinyaga,KIRINYAGA WEST,KIRIKO
Kirinyaga,KIRINYAGA WEST,LOWER BARICHO
Kirinyaga,KIRINYAGA WEST,LOWER SAGANA
Kirinyaga,KIRINYAGA WEST,MATHIA
Kirinyaga,KIRINYAGA WEST,MUKANGU
Kirinyaga,KIRINYAGA WEST,MUKUI
Kirinyaga,KIRINYAGA WEST,MURAGARA
Kirinyaga,KIRINYAGA WEST,NDIGARU
Kirinyaga,KIRINYAGA WEST,NDIRITI
Kirinyaga,KIRINYAGA WEST,SAGANA MUSLIM
Kirinyaga,KIRINYAGA WEST,ST AGNES
Kirinyaga,KIRINYAGA WEST,THANJU
Kirinyaga,KIRINYAGA WEST,THUMAITA WEST
Kirinyaga,KIRINYAGA WEST,THUNGURI
Kirinyaga,KIRINYAGA WEST,UPPER BARICHO
Kirinyaga,KIRINYAGA WEST,UPPER SAGANA
Kirinyaga,MWEA EAST,AHITI NDOMBA
Kirinyaga,MWEA EAST,DIFATHAS
Kirinyaga,MWEA EAST,GAKUU
Kirinyaga,MWEA EAST,GATHIGIINI
Kirinyaga,MWEA EAST,GATHIGIRIRI
Kirinyaga,MWEA EAST,GOLD
Kirinyaga,MWEA EAST,IKURUNGU
Kirinyaga,MWEA EAST,ISHANGI
Kirinyaga,MWEA EAST,ITANGI
Kirinyaga,MWEA EAST,ITHIGA RIA NJUKI
Kirinyaga,MWEA EAST,KADAWA
Kirinyaga,MWEA EAST,KAMUCEGE
Kirinyaga,MWEA EAST,KARUANGI
Kirinyaga,MWEA EAST,KIAMANYEKI
Kirinyaga,MWEA EAST,KIARUKUNGU
Kirinyaga,MWEA EAST,KIMBIMBI
Kirinyaga,MWEA EAST,KIORUGARI
Kirinyaga,MWEA EAST,KIRIKO
Kirinyaga,MWEA EAST,KIROGO
Kirinyaga,MWEA EAST,KITHIRITI
Kirinyaga,MWEA EAST,KIUMBU INI
Kirinyaga,MWEA EAST,KUTUS
Kirinyaga,MWEA EAST,MATHANGAUTA
Kirinyaga,MWEA EAST,MATHIGA
Kirinyaga,MWEA EAST,MUGAMBACIURA
Kirinyaga,MWEA EAST,MUMBUINI
Kirinyaga,MWEA EAST,MURINDUKO
Kirinyaga,MWEA EAST,MURUBARA
Kirinyaga,MWEA EAST,MUTATUINI
Kirinyaga,MWEA EAST,MUTUNGARA
Kirinyaga,MWEA EAST,NDINDIRUKU
Kirinyaga,MWEA EAST,NGUCUI
Kirinyaga,MWEA EAST,NGURUBANI
Kirinyaga,MWEA EAST,NYAMINDI
Kirinyaga,MWEA EAST,NYANGATI
Kirinyaga,MWEA EAST,RUPINGAZI
Kirinyaga,MWEA EAST,RUPINGAZI
Kirinyaga,MWEA EAST,ST. PAUL KUTUS
Kirinyaga,MWEA EAST,TOGONYE
Kirinyaga,MWEA EAST,URUMANDI
Kirinyaga,MWEA WEST,ALLAMANO MIANYA
Kirinyaga,MWEA WEST,CIAGIINI
Kirinyaga,MWEA WEST,GITOO INI
Kirinyaga,MWEA WEST,KAGIO
Kirinyaga,MWEA WEST,KAMINJI
Kirinyaga,MWEA WEST,KANDONGU
Kirinyaga,MWEA WEST,KANGAI
Kirinyaga,MWEA WEST,KANGARU
Kirinyaga,MWEA WEST,KANGURE
Kirinyaga,MWEA WEST,KARIRA
Kirinyaga,MWEA WEST,KIANDEGWA
Kirinyaga,MWEA WEST,KINYAGA
Kirinyaga,MWEA WEST,KIRWARA
Kirinyaga,MWEA WEST,KOMBUINI
Kirinyaga,MWEA WEST,MBUINJERU
Kirinyaga,MWEA WEST,NDABA
Kirinyaga,MWEA WEST,NDOROME
Kirinyaga,MWEA WEST,NGANGA PRI SCHOOL
Kirinyaga,MWEA WEST,NGOTHI
Kirinyaga,MWEA WEST,NGUKA
Kirinyaga,MWEA WEST,NYAIKUNGU
Kirinyaga,MWEA WEST,RIANDIRA
Kirinyaga,MWEA WEST,RUKANGA
Kirinyaga,MWEA WEST,RURII PRIMARY
Kirinyaga,MWEA WEST,RWANGONDU
Kirinyaga,MWEA WEST,ST MARYS BORDING
Kirinyaga,MWEA WEST,ST. ANTHONY ACADEMY
Kirinyaga,MWEA WEST,THIBA
Kirinyaga,MWEA WEST,THOME
Kirinyaga,MWEA WEST,WAKANIU
Kirinyaga,MWEA WEST,Wamumu Rehab
County,Sub County,School Name
Kisii,GUCHA,BOMBABA DOK
Kisii,GUCHA,BORANGI PAG
Kisii,GUCHA,BUYONGE DEB
Kisii,GUCHA,EGETUKI DOK
Kisii,GUCHA,GAKERO DEB
Kisii,GUCHA,GAKERO SDA
Kisii,GUCHA,GETARE
Kisii,GUCHA,GETUKI DEB
Kisii,GUCHA,GITONO
Kisii,GUCHA,ITABAGO
Kisii,GUCHA,ITARE
Kisii,GUCHA,KARUNGU DEB
Kisii,GUCHA,KEBERE DEB
Kisii,GUCHA,KIMAI
Kisii,GUCHA,KINENI PEFA
Kisii,GUCHA,MACHONGO PAG
Kisii,GUCHA,MANGERE
Kisii,GUCHA,MAROBA
Kisii,GUCHA,MATAGARO SDA BOARDING
Kisii,GUCHA,NTAMOCHA DEB
Kisii,GUCHA,NYABURUMBASI
Kisii,GUCHA,NYAGENKE DEB
Kisii,GUCHA,NYAGESA ELCK
Kisii,GUCHA,NYAMAONDE DEB
Kisii,GUCHA,NYAMASEBE ELCK
Kisii,GUCHA,NYAMASEGE
Kisii,GUCHA,NYAMBOGA
Kisii,GUCHA,NYAMIOBO DOK
Kisii,GUCHA,NYAMIOBO SDA
Kisii,GUCHA,NYAMONYO SDA
Kisii,GUCHA,NYAMORONGA DOK
Kisii,GUCHA,NYANSAKIA II DOK
Kisii,GUCHA,NYANSARA
Kisii,GUCHA,NYANTOGO
Kisii,GUCHA,NYARENDA DEB
Kisii,GUCHA,NYATARO II
Kisii,GUCHA,OUR LADY OF LOURDES SENGERA GIRLS
Kisii,GUCHA,RIAGONGERA DEB
Kisii,GUCHA,RIANYAKWARA
Kisii,GUCHA,RIONCHOGU DEB
Kisii,GUCHA,ST DON BOSCO BOYS
Kisii,GUCHA,TENDERE
Kisii,GUCHA,TUNTA DEB
Kisii,GUCHA SOUTH,AYORA
Kisii,GUCHA SOUTH,BOGICHONCHO
Kisii,GUCHA SOUTH,BOGISERO GETEMBE
Kisii,GUCHA SOUTH,BOKIMAI SDA
Kisii,GUCHA SOUTH,BOMONYAMA
Kisii,GUCHA SOUTH,BOMWARE PRIMARY SCHOOL
Kisii,GUCHA SOUTH,BONYANCHA JUNIOR ACADEMY
Kisii,GUCHA SOUTH,BOSAGA DOK
Kisii,GUCHA SOUTH,Ebinyinyi
Kisii,GUCHA SOUTH,EBURI DOK
Kisii,GUCHA SOUTH,Egetonto
Kisii,GUCHA SOUTH,EKERONGO
Kisii,GUCHA SOUTH,EMESA
Kisii,GUCHA SOUTH,ENGETI C.O.G
Kisii,GUCHA SOUTH,ENGOU DOK
Kisii,GUCHA SOUTH,ENSOKO
Kisii,GUCHA SOUTH,ENTANDA
Kisii,GUCHA SOUTH,ESAKA DOK
Kisii,GUCHA SOUTH,ETAGO DOK
Kisii,GUCHA SOUTH,GEKONGO DOK
Kisii,GUCHA SOUTH,GESONSO DOK
Kisii,GUCHA SOUTH,GETONO SDA
Kisii,GUCHA SOUTH,GOTICHAKI
Kisii,GUCHA SOUTH,IBENCHO
Kisii,GUCHA SOUTH,ICHUNI SDA
Kisii,GUCHA SOUTH,IGARE DEB
Kisii,GUCHA SOUTH,IKOBA
Kisii,GUCHA SOUTH,IRINGA
Kisii,GUCHA SOUTH,KABONYO
Kisii,GUCHA SOUTH,KARUNGU DEB PRI
Kisii,GUCHA SOUTH,KEBABE DEB
Kisii,GUCHA SOUTH,KEBURANCHOGU
Kisii,GUCHA SOUTH,KEBURUNGA
Kisii,GUCHA SOUTH,KENORIA
Kisii,GUCHA SOUTH,KENUNCHI
Kisii,GUCHA SOUTH,KENYORO
Kisii,GUCHA SOUTH,KIAGWARE
Kisii,GUCHA SOUTH,Kiasobera
Kisii,GUCHA SOUTH,KIENDEGE
Kisii,GUCHA SOUTH,KIMAI ENKORA
Kisii,GUCHA SOUTH,KIOGOSI
Kisii,GUCHA SOUTH,KIOMABUNDU
Kisii,GUCHA SOUTH,KIORINA
Kisii,GUCHA SOUTH,KIORORI
Kisii,GUCHA SOUTH,MAKARA
Kisii,GUCHA SOUTH,MAKONGENI SDA
Kisii,GUCHA SOUTH,MANYWANDA A
Kisii,GUCHA SOUTH,MANYWANDA B
Kisii,GUCHA SOUTH,MARIWA PEFA
Kisii,GUCHA SOUTH,MARONGO
Kisii,GUCHA SOUTH,MAROO DEB
Kisii,GUCHA SOUTH,MATANGAMANO DEB
Kisii,GUCHA SOUTH,MESARIA
Kisii,GUCHA SOUTH,MESOCHO
Kisii,GUCHA SOUTH,METABURO DOK
Kisii,GUCHA SOUTH,MOGUMO DEB
Kisii,GUCHA SOUTH,MONIANKU
Kisii,GUCHA SOUTH,MOSACHE SDA
Kisii,GUCHA SOUTH,MOTICHO SDA
Kisii,GUCHA SOUTH,MUMA SDA
Kisii,GUCHA SOUTH,NCHORO
Kisii,GUCHA SOUTH,NDONYO DEB
Kisii,GUCHA SOUTH,NDURU
Kisii,GUCHA SOUTH,NYABERA
Kisii,GUCHA SOUTH,NYABIGEGE
Kisii,GUCHA SOUTH,NYABIGENA DOK
Kisii,GUCHA SOUTH,NYABIKONDO SDA
Kisii,GUCHA SOUTH,NYABINE DOK
Kisii,GUCHA SOUTH,NYABIOSI MARANATHA
Kisii,GUCHA SOUTH,NYABIOSI SDA
Kisii,GUCHA SOUTH,NYABISASE DEB
Kisii,GUCHA SOUTH,NYABITUNWABINE
Kisii,GUCHA SOUTH,NYACHENGE ELCK
Kisii,GUCHA SOUTH,NYAGICHENCHE SDA
Kisii,GUCHA SOUTH,NYAKEMBENE
Kisii,GUCHA SOUTH,NYAKEYO
Kisii,GUCHA SOUTH,NYAKORERE M F A
Kisii,GUCHA SOUTH,NYAKORERE PAG
Kisii,GUCHA SOUTH,NYAMONARIA
Kisii,GUCHA SOUTH,NYAMONDO
Kisii,GUCHA SOUTH,NYAMUE
Kisii,GUCHA SOUTH,NYANDIWA SDA
Kisii,GUCHA SOUTH,NYANGWETA DOK
Kisii,GUCHA SOUTH,NYANGWETA SDA B
Kisii,GUCHA SOUTH,NYANSEMBE DOK
Kisii,GUCHA SOUTH,NYASASA SDA
Kisii,GUCHA SOUTH,NYATWONI SDA
Kisii,GUCHA SOUTH,OMOGWA
Kisii,GUCHA SOUTH,ORWAKI
Kisii,GUCHA SOUTH,OTENDO ELCK
Kisii,GUCHA SOUTH,RANGETI SDA
Kisii,GUCHA SOUTH,RIAGUMO DEB
Kisii,GUCHA SOUTH,RIANYAMARI
Kisii,GUCHA SOUTH,RIASUTA SDA
Kisii,GUCHA SOUTH,RIGENA SDA
Kisii,GUCHA SOUTH,RIONSATA SDA
Kisii,GUCHA SOUTH,RIOSIRI SDA
Kisii,GUCHA SOUTH,RUMA DOK
Kisii,GUCHA SOUTH,RWORA DEB PRIMARY
Kisii,GUCHA SOUTH,SAE
Kisii,GUCHA SOUTH,SARE
Kisii,GUCHA SOUTH,ST MARK RITARO
Kisii,GUCHA SOUTH,ST MICHAEL OMOGUMO
Kisii,GUCHA SOUTH,TABAKA BOYS DOK
Kisii,GUCHA SOUTH,TABAKA DEB
Kisii,GUCHA SOUTH,TABAKA GIRLS
Kisii,KENYENYA,245052053
Kisii,KENYENYA,AMATAGARO PRIMARY
Kisii,KENYENYA,BENDERA
Kisii,KENYENYA,(adsbygoogle = window.adsbygoogle || []).push({});
