Serial_No,School_Code,School_Name,Category,Type,Cluster
2,01100004,BURA GIRLS,National,Girls,C1
3,03100001,MAMA NGINA GIRLS,National,Girls,C1
4,04100002,RIBE BOYS,National,Boys,C1
5,08200007,KAGUMO HIGH,National,Boys,C1
6,10200008,MURANGA HIGH,National,Boys,C1
7,12300001,MACHAKOS BOYS,National,Boys,C1
8,13300005,MUTHALE GIRLS,National,Girls,C1
9,14300006,MOI HIGH MBIRURI,National,Boys,C1
10,15300002,MERU SCHOOL,National,Boys,C1
11,18300003,MAKUENI BOYS,National,Boys,C1
12,19300004,CHOGORIA GIRLS,National,Girls,C1
13,20400006,PANGANI GIRLS,National,Girls,C1
14,23500003,ST BRIGIDS KIMININI,National,Girls,C1
15,24500004,ST.THERESA'S TARTAR GIRLS SECONDARY SCHOOL,National,Girls,C1
16,28500005,KIPSIGIS GIRLS' HIGH SCHOOL,National,Girls,C1
17,29500006,KAPSABET BOYS,National,Boys,C1
18,31500011,MOI GIRLS ISINYA,National,Girls,C1
19,34500010,ST PATRICK ITEN,National,Boys,C1
20,36600002,LUGULU GIRLS,National,Girls,C1
21,36600004,FRIENDS KAMUSINGA,National,Boys,C1
22,37600001,KAKAMEGA SCHOOL,National,Boys,C1
23,38600003,BUNYORE GIRLS,National,Girls,C1
24,40700002,KISII HIGH,National,Boys,C1
25,40700003,NYABURURU GIRLS,National,Girls,C1
27,42700005,MARANDA HIGH,National,Boys,C1
28,44700006,KANGA HIGH,National,Boys,C1
29,45800001,GARISSA HIGH,National,Boys,C1
31,05100009,HOLA BOYS SECONDARY SCHOOL,National,Boys,C2
32,05100010,NGAO GIRLS SECONDARY SCHOOL,National,Girls,C2
33,06100011,LAMU GIRLS SECONDARY SCHOOL,National,Girls,C2
34,06100012,MPEKETONI SECONDARY SCHOOL,National,Boys,C2
35,07200014,NYANDARUA HIGH SCHOOL,National,Mixed,C2
36,12300013,KATHIANI GIRLS SCHOOL,National,Girls,C2
37,16300014,MOYALE SECONDARY SCHOOL,National,Boys,C2
38,17300015,GARBATULA HIGH SCHOOL,National,Boys,C2
39,18300016,MBOONI GIRLS,National,Girls,C2
40,21500021,TURKANA GIRLS' SECONDARY SCHOOL,National,Girls,C2
41,22500024,KISIMA GIRLS HIGH SCHOOL,National,Girls,C2
42,24500022,CHEWOYET HIGH SCHOOL,National,Boys,C2
43,25500023,TENWEK HIGH SCHOOL,National,Boys,C2
44,28500006,KABIANGA HIGH SCHOOL,National,Boys,C2
45,29500025,ST. JOSEPH'S GIRLS - CHEPTERIT,National,Girls,C2
46,30500021,NANYUKI HIGH SCHOOL,National,Boys,C2
47,31500026,OLOOLAISER HIGH SCHOOL,National,Boys,C2
48,35600008,S.A. KOLANYA GIRLS SECONDARY SCHOOL,National,Girls,C2
49,43700012,SIRONGA GIRLS HIGH SCHOOL,National,Girls,C2
50,44700011,MOI NYABOHANSE GIRLS HIGH SCHOOL,National,Girls,C2
51,46800003,WAJIR HIGH SCHOOL,National,Boys,C2
52,46800004,WAJIR GIRLS SECONDARY SCHOOL,National,Girls,C2
53,47800005,MANDERA SECONDARY SCHOOL,National,Boys,C2
56,11200002,ALLIANCE GIRLS' HIGH SCHOOL,National,Girls,C3
57,11200003,MANGU HIGH SCHOOL,National,Boys,C3
58,11200004,LIMURU GIRLS' SCHOOL,National,Girls,C3
59,11200005,LORETO HIGH SCHOOL LIMURU,National,Girls,C3
60,11200006,MARYHILL GIRLS HIGH SCHOOL,National,Girls,C3
61,20400001,LENANA SCHOOL,National,Boys,C3
62,20400002,NAIROBI SCHOOL,National,Boys,C3
63,20400003,THE KENYA HIGH SCHOOL,National,Girls,C3
64,20400004,STAREHE BOYS' CENTRE & SCHOOL,National,Boys,C3
65,20400008,MOI FORCES ACADEMY - NAIROBI,National,Boys,C3
66,20400009,STAREHE GIRLS' CENTRE,National,Girls,C3
67,26500001,MOI GIRLS' HIGH SCHOOL- ELDORET,National,Girls,C3
68,27500002,NAKURU HIGH SCHOOL,National,Boys,C3
69,27500007,MOI FORCES ACADEMY LANET,National,Girls,C3
70,27500008,UTUMISHI BOYS ACADEMY,National,Boys,C3
71,27500009,NAKURU GIRLS' HIGH SCHOOL,National,Girls,C3
72,39700001,MASENO SCHOOL,National,Boys,C3
74,02100006,MATUGA GIRLS HIGH SCHOOL,National,Girls,C4
75,03100007,SHIMO-LA-TEWA SCHOOL,National,Boys,C4
76,07200009,KARIMA GIRLS,National,Girls,C4
77,08200010,BISHOP GATIMU NGANDU GIRLS HIGH SCHOOL,National,Girls,C4
78,09200011,KABARE GIRLS' HIGH SCHOOL,National,Girls,C4
79,09200012,BARICHO HIGH SCHOOL,National,Boys,C4
80,10200013,MUGOIRI GIRLS HIGH SCHOOL,National,Girls,C4
81,13300007,KITUI HIGH,National,Boys,C4
83,15300012,ST. MARY'S GIRLS HIGH SCHOOL IGOJI,National,Girls,C4
84,16300008,MOI GIRLS SECONDARY SCHOOL-MARSABIT,National,Girls,C4
85,17300009,ISIOLO GIRLS HIGH SCHOOL,National,Girls,C4
86,19300010,IKUU BOYS HIGH SCHOOL,National,Boys,C4
87,21500012,LODWAR BOYS HIGH SCHOOL,National,Boys,C4
88,22500013,MARALAL HIGH SCHOOL,National,Boys,C4
89,23500014,ST. JOSEPH'S BOYS HIGH SCHOOL - KITALE,National,Boys,C4
90,25500019,KAPLONG GIRLS SECONDARY SCHOOL,National,Girls,C4
91,30500020,NJONJO GIRLS HIGH SCHOOL,National,Girls,C4
92,32500015,OLE TIPIS GIRLS SECONDARY SCHOOL,National,Girls,C4
93,32500016,KILGORIS BOYS SECONDARY SCHOOL,National,Boys,C4
94,33500018,BARINGO BOYS HIGH SCHOOL,National,Boys,C4
95,34500017,MOI KAPSOWAR GIRLS,National,Girls,C4
96,35600007,BUTULA BOYS HIGH SCHOOL,National,Boys,C4
97,37600005,BUTERE GIRLS HIGH SCHOOL,National,Girls,C4
98,38600006,CHAVAKALI HIGH SCHOOL,National,Boys,C4
99,39700009,KISUMU GIRLS HIGH SCHOOL,National,Girls,C4
100,41700010,MBITA HIGH SCHOOL,National,Boys,C4
101,42700007,NGIYA GIRLS HIGH SCHOOL,National,Girls,C4
102,43700008,NYAMBARIA HIGH SCHOOL,National,Boys,C4
103,45800002,NEP GIRLS HIGH,National,Girls,C4
105,03108115,THE SALVATION ARMY LIKONI HIGH FOR THE VISUALLY IM,National,Mixed,CS
106,03126103,M.S.S FOR THE PHYSICALLY HANDICAPPED,National,Boys,CS
107,04102116,PWANI SECONDARY/VOCATIONAL SCHOOL FOR THE DEAF,National,Mixed,CS
108,04125131,SAHAJANAND SPECIAL SCHOOL-CENTRE OF EXCELLENCE,National,Mixed,CS
109,08219116,REV. MUHORO SCHOOL FOR THE DEAF,National,Mixed,CS
111,11207105,S.A. JOYTOWN SECONDARY SCHOOL FOR PH,National,Mixed,CS
112,11207106,S.A. HIGH SCHOOL FOR THE BLIND,National,Mixed,CS
113,11232113,PCEA KAMBUI SCHOOL FOR HEARING IMPAIRED,National,Mixed,CS
114,12301796,MACHAKOS SECONDARY SCHOOL FOR THE DEAF,National,Mixed,CS
115,14312122,ACK MARY MAGDALENE HIGH SCHOOL FOR THE DEAF,National,Mixed,CS
116,15319324,ST. LUCY'S HIGH SCHOOL FOR THE VISUALLY IMPAIRED,National,Mixed,CS
117,20407056,KASARANI TREESIDE SECONDARY SCHOOL FOR THE DEAF,National,Mixed,CS
118,24505117,ST. FRANCIS SECONDARY SCHOOL FOR THE VISUALLY IMPA,National,Mixed,CS
119,25533120,ST. KIZITO SECONDARY SCHOOL FOR THE HEARING IMPAIR,National,Girls,CS
120,27511533,NGALA SECONDARY SCHOOL FOR THE DEAF,National,Mixed,CS
121,28522542,ST.PAUL'S CHARERA SPECIAL HIGH SCHOOL,National,Mixed,CS
122,28571104,KEDOWA SPECIAL SECONDARY SCHOOL,National,Mixed,CS
123,29513104,KAPSABET SECONDARY SCHOOL FOR THE DEAF,National,Mixed,CS
124,35620109,ST. BRIDGIT AKOREET SECONDARY AND VOCATIONAL TRAIN,National,Mixed,CS
125,36612116,NALONDO CBM SECONDARY FOR PHYSICALLY HANDCAPPED,National,Mixed,CS
126,36628147,JOYVALLEY S.A SPECIAL SECONDARY SCHOOLFOR P.H,National,Mixed,CS
127,37617206,ST. ANGELA MUMIAS VOCATIONAL SCHOOL FOR DEAF,National,Girls,CS
128,37625123,ACK EMATUNDU BOYS SECONDARY/VOCATIONAL SCHOOL,National,Boys,CS
129,38633221,ST. CLARE EBUKUYA SECONDARY SCHOOL FOR HEARING IMP,National,Mixed,CS
130,39733224,ST. GEORGE SPECIAL SECONDARY SCHOOL,National,Mixed,CS
131,39734313,KIBOS VISUALLY IMPARED SECONDARY,National,Mixed,CS
132,39741015,JOYLAND SPECIAL SECONDARY SCHOOL,National,Mixed,CS
133,40703418,GIANCHERE FRIENDS SEC/VOC FOR THE HEARING IMPAIRED,National,Mixed,CS
134,42712113,NICO HAUSER SPECIAL SCHOOL FOR THE VISUALLY IMPAIR,National,Mixed,CS
135,42712208,FR. OUDERAA SEC. SCHOOL FOR THE HEARING IMPAIRED,National,Mixed,CS
136,44717106,KUJA SPECIAL SCHOOL FOR THE DEAF,National,Mixed,CS
137,46802016,WAJIR SPECIAL SECONDARY FOR THE DEAF,National,Mixed,CS
139,01101201,ST. MARY'S HIGH SCHOOL LUSHANGONYI,Extra County,Boys,C1
140,01114102,MURRAY GIRLS' HIGH SCHOOL,Extra County,Girls,C1
141,01114301,MWASERE GIRLS' SECONDARY SCHOOL,Extra County,Girls,C1
142,01115101,VOI SECONDARY SCHOOL,Extra County,Boys,C1
143,02127102,MAZERAS HIGH SCHOOL,Extra County,Boys,C1
144,04107101,MALINDI HIGH SCHOOL,Extra County,Boys,C1
145,04122103,KOMBENI GIRLS SECONDARY SCHOOL,Extra County,Girls,C1
146,04122105,RIBE GIRLS SECONDARY SCHOOL,Extra County,Girls,C1
147,04129201,LUTSANGANI BOYS SECONDARY SCHOOL,Extra County,Boys,C1
148,06130101,LAMU BOYS SECONDARY SCHOOL,Extra County,Boys,C1
149,07214101,NYAHURURU HIGH SCHOOL,Extra County,Boys,C1
150,07215202,WANJOHI SECONDARY SCHOOL,Extra County,Girls,C1
151,07216101,NJABINI BOYS HIGH SCHOOL,Extra County,Boys,C1
152,07216108,MT KINANGOP GIRLS' SECONDARY SCHOOL,Extra County,Girls,C1
153,08202001,NYERI HIGH SCHOOL,Extra County,Boys,C1
154,08202007,GIAKANJA SECONDARY SCHOOL,Extra County,Boys,C1
155,08210201,NAROMORU GIRLS SECONDARY SCHOOL,Extra County,Girls,C1
156,08217101,KANJURI HIGH SCHOOL,Extra County,Boys,C1
157,08217202,KIRIMARA HIGH SCHOOL,Extra County,Boys,C1
158,08218102,TUMUTUMU GIRLS' HIGH SCHOOL,Extra County,Girls,C1
159,08219101,SOUTH TETU GIRLS' HIGH SCHOOL,Extra County,Girls,C1
160,08219103,"ST BONAVENTURE,KAHETI BOYS HIGH SCHOOL",Extra County,Boys,C1
161,08220301,ST. BAKHITA GATARAGWA GIRLS HIGH SCHOOL,Extra County,Girls,C1
162,08221301,KANGUBIRI GIRLS HIGH SCHOOL,Extra County,Girls,C1
163,08237001,KARIMA BOYS' HIGH SCHOOL,Extra County,Boys,C1
164,08237002,OUR LADY OF FATIMA CHINGA GIRLS SECONDARY SCHOOL,Extra County,Girls,C1
166,08237004,CHINGA BOYS HIGH SCHOOL,Extra County,Boys,C1
167,08237005,OTHAYA BOYS HIGH SCHOOL,Extra County,Boys,C1
168,08237009,OTHAYA GIRLS SECONDARY SCHOOL,Extra County,Girls,C1
169,08237012,MAHIGA GIRLS SECONDARY SCHOOL,Extra County,Girls,C1
170,09203401,KERUGOYA BOYS HIGH SCHOOL,Extra County,Boys,C1
171,09203402,KERUGOYA GIRLS HIGH SCHOOL,Extra County,Girls,C1
172,09203403,KAMUIRU SECONDARY SCHOOL,Extra County,Boys,C1
173,09203405,MUTIRA GIRLS SECONDARY SCHOOL,Extra County,Girls,C1
174,09222201,KIANYAGA HIGH SCHOOL,Extra County,Boys,C1
175,09222204,ST. BAKHITA KIBURIA GIRLS' SECONDARY SCHOOL,Extra County,Girls,C1
176,09222301,NGIRIAMBU GIRLS SECONDARY SCHOOL,Extra County,Girls,C1
177,09222303,KIAMUTUGU BOYS HIGH SCHOOL,Extra County,Boys,C1
178,09224201,KAROTI GIRLS HIGH SCHOOL,Extra County,Girls,C1
179,10204102,MUMBI GIRLS' HIGH SCHOOL,Extra County,Girls,C1
180,10208201,KAMAHUHA GIRLS HIGH SCHOOL,Extra County,Girls,C1
181,10226201,GITHUMU HIGH SCHOOL,Extra County,Boys,C1
182,10226210,NG'ARARIA GIRLS SECONDARY SCHOOL,Extra County,Girls,C1
183,10226211,NAARO HIGH SCHOOL,Extra County,Mixed,C1
184,10226216,GAICHANJIRU HIGH SCHOOL,Extra County,Boys,C1
185,10226217,GITHUNGURI GIRLS HIGH SCHOOL,Extra County,Girls,C1
186,10226227,RUCHU GIRLS SECONDARY SCHOOL,Extra County,Girls,C1
187,10227301,NJIIRI SCHOOL,Extra County,Boys,C1
188,10228101,NJUMBI HIGH SCHOOL,Extra County,Boys,C1
189,10228301,GITUGI GIRLS HIGH SCHOOL,Extra County,Girls,C1
190,10228401,KIRIA-INI GIRLS SECONDARY SCHOOL,Extra County,Girls,C1
191,10229101,KANGEMA HIGH SCHOOL,Extra County,Boys,C1
192,10234401,GATANGA GIRLS' SECONDARY SCHOOL,Extra County,Girls,C1
194,10238101,KAHUHIA GIRLS' HIGH SCHOOL,Extra County,Girls,C1
195,10238103,WEITHAGA BOYS SECONDARY,Extra County,Boys,C1
196,10238114,KIAGUTHU BOYS SECONDARY SCHOOL,Extra County,Boys,C1
197,11205101,KANUNGA HIGH SCHOOL,Extra County,Boys,C1
198,11205108,LORETO GIRLS HIGH SCHOOL KIAMBU,Extra County,Girls,C1
199,11205201,ST. ANNE'S SECONDARY SCHOOL-LIOKI,Extra County,Girls,C1
200,11205204,KIAMBU HIGH SCHOOL,Extra County,Boys,C1
201,11207101,THIKA HIGH SCHOOL,Extra County,Boys,C1
202,11207102,CHANIA BOYS' HIGH SCHOOL,Extra County,Boys,C1
203,11207108,CHANIA GIRLS' HIGH SCHOOL,Extra County,Girls,C1
204,11212101,MUHOHO HIGH,Extra County,Boys,C1
205,11231102,PRECIOUS BLOOD KAGWE GIRLS SECONDARY SCHOOL,Extra County,Girls,C1
206,11231207,KIJABE BOYS HIGH SCHOOL,Extra County,Boys,C1
207,11231208,KIJABE GIRLS HIGH SCHOOL,Extra County,Girls,C1
208,11236101,ST.FRANCIS GIRLS HIGH SCHOOL (MANG'U),Extra County,Girls,C1
209,11240106,SENIOR CHIEF KOINANGE GIRLS HIGH SCHOOL,Extra County,Girls,C1
210,11241001,MARY LEAKEY GIRLS' HIGH SCHOOL,Extra County,Girls,C1
211,12301702,MACHAKOS GIRLS' HIGH SCHOOL,Extra County,Girls,C1
212,12301703,MUMBUNI HIGH SCHOOL,Extra County,Boys,C1
213,12301734,MUMBUNI GIRLS' SCHOOL,Extra County,Girls,C1
214,12314103,MUTHETHENI GIRLS' SECONDARY SCHOOL,Extra County,Girls,C1
215,12314106,VYULYA GIRLS' SECONDARY SCHOOL,Extra County,Girls,C1
216,12314201,KABAA HIGH SCHOOL,Extra County,Boys,C1
217,12316101,KANGUNDO HIGH SCHOOL,Extra County,Boys,C1
218,12316104,ST. FRANCIS MISYANI GIRLS HIGH SCHOOL,Extra County,Girls,C1
219,12343301,MASINGA BOYS SECONDARY SCHOOL,Extra County,Boys,C1
220,12343302,ST. JOSEPHINE BAKHITA MASINGA GIRLS' HIGH SCHOOL,Extra County,Girls,C1
222,12345508,TALA GIRLS SECONDARY SCHOOL,Extra County,Girls,C1
223,13302102,ST CHARLES LWANGA SCHOOL,Extra County,Boys,C1
224,13302103,ST. ANGELA'S GIRLS SECONDARY SCHOOL,Extra County,Girls,C1
225,13302108,ST.MONICA GIRLS MULUTU SECONDARY SCHOOL,Extra County,Girls,C1
226,13310102,MWINGI SECONDARY SCHOOL,Extra County,Boys,C1
227,13317101,MUTOMO GIRLS SECONDARY SCHOOL,Extra County,Girls,C1
228,13328101,KYUSO SECONDARY SCHOOL,Extra County,Boys,C1
229,13331201,MUTONGUNI SECONDARY SCHOOL,Extra County,Boys,C1
230,13331205,KYONDONI GIRLS SECONDARY SCHOOL,Extra County,Girls,C1
231,13339102,MIGWANI SECONDARY SCHOOL,Extra County,Boys,C1
232,13339107,KYAMBOO SECONDARY SCHOOL,Extra County,Mixed,C1
233,13339204,THITANI SECONDARY SCHOOL,Extra County,Girls,C1
234,13344101,ST LUKES YATTA SECONDARY SCHOOL,Extra County,Boys,C1
235,13351102,CHULUNI GIRLS' SECONDARY SCHOOL,Extra County,Girls,C1
236,13353201,MULANGO GIRLS HIGH SCHOOL,Extra County,Girls,C1
237,13353301,MALIKU GIRLS' SECONDARY SCHOOL,Extra County,Girls,C1
238,13354101,KISASI SECONDARY SCHOOL,Extra County,Boys,C1
239,13354201,MBITINI GIRLS' SECONDARY SCHOOL,Extra County,Girls,C1
240,13357101,IKUTHA BOYS SECONDARY SCHOOL,Extra County,Boys,C1
241,13360101,MATINYANI SECONDARY SCHOOL,Extra County,Boys,C1
242,14303101,KANGARU SCHOOL,Extra County,Boys,C1
243,14303104,KANGARU GIRLS SCHOOL,Extra County,Girls,C1
244,14303201,ST PAUL'S HIGH SCHOOL KEVOTE,Extra County,Boys,C1
245,14303203,ST TERESA'S GIRLS' - KITHIMU,Extra County,Girls,C1
246,14312101,SIAKAGO BOYS HIGH SCHOOL,Extra County,Boys,C1
247,14333102,ST. CATHERINE NTHAGAIYA GIRLS SECONDARY SCHOOL,Extra County,Girls,C1
248,14333201,KYENI GIRLS' HIGH SCHOOL,Extra County,Girls,C1
250,14341201,NYANGWA BOYS' HIGH SCHOOL,Extra County,Boys,C1
251,14355101,"KING DAVID BOYS HIGH SCHOOL, KAMAMA",Extra County,Boys,C1
252,14355102,KIRIARI GIRLS HIGH SCHOOL,Extra County,Girls,C1
253,14355201,NGUVIU BOYS HIGH SCHOOL,Extra County,Boys,C1
254,14355202,NGUVIU GIRLS SECONDARY SCHOOL,Extra County,Girls,C1
255,15304102,KAAGA GIRLS' HIGH SCHOOL,Extra County,Girls,C1
256,15304103,KAAGA BOYS SECONDARY,Extra County,Boys,C1
257,15309301,IGEMBE BOYS' SECONDARY SCHOOL,Extra County,Boys,C1
258,15319101,NKUBU HIGH SCHOOL,Extra County,Boys,C1
259,15319104,NKUENE GIRLS HIGH SCHOOL,Extra County,Girls,C1
260,15319205,YURURU GIRLS' SECONDARY SCHOOL,Extra County,Girls,C1
261,15319306,GIKURUNE BOYS SECONDARY SCHOOL,Extra County,Boys,C1
262,15334102,ONTULILI BOYS SECONDARY SCHOOL,Extra County,Boys,C1
263,15361115,MIKINDURI GIRLS SECONDARY SCHOOL,Extra County,Girls,C1
264,15362101,BURIERURI BOYS SECONDARY SCHOOL,Extra County,Boys,C1
265,16320302,CHALBI BOYS' HIGH SCHOOL,Extra County,Boys,C1
266,18307102,MAKUENI GIRLS HIGH SCHOOL,Extra County,Girls,C1
267,18307105,MWAANI BOYS' SECONDARY SCHOOL,Extra County,Boys,C1
268,18307201,KAUMONI BOYS SECONDARY SCHOOL,Extra County,Boys,C1
269,18323102,MBOONI BOYS HIGH SCHOOL,Extra County,Boys,C1
270,18324205,NGOTO BOYS HIGH SCHOOL,Extra County,Boys,C1
271,18324206,BARAZANI GIRLS' HIGH SCHOOL,Extra County,Girls,C1
272,18325201,KALULINI BOYS' HIGH SCHOOL,Extra County,Boys,C1
273,18325209,ST. JOSEPH'S GIRLS SECONDARY KIBWEZI,Extra County,Girls,C1
274,18336101,PRECIOUS BLOOD SECONDARY SCHOOL - KILUNGU,Extra County,Girls,C1
275,18346101,KITONDO SECONDARY SCHOOL,Extra County,Boys,C1
276,18346102,KISAU GIRLS SECONDARY SCHOOL,Extra County,Girls,C1
278,18347501,MUKAA BOYS' HIGH SCHOOL,Extra County,Boys,C1
279,18348101,MAKINDU SECONDARY SCHOOL,Extra County,Boys,C1
280,19308301,CHUKA BOYS HIGH SCHOOL,Extra County,Boys,C1
281,19308304,CHUKA GIRLS' SECONDARY SCHOOL,Extra County,Girls,C1
282,19308503,IKUU GIRLS SECONDARY SCHOOL,Extra County,Girls,C1
283,19308504,NJURI HIGH SCHOOL,Extra County,Mixed,C1
284,19313101,THARAKA SECONDARY SCHOOL,Extra County,Boys,C1
285,19326101,MUTHAMBI GIRLS HIGH SCHOOL,Extra County,Girls,C1
286,19326105,KAJIUNDUTHI HIGH SCHOOL,Extra County,Boys,C1
287,19326201,CHOGORIA BOYS HIGH SCHOOL,Extra County,Boys,C1
288,19367501,ITUGURURU SECONDARY SCHOOL,Extra County,Mixed,C1
289,20401001,AQUINAS HIGH SCHOOL,Extra County,Boys,C1
290,20401005,OFAFA JERICHO HIGH SCHOOL,Extra County,Boys,C1
291,20401007,BURUBURU GIRLS SECONDARY,Extra County,Girls,C1
292,20403003,PUMWANI SECONDARY SCHOOL,Extra County,Boys,C1
293,20403004,NGARA GIRLS' HIGH SCHOOL,Extra County,Girls,C1
294,20405004,PRECIOUS BLOOD RIRUTA,Extra County,Girls,C1
295,20405007,NEMBU GIRLS HIGH SCHOOL,Extra County,Girls,C1
296,20406002,STATEHOUSE GIRLS HIGH SCHOOL,Extra County,Girls,C1
297,20406011,ST. GEORGE'S GIRLS' SECONDARY SCHOOL,Extra County,Girls,C1
298,20410001,MOI GIRLS' SCHOOL NAIROBI,Extra County,Girls,C1
299,20410002,UPPER HILL SCHOOL,Extra County,Boys,C1
300,23503108,BOMA BOYS' HIGH SCHOOL,Extra County,Boys,C1
301,23503110,KITALE SCHOOL-SECONDARY,Extra County,Girls,C1
302,23503111,ST JOSEPH'S GIRLS' HIGH SCHOOL KITALE,Extra County,Girls,C1
303,23528101,ST MARK'S HIGH SCHOOL - CHERANGANI,Extra County,Boys,C1
304,23528116,ST. MARK'S GIRLS HIGH SCHOOL,Extra County,Girls,C1
306,23529132,"ST. MONICA'S GIRLS HIGH SCHOOL, KITALE",Extra County,Girls,C1
307,23574101,ST.ANTHONY'S BOYS' HIGH SCHOOL - KITALE,Extra County,Boys,C1
308,23574140,KABUYEFWE FRIENDS GIRLS SECONDARY SCHOOL,Extra County,Girls,C1
309,23574143,KABUYEFWE FRIENDS SECONDARY SCHOOL,Extra County,Boys,C1
310,24504101,ST. CECILIA GIRLS SECONDARY SCHOOL-CHEPARERIA,Extra County,Girls,C1
311,24505102,NASOKOL GIRLS SECONDARY SCHOOL,Extra County,Girls,C1
312,24505104,KAPENGURIA BOYS HIGH SCHOOL,Extra County,Boys,C1
313,25551207,MOI SIONGIROI GIRLS' SECONDARY SCHOOL,Extra County,Girls,C1
314,25563101,SASETA GIRLS' SECONDARY SCHOOL,Extra County,Girls,C1
315,25563102,KOIWA BOYS HIGH SCHOOL,Extra County,Boys,C1
316,25563301,KIMULOT SECONDARY SCHOOL,Extra County,Boys,C1
317,26509111,TURBO GIRLS SECONDARY SCHOOL,Extra County,Girls,C1
318,26509112,KAMAGUT HIGH SCHOOL,Extra County,Mixed,C1
319,26509114,PAUL BOIT BOYS SECONDARY SCHOOL,Extra County,Boys,C1
320,26534118,DRYS GIRLS SECONDARY SCHOOL,Extra County,Girls,C1
321,26534119,KAPNGETUNY HIGH SCHOOL,Extra County,Boys,C1
322,26534122,ARNESEN'S HIGH SCHOOL,Extra County,Boys,C1
323,26576117,"LORETO HIGH SCHOOL, MATUNDA",Extra County,Girls,C1
324,26577100,A.I.C. CHEBISAAS BOYS SECONDARY SCHOOL,Extra County,Boys,C1
325,26577117,SEKO GIRLS SECONDARY SCHOOL,Extra County,Girls,C1
326,26578001,HILL SCHOOL - ELDORET,Extra County,Girls,C1
327,27536201,JOMO KENYATTA BOYS HIGH SCHOOL,Extra County,Boys,C1
328,27536202,ST. BAKHITA BAHATI GIRLS SECONDARY SCHOOL,Extra County,Girls,C1
329,27536241,JOMO KENYATTA GIRLS HIGH SCHOOL,Extra County,Girls,C1
330,27537301,NAIVASHA GIRLS SECONDARY SCHOOL,Extra County,Girls,C1
331,27537303,NAIVASHA HIGH SCHOOL,Extra County,Boys,C1
332,27538204,MARY MOUNT SECONDARY SCHOOL,Extra County,Girls,C1
334,27564101,NJORO BOYS HIGH SCHOOL,Extra County,Boys,C1
335,27564102,NJORO GIRLS' SECONDARY SCHOOL,Extra County,Girls,C1
336,27570201,KOELEL SECONDARY SCHOOL,Extra County,Boys,C1
337,28512101,KERICHO HIGH SCHOOL,Extra County,Boys,C1
338,28512112,MOI TEA GIRLS SECONDARY SCHOOL,Extra County,Girls,C1
339,28522501,TENGECHA BOYS HIGH SCHOOL,Extra County,Boys,C1
340,28522505,LITEIN HIGH SCHOOL,Extra County,Boys,C1
341,28522509,TENGECHA GIRLS SECONDARY SCHOOL,Extra County,Girls,C1
342,28522520,A.I.C LITEIN GIRLS SECONDARY S CHOOL,Extra County,Girls,C1
343,28539105,KIPKELION GIRLS' HIGH,Extra County,Girls,C1
344,28553103,SOSIOT GIRLS' SECONDARY SCHOOL,Extra County,Girls,C1
345,28571201,LONDIANI BOYS SECONDARY SCHOOL,Extra County,Boys,C1
346,28571202,LONDIANI GIRLS' SECONDARY SCHOOL,Extra County,Girls,C1
347,28571203,SACRED HILL GIRLS' HIGH SCHOOL - LONDIANI,Extra County,Girls,C1
348,29513101,KAPSABET GIRLS HIGH SCHOOL,Extra County,Girls,C1
349,29513308,OUR LADYOF VICTORY GIRLS KAPNYEB,Extra County,Girls,C1
350,29513310,TERIGE SECONDARY SCHOOL,Extra County,Boys,C1
351,29523101,KEMELOI BOYS SECONDARY SCHOOL,Extra County,Boys,C1
352,29523302,ALDAI GIRLS SECONDARY SCHOOL,Extra County,Girls,C1
353,29523307,AIC CHEBISAAS GIRLS SECONDARY SCHOOL,Extra County,Girls,C1
354,29540104,STEPHEN KOSITANY GIRLS' HIGH SCHOOL,Extra County,Girls,C1
355,29540201,KURGUNG SECONDARY SCHOOL,Extra County,Boys,C1
356,29540202,LABORET BOYS HIGH SCHOOL,Extra County,Boys,C1
357,29541201,SAMOEI BOYS SECONDARY SCHOOL,Extra County,Boys,C1
358,29542101,METEITEI BOYS SECONDARY SCHOOL,Extra County,Boys,C1
359,29579701,LELMOKWO HIGH SCHOOL,Extra County,Boys,C1
360,29579702,ITIGO GIRLS SECONDARY SCHOOL,Extra County,Girls,C1
362,30544101,G.G RUMURUTI SECONDARY SCHOOL,Extra County,Boys,C1
363,30556101,GATERO GIRLS HIGH SCHOOL,Extra County,Girls,C1
364,30556301,NDURURUMO HIGH SCHOOL,Extra County,Mixed,C1
365,31515101,OLKEJUADO HIGH SCHOOL,Extra County,Boys,C1
366,31545101,OLOITOKITOK SECONDARY SCHOOL,Extra County,Boys,C1
367,31557206,NAKEEL SECONDARY SCHOOL,Extra County,Boys,C1
368,31567201,NOONKOPIR GIRLS SECONDARY SCHOOL,Extra County,Girls,C1
369,32516102,MAASAI GIRLS SECONDARY SCHOOL,Extra County,Girls,C1
370,33517201,KABARNET HIGH SCHOOL,Extra County,Boys,C1
371,33517202,KAPROPITA GIRLS HIGH SCHOOL,Extra County,Girls,C1
372,33521101,ELDAMA RAVINE GIRLS HIGH SCHOOL,Extra County,Girls,C1
373,33521106,POROR HIGH SCHOOL,Extra County,Boys,C1
374,33562101,MOGOTIO HIGH SCHOOL,Extra County,Girls,C1
375,33562201,EMINING SECONDARY SCHOOL,Extra County,Boys,C1
376,34518102,SING'ORE GIRLS SECONDARY SCHOOL,Extra County,Girls,C1
377,34518401,TAMBACH BOYS HIGH SCHOOL,Extra County,Boys,C1
378,34520101,CHEBARA SECONDARY SCHOOL,Extra County,Boys,C1
379,34559201,KAPKENDA GIRLS' HIGH SCHOOL,Extra County,Girls,C1
380,34559208,OUR LADY OF GLORY-KAPTAGAT GIRLS HIGH SCHOOL,Extra County,Girls,C1
381,34559502,METKEI SECONDARY SCHOOL,Extra County,Girls,C1
382,35601202,ST. STEPHENS LWANYA GIRLS SECONDARY,Extra County,Girls,C1
383,35606101,S.A. KOLANYA BOYS HIGH SCHOOL,Extra County,Boys,C1
384,35609104,SIGALAME HIGH SCHOOL,Extra County,Boys,C1
385,35609105,ST. CECILIA NANGINA GIRLS HIGH SCHOOL,Extra County,Girls,C1
386,35629101,NAMBALE SECONDARY SCHOOL,Extra County,Boys,C1
387,36602101,BUNGOMA HIGH SCHOOL,Extra County,Boys,C1
388,36602102,KIBABII HIGH SCHOOL,Extra County,Boys,C1
390,36612201,TEREMI BOYS HIGH SCHOOL,Extra County,Boys,C1
391,36613105,ST.CECILIA GIRLS MISIKHU,Extra County,Girls,C1
392,36621101,CHESAMISI BOYS HIGH SCHOOL,Extra County,Boys,C1
393,36621108,"MOI GIRLS HIGH SCHOOL, KAMUSINGA",Extra County,Girls,C1
394,36621110,ST. LUKE'S BOYS' HIGH SCHOOL KIMILILI,Extra County,Boys,C1
395,37607201,ARCHBISHOP NJENGA GIRLS' HIGH SCHOOL,Extra County,Girls,C1
396,37608003,BUTERE BOYS HIGH SCHOOL,Extra County,Boys,C1
397,37615001,MUSINGU BOYS HIGH SCHOOL,Extra County,Boys,C1
398,37615004,MUSOLI GIRLS HIGH SCHOOL,Extra County,Girls,C1
399,37615009,SHIKUNGA SECONDARY SCHOOL,Extra County,Mixed,C1
400,37616007,"THE SACRED HEART GIRLS, MUKUMU",Extra County,Girls,C1
401,37617210,ST. MARY'S MUMIAS GIRLS HIGH SCHOOL,Extra County,Girls,C1
402,37617211,ST. PETER'S MUMIAS BOYS' HIGH SCHOOL,Extra County,Boys,C1
403,37624002,KIVAYWA SECONDARY SCHOOL,Extra County,Boys,C1
404,37625106,MWIHILA HIGH SCHOOL,Extra County,Boys,C1
405,37627112,ST. MATHIAS KHOLERA BOYS SECONDARY SCHOOL,Extra County,Boys,C1
406,37631302,ST JOHN THE BAPTIST LIKUYANI SECONDARY SCHOOL,Extra County,Boys,C1
407,37632101,CHEBUYUSI BOYS HIGH SCHOOL,Extra County,Boys,C1
408,37634307,LUBINU SECONDARY SCHOOL,Extra County,Boys,C1
409,38604101,VIHIGA FRIENDS HIGH SCHOOL,Extra County,Boys,C1
410,38604109,ST. CLARE'S MARAGOLI GIRLS,Extra County,Girls,C1
411,38618201,EMUSIRE HIGH SCHOOL,Extra County,Boys,C1
412,38619102,NYANG'ORI BOYS HIGH SCHOOL,Extra County,Boys,C1
413,38619201,FRIENDS SCHOOL KAIMOSI GIRLS,Extra County,Girls,C1
414,38622102,MOI GIRLS' SECONDARY SCHOOL-VOKOLI,Extra County,Girls,C1
415,38622202,FRIENDS SCHOOL - MBALE,Extra County,Boys,C1
416,38622203,FRIENDS SCHOOL KEVEYE GIRLS,Extra County,Girls,C1
418,39733212,NYABONDO HIGH SCHOOL,Extra County,Boys,C1
419,39733213,NYAKACH GIRLS' HIGH SCHOOL,Extra County,Girls,C1
420,39733216,SIGOTI COMPLEX GIRLS SECONDARY SCHOOL,Extra County,Girls,C1
421,39733307,THURDIBUORO MIXED SECONDARY SCHOOL,Extra County,Mixed,C1
422,39734401,ACHEGO GIRLS SECONDARY SCHOOL,Extra County,Girls,C1
423,39734402,KORU GIRLS SECONDARY SCHOOL,Extra County,Girls,C1
424,39737022,CHULAIMBO SECONDARY SCHOOL,Extra County,Boys,C1
425,39741005,KISUMU BOYS HIGH SCHOOL,Extra County,Boys,C1
426,40703103,KERERI GIRLS HIGH SCHOOL,Extra County,Girls,C1
427,40703118,NYANCHWA GIRLS SECONDARY SCHOOL,Extra County,Girls,C1
428,40716103,ST.PAUL'S IGONGA SECONDARY SCHOOL,Extra County,Boys,C1
429,40727101,RIOKINDO HIGH SCHOOL,Extra County,Boys,C1
430,40735101,MOI GESUSU HIGH SCHOOL,Extra County,Boys,C1
431,40735201,ST. CHARLES LWANGA ICHUNI GIRLS HIGH SCHOOL,Extra County,Girls,C1
432,40745101,CARDINAL OTUNGA HIGH SCHOOL-MOSOCHO,Extra County,Boys,C1
433,41704001,HOMA BAY HIGH SCHOOL,Extra County,Boys,C1
434,41704003,OGANDE GIRLS' HIGH SCHOOL,Extra County,Girls,C1
435,41709101,MOI GIRLS' SECONDARY SCHOOL - SINDO,Extra County,Girls,C1
436,41709201,TONGA BOYS SECONDARY SCHOOL,Extra County,Boys,C1
437,41709203,ST.GABRIEL'S GWASSI GIRLS SECONDARY SCHOOL,Extra County,Girls,C1
438,41710301,AGORO SARE HIGH SCHOOL,Extra County,Boys,C1
439,41724002,RATANG'A SECONDARY SCHOOL,Extra County,Boys,C1
440,41731303,ORIWO BOYS HIGH SCHOOL,Extra County,Boys,C1
441,41742105,ORERO BOYS SECONDARY SCHOOL,Extra County,Boys,C1
442,41743103,BISHOP LINUS OKOK GIRLS' SECONDARY SCHOOL,Extra County,Girls,C1
443,41743203,DUDI GIRLS SECONDARY SCHOOL,Extra County,Girls,C1
444,41743205,OUR LADY OF MERCY RINGA BOYS SECONDARY SCHOOL,Extra County,Boys,C1
446,42705202,BARDING SECONDARY SCHOOL,Extra County,Boys,C1
447,42712102,NYAMIRA GIRLS SECONDARY SCHOOL,Extra County,Girls,C1
448,42712301,USENGE HIGH SCHOOL,Extra County,Boys,C1
449,42721101,CHIANDA HIGH SCHOOL,Extra County,Boys,C1
450,42721201,ST. MARY'S LWAK GIRLS' SCHOOL,Extra County,Girls,C1
451,42721202,RAMBA SECONDARY SCHOOL,Extra County,Boys,C1
452,42726101,"ST. MARY'S SCHOOL, YALA",Extra County,Boys,C1
453,42726107,SAWAGONGO HIGH SCHOOL,Extra County,Boys,C1
454,42738101,ST. FRANCIS RANGA'LA GIRLS SECONDARY SCHOOL,Extra County,Girls,C1
455,42738102,AMBIRA HIGH SCHOOL,Extra County,Boys,C1
456,43706109,NYAMIRA BOYS HIGH SCHOOL,Extra County,Boys,C1
457,43706110,GESIAGA SECONDARY SCHOOL,Extra County,Mixed,C1
458,43706115,KEBIRIGO HIGH SCHOOL,Extra County,Boys,C1
459,43706117,ST. PETER'S NYAKEMINCHA SECONDARY SCHOOL,Extra County,Mixed,C1
460,43720107,MENYENYA S.D.A HIGH SCHOOL,Extra County,Mixed,C1
461,43720113,ST. PAUL'S NYANDOCHE SECONDARY SCHOOL,Extra County,Girls,C1
462,43722101,ST PAUL'S GEKANO BOYS HIGH SCHOOL,Extra County,Boys,C1
463,43722107,NYAIKURO HIGH SCHOOL,Extra County,Mixed,C1
464,44707102,MIGORI SECONDARY SCHOOL,Extra County,Boys,C1
465,44707105,KADIKA GIRLS' SECONDARY SCHOOL,Extra County,Girls,C1
466,44707106,NYABISAWA GIRLS SECONDARY SCHOOL,Extra County,Girls,C1
467,44707108,ANJEGO MIXED SECONDARY SCHOOL,Extra County,Mixed,C1
468,44708101,TARANG'ANYA BOYS HIGH SCHOOL,Extra County,Boys,C1
469,44717101,KANYAWANGA SECONDARY SCHOOL,Extra County,Boys,C1
470,44717102,KODEROBARA SECONDARY SCHOOL,Extra County,Boys,C1
471,44729104,SORI SECONDARY SCHOOL,Extra County,Boys,C1
472,44736101,ST JOSEPH'S RAPOGI SECONDARY SCHOOL,Extra County,Boys,C1
474,44739104,"ST. ALBERT'S GIRLS HIGH SCHOOL, ULANDA",Extra County,Girls,C1
475,44748016,ISIBANIA BOYS SECONDARY SCHOOL,Extra County,Boys,C1
477,01113101,ELDORO GIRLS HIGH SCHOOL,Extra County,Girls,C2
478,01113102,TIMBILA SECONDARY SCHOOL,Extra County,Boys,C2
479,01113104,BISHOP JOHN NJENGA SECONDARY SCHOOL,Extra County,Mixed,C2
480,01113105,MAHOO GIRLS' SECONDARY SCHOOL,Extra County,Girls,C2
481,01115201,MWAKITAWA SECONDARY SCHOOL,Extra County,Girls,C2
482,02105104,WAA HIGH SCHOOL,Extra County,Boys,C2
483,02105108,WAA GIRLS SECONDARY SCHOOL,Extra County,Girls,C2
484,02105501,SHIMBA HILLS SECONDARY SCHOOL,Extra County,Mixed,C2
485,02109101,KINANGO SECONDARY SCHOOL,Extra County,Boys,C2
486,04107105,NGALA MEMORIAL GIRLS' SECONDARY SCHOOL,Extra County,Girls,C2
487,04111102,ST JOHNS GIRLS SECONDARY SCHOOL,Extra County,Girls,C2
488,04116201,GODOMA SECONDARY SCHOOL,Extra County,Mixed,C2
489,04116302,SOKOKE SECONDARY SCHOOL,Extra County,Boys,C2
490,05103102,MAU MAU MEMORIAL GIRLS SECONDARY SCHOOL,Extra County,Girls,C2
491,07216103,MAGUMU HIGH SCHOOL,Extra County,Boys,C2
492,07225101,NYAKIAMBI GIRLS SECONDARY SCHOOL,Extra County,Girls,C2
493,08219102,MUKURWEINI BOYS' HIGH SCHOOL,Extra County,Boys,C2
494,08220201,ENDARASHA HIGH SCHOOL,Extra County,Boys,C2
495,08221201,DEDAN KIMATHI MEMORIAL HIGH SCHOOL,Extra County,Boys,C2
496,10208301,NGINDA GIRL'S SECONDARY SCHOOL,Extra County,Girls,C2
497,10226202,GITURU SECONDARY SCHOOL,Extra County,Mixed,C2
498,10227101,KIGUMO BENDERA HIGH SCHOOL,Extra County,Boys,C2
499,10238102,KIROGO SECONDARY SCHOOL,Extra County,Boys,C2
500,12301704,MUA HILLS SECONDARY SCHOOL,Extra County,Girls,C2
502,12363103,NYAYO A.I.C GIRLS SECONDARY SCHOOL,Extra County,Girls,C2
503,12363111,KITONYINI HIGH SCHOOL,Extra County,Mixed,C2
504,13302107,ST URSULA GIRLS' SECONDARY SCHOOL-TUNGUTU,Extra County,Girls,C2
505,13310103,YAMBYU GIRLS SECONDARY SCHOOL,Extra County,Girls,C2
506,13310201,WAITA SECONDARY SCHOOL,Extra County,Mixed,C2
507,13331204,KATHEKA BOYS' SECONDARY SCHOOL,Extra County,Boys,C2
508,13332102,A.I.C SOMBE GIRLS SECONDARY SCHOOL,Extra County,Girls,C2
509,13338202,ST. TERESA'S UKASI GIRLS' SECONDARY SCHOOL,Extra County,Girls,C2
510,13339101,A I C KYOME BOYS SECONDARY SCHOOL,Extra County,Boys,C2
511,13339103,A I C KYOME GIRLS SECONDARY SCHOOL,Extra County,Girls,C2
512,13339105,NZAUNI SECONDARY SCHOOL,Extra County,Mixed,C2
513,13339106,ITOLONI GIRLS SECONDARY SCHOOL,Extra County,Girls,C2
514,13339108,MUSUANI SECONDARY SCHOOL,Extra County,Mixed,C2
515,13339201,NGUUTANI SECONDARY SCHOOL,Extra County,Boys,C2
516,13339301,NZELUNI GIRLS SECONDARY SCHOOL,Extra County,Girls,C2
517,13357102,IKUTHA GIRLS SECONDARY SCHOOL,Extra County,Girls,C2
518,13365101,MUTITO BOYS SECONDARY SCHOOL,Extra County,Boys,C2
519,13365102,ST. MARY'S MUTITO GIRLS SECONDARY SCHOOL,Extra County,Girls,C2
520,13366101,GANKANGA SECONDARY SCHOOL,Extra County,Mixed,C2
521,14312104,GANGARA SECONDARY SCHOOL,Extra County,Mixed,C2
522,14312105,KIAMBERE SCHOOL COMPLEX,Extra County,Mixed,C2
523,14312301,KANYUAMBORA SECONDARY SCHOOL,Extra County,Boys,C2
524,14333202,KEGONGE BOYS HIGH SCHOOL,Extra County,Boys,C2
525,14355112,KAVUTIRI BOYS SECONDARY SCHOOL,Extra County,Boys,C2
526,15304106,GIKUMENE GIRLS ' SECONDARY SCHOOL,Extra County,Girls,C2
527,15309201,MAUA GIRLS SECONDARY SCHOOL,Extra County,Girls,C2
528,15318104,KIRIGARA GIRLS SECONDARY SCHOOL,Extra County,Girls,C2
530,15319201,KANYAKINE HIGH SCHOOL,Extra County,Boys,C2
531,15319310,GIKURUNE GIRLS SECONDARY SCHOOL,Extra County,Girls,C2
532,15327101,MIATHENE BOYS HIGH SCHOOL,Extra County,Boys,C2
533,15362102,KANGETA GIRLS' SECONDARY SCHOOL,Extra County,Girls,C2
534,15364204,RUIRI GIRLS SECONDARY SCHOOL,Extra County,Girls,C2
535,15364301,KIBIRICHIA BOYS SECONDARY SCHOOL,Extra County,Boys,C2
536,15364302,KIBIRICHIA GIRLS SECONDARY SCHOOL,Extra County,Girls,C2
537,16305101,MARSABIT BOYS HIGH SCHOOL,Extra County,Boys,C2
538,16305202,SASURA GIRLS' SECONDARY SCHOOL,Extra County,Girls,C2
539,17306101,ISIOLO BOYS SECONDARY SCHOOL,Extra County,Boys,C2
540,17322201,KINNA SECONDARY SCHOOL,Extra County,Mixed,C2
541,18335201,ST. MARTIN KATHONZWENI SCHOOL,Extra County,Boys,C2
542,19308308,IKAWA SECONDARY SCHOOL,Extra County,Mixed,C2
543,19308502,MUKUUNI HIGH SCHOOL,Extra County,Boys,C2
544,19308505,MAGUMONI GIRLS SECONDARY SCHOOL,Extra County,Girls,C2
545,19326102,MUTHAMBI BOYS SECONDARY SCHOOL,Extra County,Boys,C2
546,19326103,KIINI SECONDARY SCHOOL,Extra County,Mixed,C2
547,19326203,KIRIANI BOYS HIGH SCHOOL,Extra County,Boys,C2
548,19326204,CHIEF MBOGORI GIRLS SECONDARY SCHOOL,Extra County,Girls,C2
549,19326206,IGWANJAU SECONDARY SCHOOL,Extra County,Mixed,C2
550,19326207,IRUMA GIRLS SECONDARY SCHOOL,Extra County,Girls,C2
551,19326211,MAKURI GIRLS SECONDARY SCHOOL,Extra County,Girls,C2
552,20401002,HIGHWAY SECONDARY SCHOOL,Extra County,Boys,C2
553,20401020,ST ANNE'S GIRLS' SECONDARY SCHOOL,Extra County,Girls,C2
554,20403001,JAMHURI HIGH SCHOOL,Extra County,Boys,C2
555,20405001,DAGORETTI HIGH SCHOOL,Extra County,Boys,C2
556,20406009,HOSPITAL HILL HIGH SCHOOL,Extra County,Boys,C2
558,21549102,OUR LADY'S GIRLS SECONDARY KAKUMA,Extra County,Girls,C2
559,22526102,WAMBA BOYS SECONDARY SCHOOL,Extra County,Boys,C2
560,22527101,NYIRO BOYS SECONDARY SCHOOL,Extra County,Boys,C2
561,22527202,BARAGOI GIRLS SECONDARY SCHOOL,Extra County,Girls,C2
562,23528108,FRIENDS BWAKE BOYS SCHOOL,Extra County,Boys,C2
563,23529118,KWANZA GIRLS HIGH SCHOOL,Extra County,Girls,C2
564,23572102,ST.PAULS KITUM HIGH SCHOOL,Extra County,Boys,C2
565,24504102,CHEPKORNISWO BOYS' SECONDARY SCHOOL,Extra County,Boys,C2
566,24504201,ORTUM SECONDARY SCHOOL,Extra County,Boys,C2
567,24530201,ST. COMBONI AMAKURIAT SECONDARY SCHOOL,Extra County,Boys,C2
568,24531101,WEIWEI SECONDARY SCHOOL,Extra County,Boys,C2
569,25533103,KAPLONG BOYS HIGH SCHOOL,Extra County,Boys,C2
570,25533106,CHEBILAT SECONDARY SCHOOL,Extra County,Boys,C2
571,25563105,BOITO SECONDARY SCHOOL,Extra County,Boys,C2
572,26509117,SUGOI GIRLS SECONDARY SCHOOL,Extra County,Girls,C2
573,26534114,KIPKABUS SECONDARY SCHOOL,Extra County,Boys,C2
574,26535111,NGERIA SECONDARY SCHOOL,Extra County,Girls,C2
575,26576109,KIPSANGUI SECONDARY SCHOOL,Extra County,Boys,C2
576,26577124,MOIBEN HIGH SCHOOL,Extra County,Boys,C2
577,26578007,ST CATHERINE GIRLS SECONDARY SCHOOL KESSES,Extra County,Girls,C2
578,26578008,ACK ST. LUKES CHEPTIRET SCHOOL,Extra County,Boys,C2
579,26578009,KAPKOIGA GIRLS SECONDARY SCHOOL,Extra County,Girls,C2
580,27537319,ENAIPOSHA GIRLS HIGH SCHOOL,Extra County,Girls,C2
581,27538101,MICHINDA SECONDARY SCHOOL,Extra County,Boys,C2
582,27552002,SOLAI BOYS' SECONDARY SCHOOL,Extra County,Boys,C2
583,27552018,AIC MOROP GIRLS' SECONDARY SCHOOL,Extra County,Girls,C2
584,27552032,KIROBON GIRLS SECONDARY SCHOOL,Extra County,Girls,C2
586,27564108,LARMUDIAC SECONDARY SCHOOL,Extra County,Mixed,C2
587,28512104,KERICHO TEA SECONDARY SCHOOL,Extra County,Boys,C2
588,28522512,KORONGOI GIRLS' SECONDARY,Extra County,Girls,C2
589,28522515,CHELILIS GIRLS SECONDARY SCHOOL,Extra County,Girls,C2
590,28553102,CHEPTENYE SECONDARY SCHOOL,Extra County,Boys,C2
591,28575203,SOLIAT BOYS' SECONDARY SCHOOL,Extra County,Boys,C2
592,28575204,MOI KIPSITET GIRLS SECONDARY SCHOOL,Extra County,Girls,C2
593,29513105,KIPSIGAK HIGH SCHOOL,Extra County,Boys,C2
594,29513305,KILIBWONI HIGH SCHOOL,Extra County,Boys,C2
595,29523103,SEREM SECONDARY SCHOOL,Extra County,Boys,C2
596,29523301,ACK ST. MARK'S KAPTUMO BOYS HIGH SCHOOL.,Extra County,Boys,C2
597,29523308,KAPKOLEI GIRLS SECONDARY SCHOOL,Extra County,Girls,C2
598,29540102,CHEPTIL SECONDARY SCHOOL,Extra County,Mixed,C2
599,29540205,NDALAT GAA GIRLS' SECONDARY SCHOOL,Extra County,Girls,C2
600,30543101,DOLDOL SECONDARY SCHOOL,Extra County,Boys,C2
601,30555101,TIGITHI SECONDARY SCHOOL,Extra County,Boys,C2
602,30556201,MWENJE MIXED SECONDARY SCHOOL,Extra County,Mixed,C2
603,31573101,BARAKA OONTOYIE SECONDARY SCHOOL,Extra County,Girls,C2
604,32516101,NAROK HIGH SCHOOL,Extra County,Boys,C2
605,32519103,KILGORIS GIRLS SECONDARY SCHOOL,Extra County,Girls,C2
606,32546401,OLOLULUNG'A SECONDARY SCHOOL,Extra County,Boys,C2
607,33517101,TENGES SECONDARY SCHOOL,Extra County,Boys,C2
608,33517203,KITURO HIGH SCHOOL,Extra County,Mixed,C2
609,33517205,PEMWAI GIRLS' SECONDARY SCHOOL,Extra County,Girls,C2
610,33521102,KABIMOI HIGH SCHOOL,Extra County,Boys,C2
611,33521105,SOLIAN GIRLS HIGH SCHOOL,Extra County,Girls,C2
612,33521109,TONIOK SECONDARY SCHOOL,Extra County,Girls,C2
614,33547201,BARTOLIMO SECONDARY SCHOOL,Extra County,Boys,C2
615,33547202,RUTH KIPTUI GIRLS HIGH SCHOOL-KASOK,Extra County,Girls,C2
616,33558101,MARIGAT SECONDARY SCHOOL,Extra County,Boys,C2
617,34518104,KIPSOEN SECONDARY SCHOOL,Extra County,Boys,C2
618,34518402,AIC GIRLS SECONDARY SCHOOL KESSUP,Extra County,Girls,C2
619,34520102,ST. PETER'S MARAKWET BOYS SECONDARY SCHOOL,Extra County,Boys,C2
620,34520103,YEMIT BOYS HIGH SCHOOL,Extra County,Boys,C2
621,34520104,SANTA MARIA GIRLS SECONDARY SCHOOL,Extra County,Girls,C2
622,34559501,SIMOTWO SECONDARY SCHOOL,Extra County,Boys,C2
623,34561301,SAMBIRIR GIRLS SECONDARY SCHOOL,Extra County,Girls,C2
624,35620101,ST. PAUL'S AMUKURA HIGH SCHOOL,Extra County,Boys,C2
625,35620201,ST MONICA CHAKOL GIRLS' HIGH SCHOOL,Extra County,Girls,C2
626,35629102,KISOKO GIRLS SECONDARY SCHOOL,Extra County,Girls,C2
627,36605101,KAPSOKWONY HIGH SCHOOL,Extra County,Boys,C2
628,36605103,KIBUK GIRLS HIGH SCHOOL,Extra County,Girls,C2
629,36626101,CHWELE GIRLS HIGH SCHOOL,Extra County,Girls,C2
630,36628101,KHASOKO HIGH SCHOOL,Extra County,Boys,C2
631,37607203,LUGARI SECONDARY SCHOOL,Extra County,Boys,C2
632,37614102,MALAVA BOYS HIGH SCHOOL,Extra County,Boys,C2
633,37615003,EREGI GIRLS HIGH SCHOOL,Extra County,Girls,C2
634,37616006,ST.IGNATIUS MUKUMU BOYS HIGH SCHOOL,Extra County,Boys,C2
635,37627109,MARY SEAT OF WISDOM BULIMBO GIRLS SECONDARY SCHOOL,Extra County,Girls,C2
636,37631401,MOI GIRLS' SECONDARY SCHOOL-NANGILI,Extra County,Girls,C2
637,37632304,INGOTSE HIGH SCHOOL,Extra County,Boys,C2
638,38604102,MUDAVADI GIRLS HIGH SCHOOL,Extra County,Girls,C2
639,38619101,GOIBEI GIRLS HIGH SCHOOL,Extra County,Girls,C2
640,38619204,ST. PAULS ERUSUI GIRLS HIGH SCHOOL,Extra County,Girls,C2
642,38633210,EBUSAKAMI GIRLS SECONDARY SCHOOL,Extra County,Girls,C2
643,39713001,AHERO GIRLS SECONDARY SCHOOL,Extra County,Girls,C2
644,39713021,OTIENO OYOO SECONDARY SCHOOL,Extra County,Boys,C2
645,39714101,NGERE HIGH SCHOOL,Extra County,Boys,C2
646,39714106,ST. BARNABAS GIRLS' SECONDARY SCHOOL,Extra County,Girls,C2
647,39733108,ACK RAE GIRLS HIGH SCHOOL,Extra County,Girls,C2
648,39737025,SINYOLO GIRLS SECONDARY SCHOOL,Extra County,Girls,C2
649,40703102,NYANCHWA BOYS HIGH SCHOOL,Extra County,Boys,C2
650,40703403,NYAMAGWA SDA SECONDARY SCHOOL,Extra County,Mixed,C2
651,40711101,ST.ANGELA SENGERA GIRLS SECONDARY SCHOOL,Extra County,Girls,C2
652,40716101,E L C K ITIERIO BOYS HIGH SCHOOL,Extra County,Boys,C2
653,40716102,SUNEKA SECONDARY SCHOOL,Extra County,Girls,C2
654,40716118,E L C K ITIERIO GIRLS SECONDARY SCHOOL,Extra County,Girls,C2
655,40719301,TABAKA SECONDARY SCHOOL,Extra County,Boys,C2
656,40723201,ITIBO BOYS HIGH SCHOOL,Extra County,Boys,C2
657,40723203,ITIBO GIRLS SECONDARY SCHOOL,Extra County,Girls,C2
658,40732206,ST. THERESA'S NYANGUSU GIRLS SECONDARY SCHOOL,Extra County,Girls,C2
659,40740101,ST.JOHNS NYAMAGWA BOYS,Extra County,Boys,C2
660,40740102,SAMETA HIGH SCHOOL,Extra County,Boys,C2
661,40740104,ST. MARY'S NYAMAGWA GIRLS SECONDARY SCHOOL,Extra County,Girls,C2
662,41724101,MIROGI BOYS' HIGH SCHOOL,Extra County,Boys,C2
663,41724102,MIROGI GIRLS SECONDARY SCHOOL,Extra County,Girls,C2
664,41730102,TOM MBOYA SECONDARY SCHOOL,Extra County,Boys,C2
665,41731002,MAWEGO SECONDARY SCHOOL,Extra County,Girls,C2
666,41731101,GENDIA SECONDARY SCHOOL,Extra County,Boys,C2
667,41743101,WANG'APALA SECONDARY SCHOOL,Extra County,Boys,C2
668,42725102,SEGA GIRLS SECONDARY SCHOOL,Extra County,Girls,C2
670,42726202,ALUOR GIRLS SECONDARY SCHOOL,Extra County,Girls,C2
671,43706101,NYANSABAKWA SECONDARY SCHOOL,Extra County,Boys,C2
672,43706107,MARINDI SECONDARY SCHOOL,Extra County,Mixed,C2
673,43715105,ST. CYPRIAN BITICHA SECONDARY SCHOOL,Extra County,Mixed,C2
674,43720106,NYANSIONGO HIGH SCHOOL,Extra County,Boys,C2
675,43720111,MWONGORI SECONDARY SCHOOL,Extra County,Mixed,C2
676,43722104,TOMBE GIRLS HIGH SCHOOL,Extra County,Girls,C2
677,43728105,KEBABE GIRLS SECONDARY SCHOOL,Extra County,Girls,C2
678,43728120,NYAMIRANGA SECONDARY SCHOOL,Extra County,Mixed,C2
679,44708102,IKEREGE MIXED SECONDARY SCHOOL,Extra County,Mixed,C2
680,44717107,OYUGI OGANGO GIRLS' SECONDARY SCHOOL,Extra County,Girls,C2
681,44717108,KANGESO SECONDARY SCHOOL,Extra County,Boys,C2
682,44729106,BANDE GIRLS SECONDARY SCHOOL,Extra County,Girls,C2
683,44736201,BWARE SECONDARY SCHOOL,Extra County,Mixed,C2
684,44739201,ST. MARY GORRETY'S DEDE GIRLS SECONDARY SCHOOL,Extra County,Girls,C2
685,44744102,MOI SUBA GIRLS SECONDARY SCHOOL,Extra County,Girls,C2
686,44748004,ST MARY'S MABERA GIRLS SECONDARY SCHOOL,Extra County,Girls,C2
687,44748015,ST. ANGELA MERICI ISIBANIA GIRLS' SECONDARY SCHOOL,Extra County,Girls,C2
688,46808101,GRIFTU SECONDARY SCHOOL,Extra County,Boys,C2
690,01114211,KITUMA SECONDARY SCHOOL,Extra County,Boys,C3
691,01115106,OUR LADY OF PERPETUAL SUCCOUR GIRLS SECONDARY SCHO,Extra County,Girls,C3
692,01115301,MOI BOYS HIGH SCHOOL - KASIGAU,Extra County,Boys,C3
693,02110201,MSAMBWENI SECONDARY SCHOOL,Extra County,Boys,C3
694,02110210,KINGWEDE GIRLS SECONDARY SCHOOL,Extra County,Girls,C3
695,02123304,FRANZ JOSEF SECONDARY SCHOOL,Extra County,Girls,C3
696,04107107,KAKONENI GIRLS SECONDARY SCHOOL,Extra County,Girls,C3
698,04122102,DR. KRAPF MEMORIAL SECONDARY SCHOOL,Extra County,Boys,C3
699,05103103,WENJE SECONDARY SCHOOL,Extra County,Mixed,C3
700,05112201,TARASAA HIGH SCHOOL,Extra County,Boys,C3
701,05112203,KIPINI SECONDARY SCHOOL,Extra County,Mixed,C3
702,05117101,HIRIMANI SECONDARY SCHOOL,Extra County,Mixed,C3
703,05117201,MADOGO SECONDARY SCHOOL,Extra County,Mixed,C3
704,07201101,NDARAGWA GIRLS,Extra County,Girls,C3
705,07201102,LESHAU BOYS SECONDARY SCHOOL,Extra County,Boys,C3
706,07209102,MAGOMANO SECONDARY SCHOOL,Extra County,Girls,C3
707,07214102,ST. PAULS AMANI BOYS HIGH SCHOOL,Extra County,Boys,C3
708,08202010,MURUGURU SECONDARY SCHOOL,Extra County,Girls,C3
709,08210101,ST.TERESA MOI EQUATOR GIRLS' SECONDARY SCHOOL,Extra County,Girls,C3
710,08210102,NAROMORU BOYS SECONDARY SCHOOL,Extra County,Boys,C3
711,08237010,BIRITHIA SECONDARY SCHOOL,Extra County,Girls,C3
712,09203404,NGARU GIRLS SECONDARY SCHOOL,Extra County,Girls,C3
713,09222104,MUGUMO GIRLS' SECONDARY SCHOOL,Extra County,Girls,C3
714,09222202,ST MARYS KARUMANDI SECONDARY SCHOOL,Extra County,Boys,C3
715,09223103,KIBURU SECONDARY SCHOOL,Extra County,Boys,C3
716,09223105,KIARAGANA GIRLS SECONDARY SCHOOL,Extra County,Girls,C3
717,09239105,ST. MARY'S MWEA GIRLS SECONDARY SCHOOL,Extra County,Girls,C3
718,10208101,MAKUYU SECONDARY SCHOOL,Extra County,Boys,C3
719,10208210,MAKUYU GIRLS SECONDARY SCHOOL,Extra County,Girls,C3
720,10208307,ICHAGAKI BOYS HIGH SCHOOL,Extra County,Boys,C3
721,10226232,ST. CHARLES LWANGA SECONDARY SCHOOL - KARIMAMWARO,Extra County,Mixed,C3
722,10229202,NYAGATUGU SECONDARY SCHOOL,Extra County,Boys,C3
723,10229205,KIBUTHA GIRLS SECONDARY SCHOOL,Extra County,Girls,C3
724,10238104,KIANDERI GIRLS SECONDARY SCHOOL,Extra County,Girls,C3
726,11232102,ST JOSEPH HIGH SCHOOL,Extra County,Boys,C3
727,11232201,GITHIGA HIGH SCHOOL,Extra County,Boys,C3
728,11240107,MUTHURWA SECONDARY SCHOOL,Extra County,Girls,C3
729,12314101,MASII BOYS HIGH SCHOOL,Extra County,Boys,C3
730,12314114,MASII GIRLS' SECONDARY SCHOOL,Extra County,Girls,C3
731,12329103,KATHIANI HIGH SCHOOL,Extra County,Boys,C3
732,12345503,MATUNGULU GIRLS SCHOOL,Extra County,Girls,C3
733,12345504,SENGANI SECONDARY SCHOOL,Extra County,Girls,C3
734,13302105,ST THOMAS AQUINAS KALAWA BOYS,Extra County,Boys,C3
735,13328102,KIMANGAO GIRLS SECONDARY SCHOOL,Extra County,Girls,C3
736,13351101,ST.PETER'S NZAMBANI BOYS SECONDARY SCHOOL,Extra County,Boys,C3
737,13353102,ITOLEKA SECONDARY SCHOOL,Extra County,Girls,C3
738,14303102,ST. MARYS KIANGIMA SECONDARY SCHOOL,Extra County,Girls,C3
739,14303105,KIRIMARI SECONDARY SCHOOL,Extra County,Boys,C3
740,14333203,ST AGNES KIAGANARI GIRLS SECONDARY SCHOOL,Extra County,Girls,C3
741,14341104,MARIARI GIRLS SECONDARY SCHOOL,Extra County,Girls,C3
742,14341404,JOSEPH ALLAMANO - WACHORO SECONDARY,Extra County,Boys,C3
743,15318101,ABOTHUGUCHI SECONDARY SCHOOL,Extra County,Boys,C3
744,15319307,GAKUUNI GIRLS SECONDARY SCHOOL,Extra County,Girls,C3
745,15337301,NTUNENE GIRLS SECONDARY SCHOOL,Extra County,Girls,C3
746,15362103,NJIA BOYS SECONDARY SCHOOL,Extra County,Boys,C3
747,16311102,MOYALE GIRLS SECONDARY SCHOOL,Extra County,Girls,C3
748,16340201,SOLOLO MIXED DAY / BOARDING HIGH SCHOOL,Extra County,Boys,C3
749,16340202,DR.GURRACHA MEMORIAL GIRLS SECONDARY SCHOOL,Extra County,Girls,C3
750,16359101,LOIYANGALANI SECONDARY SCHOOL,Extra County,Boys,C3
751,18307103,MWAANI GIRLS SECONDARY SCHOOL,Extra County,Girls,C3
752,18324301,MATILIKU SECONDARY SCHOOL,Extra County,Boys,C3
754,18348112,MOI GIRLS SECONDARY SCHOOL - KIBWEZI,Extra County,Girls,C3
755,19308306,KARAMUGI SECONDARY SCHOOL,Extra County,Girls,C3
756,19313203,MATERI BOYS' HIGH SCHOOL,Extra County,Boys,C3
757,19326104,OUR LADY OF MERCY GIRLS SECONDARY SCHOOL,Extra County,Girls,C3
758,19326208,KIURANI SECONDARY SCHOOL,Extra County,Boys,C3
759,19326212,NGAITA GIRLS SECONDARY SCHOOL,Extra County,Girls,C3
760,20401003,HURUMA GIRLS' HIGH SCHOOL,Extra County,Girls,C3
761,20401004,OUR LADY OF MERCY SECONDARY SCHOOL SOUTH B,Extra County,Girls,C3
762,20402004,UHURU SECONDARY SCHOOL,Extra County,Boys,C3
763,20406001,PARKLANDS ARYA GIRLS HIGH SCHOOL,Extra County,Girls,C3
764,20406019,HIGHRIDGE GIRLS BOARDING SECONDARY SCHOOL,Extra County,Girls,C3
765,20409002,MUHURI MUCHIRI BOYS HIGH SCHOOL,Extra County,Boys,C3
766,21524101,LOKITAUNG SECONDARY SCHOOL,Extra County,Boys,C3
767,21524102,KATABOI GIRLS SECONDARY SCHOOL,Extra County,Girls,C3
768,21548101,AIC KANG'ITIT GIRLS SECONDARY SCHOOL,Extra County,Girls,C3
769,21548102,R C E A LOKORI BOYS SECONDARY SCHOOL,Extra County,Boys,C3
770,22526103,WAMBA GIRLS SECONDARY SCHOOL,Extra County,Girls,C3
771,22527201,BARAGOI BOYS SECONDARY SCHOOL,Extra County,Boys,C3
772,23528105,IMMACULATE CONCEPTION BOYS HIGH SCHOOL - MUKUYU,Extra County,Boys,C3
773,23528106,A.I.C MOI BOYS HIGH SCHOOL - KAPLAMAI,Extra County,Boys,C3
774,23528124,FRIENDS BWAKE GIRLS SECONDARY SCHOOL,Extra County,Girls,C3
775,23528204,AIC KIPKEIKEI BOYS HIGH SCHOOL,Extra County,Boys,C3
776,24504106,ST. STEPHEN LAIKONG GIRLS SECONDARY SCHOOL,Extra County,Girls,C3
777,24504202,HOLY ROSARY GIRLS HIGH SCHOOL,Extra County,Girls,C3
778,24505401,SOOK BOYS SECONDARY SCHOOL,Extra County,Boys,C3
779,24530101,HOLY CROSS BOYS SECONDARY SCHOOL - KACHELIBA,Extra County,Boys,C3
780,25508102,KABUNGUT SECONDARY SCHOOL,Extra County,Boys,C3
782,25551101,KABOSON GIRLS SECONDARY SCHOOL,Extra County,Girls,C3
783,25551117,CHEPALUNGU BOYS' HIGH SCHOOL,Extra County,Boys,C3
784,25583108,LONGISA HIGH SCHOOL,Extra County,Boys,C3
785,26534107,PLATEAU SECONDARY SCHOOL,Extra County,Girls,C3
786,26535126,SIMAT SECONDARY SCHOOL,Extra County,Mixed,C3
787,26576103,KEROTET GIRLS SECONDARY SCHOOL,Extra County,Girls,C3
788,26578003,CHEPLASKEI SECONDARY SCHOOL,Extra County,Boys,C3
789,27536203,BAHATI PCEA SECONDARY SCHOOL,Extra County,Girls,C3
790,27537501,MAAI-MAHIU BOYS SECONDARY SCHOOL,Extra County,Boys,C3
791,27537505,MAAI-MAHIU GIRLS SECONDARY SCHOOL,Extra County,Girls,C3
792,27538102,ELBURGON SECONDARY SCHOOL,Extra County,Mixed,C3
793,27565301,KERINGET SECONDARY SCHOOL,Extra County,Mixed,C3
794,28522504,CHEBWAGAN SECONDARY SCHOOL,Extra County,Boys,C3
795,28522508,CHEBORGE BOYS HIGH SCHOOL,Extra County,Boys,C3
796,28522535,KIPTEWIT GIRLS HIGH SCHOOL,Extra County,Girls,C3
797,28553104,KABOROK GIRLS HIGH SCHOOL,Extra County,Girls,C3
798,28553113,CHEPKOTON GIRLS SECONDARY SCHOOL,Extra County,Girls,C3
799,29513204,HOLY ROSARY GIRLS' SECONDARY SCHOOL,Extra County,Girls,C3
800,29540204,TULWO GIRLS HIGH SCHOOL,Extra County,Girls,C3
801,29541101,LELWAK SECONDARY SCHOOL,Extra County,Boys,C3
802,29541202,OUR LADY OF PEACE GIRLS' SECONDARY SCHOOL,Extra County,Girls,C3
803,29542102,ST.MARY'S TACH ASIS GIRLS SECONDARY SCHOOL,Extra County,Girls,C3
804,30514104,ST JUDE NTURUKUMA SECONDARY SCHOOL,Extra County,Girls,C3
805,30543102,ST FRANCIS GIRLS SECONDARY SCHOOL,Extra County,Girls,C3
806,30544201,NGUMO BOYS SECONDARY SCHOOL,Extra County,Boys,C3
807,30556203,NJORUA HIGH SCHOOL,Extra County,Mixed,C3
808,30556303,NDURURI SECONDARY SCHOOL,Extra County,Mixed,C3
810,31557204,ENOOMATASIANI GIRLS SECONDARY SCHOOL,Extra County,Girls,C3
811,31573106,OLOOSEOS SECONDARY SCHOOL,Extra County,Girls,C3
812,31573201,NAJILE BOYS SECONDARY SCHOOL,Extra County,Boys,C3
813,32516103,ST. MARY'S GIRLS SECONDARY SCHOOL-NAROK,Extra County,Girls,C3
814,32560201,EMURUA DIKIRR SECONDARY SCHOOL,Extra County,Boys,C3
815,32581204,OLOOMIRANI BOYS SECONDARY SCHOOL,Extra County,Boys,C3
816,32581301,MOI NAIKARRA SECONDARY SCHOOL,Extra County,Mixed,C3
817,33517104,TABAGON GIRLS' SECONDARY SCHOOL,Extra County,Girls,C3
818,33521108,SAOS SECONDARY SCHOOL,Extra County,Boys,C3
819,33547103,MOI HIGH SCHOOL KABARTONJO,Extra County,Boys,C3
820,33562303,KIMNGOROM GIRLS HIGH SCHOOL,Extra County,Girls,C3
821,33562401,KISANANA BOYS HIGH SCHOOL,Extra County,Boys,C3
822,34520109,YEMIT GIRLS' SECONDARY SCHOOL,Extra County,Girls,C3
823,34520202,KAPSOWAR BOYS' SECONDARY SCHOOL,Extra County,Boys,C3
824,34559204,MOKWO GIRLS SECONDARY SCHOOL,Extra County,Girls,C3
825,34559503,KIPSAOS SECONDARY SCHOOL,Extra County,Boys,C3
826,35601201,ST MARY'S MUNDIKA HIGH SCHOOL,Extra County,Boys,C3
827,35606103,BISHOP SULUMETI CHELELEMUK GIRLS HIGH SCHOOL,Extra County,Girls,C3
828,35610101,ST.BENEDICT'S HIGH SCHOOL -BUDALANGI,Extra County,Boys,C3
829,35623105,BUSIADA GIRLS' HIGH SCHOOL,Extra County,Girls,C3
830,36612203,CHEBUKAKA GIRLS SECONDARY SCHOOL,Extra County,Girls,C3
831,36613115,NDIVISI GIRLS HIGH SCHOOL,Extra County,Girls,C3
832,36621102,KAMUSINDE BOYS HIGH SCHOOL,Extra County,Boys,C3
833,36626205,A C BUTONGE HIGH SCHOOL,Extra County,Boys,C3
834,36635002,FRIENDS SCHOOL BOKOLI,Extra County,Boys,C3
835,36635006,NAMAWANGA GIRLS,Extra County,Girls,C3
836,37603005,BISHOP SULUMETI GIRLS SECONDARY SCHOOL,Extra County,Girls,C3
838,37616001,ST. AGNES GIRLS HIGH SCHOOL - SHIBUYE,Extra County,Girls,C3
839,37616020,SHANDEREMA SECONDARY SCHOOL,Extra County,Boys,C3
840,37631502,ST.ANNE'S NZOIA GIRLS' SECONDARY SCHOOL,Extra County,Girls,C3
841,38604107,MADIRA GIRLS' HIGH SCHOOL,Extra County,Girls,C3
842,38619103,TIGOI GIRLS SECONDARY SCHOOL,Extra County,Girls,C3
843,38619203,FRIENDS SCHOOL KAIMOSI BOYS SECONDARY,Extra County,Boys,C3
844,38633204,HOBUNAKA SECONDARY SCHOOL,Extra County,Boys,C3
845,39713023,MIGINGO GIRLS SECONDARY SCHOOL,Extra County,Girls,C3
846,39734312,MIWANI SECONDARY SCHOOL,Extra County,Boys,C3
847,39734408,ST. STEPHEN'S MENARA SECONDARY SCHOOL,Extra County,Boys,C3
848,39741007,ST.TERESA'S GIRLS SECONDARY SCHOOL,Extra County,Girls,C3
849,40716119,NYANGOGE GIRLS SECONDARYSCHOOL,Extra County,Girls,C3
850,40716122,BISHOP CHARLES MUGENDI SECONDARY SCHOOL,Extra County,Mixed,C3
851,40719101,NDURU BOYS HIGH SCHOOL,Extra County,Boys,C3
852,40719103,ST.JOSEPH'S NYABIGENA BOYS SECONDARY SCHOOL,Extra County,Boys,C3
853,40719107,NDURU GIRLS' SECONDARY SCHOOL,Extra County,Girls,C3
854,40732114,NYAMACHE SECONDARY SCHOOL,Extra County,Boys,C3
855,41724203,MAGINA GIRLS SECONDARY SCHOOL,Extra County,Girls,C3
856,41730107,NYAMASARE GIRLS' SECONDARY SCHOOL,Extra County,Girls,C3
857,41730309,AMBASSADOR PAMELA MBOYA GIRLS SECONDARY SCHOOL,Extra County,Girls,C3
858,41742103,KUOYO KOCHIA SECONDARY SCHOOL,Extra County,Boys,C3
859,41743204,OBER SECONDARY SCHOOL,Extra County,Boys,C3
860,42712304,NYAMONYE GIRLS' SECONDARY SCHOOL,Extra County,Girls,C3
861,42725101,UKWALA SECONDARY SCHOOL,Extra County,Boys,C3
862,42726104,NYAWARA GIRLS' SECONDARY SCHOOL,Extra County,Girls,C3
863,42726201,SIREMBE MIXED SECONDARY SCHOOL,Extra County,Mixed,C3
864,42738103,RANG'ALA BOYS SECONDARY SCHOOL,Extra County,Boys,C3
866,43715112,NYAKONGO HIGH SCHOOL,Extra County,Boys,C3
867,43720110,ST MATHIAS MULUMBA SECONDARY SCHOOL,Extra County,Girls,C3
868,43728210,MATONGO BOYS HIGH SCHOOL,Extra County,Boys,C3
869,44718202,NYAROHA GIRLS SECONDARY SCHOOL,Extra County,Girls,C3
870,44739103,PE-HILL HIGH SCHOOL,Extra County,Boys,C3
871,44744101,ST PETER'S ABWAO SECONDARY SCHOOL,Extra County,Boys,C3
872,45801103,COUNTY HIGH SCHOOL,Extra County,Boys,C3
873,45806102,FAFI GIRLS SECONDARY SCHOOL,Extra County,Girls,C3
874,45816102,SAKA GIRLS SECONDARY SCHOOL,Extra County,Girls,C3
875,45816103,SANKURI SECONDARY SCHOOL,Extra County,Boys,C3
876,46802102,SABUNLEY SECONDARY SCHOOL,Extra County,Boys,C3
877,46807101,BUTE BOYS SECONDARY SCHOOL,Extra County,Boys,C3
878,46807102,BUTE GIRLS SECONDARY SCHOOL,Extra County,Girls,C3
879,46808102,HON KHALIF GIRLS SECONDARY SCHOOL,Extra County,Girls,C3
880,47810103,TAKABA GIRLS' SECONDARY SCHOOL,Extra County,Girls,C3
881,47812101,SHEIKH ALI HIGH SCHOOL,Extra County,Boys,C3
882,47812204,LIBIN NOMADIC GIRLS SECONDARY SCHOOL,Extra County,Girls,C3
883,47817101,WAYAM SECONDARY SCHOOL,Extra County,Boys,C3
884,01101103,MGHALU HIGH SCHOOL,County,Mixed,
885,01101208,ST. AGATHA NGOLOKI SECONDARY SCHOOL,County,Girls,
886,01115103,KAJIRE GIRLS SECONDARY SCHOOL,County,Girls,
887,01115105,MWAKICHUCHU SECONDARY SCHOOL,County,Boys,
888,01115203,MWAGHOGHO SECONDARY SCHOOL,County,Boys,
889,02105106,KAYA TIWI SECONDARY SCHOOL,County,Mixed,
890,02105109,KWALE GIRLS HIGH SCHOOL,County,Girls,
891,02105113,MWANAMBEYU GIRLS HIGH SCHOOL,County,Girls,
892,02105502,LUKORE SECONDARY SCHOOL,County,Mixed,
893,02105503,KICHAKASIMBA GIRLS SECONDARY SCHOOL,County,Girls,
894,02105515,ROSE MWAKWERE GIRLS SECONDARY SCHOOL,County,Girls,
895,02109102,NDAVAYA SECONDARY SCHOOL,County,Boys,
896,02109103,MOYENI SECONDARY SCHOOL,County,Girls,
897,02109108,MWALUKOMBE GIRLS SECONDARY SCHOOL,County,Girls,
898,02110202,MIVUMONI SECONDARY SCHOOL,County,Mixed,
899,02110204,BABLA DIANI SECONDARY SCHOOL,County,Girls,
900,02110213,GOMBATO SECONDARY SCHOOL,County,Boys,
901,02110214,MWAMZANDI SECONDARY SCHOOL,County,Girls,
902,02123302,KIKONENI SECONDARY SCHOOL,County,Mixed,
903,02127101,TARU SECONDARY SCHOOL,County,Boys,
904,02127103,MAZERAS GIRLS MEMORIAL SECONDARY SCHOOL,County,Girls,
905,02127105,MNYENZENI SECONDARY SCHOOL,County,Mixed,
906,02127107,MACKINNON ROAD SECONDARY SCHOOL,County,Girls,
907,02127115,TARU GIRLS SECONDARY SCHOOL,County,Girls,
908,03108101,MOI FORCES ACADEMY-MOMBASA,County,Mixed,
909,03108217,BUBUBU BOYS SECONDARY SCHOOL,County,Boys,
910,03120101,CHANGAMWE SECONDARY SCHOOL,County,Girls,
911,03124110,2 0JO20M KVCUP GEI RSELCSO HNIGDHA RSYC HSCOHOOLOL CHOICES LIST,County,Girls,
912,04102101,KILIFI TOWNSHIP SECONDARY SCHOOL,County,Boys,
913,04102102,CHUMANI SECONDARY SCHOOL,County,Mixed,
914,04102114,ST. THOMAS GIRLS' SECONDARY SCHOOL,County,Girls,
915,04107102,GEDE SECONDARY SCHOOL,County,Boys,
916,04107108,KAKUYUNI BOYS SECONDARY SCHOOL,County,Boys,
917,04111103,MARIAKANI SECONDARY SCHOOL,County,Boys,
918,04111105,CHANAGANDE SECONDARY SCHOOL,County,Mixed,
919,04111107,NGALA MEMORIAL SECONDARY SCHOOL,County,Mixed,
920,04111108,MOI KADZONZO GIRLS SECONDARY SCHOOL,County,Girls,
921,04111123,KALOLENI GIRLS SECONDARY SCHOOL,County,Girls,
922,04116101,GANZE BOYS SECONDARY SCHOOL,County,Boys,
923,04116103,GANZE GIRLS SECONDARY SCHOOL,County,Girls,
924,04116301,VITENGENI BAPTIST SECONDARY SCHOOL,County,Boys,
925,04116303,MWANGEA GIRLS' SECONDARY SCHOOL,County,Girls,
926,04119101,GALANA SECONDARY SCHOOL,County,Boys,
927,04119105,MAPIMO GIRLS SECONDARY SCHOOL,County,Girls,
928,04119201,MARAFA SECONDARY SCHOOL,County,Boys,
929,04128101,JARIBUNI SECONDARY SCHOOL,County,Boys,
930,04129202,ST. TERESA'S SECONDARY SCHOOL,County,Mixed,
931,04129203,DZITSONI SECONDARY SCHOOL,County,Mixed,
932,04129212,NG'OMBENI GIRLS SECONDARY SCHOOL,County,Girls,
933,05103104,NDURA SECONDARY SCHOOL,County,Mixed,
934,05103108,GALOLE MODEL SECONDARY SCHOOL,County,Mixed,
935,05112211,SANE GIRLS SECONDARY SCHOOL,County,Girls,
936,05117301,BANGALE MIXED DAY AND BOARDING SECONDARY SCHOOL,County,Boys,
937,06104301,WITU SECONDARY SCHOOL,County,Mixed,
938,06118101,FAZA SECONDARY SCHOOL,County,Mixed,
939,07201103,2 0S2H0A MKCAPTEA SGEICROLSN DSAECRYO NSCDHAORYO LS CCHHOOIOCLES LIST,County,Girls,
940,07209103,MWENDA-ANDU SECONDARY SCHOOL,County,Mixed,
941,07209104,KIMURI SECONDARY SCHOOL,County,Mixed,
942,07209106,MKUNGI SECONDARY SCHOOL,County,Boys,
943,07209107,MURUAKI SECONDARY SCHOOL,County,Boys,
944,07213103,SALIENT HIGH SCHOOL,County,Mixed,
945,07213104,KALOU SECONDARY SCHOOL,County,Mixed,
946,07215201,MIHARATI SECONDARY SCHOOL,County,Boys,
947,07215223,KIPIPIRI SCHOOL,County,Boys,
948,07216102,BONGO GIRLS SECONDARY SCHOOL,County,Girls,
949,08202008,MUTHUAINI SECONDARY SCHOOL,County,Girls,
950,08202011,GACHIKA SECONDARY SCHOOL,County,Mixed,
951,08210202,ST. MONICA MUNYAKA GIRLS SECONDARY SCHOOL,County,Girls,
952,08210301,NDATHI SECONDARY SCHOOL,County,Boys,
953,08217102,GATONDO SECONDARY SCHOOL,County,Girls,
954,08217103,KIARITHA-INI HIGH SCHOOL,County,Boys,
955,08217104,GIAKAIBII SECONDARY SCHOOL,County,Boys,
956,08217201,KARATINA SECONDARY SCHOOL,County,Girls,
957,08217204,MAGUTU GIRLS' SECONDARY SCHOOL,County,Girls,
958,08217205,MATHAITHI SECONDARY SCHOOL,County,Girls,
959,08218104,ICUGA SECONDARY SCHOOL,County,Girls,
960,08218201,RUTHAGATI HIGH SCHOOL,County,Boys,
961,08218203,KABIRUINI SECONDARY SCHOOL,County,Girls,
962,08218204,HIRIGA SECONDARY SCHOOL,County,Girls,
963,08218207,KIAMARIGA SECONDARY SCHOOL,County,Boys,
964,08219106,GATHUNGURURU GIRLS SECONDARY SCHOOL,County,Girls,
965,08219107,MWERU HIGH SCHOOL,County,Mixed,
966,08219108,NDIAINI GIRLS' HIGH SCHOOL,County,Girls,
967,08220104,2 0M2W0 IKYCOPGEO S SECEOCNONDDAARRY YS CSHCOHOOLO CLHOICES LIST,County,Mixed,
968,08220202,WATUKA SECONDARY SCHOOL,County,Boys,
969,08220401,MUGUNDA SECONDARY SCHOOL,County,Girls,
970,08221103,DR. KAMUNDIA GATHUTHI GIRLS SECONDARY SCHOOL,County,Girls,
971,08221107,WAMAGANA GIRLS SECONDARY SCHOOL,County,Girls,
972,08221205,GATHATHI-INI SECONDARY SCHOOL,County,Boys,
973,08221206,HUHO-INI GIRLS HIGH SCHOOL,County,Girls,
974,08221302,AGUTHI SECONDARY SCHOOL,County,Boys,
975,08237011,GATUGI GIRLS SECONDARY SCHOOL,County,Girls,
976,08237016,IRIA-INI GIRLS' HIGH SCHOOL,County,Girls,
977,08237018,MUCHARAGE SECONDARY SCHOOL,County,Girls,
978,09203407,ST. AGNES GIRLS SECONDARY SCHOOL - KIRANJA,County,Girls,
979,09203408,KARIA SECONDARY SCHOOL,County,Boys,
980,09203409,KAGUMO GIRLS SECONDARY SCHOOL,County,Girls,
981,09203427,NJEGA BOYS SECONDARY SCHOOL,County,Boys,
982,09222102,MUTIGE SECONDARY SCHOOL,County,Boys,
983,09222205,ST. MARK'S GIRLS HIGH SCHOOL- THUMAITA,County,Girls,
984,09222305,ST ANNS' GITUBA GIRLS SECONDARY SCHOOL,County,Girls,
985,09222306,KIAMUGUMO GIRLS' SECONDARY SCHOOL,County,Girls,
986,09223106,GATHAMBI GIRLS SECONDARY SCHOOL,County,Girls,
987,09223201,KIBIRIGWI GIRLS SECONDARY SCHOOL,County,Girls,
988,09223202,KIINE GIRLS' SECONDARY SCHOOL,County,Girls,
989,09223204,MUKANGU BOYS SECONDARY SCHOOL,County,Boys,
990,09224104,WANG'URU GIRLS' SECONDARY SCHOOL,County,Girls,
991,09224204,ST. TRIZAS KUTUS GIRLS BOARDING SECONDARY SCHOOL,County,Girls,
992,09239102,DR. BABLA KANG'ARU SECONDARY SCHOOL,County,Girls,
993,09239106,ST. MARY'S KAGIO BOYS HIGH SCHOOL,County,Boys,
994,09239109,MWEA BOYS SECONDARY SCHOOL,County,Boys,
995,10204201,"2 0S2T0. PKACUPLES S EBCOOYNS DHAIGRHY SSCCHHOOOOLL ,CGHAOTHICUEKS IL -I SINTI",County,Boys,
996,10204202,GATURI GIRLS SECONDARY SCHOOL,County,Girls,
997,10208204,IGIKIRO SECONDARY SCHOOL,County,Boys,
998,10208305,KAHARO SECONDARY SCHOOL,County,Girls,
999,10226203,GICHAGI-INI SECONDARY SCHOOL,County,Mixed,
1000,10226205,GACHARAGE SECONDARY SCHOOL,County,Girls,
1001,10226212,KIRANGA SECONDARY SCHOOL,County,Boys,
1002,10226226,ST PETERS KANDARA BOYS SECONDARY SCHOOL,County,Boys,
1003,10227112,KIGUMO GIRLS HIGH SCHOOL,County,Girls,
1004,10227303,RARAKWA SECONDARY SCHOOL,County,Girls,
1005,10228102,KIRITI GIRLS SECONDARY SCHOOL,County,Girls,
1006,10228201,WAHUNDURA HIGH SCHOOL,County,Boys,
1007,10228204,KAMACHARIA GIRLS SECONDARY SCHOOL,County,Girls,
1008,10228402,KIRU SECONDARY SCHOOL,County,Boys,
1009,10228404,KAIRO GIRLS SECONDARY SCHOOL,County,Girls,
1010,10229103,KIANGUNYI GIRLS SECONDARY SCHOOL,County,Girls,
1011,10229201,RWATHIA GIRLS SECONDARY SCHOOL,County,Girls,
1012,10229206,DR KIANO BOYS SECONDARY SCHOOL,County,Boys,
1013,10229207,KIRURI SECONDARY SCHOOL,County,Boys,
1014,10234101,GATURA GIRLS,County,Girls,
1015,10234112,MBUGITI SECONDARY SCHOOL,County,Boys,
1016,10234206,GIACHUKI SECONDARY SCHOOL,County,Boys,
1017,10234306,KIUNYU SECONDARY SCHOOL,County,Girls,
1018,10234308,KIHUMBU-INI SECONDARY SCHOOL,County,Girls,
1019,10234406,ST. ANUARITE GATANGA GIRLS SECONDARY SCHOOL,County,Girls,
1020,10234410,CHOMO SECONDARY SCHOOL,County,Boys,
1021,10234601,GITITU SECONDARY SCHOOL,County,Mixed,
1022,10238107,KOIMBI SECONDARY SCHOOL,County,Boys,
1023,10238110,2 0G2IT0W KECKPUE SSEECCOONNDDAARRYY SSCCHHOOOOLL CHOICES LIST,County,Girls,
1024,10238118,DR. KIANO GIRLS SECONDARY SCHOOL,County,Girls,
1025,11205206,RIABAI HIGH SCHOOL,County,Boys,
1026,11207125,THIKA GIRLS KARIBARIBI SECONDARY SCHOOL,County,Girls,
1027,11211301,NGENIA HIGH SCHOOL,County,Boys,
1028,11211303,OUR LADY OF MERCY NGARARIGA GIRLS SECONDARY SCHOOL,County,Girls,
1029,11211305,THIGIO BOYS SECONDARY SCHOOL,County,Boys,
1030,11211307,MIRITHU SECONDARY SCHOOL,County,Girls,
1031,11211308,ST. MARY'S GIRLS - THIGIO,County,Girls,
1032,11211313,KAMANDURA GIRLS HIGH SCHOOL,County,Girls,
1033,11212102,ITURU HIGH SCHOOL,County,Boys,
1034,11212103,MURURIA SECONDARY SCHOOL,County,Boys,
1035,11212104,KAHUGUINI SECONDARY SCHOOL,County,Boys,
1036,11212105,ST.CLARE GIRLS HIGH SCHOOL - GATITU,County,Girls,
1037,11212106,KARINGA GIRLS' HIGH SCHOOL,County,Girls,
1038,11212108,KIMUNYU SECONDARY SCHOOL,County,Boys,
1039,11212109,ICACIRI SECONDARY SCHOOL,County,Girls,
1040,11212110,KIBIRU SECONDARY SCHOOL,County,Girls,
1041,11212114,MUTHIGA GIRLS' SECONDARY SCHOOL,County,Girls,
1042,11212115,GATHIRU SECONDARY SCHOOL,County,Boys,
1043,11212117,UCEKEINI SECONDARY SCHOOL,County,Girls,
1044,11212118,QUEEN OF PEACE NEMBU SECONDARY SCHOOL,County,Girls,
1045,11212121,MUTUNGURU SECONDARY SCHOOL,County,Girls,
1046,11212128,KIAMWORIA SECONDARY SCHOOL,County,Girls,
1047,11230202,MOI GIRLS SECONDARY SCHOOL KAMANGU,County,Girls,
1048,11230315,KIKUYU BOYS HIGH SCHOOL,County,Boys,
1049,11230401,KIKUYU DAY SECONDARY SCHOOL,County,Boys,
1050,11230406,MUSA GITAU SECONDARY SCHOOL,County,Girls,
1051,11231101,2 G02A0T AKMCPAEIY SUE CBOONYSD AHRIGYH S CSHCOHOOOL LCHOICES LIST,County,Boys,
1052,11231104,GACHOIRE SECONDARY SCHOOL,County,Girls,
1053,11231201,LARI BOYS SECONDARY SCHOOL,County,Boys,
1054,11231203,KAMBAA GIRL'S HIGH SCHOOL,County,Girls,
1055,11231204,KINALE GIRLS HIGH SCHOOL,County,Girls,
1056,11232101,KAMBUI GIRLS' HIGH SCHOOL,County,Girls,
1057,11232104,GATHIRIMU GIRLS TECHNICAL HIGH SCHOOL,County,Girls,
1058,11232107,GITWE GIRLS SECONDARY SCHOOL,County,Girls,
1059,11232301,KOMOTHAI BOYS HIGH SCHOOL,County,Boys,
1060,11232302,GATHIRU-INI SECONDARY SCHOOL,County,Boys,
1061,11232303,J G KIEREINI SECONDARY SCHOOL,County,Boys,
1062,11232304,KOMOTHAI GIRL'S TECHNICAL SCHOOL,County,Girls,
1063,11233301,MUNYU GIRLS HIGH SCHOOL,County,Girls,
1064,11233302,NGOLIBA SECONDARY SCHOOL,County,Mixed,
1065,11233303,ST. PAUL'S GATUANYAGA SECONDARY SCHOOL,County,Boys,
1066,11236102,KAIRI SECONDARY SCHOOL,County,Boys,
1067,11236105,GAKOE HIGH SCHOOL,County,Girls,
1068,11236106,OUR LADY OF FATIMA KIRIKO GIRLS SECONDARY SCHOOL,County,Girls,
1069,11236111,GATUNGURU SECONDARY SCHOOL,County,Boys,
1070,11236116,GIKINDU SECONDARY SCHOOL,County,Girls,
1071,11236119,MAKWA SECONDARY SCHOOL,County,Boys,
1072,11240110,ST. ANGELAS GIRLS HIGH SCHOOL KARURA,County,Girls,
1073,11241002,KIRANGARI HIGH SCHOOL,County,Boys,
1074,11241012,KAHUHO UHURU HIGH SCHOOL,County,Boys,
1075,11241015,UTHIRU GIRLS HIGH SCHOOL,County,Girls,
1076,12301707,KATOLONI SECONDARY SCHOOL,County,Mixed,
1077,12301711,KYANGULI MEMORIAL SECONDARY SCHOOL,County,Mixed,
1078,12301713,MUVUTI SECONDARY SCHOOL,County,Boys,
1079,12301718,2 0K2W0A KNCTPHEA SNEZCEO ANIDCA SREYC SOCNHDOAORLY CSHCOHIOCOESL LIST,County,Mixed,
1080,12301719,MIKUINI SECONDARY SCHOOL,County,Mixed,
1081,12301722,MUINDI MBINGU SECONDARY SCHOOL,County,Boys,
1082,12301724,ABC IVETI HILLS SECONDARY SCHOOL,County,Mixed,
1083,12301795,KATELEMBO CENTRE OF EXECELLENCE BOYS HIGH,County,Boys,
1084,12314102,MIU BOYS SECONDARY SCHOOL,County,Boys,
1085,12314105,KYETHIVO GIRLS' SECONDARY SCHOOL,County,Girls,
1086,12314108,MAKUTANO SECONDARY SCHOOL,County,Boys,
1087,12314109,IKALAASA SECONDARY SCHOOL,County,Mixed,
1088,12314111,KIBAUNI SECONDARY SCHOOL,County,Mixed,
1089,12314112,KIUNDWANI SECONDARY SCHOOL,County,Mixed,
1090,12314202,MBAIKINI BOYS HIGH SCHOOL,County,Boys,
1091,12314204,MWALA SCHOOL,County,Boys,
1092,12314205,LEMA GIRLS' SECONDARY SCHOOL,County,Girls,
1093,12314206,ST. TERESA MWALA GIRLS' HIGH SCHOOL,County,Girls,
1094,12314208,A.I.C. KUNIKILA SECONDARY SCHOOL,County,Mixed,
1095,12314210,BISHOP NDINGI HIGH SCHOOL,County,Mixed,
1096,12314212,MULU SECONDARY SCHOOL,County,Mixed,
1097,12315501,MAKIVENZI SECONDARY SCHOOL,County,Girls,
1098,12315504,NDALANI SECONDARY SCHOOL,County,Mixed,
1099,12315505,MATUU HGM MEMORIAL GIRLS HIGH SCHOOL,County,Girls,
1100,12315506,MAVOLONI SECONDARY SCHOOL,County,Mixed,
1101,12315507,KITHIMANI HGM SECONDARY SCHOOL,County,Mixed,
1102,12315512,KIVANDINI SECONDARY SCHOOL,County,Mixed,
1103,12315601,KATANGI SECONDARY SCHOOL,County,Boys,
1104,12315605,IKOMBE SECONDARY SCHOOL,County,Mixed,
1105,12315608,FR. MAKEWA HIGH SCHOOL,County,Mixed,
1106,12315610,NGUMBULU SECONDARY SCHOOL,County,Mixed,
1107,12315612,2 0B2IS0H KOCPP EP ASEUCLO MNUDTAURAY H SIGCHHO SOCLH COHOOLICES LIST,County,Mixed,
1108,12315618,GOOD HOPE HIGH SCHOOL - KILAATU,County,Mixed,
1109,12316106,ST. MARTIN'S KITWII SECONDARY SCHOOL,County,Mixed,
1110,12329101,MITABONI ABC GIRLS SECONDARY SCHOOL,County,Girls,
1111,12329102,MITABONI HIGH SCHOOL,County,Boys,
1112,12329104,KALILUNI GIRLS' SECONDARY SCHOOL,County,Girls,
1113,12329112,KAANI LIONS SECONDARY SCHOOL,County,Girls,
1114,12330135,LUKENYA GIRLS CENTRE OF EXCELLENCE,County,Girls,
1115,12343303,KIVAA SECONDARY SCHOOL,County,Mixed,
1116,12343315,KITHYOKO SECONDARY SCHOOL,County,Mixed,
1117,12345502,KINYUI BOYS SECONDARY SCHOOL,County,Boys,
1118,12345505,KINYUI GIRLS SA SECONDARY SCHOOL,County,Girls,
1119,12345507,KATWANYAA SECONDARY SCHOOL,County,Mixed,
1120,12345509,FR. HEERAN SECONDARY SCHOOL,County,Girls,
1121,12345514,KISUKIONI SECONDARY SCHOOL,County,Boys,
1122,12363101,MUUMANDU SECONDARY SCHOOL,County,Mixed,
1123,12363105,KONZA ABC SECONDARY SCHOOL,County,Mixed,
1124,12363107,KIMUTWA SECONDARY SCHOOL,County,Mixed,
1125,12363110,AIC MBEMBANI CENTRAL SECONDARY SCHOOL,County,Mixed,
1126,12363205,MBUANI SECONDARY SCHOOL,County,Mixed,
1127,12363209,KIUU SECONDARY SCHOOL,County,Mixed,
1128,12363304,KALAMA SECONDARY SCHOOL,County,Mixed,
1129,12363305,KYANGALA SECONDARY SCHOOL,County,Boys,
1130,12363306,KYANGALA GIRL'S SECONDARY SCHOOL,County,Girls,
1131,12363309,MBUKUNI SECONDARY SCHOOL,County,Mixed,
1132,12363311,MANG'AUNI SECONDARY SCHOOL,County,Mixed,
1133,13302104,TIVA SECONDARY SCHOOL,County,Boys,
1134,13302109,IVAINI SECONDARY SCHOOL,County,Mixed,
1135,13302111,2 S0T2 0M KACRPYE'S S ESCEOCNODNADRAYR YS CSHCOHOOLO CLH - O MICIAEMS BLIASNTI,County,Mixed,
1136,13310104,KAELA MIXED SECONDARY SCHOOL,County,Mixed,
1137,13310202,ENZIU SECONDARY SCHOOL,County,Mixed,
1138,13310203,KARUNGA SECONDARY SCHOOL,County,Mixed,
1139,13310301,KIIO SECONDARY SCHOOL,County,Mixed,
1140,13310305,MBONDONI MIXED DAY SECONDARY SCHOOL,County,Mixed,
1141,13317102,IKANGA BOYS SECONDARY SCHOOL,County,Boys,
1142,13317103,KYATUNE GIRLS' SECONDARY SCHOOL,County,Girls,
1143,13317104,MUTOMO MIXED SECONDARY SCHOOL,County,Mixed,
1144,13317105,IKANGA GIRLS' SECONDARY SCHOOL,County,Girls,
1145,13317107,ST.PATRICKS MIXED SECONDARY SCHOOL,County,Mixed,
1146,13317112,KYATUNE BOYS' HIGH SCHOOL,County,Boys,
1147,13317302,VOO SECONDARY SCHOOL,County,Mixed,
1148,13328103,KALONZO SECONDARY SCHOOL,County,Mixed,
1149,13328104,KIMANGAO BOYS SECONDARY SCHOOL,County,Boys,
1150,13328106,KYUSO GIRLS SECONDARY SCHOOL,County,Girls,
1151,13328301,MIVUKONI SECONDARY SCHOOL,County,Mixed,
1152,13331206,MUSENGO SECONDARY SCHOOL,County,Mixed,
1153,13331207,ILAKO MUTUTA SECONDARY SCHOOL,County,Mixed,
1154,13331208,MUTINI SECONDARY SCHOOL,County,Mixed,
1155,13331209,KASUE SECONDARY SCHOOL,County,Mixed,
1156,13331211,KATUTU GIRLS' SECONDARY SCHOOL,County,Girls,
1157,13331230,A.I.C MUTONGUNI GIRLS SECONDARY SCHOOL,County,Girls,
1158,13332105,KAVAANI MIXED DAY SECONDARY SCHOOL,County,Mixed,
1159,13332201,ENDAU SECONDARY SCHOOL,County,Mixed,
1160,13338101,MUI SECONDARY SCHOOL,County,Boys,
1161,13338102,KALITINI SECONDARY SCHOOL,County,Mixed,
1162,13338103,KYAMWENZE GIRLS SECONDARY SCHOOL,County,Girls,
1163,13338201,2 0S2T0. AKUCGPEU SSETCINOEN NDGAURNYI SBCOHYOSO SLE CCHOONIDCEASR LYI SSTCHOOL,County,Boys,
1164,13338203,MASAVI GIRLS' SECONDARY SCHOOL,County,Girls,
1165,13338301,NUU SECONDARY SCHOOL,County,Boys,
1166,13338302,KAAI GIRLS' SECONDARY SCHOOL,County,Girls,
1167,13339104,NDALUNI SECONDARY SCHOOL,County,Boys,
1168,13339202,KATOTENI SECONDARY SCHOOL,County,Mixed,
1169,13339203,NGONGONI SECONDARY SCHOOL,County,Mixed,
1170,13339302,NZELUNI BOYS SECONDARY SCHOOL,County,Boys,
1171,13344102,ST. BRIDGIT SYOMUNYU GIRLS SECONDARY SCHOOL,County,Girls,
1172,13344103,ST. AUGUSTINE KANYANGI SECONDARY SCHOOL,County,Boys,
1173,13344108,KANYANGI GIRLS' SECONDARY SCHOOL,County,Girls,
1174,13344121,LOWER YATTA GIRLS SECONDARY SCHOOL-NTHILANI,County,Girls,
1175,13350201,NGUUKU SECONDARY SCHOOL,County,Mixed,
1176,13350202,KATSE SECONDARY SCHOOL,County,Girls,
1177,13350204,TYAA KAMUTHALE SECONDARY SCHOOL,County,Mixed,
1178,13352101,TSEIKURU SECONDARY SCHOOL,County,Mixed,
1179,13352201,USUENI GIRLS SECONDARY SCHOOL,County,Girls,
1180,13353101,KATULANI SECONDARY SCHOOL,County,Boys,
1181,13353302,KAVISUNI MIXED SECONDARY SCHOOL,County,Mixed,
1182,13353303,KATHUNGI SECONDARY SCHOOL,County,Mixed,
1183,13360102,KYAANI GIRLS SECONDARY SCHOOL,County,Girls,
1184,13360103,KAUMA SECONDARY SCHOOL,County,Boys,
1185,13360104,ST.JOHNS KWA MULUNGU SECONDARY SCHOOL,County,Mixed,
1186,13360105,KALIMANI SECONDARY SCHOOL,County,Boys,
1187,13360108,MUTULU SECONDARY SCHOOL,County,Boys,
1188,13366104,THARAKA GIRLS SECONDARY SCHOOL,County,Girls,
1189,14303202,ST.JOSEPH'S SECONDARY SCHOOL-MTETU,County,Mixed,
1190,14312106,ACK RIANDU SECONDARY SCHOOL,County,Mixed,
1191,14312303,2 0K2IG0W KCAPMEB SITEIC SOENCDOANRDYA RSCYH SOCOHLO COHLOICES LIST,County,Mixed,
1192,14312304,KARANGARE SECONDARY SCHOOL,County,Mixed,
1193,14312307,GITII A.C.K. SECONDARY SCHOOL,County,Mixed,
1194,14312308,KAMARANDI SECONDARY SCHOOL,County,Mixed,
1195,14312312,ST.MICHAEL SECONDARY SCHOOL KYENIRE,County,Mixed,
1196,14312321,THE ARCH ANGELS' KANYUERI HIGH SCHOOL,County,Mixed,
1197,14333103,THIGINGI GIRLS SECONDARY SCHOOL,County,Girls,
1198,14333104,ST. FRANCIS KANJA SECONDARY SCHOOL,County,Mixed,
1199,14333105,GICHICHE SECONDARY SCHOOL,County,Mixed,
1200,14333106,GITARE MIXED SECONDARY SCHOOL,County,Mixed,
1201,14333204,S.A KYENI GIRLS SECONDARY SCHOOL,County,Girls,
1202,14333205,ST. MARY GORETTI GIRLS' SECONDARY SCHOOL,County,Girls,
1203,14333206,ST JOHN KATHUNGURI SECONDARY SCHOOL,County,Mixed,
1204,14333208,KIANGUNGI SECONDARY SCHOOL,County,Mixed,
1205,14341202,NGENGE SECONDARY SCHOOL,County,Mixed,
1206,14341203,KIAMURINGA SECONDARY SCHOOL,County,Mixed,
1207,14341204,ST.CLARE GIRL'S SECONDARY SCHOOL-KANGETA,County,Girls,
1208,14341301,MBONDONI SECONDARY SCHOOL,County,Mixed,
1209,14341401,KARABA BOYS SECONDARY SCHOOL,County,Boys,
1210,14341402,STEPHEN KISILU SECONDARY SCHOOL RIAKANAU,County,Mixed,
1211,14341403,GATEGI GIRLS SECONDARY SCHOOL,County,Girls,
1212,14341405,CONSOLATA GIRLS SECONDARY SCHOOL- GITARAKA,County,Girls,
1213,14355113,ST JOHN'S KIANJUKI SECONDARY SCHOOL,County,Girls,
1214,14355203,ST PETER'S KATHAKWA SECONDARY SCHOOL,County,Mixed,
1215,15304107,KIRIGE HIGH SCHOOL,County,Boys,
1216,15304110,NTHIMBIRI SECONDARY SCHOOL,County,Boys,
1217,15304204,MULATHANKARI GIRLS HIGH SCHOOL,County,Girls,
1218,15304205,THUURA SECONDARY SCHOOL,County,Boys,
1219,15304206,2 0N2K0A KBCUPNEE S GEICROLNS DSAERCYO NSCDHAOROY LS CCHHOOIOCLES LIST,County,Girls,
1220,15304207,MUNITHU SECONDARY SCHOOL,County,Girls,
1221,15309302,ST. RITAS' AMWAMBA GIRLS SECONDARY SCHOOL,County,Girls,
1222,15318102,NKANDO SECONDARY SCHOOL,County,Boys,
1223,15318103,RUIGA GIRLS SECONDARY SCHOOL,County,Girls,
1224,15318203,GAITU SECONDARY SCHOOL,County,Boys,
1225,15318204,KAONGO GIRLS SECONDARY SCHOOL,County,Girls,
1226,15318209,KIAMURI SECONDARY SCHOOL,County,Mixed,
1227,15318302,KEERU SECONDARY SCHOOL,County,Boys,
1228,15318305,KITHIRUNE GIRLS' SECONDARY SCHOOL,County,Girls,
1229,15318307,KATHERI HIGH SCHOOL,County,Boys,
1230,15318308,GITHONGO SECONDARY SCHOOL,County,Boys,
1231,15318311,KARUGWA GIRLS' SECONDARY SCHOOL,County,Girls,
1232,15318328,KATHERI GIRLS HIGH SCHOOL,County,Girls,
1233,15319103,NKUENE MIXED SECONDARY SCHOOL,County,Boys,
1234,15319105,UKUU HIGH SCHOOL,County,Girls,
1235,15319106,KATHERA SECONDARY SCHOOL,County,Boys,
1236,15319107,MIKUMBUNE SECONDARY SCHOOL,County,Boys,
1237,15319108,KATHERA GIRLS SECONDARY SCHOOL,County,Girls,
1238,15319109,NYAGENE GIRLS' SECONDARY SCHOOL,County,Girls,
1239,15319110,URUKU GIRLS SECONDARY SCHOOL,County,Girls,
1240,15319202,NDAGENE SECONDARY SCHOOL,County,Boys,
1241,15319203,KITHANGARI GIRLS SECONDARY SCHOOL,County,Girls,
1242,15319204,KITHATU GIRLS SECONDARY SCHOOL,County,Girls,
1243,15319206,IGOKI BOYS' SECONDARY SCHOOL,County,Boys,
1244,15319208,IGANDENE SECONDARY SCHOOL,County,Boys,
1245,15319210,MACHIKINE GIRLS SECONDARY SCHOOL,County,Girls,
1246,15319214,KITHANGARI BOYS SECONDARY SCHOOL,County,Boys,
1247,15319221,2 0M2A0R KACAP ES ESECCOONNDDAARRYY S SCCHHOOOOLL CHOICES LIST,County,Girls,
1248,15319303,MIRURIIRI BOYS SECONDARY SCHOOL,County,Boys,
1249,15319308,ST AGNES-GAUKUNE GIRLS SECONDARY SCHOOL,County,Girls,
1250,15319318,MIRURIIRI GIRLS SECONDARY SCHOOL,County,Girls,
1251,15327102,ST. LUKE'S SECONDARY SCHOOL,County,Boys,
1252,15327103,KANJALU GIRLS SECONDARY SCHOOL,County,Girls,
1253,15327104,AKITHII GIRLS SECONDARY SCHOOL,County,Girls,
1254,15327105,KIMACHIA SECONDARY SCHOOL,County,Mixed,
1255,15327106,KIBULINE SECONDARY SCHOOL,County,Mixed,
1256,15327107,ATHWANA HIGH SCHOOL,County,Mixed,
1257,15327108,KIANJAI SECONDARY SCHOOL,County,Boys,
1258,15327109,KITHEO SECONDARY SCHOOL,County,Mixed,
1259,15327110,URINGU GIRLS SECONDARY SCHOOL,County,Girls,
1260,15327111,MCK MITUNTU GIRLS' SECONDARY SCHOOL,County,Girls,
1261,15327113,ST.FRANCIS OF ASSISI SECONDARY SCHOOL - MURAMBA,County,Mixed,
1262,15327120,KIANJAI GIRLS SECONDARY SCHOOL,County,Girls,
1263,15334103,FGCK KISIMA SECONDARY SCHOOL,County,Mixed,
1264,15337102,ANTUBETWE KIONGO SECONDARY SCHOOL,County,Mixed,
1265,15337201,MUTUATI SECONDARY SCHOOL,County,Boys,
1266,15337203,NAATHU SECONDARY SCHOOL,County,Girls,
1267,15337303,ANTUAMBUI SECONDARY SCHOOL,County,Boys,
1268,15349105,ST. MARY'S MBARANGA SECONDARY SCHOOL,County,Mixed,
1269,15349111,EAPC RUMANTHI GIRLS SECONDARY SCHOOL,County,Girls,
1270,15349119,MUKUIRU MIXED DAY BOARDING SECONDARY SCHOOL,County,Mixed,
1271,15361101,AKAIGA SECONDARY SCHOOL,County,Boys,
1272,15361108,IRINDIRO SECONDARY SCHOOL,County,Mixed,
1273,15361109,KALIENE SECONDARY SCHOOL,County,Boys,
1274,15361120,NGAGE MIXED DAY SECONDARY SCHOOL,County,Mixed,
1275,15362115,2 0A2K0IR KACNPGE' OSENCDOUN SDEACROYN SDCAHROYO SLC CHHOOOICLES LIST,County,Boys,
1276,15362201,NTHARE SECONDARY SCHOOL,County,Mixed,
1277,15362202,NTUENE SECONDARY SCHOOL,County,Mixed,
1278,15362208,THITHA SECONDARY SCHOOL,County,Mixed,
1279,15364201,KIIRUA BOYS SECONDARY SCHOOL,County,Boys,
1280,15364202,NAARI SECONDARY SCHOOL,County,Girls,
1281,15364303,MUCHEENE SECONDARY SCHOOL,County,Boys,
1282,15364304,GAKANDO GIRLS SECONDARY SCHOOL,County,Girls,
1283,16305302,SAKUU HIGH SCHOOL,County,Boys,
1284,16320301,MAIKONA GIRLS SECONDARY SCHOOL,County,Girls,
1285,16320401,HON. ISACKO MEMORIAL BOYS HIGH SCHOOL,County,Boys,
1286,16321101,LAISAMIS SECONDARY SCHOOL,County,Mixed,
1287,16321102,LOGLOGO GIRLS SECONDARY SCHOOL,County,Girls,
1288,16358101,NORTH HORR SECONDARY SCHOOL,County,Boys,
1289,16358102,NORTH HORR GIRLS SECONDARY SCHOOL,County,Girls,
1290,16359102,KULAL GIRLS SECONDARY SCHOOL,County,Girls,
1291,17306105,NGAREMARA SECONDARY SCHOOL,County,Boys,
1292,17306110,NGAREMARA GIRLS SECONDARY SCHOOL,County,Girls,
1293,17306206,ELSA SECONDARY SCHOOL,County,Girls,
1294,17306301,OLDONYIRO SECONDARY SCHOOL,County,Mixed,
1295,17306302,KIPSING MIXED DAY SECONDARY SCHOOL,County,Mixed,
1296,17322202,KULAMAWE SECONDARY SCHOOL,County,Boys,
1297,17322301,SERICHO SECONDARY SCHOOL,County,Boys,
1298,17356101,MERTI SECONDARY SCHOOL,County,Boys,
1299,17356102,MERTI MUSLIM GIRLS' SECONDARY SCHOOL,County,Girls,
1300,17356203,BULESA SECONDARY SCHOOL,County,Mixed,
1301,18307104,ST. LAWRENCE'S NZIU GIRLS,County,Girls,
1302,18307106,ST JOHNS MALIVANI SECONDARY SCHOOL,County,Mixed,
1303,18307202,2 0U2K0IA K GCPIREL SSE' CSOENCODNADRYA RSYC HSOCOHOL OCHLOICES LIST,County,Girls,
1304,18307204,ST. PAUL'S KYAMUTHEI SECONDARY SCHOOL,County,Boys,
1305,18323103,NZEVENI SECONDARY SCHOOL,County,Mixed,
1306,18323105,KIKIMA SECONDARY SCHOOL,County,Mixed,
1307,18323109,MBOONI A.I.C GIRLS SECONDARY SCHOOL,County,Girls,
1308,18323201,UTANGWA HIGH SCHOOL,County,Mixed,
1309,18323205,UTANGWA GIRLS' SECONDARY SCHOOL,County,Girls,
1310,18323301,ITETANI SECONDARY SCHOOL,County,Boys,
1311,18323302,KIATINENI SECONDARY SCHOOL,County,Mixed,
1312,18323304,MULOONI SECONDARY SCHOOL,County,Mixed,
1313,18323311,IMALE SCHOOL,County,Boys,
1314,18324101,KIKUMINI SECONDARY SCHOOL,County,Boys,
1315,18324103,GOOD SHEPHERD GIRLS SECONDARY SCHOOL,County,Girls,
1316,18324113,UTINI GIRLS SECONDARY SCHOOL,County,Girls,
1317,18324201,MULALA GIRLS' HIGH SCHOOL,County,Girls,
1318,18324225,MUTANDA GIRLS SECONDARY SCHOOL,County,Girls,
1319,18324303,GIGIRI LIONS GIRLS' SECONDARY SCHOOL,County,Girls,
1320,18324304,GIGIRI NZEENI LIONS BOYS SECONDARY SCHOOL,County,Boys,
1321,18325101,JOANNA CHASE SECONDARY SCHOOL,County,Boys,
1322,18325102,MUTHINGIINI HIGH SCHOOL,County,Boys,
1323,18325103,DARAJANI SECONDARY SCHOOL,County,Boys,
1324,18325104,KITHINGIISYO SECONDARY SCHOOL,County,Mixed,
1325,18325109,ST. MARY'S KOMBOYOO GIRLS SECONDARY SCHOOL,County,Girls,
1326,18325117,KASUE GIRLS' SECONDARY SCHOOL,County,Girls,
1327,18325203,ST. MARY'S GIRLS HIGH SCHOOL KINYAMBU,County,Girls,
1328,18325205,KISAYANI SECONDARY SCHOOL,County,Mixed,
1329,18325206,KYANGINYWA HIGH SCHOOL,County,Mixed,
1330,18325207,KATHYAKA SECONDARY SCHOOL,County,Mixed,
1331,18325301,2 0U2T0IT KHCI PSEE SCEOCNODNADRAYR SYC SHCOHOOLOL CHOICES LIST,County,Mixed,
1332,18325303,SUMBI SECONDARY SCHOOL,County,Mixed,
1333,18325307,KIVUTHINI SECONDARY SCHOOL,County,Mixed,
1334,18325309,KITHYULULU SECONDARY SCHOOL,County,Mixed,
1335,18335102,ST PETER CLEVER'S SECONDARY SCHOOL-KITHUKI,County,Mixed,
1336,18335208,KATHONZWENI GIRLS SECONDARY SCHOOL,County,Girls,
1337,18335301,AIC MAVINDINI BOYS SECONDARY SCHOOL,County,Boys,
1338,18335308,ST. JUDE GIRLS SECONDARY SCHOOL,County,Girls,
1339,18335401,KIANGINI SECONDARY SCHOOL,County,Girls,
1340,18336102,THOMEANDU SECONDARY SCHOOL,County,Boys,
1341,18336103,KILUNGU BOYS HIGH SCHOOL,County,Boys,
1342,18336104,ST.LUCIA GIRLS' HIGH SCHOOL- KAUTI,County,Girls,
1343,18336106,INYOKONI SECONDARY SCHOOL,County,Mixed,
1344,18336202,NDOLO SECONDARY SCHOOL,County,Boys,
1345,18346103,KITETA BOYS SECONDARY SCHOOL,County,Boys,
1346,18346104,KITETA GIRLS SECONDARY SCHOOL,County,Girls,
1347,18346106,NDULUKU SECONDARY SCHOOL,County,Boys,
1348,18346123,KAKO SECONDARY SCHOOL,County,Mixed,
1349,18346202,ST . ANGELA MERICI ITITU GIRLS SECONDARY SCHOOL,County,Girls,
1350,18346212,KALAWA GIRLS' SECONDARY SCHOOL,County,Girls,
1351,18347402,KASIKEU GIRLS HIGH SCHOOL,County,Girls,
1352,18347403,ENGULI ABC SECONDARY SCHOOL,County,Mixed,
1353,18347410,MBIINI SECONDARY SCHOOL,County,Boys,
1354,18347412,NDULUNI SECONDARY SCHOOL,County,Mixed,
1355,18347504,MUKAA GIRLS' HIGH SCHOOL,County,Girls,
1356,18347505,KITAINGO BOYS' SECONDARY SCHOOL,County,Boys,
1357,18347506,ABC MAIANI BOYS HIGH SCHOOL,County,Boys,
1358,18347508,MT. CARMEL GIRLS' SECONDARY SCHOOL - KILOME,County,Girls,
1359,18347512,2 0K2IO0N KGCWPEA SNEI CGOIRNLDSA SREYC SOCNHDOAORLY C SHCOHICOEOSL LIST,County,Girls,
1360,18347513,KIONGWANI BOYS HIGH SCHOOL,County,Boys,
1361,18347522,SALVATION ARMY MAIANI SECONDARY SCHOOL,County,Girls,
1362,18348102,MAKINDU GIRLS SECONDARY SCHOOL,County,Girls,
1363,18348103,SHINE STAR KAI SECONDARY SCHOOL,County,Mixed,
1364,18348110,ST. ANNS KIBOKO SECONDARY SCHOOL,County,Girls,
1365,18348120,NGUUMO GIRLS SECONDARY SCHOOL,County,Girls,
1366,19308303,KAMBANDI SECONDARY SCHOOL,County,Mixed,
1367,19308305,KIREGE SECONDARY SCHOOL,County,Mixed,
1368,19308307,KIERENI SECONDARY SCHOOL,County,Mixed,
1369,19308315,KIUNGUNI DAY SECONDARY SCHOOL,County,Mixed,
1370,19308506,RUBATE SECONDARY SCHOOL,County,Mixed,
1371,19308507,MPUKONI SECONDARY SCHOOL,County,Mixed,
1372,19308509,NDAGONI GIRLS SECONDARY SCHOOL,County,Girls,
1373,19308510,KIAMURIUKI SECONDARY SCHOOL,County,Mixed,
1374,19308512,MAGENKA SECONDARY SCHOOL,County,Mixed,
1375,19313102,GATUNGA SECONDARY SCHOOL,County,Boys,
1376,19313104,MARIMANTI GIRLS HIGH SCHOOL,County,Girls,
1377,19313206,CHIAKARIGA SECONDARY SCHOOL,County,Girls,
1378,19326106,P.C.E.A MURAGA SECONDARY SCHOOL,County,Mixed,
1379,19326107,ST. AUGUSTINE RUGUTA SECONDARY SCHOOL,County,Mixed,
1380,19326108,MUGONA GIRLS SECONDARY SCHOOL,County,Girls,
1381,19326110,ACK IGANGARA SECONDARY SCHOOL,County,Mixed,
1382,19326112,ITARA DAY SECONDARY SCHOOL,County,Mixed,
1383,19326205,THIGAA SECONDARY SCHOOL,County,Mixed,
1384,19326209,NGERU SECONDARY SCHOOL,County,Boys,
1385,19326210,NTURIRI BOYS` SECONDARY SCHOOL,County,Boys,
1386,19326215,KIEGANGURU GIRLS SECONDARY SCHOOL,County,Girls,
1387,19326216,2 0S2T0 A KNCNP EG ISRELCSO SNEDCAORNYD SACRHYO SOCLH COHOOLICES LIST,County,Girls,
1388,19367401,NTUMBARA SECONDARY SCHOOL,County,Mixed,
1389,19367403,KATHWANA MIXED DAY SECONDARY SCHOOL,County,Mixed,
1390,19367404,KAJIAMPAU MIXED SECONDARY SCHOOL,County,Mixed,
1391,19367405,ST TERESA KANTHANJE SECONDARY SCHOOL,County,Mixed,
1392,19367406,KAJUKI SECONDARY SCHOOL,County,Mixed,
1393,19367408,MAKANYANGA SECONDARY SCHOOL,County,Mixed,
1394,19367502,M.C.K KIANGIRI SECONDARY SCHOOL,County,Mixed,
1395,19367503,KATHAGARA MIXED DAY SECONDARY SCHOOL,County,Mixed,
1396,19367504,KAMWIMBI SECONDARY SCHOOL,County,Mixed,
1397,19367505,KIARITHA MIXED DAY SECONDARY SCHOOL,County,Mixed,
1398,19367602,ACK KAANWA SECONDARY SCHOOL,County,Mixed,
1399,19367606,MAKAWANI DAY SECONDARY SCHOOL,County,Mixed,
1400,20402003,MAINA WANJIGI SECONDARY SCHOOL,County,Girls,
1401,20402006,O.L.M SHAURI MOYO GIRLS SECONDARY SCHOOL,County,Girls,
1402,20403002,DR. RIBEIRO PARKLANDS SCHOOL,County,Boys,
1403,20403024,COUNTY GIRLS HIGH SCHOOL- NAIROBI,County,Girls,
1404,20404022,KAREN ' C ' SECONDARY SCHOOL,County,Girls,
1405,20405006,RUTHIMITU SECONDARY SCHOOL,County,Mixed,
1406,20405008,RUTHIMITU GIRLS SECONDARY SCHOOL,County,Girls,
1407,20406007,KANGEMI HIGH SCHOOL,County,Boys,
1408,20406012,NAIROBI MILIMANI SECONDARY SCHOOL,County,Boys,
1409,20406018,LAVINGTON MIXED SECONDARY SCHOOL,County,Girls,
1410,20408007,EMBAKASI GIRLS SECONDARY SCHOOL,County,Girls,
1411,20411001,ST TERESA'S GIRLS SECONDARY SCHOOL,County,Girls,
1412,21501106,LODWAR GIRLS SECONDARY SCHOOL,County,Girls,
1413,21501201,MOI HIGH SCHOOL KALOKOL,County,Mixed,
1414,21501301,ELIYE BOYS SECONDARY SCHOOL,County,Boys,
1415,21501401,2 0N2A0K KUCRPIOE SGEIRCOLSN SDEACROYN SDCAHROYO SL CCHHOOOICLES LIST,County,Girls,
1416,21501501,KERIO SECONDARY SCHOOL,County,Boys,
1417,21524103,ST. JOSEPH'S LAPUR BOYS SECONDARY SCHOOL,County,Boys,
1418,21524105,KAERIS GIRLS SECONDARY SCHOOL,County,Girls,
1419,21525201,AGC LOKICHAR BOYS SECONDARY SCHOOL,County,Boys,
1420,21525202,UHURU GIRLS' HIGH SCHOOL- LOKICHAR,County,Girls,
1421,21525203,KAKALEL BOYS SECONDARY SCHOOL,County,Boys,
1422,21525204,RCEA KASUROI BOYS SECONDARY SCHOOL,County,Boys,
1423,21525302,KATILU GIRLS SECONDARY SCHOOL,County,Girls,
1424,21525401,KAINUK MIXED SECONDARY SCHOOL,County,Mixed,
1425,21548103,MORULEM MIXED SECONDARY SCHOOL,County,Mixed,
1426,21548104,A.I.C KATILIA BOYS SECONDARY SCHOOL,County,Boys,
1427,21548105,LOTUBAE GIRLS SECONDARY SCHOOL,County,Girls,
1428,21548106,NAMORTUNGÁ BOYS SECONDARY SCHOOL,County,Boys,
1429,21548201,KAPEDO MIXED SECONDARY SCHOOL,County,Mixed,
1430,21549101,KAKUMA SECONDARY SCHOOL,County,Boys,
1431,21549104,TARACH SECONDARY SCHOOL,County,Mixed,
1432,21549109,KALOBEYEI SECONDARY SCHOOL,County,Mixed,
1433,21549201,SONG'OT BOYS SECONDARY SCHOOL,County,Boys,
1434,21549202,MOGILA GIRLS SECONDARY SCHOOL,County,Girls,
1435,21550102,TURKWEL BOYS SECONDARY SCHOOL,County,Boys,
1436,21550103,LOIMA BOYS SECONDARY SCHOOL,County,Boys,
1437,21550104,DAVID LEE ADVENTIST NAGIS SECONDARY SCHOOL,County,Mixed,
1438,21550105,LOIMA GIRLS SECONDARY SCHOOL,County,Girls,
1439,21550107,NAPEILILIM SECONDARY SCHOOL,County,Mixed,
1440,22502202,KIRISIA SECONDARY SCHOOL,County,Boys,
1441,22502204,A I C MOI GIRLS SAMBURU,County,Girls,
1442,22526201,UASO BOYS SECONDARY SCHOOL,County,Boys,
1443,22527102,2 0P2.C0. EK.CAP TEU SMEC GOIRNLDSA SREYC SOCNHDOAORLY C SHCOHICOEOSL LIST,County,Girls,
1444,23503301,SABOTI SECONDARY SCHOOL,County,Boys,
1445,23503302,ST. MARY'S MACHEWA SECONDARY SCHOOL,County,Mixed,
1446,23503310,IMMACULATE HEART GIRLS HIGH SCHOOL SABOTI,County,Girls,
1447,23528103,KAPSARA SECONDARY SCHOOL,County,Mixed,
1448,23528104,ST CHRISTOPHER'S SCHOOL,County,Boys,
1449,23528107,WIYETA SECONDARY SCHOOL,County,Girls,
1450,23528109,ST. PAUL'S BOYS HIGH SCHOOL-SINOKO,County,Boys,
1451,23528133,HUTUTU FRIENDS GIRLS SECONDARY SCHOOL,County,Girls,
1452,23528137,IMMACULATE CONCEPTION GIRLS HIGH SCHOOL-MUKUYU KIT,County,Girls,
1453,23528201,ST. FRANCIS BOYS HIGH SCHOOL SUWERWA,County,Boys,
1454,23528206,ST PETERS MITO MBILI GIRLS SECONDARY SCHOOL,County,Girls,
1455,23528208,ST BENEDICTS SECONDARY SCHOOL KAPSIGILAI,County,Mixed,
1456,23528214,ST FRANCIS GIRLS HIGH SCHOOL - SUWERWA,County,Girls,
1457,23528216,A.I.C KIPKEIKEI GIRLS HIGH SCHOOL,County,Girls,
1458,23529101,KOLONGOLO SECONDARY SCHOOL,County,Boys,
1459,23529102,FRIENDS BOYS SCHOOL - KWANZA,County,Boys,
1460,23529104,NAMANJALALA SECONDARY SCHOOL,County,Mixed,
1461,23529105,BISHOP ALEXANDER MUGE SECONDARY SCHOOL,County,Girls,
1462,23529106,GIDEA SECONDARY SCHOOL,County,Girls,
1463,23529108,KOBOS SECONDARY SCHOOL,County,Boys,
1464,23529110,ST. MAURICE HIGH SCHOOL - LUNYU,County,Boys,
1465,23529122,ST. MICHAELS GIRLS LIYAVO GIRLS' DAY SECONDARY SCH,County,Girls,
1466,23529131,ST. FRANCIS KOLONGOLO GIRLS HIGH SCHOOL,County,Girls,
1467,23529135,ST. PATRICKS' SECONDARY SCHOOL - MAKUNGA,County,Mixed,
1468,23529141,ST. MAURICE GIRLS HIGH SCHOOL-LUNYU,County,Girls,
1469,23529150,AIC KOBOS GIRLS HIGH SCHOOL,County,Girls,
1470,23572101,SABWANI SECONDARY SCHOOL,County,Girls,
1471,23574113,2 0S2T0. TKECRPEES SAE'CSO BNIKDEAKREY G SICRHLSO OSEL CCOHNODICAERSY L ISSCTHOOL,County,Girls,
1472,23574123,NYABOMO SDA SECONDARY SCHOOL,County,Mixed,
1473,24504104,PROPOI GIRLS SECONDARY SCHOOL,County,Girls,
1474,24504105,ST. MARY'S OF MERCY PSERUM GIRLS SEC SCHOOL,County,Girls,
1475,24504107,ST. AUGUSTINE CHEPKOPEGH BOYS' SECONDARY SCHOOL,County,Boys,
1476,24504115,ST. SOPHIA PKOMO GIRLS HIGH SCHOOL,County,Girls,
1477,24504204,ST. ELIZABETH GIRLS SECONDARY SCHOOL MORPUS,County,Girls,
1478,24505106,KAMITO BOYS' SECONDARY SCHOOL,County,Boys,
1479,24505301,ELCK RIWO SECONDARY SCHOOL,County,Mixed,
1480,24505302,KARENGER BOYS SECONDARY SCHOOL,County,Boys,
1481,24505303,HOLY TRINITY GIRL'S SECONDARY - SEREWO,County,Girls,
1482,24505402,ST. CATHERINE CHEPNYAL GIRLS SECONDARY SCHOOL,County,Girls,
1483,24530102,KONYAO SECONDARY SCHOOL,County,Mixed,
1484,24530202,ALALE GIRLS' SECONDARY SCHOOL,County,Girls,
1485,24530203,ST. ANNES' GIRLS' SECONDARY SCHOOL,County,Girls,
1486,24530301,KASEI BOYS SECONDARY SCHOOL,County,Boys,
1487,24531102,FR. LEO STAPLES GIRLS SECONDARY SCHOOL,County,Girls,
1488,24531103,CANON PRICE SECONDARY SCHOOL TAMKAL,County,Mixed,
1489,24531105,ELCK SEKERR MIXED SECONDARY SCHOOL,County,Mixed,
1490,24531108,OUR LADY QUEEN OF PEACE MTELO GIRLS SECONDARY,County,Girls,
1491,24531111,MASOL SECONDARY SCHOOL,County,Mixed,
1492,24531112,ST. ANTHONY MTELO BOYS SECONDARY SCHOOL,County,Boys,
1493,24531201,ELCK-CHESTA GIRLS SECONDARY SCHOOL,County,Girls,
1494,24531202,CHEPTULEL BOYS SECONDARY SCHOOL,County,Boys,
1495,24531203,LOMUT MIXED SECONDARY SCHOOL,County,Mixed,
1496,24531204,ELCK ANNET MIXED SECONDARY SCHOOL,County,Mixed,
1497,24531205,ST. MARY'S CHEPTULEL GIRLS SECONDARY SCHOOL,County,Girls,
1498,24531206,SAMUEL KIM ADVENTIST HIGH SCHOOL-LOMUT,County,Mixed,
1499,24568101,2 0S2T0. EKLCIPZEA 'SSE KCAOBNICDHABRIYC HSC GHIORLOSL SCEHCOOICNEDSA LRISYT SCHOOL,County,Girls,
1500,24568102,ST. DANIEL COMBONI KAPTABUK BOYS SEC. SCHOOL,County,Boys,
1501,24568201,E L C K CHEPKALIT MIXED SCHOOL,County,Mixed,
1502,25508103,NDARAWETTA GIRLS SECONDARY SCHOOL,County,Girls,
1503,25508106,KIPLOKYI GIRLS SECONDARY SCHOOL,County,Girls,
1504,25508110,MUGANGO SECONDARY SCHOOL,County,Boys,
1505,25508123,CHEBONEI GIRLS SECONDARY SCHOOL,County,Girls,
1506,25508147,KANUSIN BOYS SECONDARY SCHOOL,County,Boys,
1507,25533102,MOI MINARIET BOYS SECONDARY SCHOOL,County,Boys,
1508,25533105,KIMOLWET SECONDARY SCHOOL,County,Boys,
1509,25533107,CHESILYOT GIRLS SECONDARY SCHOOL,County,Girls,
1510,25533108,KAMUNGEI SECONDARY SCHOOL,County,Mixed,
1511,25533111,NGARIET BOYS SECONDARY SCHOOL,County,Boys,
1512,25533113,TEMBWO GIRLS SECONDARY SCHOOL,County,Girls,
1513,25533121,KAPLETUNDO SECONDARY SCHOOL,County,Mixed,
1514,25533126,LORNA LABOSO MEMORIAL GIRLS,County,Girls,
1515,25533201,GELEGELE HIGH SCHOOL,County,Boys,
1516,25533202,GORGOR SECONDARY SCHOOL,County,Mixed,
1517,25533214,GELEGELE GIRLS SECONDARY SCHOOL,County,Girls,
1518,25551102,SIGOR SECONDARY SCHOOL,County,Boys,
1519,25551201,CHEBUNYO SECONDARY SCHOOL,County,Boys,
1520,25551203,KIPSUTER SECONDARY SCHOOL,County,Boys,
1521,25551204,MAKIMENY SECONDARY SCHOOL,County,Girls,
1522,25551205,MOGOR HIGH SCHOOL,County,Girls,
1523,25551206,OLBUTYO BOYS SECONDARY SCHOOL,County,Boys,
1524,25551210,OLBUTYO GIRLS SECONDARY SCHOOL,County,Girls,
1525,25551237,CHEBUNYO GIRLS SECONDARY SCHOOL,County,Girls,
1526,25563104,RUSEYA SECONDARY SCHOOL,County,Girls,
1527,25563106,2 0S2T0 B KRCIGPEID SSE CCOHNEMDEALREYT S SCEHCOOONLD CAHROYI CSECSH LOISOTL,County,Girls,
1528,25563201,KIPKORIR SALAT SECONDARY SCHOOL,County,Boys,
1529,25563202,CHEPTALAL SECONDARY SCHOOL,County,Girls,
1530,25563203,SOTIT SECONDARY SCHOOL,County,Boys,
1531,25563302,KAPTEBENGWET SECONDARY SCHOOL,County,Boys,
1532,25563303,ST. MONICA CHEBANG'ANG GIRLS' SECONDARY SCHOOL,County,Girls,
1533,25583109,MULOT SECONDARY SCHOOL,County,Boys,
1534,25583110,KONG'OTIK GIRLS HIGH SCHOOL,County,Girls,
1535,25583118,KOIBEIYON SECONDARY SCHOOL,County,Mixed,
1536,25583122,MENGIT MIXED SECONDARY SCHOOL,County,Mixed,
1537,25583126,ST.CATHERINE GIRLS SECONDARY SCHOOL,County,Girls,
1538,26509109,KAPKEBEN SECONDARY SCHOOL,County,Mixed,
1539,26509115,KAPTEBEE SECONDARY SCHOOL,County,Mixed,
1540,26509124,KOSACHEI SECONDARY SCHOOL,County,Mixed,
1541,26509141,A.I.C LESERU GIRLS SCHOOL,County,Girls,
1542,26534115,BISHOP BIRECH GIRLS TILOL,County,Girls,
1543,26534117,CHEPNG'OROR SECONDARY SCHOOL,County,Girls,
1544,26576106,KIBOROM SECONDARY SCHOOL,County,Mixed,
1545,26576112,SISYOBEI ADVENTIST SECONDARY SCHOOL,County,Mixed,
1546,26577105,KIMONING SECONDARY SCHOOL,County,Boys,
1547,26577131,ST MARY'S GIRLS SECONDARY SCHOOL KAPSILIOT,County,Girls,
1548,27511544,ST. MARIA VERONICA GIRLS HIGH SCHOOL,County,Girls,
1549,27537333,MAGEREZA ACADEMY,County,Boys,
1550,27537502,KIAMBOGO SECONDARY SCHOOL,County,Mixed,
1551,27538206,P.C.E.A. KAMBALA GIRLS HIGH SCHOOL,County,Girls,
1552,27552019,MAMA NGINA KENYATTA SECONDARY SCHOOL,County,Mixed,
1553,27565314,SIWOT GIRLS SECONDARY SCHOOL,County,Girls,
1554,27565401,OLENGURUONE SECONDARY SCHOOL,County,Mixed,
1555,27565402,"2 0M2O0I KSCEPCEO SNEDCAORNYD SACRHYO SOCHL,O AOMLA CLHOOICES LIST",County,Mixed,
1556,27565404,CHEPTUECH SECONDARY SCHOOL,County,Boys,
1557,27565405,EMITIK GIRLS SECONDARY SCHOOL,County,Girls,
1558,27570205,COULSON SECONDARY SCHOOL,County,Boys,
1559,27570234,GILGIL GIRLS' HIGH SCHOOL,County,Girls,
1560,27580032,KIPKORIS GIRLS SECONDARY SCHOOL,County,Girls,
1561,28512105,CHEBIGEN SECONDARY SCHOOL,County,Mixed,
1562,28512106,KIPCHIMCHIM BOYS HIGH SCHOOL,County,Boys,
1563,28512120,TOROR GIRLS' SECONDARY SCHOOL,County,Girls,
1564,28512126,AIC TELANET GIRLS HIGH SCHOOL,County,Girls,
1565,28522402,TEBESONIK SECONDARY SCHOOL,County,Boys,
1566,28522404,KAPKISIARA SECONDARY SCHOOL,County,Girls,
1567,28522405,TULWET SECONDARY SCHOOL,County,Boys,
1568,28522406,GETARWET SECONDARY SCHOOL,County,Girls,
1569,28522407,KABARTEGAN HIGH SCHOOL,County,Boys,
1570,28522502,SOSIT GIRLS' SECONDARY SCHOOL,County,Girls,
1571,28522503,CHEPLANGET SECONDARY SCHOOL,County,Boys,
1572,28522506,KIPTEWIT BOYS HIGH SCHOOL,County,Boys,
1573,28522507,KAPSOGUT BOYS HIGH SCHOOL,County,Boys,
1574,28522511,CHEBORGE GIRLS SECONDARY SCHOOL,County,Girls,
1575,28522518,NGESUMIN GIRLS SECONDARYSCHOOL,County,Girls,
1576,28522540,AROKYET GIRLS SECONDARY SCHOOL,County,Girls,
1577,28522541,RORET BOYS HIGH SCHOOL,County,Boys,
1578,28539102,TAITA TOWETT SECONDARY SCHOOL,County,Boys,
1579,28539103,BARSIELE SECONDARY SCHOOL,County,Mixed,
1580,28539202,LELU SECONDARY SCHOOL,County,Mixed,
1581,28539301,CHILCHILA SECONDARY SCHOOL,County,Mixed,
1582,28539303,CHEPKECHEI SECONDARY SCHOOL,County,Boys,
1583,28539304,2 0K2IP0T KECRPISE SGEIRCOLSN SDEACROYN SDCAHROYO SL CCHHOOOICLES LIST,County,Girls,
1584,28539305,NDUBUSAT GIRLS SECONDARY SCHOOL,County,Girls,
1585,28553110,KIPSOLU SECONDARY SCHOOL,County,Boys,
1586,28553114,KAPTEBESWET GIRLS SECONDARY SCHOOL,County,Girls,
1587,28553203,KAPMASO SECONDARY SCHOOL,County,Boys,
1588,28553204,KABIANGA GIRLS HIGH SCHOOL,County,Girls,
1589,28553207,CHEMAMUL BOYS SECONDARY SCHOOL,County,Boys,
1590,28553208,KOIWALELACH GIRLS SECONDARY SCHOOL,County,Girls,
1591,28553212,KIBINGEI GIRLS SECONDARY SCHOOL,County,Girls,
1592,28571101,KIMASIAN SECONDARY SCHOOL,County,Boys,
1593,28571103,KEDOWA GIRLS SECONDARY SCHOOL,County,Girls,
1594,28571301,KAPCHEPLANGA SECONDARY SCHOOL,County,Mixed,
1595,28571405,BAROTION SECONDARY SCHOOL,County,Mixed,
1596,28571501,CHEPSEON SECONDARY SCHOOL,County,Girls,
1597,28571503,CHESINENDE GIRLS SECONDARY SCHOOL,County,Girls,
1598,28571601,CHEPSIR BOYS HIGH SCHOOL,County,Boys,
1599,28571604,CHAGAIK SECONDARY SCHOOL,County,Mixed,
1600,28575101,KIPTERE BOYS SECONDARY SCHOOL,County,Boys,
1601,28575102,KAKIBEI SECONDARY SCHOOL,County,Boys,
1602,28575103,SINGORONIK SECONDARY SCHOOL,County,Mixed,
1603,28575104,MUSARIA SECONDARY SCHOOL,County,Mixed,
1604,28575105,ST.THOMAS MINDILILWET SECONDARY SCHOOL,County,Boys,
1605,28575107,KAPLELARTET SECONDARY SCHOOL,County,Mixed,
1606,28575109,CHEPTUIYET GIRLS SECONDARY SCHOOL,County,Girls,
1607,29513208,AIC KIBORGOK GIRLS SECONDARY SCHOOL,County,Girls,
1608,29513301,KAPCHEMOIYWO GIRLS SECONDARY SCHOOL,County,Girls,
1609,29513304,KAPKAGAON SECONDARY SCHOOL,County,Girls,
1610,29523102,KAPSENGERE SECONDARY SCHOOL,County,Mixed,
1611,29523109,2 0K2E0M KECLPOEI GSEIRCLOSN SDEACROYN SDCAHROYO SLC CHHOOOICLES LIST,County,Girls,
1612,29523112,BISHOP MAKARIOS BOYS - KESENGEI,County,Boys,
1613,29523114,ST. ANNE'S GIRLS' KAPKEMICH,County,Girls,
1614,29523204,FR. MAIR GIRLS SECONDARY SCHOOL,County,Girls,
1615,29523311,A.C.K KAPSOO GIRLS' SECONDARY SCHOOL,County,Girls,
1616,29540101,KABIYET BOYS SECONDARY SCHOOL,County,Boys,
1617,29540107,EISERO GIRLS SECONDARY SCHOOL,County,Girls,
1618,29540119,ACK ST.MATHEWS GIRLS SECONDARY SCHOOL-SEPTONOK,County,Girls,
1619,29540203,ST. TERESA OF AVILA GIRLS - NDALAT,County,Girls,
1620,29540207,ST.BRIGITTA GIRLS HIGH SCHOOL,County,Girls,
1621,29540226,AIC LABORET GIRLS SECONDARY SCHOOL,County,Girls,
1622,29541102,SOCHOI SECONDARY SCHOOL,County,Boys,
1623,29541103,SOCHOI A.I.C GIRLS SECONDARY SCHOOL,County,Girls,
1624,29541203,TAITO K.T.G.A SECONDARY SCHOOL,County,Mixed,
1625,29541204,ST. ELIZABETH GIRLS SECONDARY SCHOOL CHEPKUNYUK,County,Girls,
1626,29541205,KABOTE ADVENTIST SECONDARY SCHOOL,County,Mixed,
1627,29542103,GOT NE LEL SECONDARY SCHOOL,County,Girls,
1628,29542204,ALL SAINTS KAPKENO GIRLS HIGH SCHOOL,County,Girls,
1629,29542301,TINDERET SECONDARY SCHOOL,County,Boys,
1630,29542305,MOMBWO GIRLS' SECONDARY SCHOOL,County,Girls,
1631,29542401,CHEMASE SECONDARY SCHOOL,County,Mixed,
1632,29542403,KAPSIGILAI GIRLS' SECONDARY SCHOOL,County,Girls,
1633,29579203,A.I.C KAMOIYWO GIRLS SECONDARY SCHOOL,County,Girls,
1634,29579301,KAPTEL BOYS HIGH SCHOOL,County,Boys,
1635,29579303,ST. PAUL'S ACK GIRLS SECONDARY SCHOOL- KAPTEL,County,Girls,
1636,29579603,A I C KOSIRAI GIRLS SECONDARY SCHOOL,County,Girls,
1637,29579801,"MOI HIGH SCHOOL ,SIRGOI",County,Boys,
1638,29579803,ST FRANCIS CHEPTARIT SECONDARY SCHOOL,County,Girls,
1639,30514107,2 0E2N0D KACNPAE S SEECCOONNDDAARRYY SSCCHHOOOOLL CHOICES LIST,County,Mixed,
1640,30514209,KALALU GIRLS SECONDARY SCHOOL,County,Girls,
1641,30543103,ILPOLEI MIXED DAY SECONDARY SCHOOL,County,Mixed,
1642,30543105,LOKUSERO SECONDARY SCHOOL,County,Mixed,
1643,30544202,MUHOTETU GIRLS SECONDARY SCHOOL,County,Girls,
1644,30555102,INORO SECONDARY SCHOOL,County,Girls,
1645,30555103,MALE SECONDARY SCHOOL,County,Girls,
1646,30555104,SWEETWATERS SECONDARY SCHOOL,County,Mixed,
1647,30555106,THOME BOYS SECONDARY SCHOOL,County,Boys,
1648,30555201,ST AUGUSTINE SIRIMA SECONDARY SCHOOL,County,Mixed,
1649,30555301,NGOBIT SECONDARY SCHOOL,County,Boys,
1650,30555303,NGOBIT GIRLS SECONDARY SCHOOL,County,Girls,
1651,30556102,MARMANET SECONDARY SCHOOL,County,Mixed,
1652,30556305,IGWAMITI SECONDARY SCHOOL,County,Mixed,
1653,31515105,SAJILONI GIRLS SECONDARY SCHOOL,County,Girls,
1654,31515106,ENKORIKA SECONDARY SCHOOL,County,Boys,
1655,31515108,NKOILE BOYS HIGH SCHOOL,County,Boys,
1656,31515404,ILBISSIL GIRLS SECONDARY SCHOOL,County,Girls,
1657,31515407,METO SECONDARY SCHOOL,County,Mixed,
1658,31515409,NGATATAEK MIXED SECONDARY SCHOOL,County,Mixed,
1659,31515410,MAPARASHA SECONDARY SCHOOL,County,Mixed,
1660,31545102,ILKISONKO SECONDARY SCHOOL,County,Boys,
1661,31545107,A.I.C SECONDARY SCHOOL - LOITOKITOK,County,Girls,
1662,31545205,ROMBO GIRLS' BOARDING SECONDARY SCHOOL,County,Girls,
1663,31545301,KIMANA SECONDARY SCHOOL,County,Girls,
1664,31545303,ENKII BOYS' SECONDARY SCHOOL,County,Boys,
1665,31545306,NAMELOK SECONDARY SCHOOL,County,Mixed,
1666,31545307,LENKISEM MIXED BOARDING SECONDARY SCHOOL,County,Mixed,
1667,31566101,2 0M2A0S KHCUPUER SUE CSOECNODNADRAY RSYC HSOCOHOL OCHLOICES LIST,County,Boys,
1668,31566201,ELERAI MCK GIRLS SECONDARY SCHOOL,County,Girls,
1669,31566206,THOMAS FISH SECONDARY SCHOOL,County,Mixed,
1670,31573113,OLOYIANKALANI MIXED DAY SECONDARY SCHOOL,County,Girls,
1671,31573114,KISAJU MIXED SECONDARY SCHOOL,County,Mixed,
1672,31573202,EWUASO GIRLS SECONDARY BOARDING SCHOOL,County,Girls,
1673,31573203,PCEA ILNGAROOJ BOYS SECONDARY SCHOOL,County,Boys,
1674,31573205,KIBIKO SECONDARY SCHOOL,County,Mixed,
1675,31573302,PATERSON MEMORIAL SECONDARY SCHOOL,County,Mixed,
1676,31573401,OLOIBORSOIT GIRLS SECONDARY SCHOOL,County,Girls,
1677,31573402,ILOODOKILANI SECONDARY SCHOOL,County,Mixed,
1678,32516107,NKARETA SECONDARY SCHOOL,County,Mixed,
1679,32516111,SENCHURA SECONDARY SCHOOL,County,Mixed,
1680,32516112,ENTONTOL SECONDARY SCHOOL,County,Mixed,
1681,32516201,SAKUTIEK SECONDARY SCHOOL,County,Mixed,
1682,32516202,OLCHORRO SECONDARY SCHOOL,County,Mixed,
1683,32516304,KISIRIRI SECONARY SCHOOL,County,Mixed,
1684,32516306,OLOKIRIKIRAI SECONDARY SCHOOL,County,Mixed,
1685,32519102,SOSIO SECONDARY SCHOOL,County,Mixed,
1686,32519104,POROKO FRIENDS SECONDARY SCHOOL,County,Mixed,
1687,32519201,ENOOSAEN BOYS SECONDARY SCHOOL,County,Boys,
1688,32519203,ENOOSAEN GIRLS SECONDARY SCHOOL,County,Girls,
1689,32519204,SHANKOE SECONDARY SCHOOL,County,Mixed,
1690,32519301,SHARTUKA SECONDARY SCHOOL,County,Boys,
1691,32519302,OLMELIL SECONDARY SCHOOL,County,Mixed,
1692,32519303,PIRRAR GIRLS SECONDARY SCHOOL (KILGORIS),County,Girls,
1693,32519305,SHARTUKA A.I.C GIRLS SECONDARY SCHOOL,County,Girls,
1694,32519401,EMARTI SECONDARY SCHOOL,County,Mixed,
1695,32519501,2 0O2N0G KACTPAE B SAERCROINKDOAI SREYC SOCNHDOAORLY C SHCOHICOEOSL LIST,County,Boys,
1696,32519502,SIRIA HIGH SCHOOL,County,Boys,
1697,32519504,SIRIA GIRLS' SECONDARY SCHOOL,County,Girls,
1698,32519508,ONGATA BARRIKOI GIRLS SECONDARY SCHOOL,County,Girls,
1699,32546201,SOGOO HIGH SCHOOL,County,Mixed,
1700,32546203,NKARONI SECONDARY SCHOOL,County,Mixed,
1701,32546301,MELELO SECONDARY SCHOOL,County,Mixed,
1702,32546302,OLPUKOTI SECONDARY SCHOOL,County,Mixed,
1703,32546303,OLMEKENYU HIGH SCHOOL,County,Mixed,
1704,32546404,OLKIRIANE SECONDARY SCHOOL,County,Mixed,
1705,32546407,ENKARE NAIROWUA GIRLS SECONDARY SCHOOL,County,Girls,
1706,32546501,NAROOSURA MIXED SECONDARY SCHOOL,County,Mixed,
1707,32546601,LOITA MIXED SEC SCHOOL,County,Mixed,
1708,32560104,ABOSI SECONDARY SCHOOL,County,Girls,
1709,32560204,KABOLECHO SECONDARY SCHOOL,County,Girls,
1710,32581101,MAASAI MARA SECONDARY SCHOOL,County,Boys,
1711,32581104,LEMEK NAMUNYAK GIRLS SECONDARY SCHOOL,County,Girls,
1712,32581201,MOGOIYUET SECONDARY SCHOOL,County,Mixed,
1713,32581202,ILMOTIOOK SECONDARY SCHOOL,County,Mixed,
1714,32581203,NGIITO SECONDARY SCHOOL,County,Mixed,
1715,32581205,SALABWEK SECONDARY SCHOOL,County,Mixed,
1716,32581213,OLOOMIRANI GIRLS SECONDARY SCHOOL,County,Girls,
1717,32581302,SEKENANI GIRLS SECONDARY SCHOOL,County,Girls,
1718,32581304,TALEK BOYS SECONDARY SCHOOL,County,Boys,
1719,32581305,TALEK GIRLS SECONDARY SCHOOL,County,Girls,
1720,32582101,EOR-EKULE SECONDARY SCHOOL,County,Mixed,
1721,32582201,NTULELE SECONDARY SCHOOL,County,Mixed,
1722,32582301,ST ANTHONYS SECONDARY SCHOOL,County,Mixed,
1723,32582302,2 0K2IP0I SKEC PHEIL SLESC SOENCDOANRDYA SRCYH SOCOHLO COHLOICES LIST,County,Mixed,
1724,32582401,OLASITI SECONDARY SCHOOL,County,Mixed,
1725,32582402,SUSWA GIRLS SECONDARY SCHOOL,County,Girls,
1726,33517103,AIC KAPKELELWA SECONDARY SCHOOL,County,Mixed,
1727,33517106,SANGARAU GIRLS SECONDARY SCHOOL,County,Girls,
1728,33517204,TALAI SECONDARY SCHOOL,County,Mixed,
1729,33517206,NGETMOI SECONDARY SCHOOL,County,Girls,
1730,33517207,KAPKAWA SECONDARY SCHOOL,County,Boys,
1731,33517208,OINOBMOI HIGH SCHOOL,County,Boys,
1732,33517209,A I C PHILEMON CHELAGAT GIRLS,County,Girls,
1733,33521104,MAJI MAZURI GIRLS HIGH SCHOOL,County,Girls,
1734,33521107,SABATIA SECONDARY SCHOOL,County,Mixed,
1735,33521201,TORONGO HIGH SCHOOL,County,Girls,
1736,33521202,TIMBOROA SECONDARY SCHOOL,County,Boys,
1737,33521203,MUMBERES GIRL'S SECONDARY SCHOOL,County,Girls,
1738,33532101,CHEMOLINGOT SECONDARY SCHOOL,County,Boys,
1739,33532105,KOLOWA SECONDARY SCHOOL,County,Mixed,
1740,33532106,NGORON SECONDARY SCHOOL,County,Mixed,
1741,33532108,LOIWAT HIGH SCHOOL,County,Mixed,
1742,33547102,KASISIT SECONDARY SCHOOL,County,Girls,
1743,33547104,AIYEBO HIGH SCHOOL,County,Boys,
1744,33547105,KAPKIAMO SECONDARY SCHOOL,County,Mixed,
1745,33547106,KAPCHEPKOR SECONDARY SCHOOL,County,Boys,
1746,33547107,TANYILEEL SECONDARY SCHOOL,County,Girls,
1747,33547203,POI MIXED DAY AND BOARDING SECONDARY SCHOOL,County,Mixed,
1748,33547205,ARAP MOI SECONDARY SCHOOL BARTABWA,County,Mixed,
1749,33547404,KAPLUK SECONDARY SCHOOL,County,Mixed,
1750,33547406,KETURWO SECONDARY SCHOOL,County,Mixed,
1751,33558102,2 0N2G0A KMCBPOE SSEECCOONNDDAARRYY SSCCHHOOOOLL CHOICES LIST,County,Girls,
1752,33558103,KISERIAN SECONDARY SCHOOL,County,Boys,
1753,33558104,LAKE BOGORIA ROCHDALE SECONDARY SCHOOL,County,Girls,
1754,33558201,MOCHONGOI SECONDARY SCHOOL,County,Mixed,
1755,33562102,MOLO SIRWE SECONDARY SCHOOL,County,Mixed,
1756,33562103,MAJI MOTO SECONDARY SCHOOL,County,Mixed,
1757,33562108,KIPTOIM SECONDARY SCHOOL,County,Mixed,
1758,33562202,ROSOGA SECONDARY SCHOOL,County,Girls,
1759,33584001,A I C CHURO SECONDARY SCHOOL,County,Boys,
1760,33584002,TANGULBEI HIGH SCHOOL,County,Mixed,
1761,33584003,NGIINYANG GIRLS HIGH SCHOOL,County,Girls,
1762,33584004,AIC CHURO GIRLS HIGH SCHOOL,County,Girls,
1763,34518103,ST.ALPHONSUS MUTEI GIRLS' SECONDARY SCHOOL,County,Girls,
1764,34518105,KIMURON SECONDARY SCHOOL,County,Boys,
1765,34518403,ANIN SECONDARY SCHOOL,County,Girls,
1766,34518404,KAPTUM SECONDARY SCHOOL,County,Mixed,
1767,34518405,KABULWO SECONDARY SCHOOL,County,Mixed,
1768,34518408,KIBENDO SECONDARY SCHOOL,County,Mixed,
1769,34520105,CHEBIEMIT SECONDARY SCHOOL,County,Boys,
1770,34520106,KIMNAI GIRLS SECONDARY SCHOOL,County,Girls,
1771,34520107,CHEBARA GIRLS SECONDARY SCHOOL,County,Girls,
1772,34520203,ST. TERESA GIRLS SECONDARY SCHOOL - KOIBARAK,County,Girls,
1773,34520301,CHEBAI SECONDARY SCHOOL,County,Boys,
1774,34520303,KAPCHEROP BOYS HIGH SCHOOL,County,Boys,
1775,34520304,CHEBORORWA SECONDARY SCHOOL,County,Girls,
1776,34520305,ST.JOSEPH'S LELAN BOYS SECONDARY SCHOOL,County,Boys,
1777,34520306,MOI KAPCHEROP GIRLS SECONDARY SCHOOL,County,Girls,
1778,34559202,KITANY SECONDARY SCHOOL,County,Boys,
1779,34559203,2 0L2E0L BKOCIPNEE STE CBOONYSD AHRIGYH S CSHCOHOOOL LCHOICES LIST,County,Boys,
1780,34559205,BIWOTT SECONDARY SCHOOL,County,Mixed,
1781,34559206,KOPTEGA SECONDARY SCHOOL,County,Girls,
1782,34559207,"ST. JOSEPH'S GIRLS SECONDARY SCHOOL, KIPSAINA",County,Girls,
1783,34559209,ATNAS KANDIE SECONDARY SCHOOL,County,Boys,
1784,34559210,KIPTULOS SECONDARY SCHOOL,County,Mixed,
1785,34559301,AIC SOY GIRLS SECONDARY SCHOOL,County,Girls,
1786,34559302,KIMWARER SECONDARY SCHOOL,County,Boys,
1787,34559303,ST.AUGUSTINE SECONDARY SCHOOL EMSEA,County,Boys,
1788,34559306,DANIEL ADVENTIST HIGH SCHOOL - KAPTUBEI,County,Mixed,
1789,34559504,KAPKITONY GIRLS SECONDARY SCHOOL,County,Girls,
1790,34559505,KOCHOLWO SECONDARY SCHOOL,County,Mixed,
1791,34561101,KERIO VALLEY SECONDARY SCHOOL,County,Boys,
1792,34561102,ST.PAUL'S KAPKONDOT GIRLS SECONDARY SCHOOL,County,Girls,
1793,34561202,KAMASIA MIXED SECONDARY SCHOOL,County,Mixed,
1794,34561303,CHESEWEW SECONDARY SCHOOL,County,Boys,
1795,34561306,ST.PAUL SAMBIRIR BOYS SECONDARY SCHOOL,County,Boys,
1796,35601101,ST. MATHIAS' BUSIA SECONDARY SCHOOL,County,Boys,
1797,35601102,OUR LADY OF MERCY,County,Girls,
1798,35606107,S A ABOLOI SECONDARY SCHOOL,County,Mixed,
1799,35606202,ST JOSEPHS KOCHOLIA SECONDARY SCHOOL,County,Mixed,
1800,35606203,ST.THOMAS AMAGORO GIRLS SECONDARY SCHOOL,County,Girls,
1801,35610102,JOHN OSOGO SECONDARY SCHOOL,County,Boys,
1802,35610103,ST.CECILIA NAMENYA GIRLS SCHOOL,County,Girls,
1803,35610106,ST ANNE'S BUNYALA GIRLS SECONDARY SCHOOL,County,Girls,
1804,35620102,ST. MARY'S AMUKURA GIRLS HIGH,County,Girls,
1805,35623101,BUHUYI SECONDARY SCHOOL,County,Mixed,
1806,35623103,ST. CLARE BUTULA GIRLS' SECONDARY SCHOOL,County,Girls,
1807,35623104,2 0L2U0G KUCLPUE A S.CEC SOENCDOANRDYA RSCYH SOCOHLO COHLOICES LIST,County,Boys,
1808,35623106,BUKHALALIRE SECONDARY SCHOOL,County,Boys,
1809,35623107,ST. JOSEPH'S BUMUTIRU SECONDARY SCHOOL,County,Mixed,
1810,35623108,BUJUMBA BOYS' SECONDARY SCHOOL,County,Boys,
1811,35623124,BUJUMBA GIRLS' SECONDARY SCHOOL,County,Girls,
1812,35629104,ST THOMAS AQUINAS MADENDE SECONDARY SCHOOL,County,Mixed,
1813,35629106,MALANGA MIXED SECONDARY SCHOOL,County,Mixed,
1814,36602105,ST PATRICK'S KIMUKUNGI GIRLS,County,Girls,
1815,36602107,FRIENDS SECONDARY SCHOOL BUKEMBE,County,Boys,
1816,36602108,KIMUGUI SECONDARY SCHOOL,County,Boys,
1817,36602110,FRIENDS SECONDARY SCHOOL LWANDA,County,Girls,
1818,36602116,ST MARTINS' MWIBALE SECONDARY SCHOOL,County,Mixed,
1819,36602123,"BUNGOMA BAPTIST GIRLS, HIGH SCHOOL",County,Girls,
1820,36602130,FRIENDS SECONDARY SCHOOL MISANGA,County,Mixed,
1821,36602135,NZOIA SUGAR GIRLS SECONDARY SCHOOL,County,Girls,
1822,36602138,FRIENDS SANGO SECONDARY SCHOOL,County,Mixed,
1823,36602151,FRIENDS SECONDARY KIMUGUI GIRLS SCHOOL,County,Girls,
1824,36605104,KIMOBO SECONDARY SCHOOL,County,Mixed,
1825,36605105,FRIENDS MOI HIGH SCHOOL-KAPTAMA,County,Boys,
1826,36605113,KAPTAMA FRIENDS GIRLS SECONDARY SCHOOL,County,Girls,
1827,36605114,CHEMWEISUS S.A SECONDARY SCHOOL,County,Mixed,
1828,36611001,KARIMA SECONDARY SCHOOL,County,Mixed,
1829,36611002,ST. PATRICK'S NAITIRI HIGH SCHOOL,County,Boys,
1830,36611003,FRIENDS SECONDARY SCHOOL-KIBISI,County,Mixed,
1831,36611004,LUNGAI SECONDARY SCHOOL,County,Mixed,
1832,36611005,MALIKI BOYS SECONDARY SCHOOL,County,Boys,
1833,36611006,MBAKALO FRIENDS SECONDARY SCHOOL,County,Boys,
1834,36611007,MUKUYUNI SECONDARY SCHOOL,County,Girls,
1835,36611008,2 0S2IR0A KKCAPREU S SECEOCONNDDAARRY YS CSHCOHOOLO CLHOICES LIST,County,Girls,
1836,36611009,ELUUYA FRIENDS GIRLS SECONDARY SCHOOL,County,Girls,
1837,36611010,MILIMA FRIENDS SECONDARY SCHOOL,County,Mixed,
1838,36611012,FRIENDS SCHOOL NAITIRI,County,Girls,
1839,36611014,ST.KIZITO SECONDARY SCHOOL SIRENDE,County,Girls,
1840,36611020,MAKUNGA S A SECONDARY SCHOOL,County,Mixed,
1841,36612101,NAMILAMA SECONDARY SCHOOL,County,Mixed,
1842,36612102,SIKUSI SECONDARY SCHOOL,County,Boys,
1843,36612104,LUUYA GIRLS SECONDARY SCHOOL,County,Girls,
1844,36612105,ST. CHARLES LWANGA SECONDARY SCHOOL BWAKE,County,Boys,
1845,36612106,KHACHONGE GIRLS SECONDARY SCHOOL,County,Girls,
1846,36612108,ST.JOSEPH'S NALONDO BOYS HIGH SCHOOL,County,Boys,
1847,36612109,MABANGA GIRLS SECONDARY SCHOOL,County,Girls,
1848,36612112,KABUCHAI GIRLS SECONDARY SCHOOL,County,Girls,
1849,36612113,NANGWE GIRLS SECONDARY SCHOOL,County,Girls,
1850,36612115,ST. JOSEPHS NALONDO GIRLS,County,Girls,
1851,36612121,MAROBO GIRLS SECONDARY SCHOOL,County,Girls,
1852,36612202,BUSAKALA SECONDARY SCHOOL,County,Mixed,
1853,36612204,KIMALEWA SECONDARY SCHOOL,County,Mixed,
1854,36612205,KUYWA GIRLS SECONDARY SCHOOL,County,Girls,
1855,36613109,MISEMWA SECONDARY SCHOOL,County,Mixed,
1856,36613110,NDIVISI BOYS HIGH SCHOOL,County,Boys,
1857,36613112,SIPALA FRIENDS BOYS' HIGH SCHOOL,County,Boys,
1858,36613113,ST FRANCIS HIGH SCHOOL MAKEMO,County,Girls,
1859,36613121,FRIENDS SECONDARY SCHOOL MIKUVA,County,Mixed,
1860,36621103,MAENI GIRLS' SECONDARY SCHOOL,County,Girls,
1861,36621104,ST. PETER'S NAKALIRA SECONDARY SCHOOL,County,Boys,
1862,36621105,ST. MARY'S SOSIO SECONDARY SCHOOL,County,Girls,
1863,36621111,2 0S2T0. TKHCEPRE ESSECAO'SN GDIRALRSY SSECCHOONODLA CRHYO SICCEHSO LOISLT KIMILILI,County,Girls,
1864,36621115,KIMIILILI FRIENDS GIRLS SECONDARY SCHOOL,County,Girls,
1865,36626102,KAPTANAI SECONDARY SCHOOL,County,Mixed,
1866,36626103,KIKAI FRIENDS SECONDARY SCHOOL,County,Boys,
1867,36626104,NAMWELA SECONDARY SCHOOL,County,Boys,
1868,36626105,ST. ANTHONY BOYS HIGH SCHOOL-SIRISIA,County,Boys,
1869,36626109,NDAKARU S.A SECONDARY SCHOOL,County,Mixed,
1870,36626115,FRIENDS SCHOOL KIKAI GIRLS SECONDARY,County,Girls,
1871,36626203,MACHAKHA MIXED SECONDARY SCHOOL,County,Mixed,
1872,36626204,BUKOKHOLO GIRLS SECONDARY SCHOOL,County,Girls,
1873,36628102,ST. TERESA'S KABULA SECONDARY SCHOOL,County,Boys,
1874,36628106,MUNGORE GIRLS SECONDARY SCHOOL,County,Girls,
1875,36628107,KIMAETI HIGH SCHOOL,County,Boys,
1876,36628110,NAPARA SECONDARY SCHOOL,County,Girls,
1877,36628113,MWIRUTI GIRLS SECONDARY SCHOOL,County,Girls,
1878,36630201,KIMABOLE SECONDARY SCHOOL,County,Mixed,
1879,36630203,TOROSO SECONDARY SCHOOL,County,Mixed,
1880,36630204,THE SALVATION ARMY CHEPTAIS BOYS HIGH SCHOOL,County,Boys,
1881,36630207,KIM GIRLS HIGH SCHOOL-KAPKOTA,County,Girls,
1882,36630302,KAPKATENY A.C.K SECONDARY SCHOOL,County,Mixed,
1883,36630305,ST. TERESA'S GIRLS - CHEPTOROR,County,Girls,
1884,36635003,CHEBOSI S.A. SECONDARY SCHOOL,County,Boys,
1885,36635005,MISIKHU FRIENDS SECONDARY SCHOOL,County,Boys,
1886,36635010,MILO FRIENDS BOYS' HIGH SCHOOL,County,Boys,
1887,36635011,MATULO FRIENDS GIRLS SECONDARY SCHOOL,County,Girls,
1888,36635029,BRENDA FRIEND'S GIRLS' SECONDARY SCHOOL,County,Girls,
1889,36636001,BISHOP PHILIP ANYOLO SECONDARY SCHOOL KAKAMWE,County,Boys,
1890,36636002,ST AUGUSTINE GIRLS' HIGH SCHOOL-LUKHUNA,County,Girls,
1891,36636005,2 0S2T0. PKACUPLE' SS ESCEOCNODNADRAYR SYC SHCOHOOLO CLH;NOAIRCEAST ILIST,County,Boys,
1892,36636009,ST. PETER'S SECONDARY SCHOOL- NDALU,County,Mixed,
1893,36636010,MITUA GIRLS SECONDARY SCHOOL,County,Girls,
1894,37603003,MATENDE SECONDARY SCHOOL,County,Girls,
1895,37603104,MATIOLI SECONDARY SCHOOL,County,Boys,
1896,37603105,SHIKOTI GIRLS SECONDARY SCHOOL,County,Girls,
1897,37607001,LUMAKANDA BOYS HIGH SCHOOL,County,Boys,
1898,37607002,BISHOP SULUMETI GIRLS SECONDARY SCHOOL - LUGARI,County,Girls,
1899,37607103,ST CECILIA GIRLS MAUTUMA SECONDARY SCHOOL,County,Girls,
1900,37607104,HANDOW SECONDARY SCHOOL,County,Boys,
1901,37607202,CHEKALINI SECONDARY SCHOOL,County,Mixed,
1902,37614103,MALAVA GIRLS SECONDARY SCHOOL,County,Girls,
1903,37614204,ST ANTHONY KAKOYI SECONDARY SCHOOL,County,Mixed,
1904,37614209,FRIENDS GIRLS HIGH SCHOOL KIMANG'ETI,County,Girls,
1905,37614310,SILUNGAI SECONDARY SCHOOL,County,Boys,
1906,37614314,FRIENDS SECONDARY SCHOOL - SILUNGAI GIRLS',County,Girls,
1907,37614409,SAMITSI GIRLS SECONDARY,County,Girls,
1908,37614501,KAKUNGA GIRLS SECONDARY SCHOOL,County,Girls,
1909,37614503,SHAMBERERE SECONDARY SCHOOL,County,Boys,
1910,37614504,ST. MARY'S SHIHOME GIRLS' SECONDARY SCHOOL,County,Girls,
1911,37615006,LIRHEMBE GIRLS SECONDARY SCHOOL,County,Girls,
1912,37615011,SHIKOKHO SECONDARY SCHOOL,County,Mixed,
1913,37615013,MAKHOKHO SECONDARY SCHOOL,County,Boys,
1914,37616002,LIRHANDA GIRLS SECONDARY SCHOOL,County,Girls,
1915,37616021,ST.PHILIPS MUKOMARI SECONDARY SCHOOL,County,Girls,
1916,37617203,MUMIAS BOYS MUSLIM SECONDARY SCHOOL,County,Boys,
1917,37617204,MUMIAS MUSLIM GIRLS SECONDARY SCHOOL,County,Girls,
1918,37617401,A.C.K MILIMANI GIRLS,County,Girls,
1919,37617403,2 0S2T0. EKLCIPZEA BSEECTHO NBDUAMRIAY GSICRHLOSO' SLE CCHOONIDCEASR YLI S STCHOOL,County,Girls,
1920,37617405,ST ANDREWS ESHIKALAME SECONDARY SCHOOL,County,Mixed,
1921,37624001,FRIENDS SCHOOL LUKHOKHO,County,Girls,
1922,37624003,MAKHUKHUNI SECONDARY SCHOOL,County,Mixed,
1923,37624019,ST. MUKASA GIRLS' SECONDARY SCHOOL-CHIMOI,County,Girls,
1924,37625102,EMALINDI GIRLS SECONDARY SCHOOL,County,Girls,
1925,37625109,KHWISERO GIRLS SECONDARY SCHOOL,County,Girls,
1926,37625112,MUNDOLI ACK GIRLS HIGH SCHOOL,County,Girls,
1927,37627103,KOYONZO SECONDARY SCHOOL,County,Boys,
1928,37627106,ST. JAMES NAMAMBA SECONDARY SCHOOL,County,Girls,
1929,37627116,ST.TERESA'S ITETE SECONDARY SCHOOL,County,Mixed,
1930,37631501,ESHIKULU BOYS SECONDARY SCHOOL,County,Boys,
1931,37632103,NAMIRAMA GIRLS HIGH SCHOOL,County,Girls,
1932,37632207,ST KIZITO SECONDARY SCHOOL LUSUMU,County,Girls,
1933,37634316,ST. MARTHA'S MWITOTI SECONDARY SCHOOL,County,Mixed,
1934,37634321,ST PAUL'S LUBINU GIRLS SECONDARY SCHOOL,County,Girls,
1935,38604106,KEGOYE SECONDARY SCHOOL,County,Boys,
1936,38604108,MBIHI FRIENDS GIRLS HIGH SCHOOL,County,Girls,
1937,38618102,EBUNANGWE SECONDARY SCHOOL,County,Boys,
1938,38618105,EBUSIRATSI SECONDARY SCHOOL,County,Girls,
1939,38618109,KILINGILI SECONDARY SCHOOL,County,Girls,
1940,38618205,ESALWA SECONDARY SCHOOL,County,Boys,
1941,38619104,ST. ANNE´S BUYANGU GIRLS´ SCHOOL,County,Girls,
1942,38619109,MUNZATSI SECONDARY SCHOOL,County,Boys,
1943,38619202,SENENDE BOYS' HIGH SCHOOL,County,Boys,
1944,38619207,IMUSUTSU MIXED SECONDARY SCHOOL,County,Mixed,
1945,38619212,FRIENDS SCHOOL KAIMOSI DEMONSTRATION SECONDARY,County,Mixed,
1946,38622101,BUSALI UNION SECONDARY SCHOOL,County,Boys,
1947,38622104,2 0S2T0. UKRCSPEU LSAESC OCNHDAAMRAYK ASNCHGOA OGLIR CLHSO SICEECSO LNISDTARY SCHOOL,County,Girls,
1948,38622105,GAHUMBWA SECONDARY SCHOOL,County,Girls,
1949,38622107,FRIENDS HIGH SCHOOL KIGAMA,County,Boys,
1950,38622113,IKOBERO GIRLS SECONDARY SCHOOL,County,Girls,
1951,38633202,EBUBAYI SECONDARY SCHOOL,County,Mixed,
1952,38633205,IBUBI GIRLS SECONDARY SCHOOL,County,Girls,
1953,39701003,DR. ALOO GUMBI SECONDARY SCHOOL,County,Mixed,
1954,39713002,AWASI PAG BOYS HIGH SCHOOL,County,Boys,
1955,39713007,KATOLO MIXED SECONDARY SCHOOL,County,Mixed,
1956,39713009,KOCHOGO HIGH SCHOOL,County,Mixed,
1957,39713022,WITHUR BOYS SECONDARY SCHOOL,County,Boys,
1958,39713024,MASOGO MIXED SECONDARY SCHOOL,County,Mixed,
1959,39714102,NDIRU MIXED SECONDARY SCHOOL,County,Mixed,
1960,39714111,ST. ALOYS RERU GIRLS SECONDARY SCHOOL,County,Girls,
1961,39714113,RIDORE ACK MIXED SECONDARY SCHOOL,County,Mixed,
1962,39714126,BISHOP ABIERO GIRLS MAGWAR SECONDARY SCHOOL,County,Girls,
1963,39714132,MAGWAR MODEL SECONDARY SCHOOL,County,Boys,
1964,39733107,OLEMBO BOYS SECONDARY SCHOOL,County,Boys,
1965,39733112,THURGEM SECONDARY SCHOOL,County,Mixed,
1966,39733308,OUR LADY OF LOURDES BOLO GIRLS SECONDARY SCHOOL,County,Girls,
1967,39734403,MUHORONI MIXED SECONDARY SCHOOL,County,Mixed,
1968,39737002,BISHOP OKOTH OJOLLA GIRLS SECONDARY SCHOOL,County,Girls,
1969,39737030,HUMA GIRLS SECONDARY SCHOOL,County,Girls,
1970,39741008,KISUMU DAY SECONDARY SCHOOL,County,Boys,
1971,40703301,ST AUGUSTINE'S OTAMBA SECONDARY SCHOOL,County,Girls,
1972,40703304,SENIOR CHIEF MUSA NYANDUSI (KEGATI) SECONDARY SCHO,County,Mixed,
1973,40703401,ST PAUL'S AMASAGO SECONDARY SCHOOL,County,Boys,
1974,40703406,RIONDONG'A MIXED SECONDARY SCHOOL,County,Mixed,
1975,40711102,2 G02A0K EKRCPOE E SLECCKO SNEDCAORNYD SACRHYO SOCLH COHOOLICES LIST,County,Mixed,
1976,40711105,NYAMONYO SECONDARY SCHOOL,County,Mixed,
1977,40711108,TENDERE SECONDARY SCHOOL,County,Boys,
1978,40716104,EKERUBO MIXED SECONDARY SCHOOL,County,Mixed,
1979,40716105,ST VINCENT'S OMWARI SECONDARY SCHOOL,County,Mixed,
1980,40716107,IRUMA MIXED SECONDARY SCHOOL,County,Mixed,
1981,40716109,GESERO SECONDARY SCHOOL,County,Mixed,
1982,40716110,ISAMWERA SECONDARY SCHOOL,County,Mixed,
1983,40716112,BOTORO SECONDARY SCHOOL,County,Mixed,
1984,40716115,KIABUSURA SECONDARY SCHOOL,County,Mixed,
1985,40716117,ITIBO ELCK BOYS SECONDARY SCHOOL,County,Mixed,
1986,40716131,RIANYABARO CENTRE OF EXCELLENCE,County,Boys,
1987,40723101,ST.MONICA MARANI GIRLS SECONDARY SCHOOL,County,Girls,
1988,40727104,RIOKINDO GIRLS HIGH SCHOOL,County,Girls,
1989,40727105,MOKUBO SECONDARY SCHOOL,County,Girls,
1990,40727107,NYABIORE SECONDARY SCHOOL,County,Girls,
1991,40727122,OMOBERA SDA GIRLS SECONDARY SCHOOL,County,Girls,
1992,40727127,NYAKOIBA SECONDARY SCHOOL,County,Girls,
1993,40727132,ST.EDWARD NYABIOTO SECONDARY SCHOOL,County,Girls,
1994,40727202,MAGENA SECONDARY SCHOOL,County,Boys,
1995,40727204,NYAMESOCHO SECONDARY SCHOOL,County,Boys,
1996,40727211,MAGENA GIRL'S SECONDARY SCHOOL,County,Girls,
1997,40732105,GIONSERI SECONDARY SCHOOL,County,Girls,
1998,40732120,NYABISASE MIXED SECONDARY SCHOOL,County,Mixed,
1999,40732129,RIAMBASE DEB SECONDARY SCHOOL,County,Mixed,
2000,40732218,ISENA MISSION GIRLS SECONDARY SCHOOL,County,Girls,
2001,40735104,NYANTURAGO SECONDARY SCHOOL,County,Mixed,
2002,40735203,IBACHO SECONDARY SCHOOL,County,Mixed,
2003,40735206,2 0M2O0B KACMPBEA S ESCEOCNODNADRARY YS CSHCOHOOLO CLHOICES LIST,County,Mixed,
2004,40740103,BOITANG'ARE FRIENDS SECONDARY SCHOOL,County,Mixed,
2005,40740105,BISHOP MUGENDI NYAKEGOGI SECONDARY SCHOOL,County,Mixed,
2006,40745102,KIOGE GIRLS HIGH SCHOOL,County,Girls,
2007,40745103,NYATIEKO MIXED SECONDARY SCHOOL,County,Mixed,
2008,40747103,NYANGWETA SECONDARY SCHOOL,County,Mixed,
2009,40747301,MONIANKU SECONDARY SCHOOL,County,Mixed,
2010,40747302,IKOBA SECONDARY SCHOOL,County,Mixed,
2011,41704002,BISHOP OKULLU MAGARE GIRLS' SECONDARY SCHOOL,County,Girls,
2012,41704015,ST. MARY'S MARINDI GIRLS SECONDARY SCHOOL,County,Girls,
2013,41704102,ST. PETER'S DISII MIXED SECONDARY SCHOOL,County,Mixed,
2014,41709208,ST ANTONY NYANDIWA SECONDARY SCHOOL,County,Mixed,
2015,41709217,KIKUBI GIRLS SECONDARY SCHOOL,County,Girls,
2016,41710307,KARABOK SECONDARY SCHOOL,County,Mixed,
2017,41710309,WIRE MIXED SECONDARY SCHOOL,County,Mixed,
2018,41710326,NYAHERA GIRLS' SECONDARY SCHOOL,County,Girls,
2019,41724001,ST. GABRIEL'S MIRANGA MIXED,County,Boys,
2020,41724006,ST. MARY'S NYAMOGO GIRLS SECONDARY SCHOOL,County,Girls,
2021,41724014,RATANGA GIRLS SECONDARY SCHOOL,County,Girls,
2022,41724103,NYAMANGA MIXED SECONDARY SCHOOL,County,Mixed,
2023,41724108,OJODE PALA SECONDARY SCHOOL,County,Mixed,
2024,41724111,ST. PETER'S RAMBUSI SECONDARY SCHOOL,County,Mixed,
2025,41724201,OBERA BOYS' SECONDARY SCHOOL,County,Boys,
2026,41724205,LWANDA KAWUOR SECONDARY SCHOOL,County,Mixed,
2027,41730103,WAONDO SECONDARY SCHOOL,County,Mixed,
2028,41730116,SENATOR OTIENO KAJWANG' HIGH SCHOOL,County,Boys,
2029,41730118,RUSINGA GIRLS SECONDARY SCHOOL,County,Girls,
2030,41730201,KAKIIMBA SECONDARY SCHOOL,County,Mixed,
2031,41730202,2 0U2O0Z KI CSPEEC OSENCDOANRDYA SRCYH SOCOHLOOL CHOICES LIST,County,Mixed,
2032,41730203,SENA MIXED DAY SECONDARY SCHOOL,County,Mixed,
2033,41730204,MAUTA MIXED SECONDARY SCHOOL,County,Mixed,
2034,41730208,WASAMO GIRLS SECONDARY,County,Girls,
2035,41730301,LAMBWE SECONDARY SCHOOL,County,Mixed,
2036,41730303,OGONGO MIXED SECONDARY SCHOOL,County,Mixed,
2037,41731003,KOBALA MIXED SECONDARY SCHOOL,County,Mixed,
2038,41731103,ST. FRANCIS NYANGANJO GIRLS SECONDARY SCHOOL,County,Girls,
2039,41731302,ST INNOCENT JONYO MIXED SECONDARY SCHOOL,County,Mixed,
2040,41731307,SIBURI MIXED SECONDARY SCHOOL,County,Mixed,
2041,41731401,GOGO MIXED SECONDARY SCHOOL,County,Mixed,
2042,41742101,ST. PAUL'S SECONDARY SCHOOL - LIGISA,County,Boys,
2043,41742102,LUORA MIXED SECONDARY SCHOOL,County,Mixed,
2044,41742107,KOYOO MIXED DAY SECONDARY SCHOOL,County,Mixed,
2045,41742115,ST. DOMNIC RABANGO MIXED SECONDARY SCHOOL,County,Mixed,
2046,41742129,GOD KADO MIXED SECONDARY SCHOOL,County,Mixed,
2047,41742137,ST. MARY'S KACHAR GIRLS SECONDARY SCHOOL,County,Girls,
2048,41743109,OTHORO MIXED SECONDARY SCHOOL,County,Mixed,
2049,41743121,DANISH OBARA MIXED SECONDARY SCHOOL,County,Mixed,
2050,41743201,ANGINO MIXED SECODARY SCHOOL,County,Mixed,
2051,41743209,RINGA GIRLS HIGH SCHOOL,County,Girls,
2052,41743211,GOD BER SECONDARY SCHOOL,County,Mixed,
2053,42705302,HAWINGA GIRLS HIGH SCHOOL,County,Girls,
2054,42712103,BARKOWINO SECONDARYSCHOOL,County,Mixed,
2055,42712104,MAJIWA BOYS SECONDARY SCHOOL.,County,Boys,
2056,42712106,BARCHANDO GIRLS' SECONDARY SCHOOL,County,Girls,
2057,42712110,BONDO TOWNSHIP SECONDARY SCHOOL,County,Mixed,
2058,42712201,NYANGOMA SECONDARY SCHOOL,County,Boys,
2059,42712302,2 0B2A0R KKCAPNEY ASENCGOON SDEACROYN SDCAHROYO SLC CHHOOOICLES LIST,County,Boys,
2060,42712303,WAMBASA GIRLS SECONDARY SCHOOL,County,Girls,
2061,42712306,GOT AGULU SECONDARY SCHOOL,County,Boys,
2062,42721102,D.O. MAKASEMBO SECONDARY SCHOOOL,County,Mixed,
2063,42721103,NYAKONGO GIRLS SECONDARY SCHOOL,County,Girls,
2064,42721104,ST. SYLVESTER'S GIRLS SECONDARY SCHOOL,County,Girls,
2065,42721105,NDIGWA SECONDARY SCHOOL,County,Mixed,
2066,42721203,NYAGOKO SECONDARY SCHOOL,County,Mixed,
2067,42721205,RALIEW SECONDARY SCHOOL,County,Mixed,
2068,42725103,YENGA SECONDARY SCHOOL,County,Mixed,
2069,42725104,NDENGA SECONDARY SCHOOL,County,Mixed,
2070,42725108,ST.STEPHEN'S SIGINGA SECONDARY SCHOOL,County,Mixed,
2071,42725201,JERA MIXED SECONDARY SCHOOL,County,Mixed,
2072,42725210,UGENYA HIGH SCHOOL,County,Boys,
2073,42726103,ARGWINGS KODHEK SECONDARY SCHOOL,County,Mixed,
2074,42726105,NYAMNINIA SECONDARY SCHOOL,County,Mixed,
2075,42726106,ULUMBI SECONDARY SCHOOL,County,Mixed,
2076,42726108,MALIERA SECONDARY SCHOOL,County,Boys,
2077,42726206,NYAGONDO MIXED SECONDARY SCHOOL,County,Mixed,
2078,42738104,SIGOMRE SECONDARY SCHOOL,County,Mixed,
2079,42738105,MOI SECONDARY SCHOOL ULOMA,County,Mixed,
2080,42738106,GOT OSIMBO GIRLS SECONDARY SCHOOL,County,Girls,
2081,42738111,ST. PETER'S RAMBULA MIXED SECONDARY SCHOOL,County,Mixed,
2082,43706103,NYAMAIYA SECONDARY SCHOOL,County,Mixed,
2083,43706112,MOTAGARA GIRLS SECONDARY SCHOOL,County,Girls,
2084,43706122,MASOSA MIXED SECONDARY SCHOOL,County,Mixed,
2085,43706129,MARANI P.A.G GIRLS SECONDARY SCHOOL,County,Girls,
2086,43706135,GEKOMONI SECONDARY SCHOOL,County,Mixed,
2087,43715101,2 0E2S0A NKCI SPEE CSOECNODNADRAY RSYC SHCOHOOLOL CHOICES LIST,County,Mixed,
2088,43715108,RIGOMA SECONDARY SCHOOL,County,Girls,
2089,43715114,OMOYO GIRLS HIGH SCHOOL,County,Girls,
2090,43720101,MECHEO SDA MIXED SECONDARY,County,Mixed,
2091,43720103,MANGA GIRLS HIGH SCHOOL,County,Girls,
2092,43720104,ST. THOMAS MOORE,County,Mixed,
2093,43720108,ST. GONZAGAGONZA ISOGE,County,Mixed,
2094,43720117,ERONGE SDA SECONDARY SCHOOL,County,Mixed,
2095,43722132,MANGA GIRLS MODEL SCHOOL,County,Girls,
2096,43728102,GEKENDO SECONDARY SCHOOL,County,Boys,
2097,43728106,IKONGE P A G SECONDARY SCHOOL,County,Girls,
2098,43728107,IKONGE BOYS SECONDARY SCHOOL,County,Boys,
2099,43728111,ST. JOSEPH'S BIEGO SECONDARY SCHOOL,County,Mixed,
2100,43728114,KIABONYORU SECONDARY SCHOOL,County,Boys,
2101,43728129,KIABONYORU GIRLS SECONDARY SCHOOL,County,Girls,
2102,43728207,NYAMUSI GIRLS SECONDARY SCHOOL,County,Girls,
2103,43728209,MOGONGO GIRLS' SECONDARY SCHOOL,County,Girls,
2104,44707103,KWA SECONDARY SCHOOL,County,Mixed,
2105,44707107,NYADUONG SECONDARY SCHOOL,County,Mixed,
2106,44707111,OSINGO MIXED SECONDARY SCHOOL,County,Mixed,
2107,44707112,SAGEGI MIXED SECONDARY SCHOOL,County,Mixed,
2108,44717112,SIGIRIA SECONDARY SCHOOL,County,Mixed,
2109,44717113,KAMEJI MIXED SECONDARY SCHOOL,County,Mixed,
2110,44718201,ST. PETER'S KEGONGA SECONDARY SCHOOL,County,Boys,
2111,44729101,AGENG'A SECONDARY SCHOOL,County,Mixed,
2112,44729102,ST.MICHAEL'S NYANDEMA SECONDARY SCHOOL,County,Mixed,
2113,44729105,MOI NYATIKE SECONDARY SCHOOL,County,Boys,
2114,44736102,ST. MICHAEL PINY OWACHO MIXED SECONDARY SCHOOL,County,Mixed,
2115,44736111,2 R02A0P OKCGPI EG SIRELCSO SNEDCAORNYD SACRHYO SOCLH COHOOLICES LIST,County,Girls,
2116,44736204,ORUBA GIRLS SECONDARY SCHOOL,County,Girls,
2117,44736206,ARAMBE SECONDARY SCHOOL,County,Mixed,
2118,44739101,KOKURO SECONDARY SCHOOL,County,Boys,
2119,44739102,MANYATTA HIGH SCHOOL,County,Boys,
2120,44739105,OWIRO AKOKO GIRLS SECONDARY SCHOOL,County,Girls,
2121,44739115,AWENDO SECONDARY SCHOOL,County,Boys,
2122,44739202,ST.TIMONS RABONDO MIXED SECONDARY SCHOOL,County,Mixed,
2123,44739209,ST JOSEPH KAMYAWA SECONDARY SCHOOL,County,Mixed,
2124,44744108,ORUBA MIXED SECONDARY SCHOOL,County,Mixed,
2125,44744121,BISHOP MASAGA OGADA GIRLS SECONDARY SCHOOL,County,Girls,
2126,44746101,MATARE SECONDARY SCHOOL,County,Boys,
2127,45804101,SHURIE SECONDARY SCHOOL,County,Boys,
2128,45805101,MODOGASHE SECONDARY SCHOOL,County,Boys,
2129,45805102,BENANE SECONDARY SCHOOL,County,Mixed,
2130,45806101,BURA SECONDARY SCHOOL,County,Boys,
2131,45806103,NANIGHI SECONDARY SCHOOL,County,Boys,
2132,45806202,ALINJUGUR SECONDARY SCHOOL,County,Mixed,
2133,45815101,DADAAB SECONDARY SCHOOL,County,Mixed,
2134,45815201,KULAN SECONDARY SCHOOL,County,Boys,
2135,45815301,DERTU GIRLS SECONDARY SCHOOL,County,Girls,
2136,45816101,BALAMBALA SECONDARY SCHOOL,County,Boys,
2137,45821101,HULUGHO BOYS' SECONDARY SCHOOL,County,Boys,
2138,45821102,HULUGHO GIRLS SECONDARY SCHOOL,County,Girls,
2139,46802011,WAJIR BOR BOYS SECONDARY SCHOOL,County,Boys,
2140,46802301,KHOROF HARAR SECONDARY SCHOOL,County,Boys,
2141,46808105,WAGALLA MEMORIAL SECONDARY SCHOOL,County,Boys,
2142,46818101,KUTULO GIRLS SECONDARY SCHOOL,County,Girls,
2143,46818102,2 0T2A0R BKCAPJ ES ESECCOONNDDAARRYY S SCCHHOOOOLL CHOICES LIST,County,Boys,
2144,46818103,MANSA BOYS SECONDARY SCHOOL,County,Boys,
2145,46818104,SARMAN BOYS SECONDARY SCHOOL,County,Boys,
2146,46819201,KORONDILLE BOYS SECONDARY SCHOOL,County,Boys,
2147,46820101,HABASWEIN BOYS SECONDARY SCHOOL,County,Boys,
2148,46820102,SENIOR CHIEF OGLE GIRLS' SECONDARY SCHOOL,County,Girls,
2149,47803113,NEBOI SECONDARY SCHOOL,County,Boys,
2150,47803202,HARERI MIXED SECONDARY SCHOOL,County,Mixed,
2151,47803204,ARESA GIRLS SECONDARY SCHOOL,County,Girls,
2152,47803301,KHALALIO SECONDARY SCHOOL,County,Boys,
2153,47803302,KHALALIO GIRLS SECONDARY SCHOOL,County,Girls,
2154,47810101,TAKABA BOYS' SECONDARY SCHOOL,County,Boys,
2155,47810105,DANDU SECONDARY SCHOOL,County,Boys,
2156,47810106,BURDURAS SECONDARY SCHOOL,County,Boys,
2157,47811101,ELWAK SECONDARY SCHOOL,County,Boys,
2158,47811103,ELWAK GIRLS SECONDARY SCHOOL,County,Girls,
2159,47811301,WARGADUD MIXED SECONDARY SCHOOL,County,Mixed,
2160,47812102,RHAMU GIRLS SECONDARY SCHOOL,County,Girls,
2161,47812201,ASHABITO SECONDARY SCHOOL,County,Boys,
2162,47812202,RHAMU DIMTU BOYS SECONDARY,County,Boys,
2163,47812203,ASHABITO GIRLS SECONDARY SCHOOL,County,Girls,
2164,47814101,LAFEY BOYS SECONDARY SCHOOL,County,Boys,
2165,47814201,GARI SECONDARY SCHOOL,County,Boys,
2166,47817104,MALKAMARI BOYS SECONDARY SCHOOL,County,Boys,
2167,47822101,CHIEF MOHAMED JARI SECONDARY SCHOOL,County,Mixed,
2168,47822103,KUTULO GIRLS MODEL SECONDARY SCHOOL,County,Girls,
2169,47824101,ARABIA BOYS SECONDARY SCHOOL,County,Boys,
2170,47824102,ARABIA GIRLS SECONDARY SCHOOL,County,Girls,
2174,12316107,MATUNGULU BOYS HIGH SCHOOL,County,Boys,C3
2175,32581103,NKORKORRI BOYS SECONDARY SCHOOL,County,Boys,C3
2176,01101104,KIWINDA SECONDARY SCHOOL,Sub County,Mixed,
2177,01101105,PJ MWANGOLA MIXED SECONDARY SCHOOL,Sub County,Mixed,
2178,01101106,KAJUNGUNYI SECONDARY SCHOOL,Sub County,Mixed,
2179,01101203,ST. JOHN'S SECONDARY SCHOOL,Sub County,Mixed,
2180,01101204,SHIMBO SECONDARY SCHOOL,Sub County,Mixed,
2181,01101205,DALMAS MOKA SECONDARY SCHOOL,Sub County,Mixed,
2182,01101206,MWAKIWIWI SECONDARY SCHOOL,Sub County,Mixed,
2183,01101207,MDUNDONYI SECONDARY SCHOOL,Sub County,Mixed,
2184,01101209,MWAKISHIMBA SECONDARY SCHOOL,Sub County,Mixed,
2185,01101301,NGANGAO SECONDARY SCHOOL,Sub County,Mixed,
2186,01101302,KITUMBI HIGH SCHOOL,Sub County,Mixed,
2187,01101303,FUNJU SECONDARY SCHOOL,Sub County,Mixed,
2188,01101304,MBELA HIGH SCHOOL,Sub County,Mixed,
2189,01101305,MGAMBONYI HIGH SCHOOL,Sub County,Mixed,
2190,01101306,PARANGA SECONDARY SCHOOL,Sub County,Mixed,
2191,01113103,CHALA SECONDARY SCHOOL,Sub County,Mixed,
2192,01113106,MATA SECONDARY SCHOOL,Sub County,Mixed,
2193,01113107,KITOBO SECONDARY SCHOOL,Sub County,Mixed,
2194,01113108,LUMI SECONDARY SCHOOL,Sub County,Mixed,
2195,01113109,NGUTINI SECONDARY SCHOOL,Sub County,Mixed,
2196,01113110,NJORO MIXED DAY SECONDARY SCHOOL,Sub County,Mixed,
2197,01113111,MAHANDAKINI SECONDARY SCHOOL,Sub County,Mixed,
2198,01114103,MWANDANGO SECONDARY SCHOOL,Sub County,Mixed,
2199,01114104,MWAMBONU SECONDARY SCHOOL,Sub County,Mixed,
2200,01114107,MWAFUGA SECONDARY SCHOOL,Sub County,Mixed,
2201,01114108,CHAWIA HIGH SCHOOL,Sub County,Mixed,
2202,01114109,ST.JOSEPH'S SECONDARY SCHOOL,Sub County,Mixed,
2203,01114111,2 M02W0A KTCAPTEE SSEECCOONNDDAARRYY S SCCHHOOOOLL CHOICES LIST,Sub County,Mixed,
2204,01114112,MZWANENYI SECONDARY SCHOOL,Sub County,Mixed,
2205,01114113,DAVID KITAWI SECONDARY SCHOOL,Sub County,Mixed,
2206,01114114,ELIJAH MZAE HIGH SCHOOL,Sub County,Mixed,
2207,01114202,NGAMI SECONDARY SCHOOL,Sub County,Mixed,
2208,01114204,MWAKITAU SECONDARY SCHOOL,Sub County,Mixed,
2209,01114206,MLAMBA SECONDARY SCHOOL,Sub County,Mixed,
2210,01114208,ST. JOHNS' MWEMA SECONDARY SCHOOL,Sub County,Mixed,
2211,01114209,KOMBOLIO SECONDARY SCHOOL,Sub County,Mixed,
2212,01114210,MWANGOJI SECONDARY SCHOOL,Sub County,Mixed,
2213,01114212,MANOA SECONDARY SCHOOL,Sub County,Mixed,
2214,01114213,NGANGU SECONDARY SCHOOL,Sub County,Mixed,
2215,01114214,ZARE SECONDARY SCHOOL,Sub County,Mixed,
2216,01114302,MWANYAMBO SECONDARY SCHOOL,Sub County,Mixed,
2217,01114303,MSHIMBA SECONDARY SCHOOL,Sub County,Mixed,
2218,01114304,MUNDA SECONDARY SCHOOL,Sub County,Mixed,
2219,01114306,MWANGA SECONDARY SCHOOL,Sub County,Mixed,
2220,01114307,MRABENYI SECONDARY SCHOOL,Sub County,Mixed,
2221,01115102,MWANGEA SECONDARY SCHOOL,Sub County,Boys,
2222,01115104,MWAMBITI SECONDARY SCHOOL,Sub County,Boys,
2223,01115110,KIZUMANZI MIXED SECONDARY SCHOOL,Sub County,Mixed,
2224,01115111,VOI GIRLS EDUCATION CENTRE,Sub County,Girls,
2225,01115112,SAGALLA INTERNATIONAL TALENT ACADEMY,Sub County,Mixed,
2226,01115204,DAVID KAYANDA SECONDARY SCHOOL,Sub County,Mixed,
2227,01115205,ALLAN MJOMBA SECONDARY SCHOOL,Sub County,Mixed,
2228,01115206,MBOLOLO SECONDARY SCHOOL,Sub County,Mixed,
2229,01115207,JOHN MARK MWANJUMWA SECONDARY SCHOOL,Sub County,Mixed,
2230,01115208,JACK MWASHIMBA SECONDARY SCHOOL,Sub County,Mixed,
2231,01115302,2 M02A0R KUCNPGEU S SECEOCONNDDAARRY YS CSHCOHOOOL LCHOICES LIST,Sub County,Mixed,
2232,01115304,MIASENYI SECONDARY SCHOOL,Sub County,Mixed,
2233,01115305,KASIGAU GIRLS SECONDARY SCHOOL,Sub County,Girls,
2234,01115306,BUGUTA SECONDARY SCHOOL,Sub County,Mixed,
2235,01115307,MBELE SECONDARY SCHOOL,Sub County,Mixed,
2236,01115308,NEW MARUNGU GIRLS SECONDARY SCHOOL,Sub County,Girls,
2237,02105105,NG'OMBENI SECONDARY SCHOOL,Sub County,Mixed,
2238,02105107,GOLINI SECONDARY SCHOOL,Sub County,Mixed,
2239,02105110,TSIMBA SECONDARY SCHOOL,Sub County,Mixed,
2240,02105111,KOMBANI SECONDARY SCHOOL,Sub County,Mixed,
2241,02105112,TIWI GIRLS SECONDARY SCHOOL,Sub County,Girls,
2242,02105115,IQRA COUNTY HIGH SCHOOL,Sub County,Mixed,
2243,02105116,BALOZI A.M JORORI SECONDARY SCHOOL,Sub County,Mixed,
2244,02105117,MBUGUNI SECONDARY SCHOOL,Sub County,Mixed,
2245,02105118,KITEJE MIXED SECONDARY SCHOOL,Sub County,Mixed,
2246,02105121,MWAMGUNGA GIRLS SECONDARY SCHOOL,Sub County,Girls,
2247,02105504,MKONGANI SECONDARY SCHOOL,Sub County,Mixed,
2248,02105505,MWALUPHAMBA SECONDARY SCHOOL,Sub County,Mixed,
2249,02105506,MANGAWANI SECONDARY SCHOOL,Sub County,Mixed,
2250,02105507,STEPHEN KANJA SECONDARY SCHOOL,Sub County,Mixed,
2251,02105508,AMBASSADOR MWAKWERE HIGH SCHOOL,Sub County,Mixed,
2252,02105509,TSEREZANI HIGH SCHOOL,Sub County,Mixed,
2253,02105510,TUMAINI SECONDARY - LUKORE,Sub County,Mixed,
2254,02105511,KIREWE SECONDARY SCHOOL,Sub County,Mixed,
2255,02105512,MWALUVANGA MIXED SECONDARY SCHOOL,Sub County,Mixed,
2256,02105513,MTSAMVIANI SECONDARY SCHOOL,Sub County,Mixed,
2257,02109104,VIGURUNGANI SECONDARY SCHOOL,Sub County,Mixed,
2258,02109105,BOFU SECONDARY SCHOOL,Sub County,Mixed,
2259,02109106,2 0T2S0U NKCZPAE S SEECCOONNDDAARRYY S SCCHHOOOOLL CHOICES LIST,Sub County,Mixed,
2260,02109107,MWAKIJEMBE SECONDARY SCHOOL,Sub County,Mixed,
2261,02109109,NZOVUNI SECONDARY SCHOOL,Sub County,Mixed,
2262,02109110,MTAA SECONDARY SCHOOL,Sub County,Mixed,
2263,02110203,RAMISI SECONDARY SCHOOL,Sub County,Mixed,
2264,02110205,KINONDO SECONDARY SCHOOL,Sub County,Mixed,
2265,02110215,KIRANGA SECONDARY SCHOOL,Sub County,Mixed,
2266,02110216,MADAGO SECONDARY SCHOOL,Sub County,Mixed,
2267,02110218,MUHAKA SECONDARY SCHOOL,Sub County,Mixed,
2268,02110219,MVINDENI SECONDARY SCHOOL,Sub County,Mixed,
2269,02110220,MAGAONI BASE SECONDARY SCHOOL,Sub County,Mixed,
2270,02110221,MKWAKWANI SECONDARY SCHOOL,Sub County,Mixed,
2271,02110222,BONGWE SECONDARY SCHOOL,Sub County,Mixed,
2272,02110224,UKUNDA SECONDARY SCHOOL,Sub County,Mixed,
2273,02110225,JUHUDI SECONDARY SCHOOL,Sub County,Mixed,
2274,02110227,DORI GIRLS SECONDARY SCHOOL,Sub County,Girls,
2275,02123212,SHIMONI SECONDARY SCHOOL,Sub County,Mixed,
2276,02123301,LUNGALUNGA SECONDARY SCHOOL,Sub County,Mixed,
2277,02123303,MWANANYAMALA SECONDARY SCHOOL,Sub County,Mixed,
2278,02123305,MWERENI SECONDARY SCHOOL,Sub County,Mixed,
2279,02123306,NGOZI GIRLS' HIGH SCHOOL,Sub County,Girls,
2280,02123307,KIRUKU MIXED SECONDARY SCHOOL,Sub County,Mixed,
2281,02123308,MENZAMWENYE SECONDARY SCHOOL,Sub County,Mixed,
2282,02123309,MAJORENI SECONDARY SCHOOL,Sub County,Mixed,
2283,02123310,PERANI SECONDARY SCHOOL,Sub County,Mixed,
2284,02123311,GUGU SECONDARY SCHOOL,Sub County,Mixed,
2285,02123312,TSWAKA SECONDARY SCHOOL,Sub County,Mixed,
2286,02123313,MAKWENYENI SECONDARY SCHOOL,Sub County,Mixed,
2287,02123314,2 0H2O0N K.KCHPAE TSIEBC MOWNADSAHREYT SACNHI OSOECL OCHNODAICREYS SLICSHTOOL,Sub County,Mixed,
2288,02123315,JUMA BOY SECONDARY SCHOOL,Sub County,Mixed,
2289,02123316,SHIRAZI BOYS SECONDARY SCHOOL,Sub County,Boys,
2290,02123317,MAGOMBANI SECONDARY SCHOOL,Sub County,Mixed,
2291,02127104,MWAVUMBO SECONDARY SCHOOL,Sub County,Mixed,
2292,02127106,SAMBURU SECONDARY SCHOOL,Sub County,Mixed,
2293,02127108,KINAGONI SECONDARY SCHOOL,Sub County,Mixed,
2294,02127109,MATUMBI SECONDARY SCHOOL,Sub County,Mixed,
2295,02127110,MAKAMINI SECONDARY SCHOOL,Sub County,Mixed,
2296,02127111,MWABILA SECONDARY SCHOOL,Sub County,Mixed,
2297,02127113,MWAROVESA SECONDARY SCHOOL,Sub County,Mixed,
2298,02127114,UFANISI EDUCATIONAL CENTRE,Sub County,Mixed,
2299,03106101,ALLIDINA VISRAM HIGH SCHOOL,Sub County,Boys,
2300,03106103,TUDOR DAY SECONDARY SCHOOL,Sub County,Boys,
2301,03106105,STAR OF THE SEA HIGH SCHOOL,Sub County,Girls,
2302,03106107,"SACRED HEART HIGH SCHOOL, MOMBASA",Sub County,Mixed,
2303,03106116,SERANI SECONDARY SCHOOL,Sub County,Boys,
2304,03106118,SHARIFF NASSIR GIRLS,Sub County,Girls,
2305,03106121,MBARAKI GIRLS SECONDARY SCHOOL,Sub County,Girls,
2306,03106122,TONONOKA SECONDARY SCHOOL,Sub County,Boys,
2307,03106124,ALFARSY GIRLS SECONDARY SCHOOL,Sub County,Girls,
2308,03106125,MVITA BOYS SECONDARY SCHOOL,Sub County,Boys,
2309,03106132,MAKANDE GIRLS SECONDARY SCHOOL,Sub County,Girls,
2310,03106133,MAKUPA BOYS SECONDARY SCHOOL,Sub County,Boys,
2311,03108103,MTONGWE GIRLS SECONDARY SCHOOL,Sub County,Girls,
2312,03108104,SHIKAADABU SECONDARY SCHOOL,Sub County,Mixed,
2313,03108114,MWAHIMA SECONDARY SCHOOL,Sub County,Mixed,
2314,03108116,MWEZA SECONDARY SCHOOL,Sub County,Mixed,
2315,03108201,2 0L2IK0O KNCI PSEE SCEOCNODNADRAYR SYC SHCOHOOLOL CHOICES LIST,Sub County,Boys,
2316,03108208,LIKONI MIXED HIGH SCHOOL,Sub County,Mixed,
2317,03108209,PUMA SECONDARY SCHOOL,Sub County,Mixed,
2318,03108211,MRIMA MIXED DAY SECONDARY SCHOOL,Sub County,Mixed,
2319,03120102,ST. CHARLES LWANGA SECONDARY SCHOOL,Sub County,Mixed,
2320,03120117,MWIJABU SECONDARY SCHOOL,Sub County,Mixed,
2321,03120118,CHAANI SECONDARY SCHOOL,Sub County,Mixed,
2322,03120121,BOMU SECONDARY SCHOOL,Sub County,Mixed,
2323,03121204,MWAKIRUNGE SECONDARY SCHOOL,Sub County,Mixed,
2324,03121216,MTOPANGA MIXED SECONDARY SCHOOL,Sub County,Mixed,
2325,03121220,HASSAN JOHO GIRLS' SECONDARY SCHOOL,Sub County,Girls,
2326,03121226,MARIMANI MIXED SECONDARY SCHOOL,Sub County,Mixed,
2327,03121233,CONCORDIA SECONDARY SCHOOL,Sub County,Mixed,
2328,03124105,KAJEMBE HIGH SCHOOL,Sub County,Mixed,
2329,03124108,MIRITINI SECONDARY SCHOOL,Sub County,Mixed,
2330,03124109,MIKINDANI ROYAL COMPREHENSIVE SCHOOL,Sub County,Mixed,
2331,03124111,MIRITINI COMPLEX HIGH SCHOOL,Sub County,Mixed,
2332,03126106,MAWENI MIXED SECONDARY SCHOOL,Sub County,Mixed,
2333,03126110,MIYAZ INTEGRATED ACADEMY,Sub County,Mixed,
2334,03126111,METHODIST GARDENS HIGH SCHOOL,Sub County,Mixed,
2335,03126123,FRERETOWN SECONDARY SCHOOL,Sub County,Mixed,
2336,04102103,KATANA NGALA SECONDARY SCHOOL,Sub County,Mixed,
2337,04102104,MAJAONI SECONDARY SCHOOL,Sub County,Mixed,
2338,04102107,ROKA SECONDARY SCHOOL,Sub County,Mixed,
2339,04102112,NGERENYA MIXED SECONDARY SCHOOL,Sub County,Mixed,
2340,04102115,UYOMBO GIRLS' SECONDARY SCHOOL,Sub County,Girls,
2341,04102117,MDZONGOLONI HIGH SCHOOL,Sub County,Mixed,
2342,04102119,MARAFIKI SECONDARY SCHOOL,Sub County,Mixed,
2343,04102120,2 0F2U0M KBCINPIE S SEECCOONNDDAARRYY SSCCHHOOOOLL CHOICES LIST,Sub County,Mixed,
2344,04102125,KILIFI SEA BREEZE SENIOR SCHOOL,Sub County,Mixed,
2345,04107103,JILORE HIGH SCHOOL,Sub County,Mixed,
2346,04107104,BARANI SECONDARY SCHOOL,Sub County,Mixed,
2347,04107116,ACK CANON MWERI MEMORIAL SECONDARY SCHOOL,Sub County,Mixed,
2348,04107120,F B TUVA MEMORIAL SECONDARY SCHOOL,Sub County,Mixed,
2349,04107121,MEKATILILI MEMORIAL,Sub County,Mixed,
2350,04107122,KIBOKONI SECONDARY SCHOOL,Sub County,Mixed,
2351,04107124,LANGOBAYA SECONDARY SCHOOL,Sub County,Mixed,
2352,04107127,MENYHART SECONDARY SCHOOL,Sub County,Mixed,
2353,04107128,MUYEYE SECONDARY SCHOOL,Sub County,Mixed,
2354,04107129,MBARAKACHEMBE SECONDARY SCHOOL,Sub County,Mixed,
2355,04107131,KIJIWETANGA SECONDARY SCHOOL,Sub County,Mixed,
2356,04107132,GANDA SECONDARY SCHOOL,Sub County,Mixed,
2357,04107134,MIDA SECONDARY SCHOOL,Sub County,Mixed,
2358,04107142,CHAKAMA SECONDARY SCHOOL,Sub County,Mixed,
2359,04107143,JIMBA GEDE SECONDARY SCHOOL,Sub County,Mixed,
2360,04107145,MAJIVUNI SECONDARY SCHOOL,Sub County,Mixed,
2361,04107148,SABAKI SECONDARY SCHOOL,Sub County,Mixed,
2362,04107149,MKONDONI SECONDARY SCHOOL,Sub County,Mixed,
2363,04107150,MONGOTINI SECONDARY SCHOOL,Sub County,Mixed,
2364,04107151,MADUNGUNI SECONDARY SCHOOL,Sub County,Mixed,
2365,04107152,MAZIWANI SECONDARY SCHOOL,Sub County,Mixed,
2366,04107153,ACK BISHOP KALU MIXED DAY SECONDARY SCHOOL,Sub County,Mixed,
2367,04107154,BISHOP BALDACCHINO SECONDARY SCHOOL,Sub County,Mixed,
2368,04107155,SOSOBORA SECONDARY SCHOOL,Sub County,Mixed,
2369,04111011,MIYANI SECONDARY SCHOOL,Sub County,Mixed,
2370,04111019,KINANI SECONDARY SCHOOL,Sub County,Mixed,
2371,04111104,2 M02A0A NKCDPAEN IS SECEOCONNDDAARRY YS CSHCOHOOLO CLHOICES LIST,Sub County,Mixed,
2372,04111106,KIZURINI SECONDARY SCHOOL,Sub County,Mixed,
2373,04111112,TSANGATSINI MIXED DAY SECONDARY SCHOOL,Sub County,Mixed,
2374,04111113,KINARANI SECONDARY SCHOOL,Sub County,Mixed,
2375,04111116,TSAGWA SECONDARY SCHOOL,Sub County,Mixed,
2376,04111117,MWARENI SECONDARY SCHOOL,Sub County,Mixed,
2377,04111118,MWIJO SECONDARY SCHOOL,Sub County,Mixed,
2378,04111119,MUTSENGO SECONDARY SCHOOL,Sub County,Mixed,
2379,04111120,MIGUNDINI SECONDARY SCHOOL,Sub County,Mixed,
2380,04111121,MNAZIM'MWENGA SECONDARY SCHOOL,Sub County,Mixed,
2381,04111122,MAKOMBOANI SECONDARY SCHOOL,Sub County,Mixed,
2382,04111124,KIRUMBI GIRLS SECONDARY SCHOOL,Sub County,Girls,
2383,04111125,SHANGIA SECONDARY SCHOOL,Sub County,Mixed,
2384,04116107,PETANGUO SECONDARY SCHOOL,Sub County,Mixed,
2385,04116108,DUNGICHA SECONDARY SCHOOL,Sub County,Mixed,
2386,04116202,MITANGANI SECONDARY SCHOOL,Sub County,Mixed,
2387,04116203,JILA SECONDARY SCHOOL,Sub County,Mixed,
2388,04116204,BANDARI SECONDARY SCHOOL,Sub County,Mixed,
2389,04116205,MIDOINA SECONDARY SCHOOL,Sub County,Mixed,
2390,04116206,SHAKA SECONDARY SCHOOL,Sub County,Mixed,
2391,04116304,BALE SECONDARY SCHOOL,Sub County,Mixed,
2392,04116305,KACHORORONI SECONDARY SCHOOL,Sub County,Mixed,
2393,04116306,SHANGWENI SECONDARY SCHOOL,Sub County,Mixed,
2394,04116307,MAGOGONI SECONDARY SCHOOL,Sub County,Mixed,
2395,04116308,AMASON JEFFAH KINGI SECONDARY SCHOOL,Sub County,Mixed,
2396,04116309,NDUGUMNANI SECONDARY SCHOOL,Sub County,Mixed,
2397,04119106,MARERENI SECONDARY SCHOOL,Sub County,Mixed,
2398,04119107,MAJENJENI SECONDARY SCHOOL,Sub County,Mixed,
2399,04119108,2 0N2G0O KMCEPNEI SSEECCOONNDDAARRYY S SCCHHOOOOLL CHOICES LIST,Sub County,Mixed,
2400,04119109,FUNDI - ISSA SECONDARY SCHOOL,Sub County,Mixed,
2401,04119110,MAGARINI HILL SECONDARY SCHOOL,Sub County,Mixed,
2402,04119112,KAEMBENI SECONDARY SCHOOL,Sub County,Mixed,
2403,04119113,MJANAHERI SECONDARY SCHOOL,Sub County,Mixed,
2404,04119116,MAPIMO BOYS SECONDARY SCHOOL,Sub County,Boys,
2405,04119121,KURAWA SECONDARY SCHOOL,Sub County,Mixed,
2406,04119202,MAGARINI SECONDARY SCHOOL,Sub County,Mixed,
2407,04119203,ADU SECONDARY SCHOOL,Sub County,Mixed,
2408,04119204,SHUJAA MEKATILILI SECONDARY SCHOOL,Sub County,Mixed,
2409,04119205,GARASHI SECONDARY SCHOOL,Sub County,Mixed,
2410,04119206,RAMADA MIXED SECONDARY SCHOOL,Sub County,Mixed,
2411,04119207,SHOMELA SECONDARY SCHOOL,Sub County,Mixed,
2412,04119209,WARESA SECONDARY SCHOOL,Sub County,Mixed,
2413,04119211,DAGAMRA SECONDARY SCHOOL,Sub County,Mixed,
2414,04122104,KASIDI SECONDARY SCHOOL,Sub County,Mixed,
2415,04122106,KAMBE SECONDARY SCHOOL,Sub County,Mixed,
2416,04122107,RABAI SECONDARY SCHOOL,Sub County,Mixed,
2417,04122108,CHANG'OMBE SECONDARY SCHOOL,Sub County,Mixed,
2418,04122109,BOFU SECONDARY SCHOOL,Sub County,Mixed,
2419,04122110,KAJIWE SECONDARY SCHOOL,Sub County,Mixed,
2420,04122111,MIKAHANI SECONDARY SCHOOL,Sub County,Mixed,
2421,04122112,JIMBA SECONDARY SCHOOL,Sub County,Mixed,
2422,04122113,REV CANON KURI MEMORIAL SECONDARY SCHOOL,Sub County,Mixed,
2423,04122114,MBARARANI SECONDARY SCHOOL,Sub County,Mixed,
2424,04122115,MWANDODO SECONDARY SCHOOL,Sub County,Mixed,
2425,04122116,MIKOMANI SECONDARY SCHOOL,Sub County,Mixed,
2426,04122117,BWAGAMOYO SECONDARY SCHOOL,Sub County,Mixed,
2427,04122118,2 0K2A0W KACLPAE G SIERCLOS NSDEACROYN DSCAHROY OSLC CHHOOOILCES LIST,Sub County,Girls,
2428,04122119,CHIFERI SECONDARY SCHOOL,Sub County,Mixed,
2429,04125101,MUSUMARINI SECONDARY SCHOOL,Sub County,Mixed,
2430,04125102,TAKAUNGU SECONDARY SCHOOL,Sub County,Mixed,
2431,04125103,SHARIANI SECONDARY SCHOOL,Sub County,Mixed,
2432,04125107,K.P. SENIOR SECONDARY SCHOOL,Sub County,Mixed,
2433,04125109,JUNJU SECONDARY SCHOOL,Sub County,Mixed,
2434,04125110,MNARANI SECONDARY SCHOOL,Sub County,Mixed,
2435,04125112,MAJAJANI SECONDARY SCHOOL,Sub County,Mixed,
2436,04125116,ST JOSEPH HOUSE OF HOPE SECONDARY SCHOOL,Sub County,Mixed,
2437,04125117,GONGONI SECONDARY SCHOOL,Sub County,Mixed,
2438,04125121,CITADEL MAIDEN SECONDARY SCHOOL,Sub County,Girls,
2439,04125125,MTEPENI SECONDARY SCHOOL,Sub County,Mixed,
2440,04125126,MTOMONDONI SECONDARY SCHOOL,Sub County,Mixed,
2441,04125214,VIPINGO SECONDARY SCHOOL,Sub County,Mixed,
2442,04128102,PALAKUMI SECONDARY SCHOOL,Sub County,Mixed,
2443,04128103,MAYOWE SECONDARY SCHOOL,Sub County,Mixed,
2444,04128104,VYAMBANI SECONDARY SCHOOL,Sub County,Mixed,
2445,04128105,SOSONI SECONDARY SCHOOL,Sub County,Mixed,
2446,04129204,PAUL HARRIS HIGH SCHOOL,Sub County,Mixed,
2447,04129205,CHASIMBA MIXED SECONDARY SCHOOL,Sub County,Mixed,
2448,04129206,DINDIRI SECONDARY SCHOOL,Sub County,Mixed,
2449,04129207,BUNDACHO SECONDARY SCHOOL,Sub County,Mixed,
2450,04129208,MWARAKAYA SECONDARY SCHOOL,Sub County,Mixed,
2451,04129209,KATIKIRIENI SECONDARY SCHOOL,Sub County,Mixed,
2452,04129210,MBUYUNI SECONDARY SCHOOL,Sub County,Mixed,
2453,04129211,BUNGU SECONDARY SCHOOL,Sub County,Mixed,
2454,05103105,DAKU MIXED SECONDARY SCHOOL,Sub County,Mixed,
2455,05103107,2 0M2A0J EKCNPGEO S SEECCOONNDDAARRYY S CSHCOHOOOL LCHOICES LIST,Sub County,Mixed,
2456,05103109,WALDENA SECONDARY SCHOOL,Sub County,Mixed,
2457,05112103,MARIFANO SECONDARY SCHOOL,Sub County,Mixed,
2458,05112204,GADENI SECONDARY SCHOOL,Sub County,Mixed,
2459,05112205,GARSEN HIGH SCHOOL,Sub County,Mixed,
2460,05112206,BUYANI SECONDARY SCHOOL,Sub County,Mixed,
2461,05112207,MAPUNGA HIGH SCHOOL,Sub County,Mixed,
2462,05112208,ODA SECONDARY SCHOOL,Sub County,Mixed,
2463,05112209,KITERE SECONDARY SCHOOL,Sub County,Mixed,
2464,05112210,MINHAJ SECONDARY SCHOOL,Sub County,Mixed,
2465,05117102,HURUMA MIXED DAY SECONDARY SCHOOL,Sub County,Mixed,
2466,05117103,NANIGHI TANA MIXED SECONDARY SCHOOL,Sub County,Mixed,
2467,05117104,SINGWAYA MIXED SECONDARY SCHOOL,Sub County,Mixed,
2468,05117204,MORORO MIXED DAY SECONDARY SCHOOL,Sub County,Mixed,
2469,05117205,MADOGO MUSLIM HIGH SCHOOL,Sub County,Mixed,
2470,05117302,KORA SECONDARY SCHOOL,Sub County,Mixed,
2471,06104204,HONGWE SECONDARY SCHOOL,Sub County,Mixed,
2472,06104205,BAHARI SECONDARY SCHOOL,Sub County,Mixed,
2473,06104206,UZIWA SECONDARY SCHOOL,Sub County,Mixed,
2474,06104207,MKUNUMBI SECONDARY SCHOOL,Sub County,Mixed,
2475,06104208,LAKE KENYATTA SECONDARY SCHOOL,Sub County,Mixed,
2476,06104209,MAJEMBENI SECONDARY SCHOOL,Sub County,Mixed,
2477,06104210,KIONGWE MIXED DAY SECONDARY SCHOOL,Sub County,Mixed,
2478,06104212,BOMANI SECONDARY SCHOOL,Sub County,Mixed,
2479,06104302,WITU MJINI SECONDARY SCHOOL,Sub County,Mixed,
2480,06118102,KIZINGITINI SECONDARY SCHOOL,Sub County,Mixed,
2481,06118103,SIYU SECONDARY SCHOOL,Sub County,Mixed,
2482,06118201,KIUNGA SECONDARY SCHOOL,Sub County,Mixed,
2483,06130102,2 0M2A0T KOCNPDEO SNEIC SOENCDOANRDYA SRCYH SOCOHLO COHLOICES LIST,Sub County,Mixed,
2484,06130103,BRIGHT GIRLS SHELLA SECONDARY SCHOOL,Sub County,Girls,
2485,06130104,WIYONI SECONDARY SCHOOL,Sub County,Mixed,
2486,06130201,MOKOWE SECONDARY SCHOOL,Sub County,Mixed,
2487,06130202,HINDI SECONDARY SCHOOL,Sub County,Mixed,
2488,07201104,KAMBAA TECHNICAL SECONDARY SCHOOL,Sub County,Mixed,
2489,07201105,NGAINDEITHIA SECONDARY SCHOOL,Sub County,Mixed,
2490,07201106,MUKOE SECONDARY SCHOOL,Sub County,Mixed,
2491,07201107,IRIGITHATHI SECONDARY SCHOOL,Sub County,Mixed,
2492,07201108,MURICHU SECONDARY SCHOOL,Sub County,Mixed,
2493,07201109,KARAGO - INI SECONDARY SCHOOL,Sub County,Mixed,
2494,07201110,PONDO SECONDARY SCHOOL,Sub County,Mixed,
2495,07201111,GITHUNGUCHU SECONDARY SCHOOL.,Sub County,Mixed,
2496,07201112,RAICHIRI SECONDARY SCHOOL,Sub County,Mixed,
2497,07201113,KAGONDO SECONDARY SCHOOL,Sub County,Mixed,
2498,07201114,SIMBARA SECONDARY SCHOOL,Sub County,Mixed,
2499,07201115,KAHUHO SECONDARY SCHOOL,Sub County,Mixed,
2500,07201116,MATHINGIRA GIRLS SECONDARY SCHOOL,Sub County,Girls,
2501,07201117,LAKE OLBOLLOSAT SECONDARY SCHOOL,Sub County,Mixed,
2502,07201118,BAARI SECONDARY SCHOOL,Sub County,Mixed,
2503,07201119,KIHARA SECONDARY SCHOOL,Sub County,Mixed,
2504,07201121,KAHEHO DAY MIXED SECONDARY SCHOOL,Sub County,Mixed,
2505,07201122,URUKU SECONDARY SCHOOL,Sub County,Mixed,
2506,07201123,KIRIOGO SECONDARY SCHOOL,Sub County,Mixed,
2507,07201126,NDIVAI SECONDARY SCHOOL,Sub County,Mixed,
2508,07201130,DEDAN KIMATHI SECONDARY SCHOOL-NDARAGWA,Sub County,Mixed,
2509,07201137,NDARAGWA BOYS HIGH SCHOOL,Sub County,Boys,
2510,07201138,MBUYU SECONDARY SCHOOL,Sub County,Mixed,
2511,07201139,2 0K2IR0E KRCAP SE ESCECOONNDDARAYR YS CSCHHOOOOLL CHOICES LIST,Sub County,Mixed,
2512,07201140,WANGUI SECONDARY SCHOOL,Sub County,Mixed,
2513,07201142,MWIHANGIA SECONDARY SCHOOL,Sub County,Mixed,
2514,07201144,SUBUKU SECONDARY SCHOOL,Sub County,Mixed,
2515,07209105,KITOGO SECONDARY SCHOOL,Sub County,Mixed,
2516,07209108,NANDARASI SECONDARY SCHOOL,Sub County,Mixed,
2517,07209110,RUGONGO MIXED DAY SECONDARY SCHOOL,Sub County,Mixed,
2518,07209111,NDUNYU NJERU SECONDARY SCHOOL,Sub County,Mixed,
2519,07209117,MEKARO SECONDARY SCHOOL,Sub County,Mixed,
2520,07209119,KINJA SECONDARY SCHOOL,Sub County,Mixed,
2521,07209120,GATHARA SECONDARY SCHOOL,Sub County,Mixed,
2522,07209121,MUTAMAIYU SECONDARY SCHOOL,Sub County,Mixed,
2523,07209124,MWITEITHIA SECONDARY SCHOOL,Sub County,Mixed,
2524,07209125,KIHUMBU SECONDARY SCHOOL,Sub County,Mixed,
2525,07209126,MURUNGARU SECONDARY SCHOOL,Sub County,Mixed,
2526,07209127,ST.MICHAEL FARU SECONDARY SCHOOL,Sub County,Mixed,
2527,07209130,KIRARWA SECONDARY SCHOOL,Sub County,Mixed,
2528,07209131,KIAMBARIKI SECONDARY SCHOOL,Sub County,Mixed,
2529,07209132,ABERDARE RANGES SECONDARY SCHOOL,Sub County,Mixed,
2530,07209133,THINDI HIGHSTAR SECONDARY SCHOOL,Sub County,Mixed,
2531,07209135,RAITHA SECONDARY SCHOOL,Sub County,Mixed,
2532,07209136,MUTI-INI SECONDARY SCHOOL,Sub County,Mixed,
2533,07209138,KAHURU SECONDARY SCHOOL,Sub County,Mixed,
2534,07209139,KAMBATA SECONDARY SCHOOL,Sub County,Mixed,
2535,07213102,PASSENGA SECONDARY SCHOOL,Sub County,Mixed,
2536,07213105,MANYATTA SECONDARY SCHOOL,Sub County,Mixed,
2537,07213106,GICHUNGO SECONDARY SCHOOL,Sub County,Mixed,
2538,07213107,RURII SECONDARY SCHOOL,Sub County,Mixed,
2539,07213109,2 0M2IH0 UKTCIP SEE SCEOCNODNADRAYR SY CSHCHOOOOLL CHOICES LIST,Sub County,Mixed,
2540,07213110,KIGANJO SECONDARY SCHOOL,Sub County,Mixed,
2541,07213111,KIENI SECONDARY SCHOOL,Sub County,Mixed,
2542,07213112,MUNYEKI SECONDARY SCHOOL,Sub County,Mixed,
2543,07213116,SILANGA SECONDARY SCHOOL,Sub County,Mixed,
2544,07213117,GATARWA SECONDARY SCHOOL,Sub County,Mixed,
2545,07213119,HURUMA SECONDARY SCHOOL,Sub County,Mixed,
2546,07213120,KAHIA SECONDARY SCHOOL,Sub County,Mixed,
2547,07213121,MAWINGO MIXED DAY SECONDARY SCHOOL,Sub County,Mixed,
2548,07213123,GITHUNGURI SECONDARY SCHOOL,Sub County,Mixed,
2549,07213124,MWIHOTI SECONDARY SCHOOL,Sub County,Mixed,
2550,07213125,KAMANDE SECONDARY SCHOOL,Sub County,Mixed,
2551,07213126,MUKINDU SECONDARY SCHOOL,Sub County,Mixed,
2552,07213128,KAIMBAGA SECONDARY SCHOOL,Sub County,Mixed,
2553,07214103,GATHANJI SECONDARY SCHOOL,Sub County,Mixed,
2554,07214104,WERU SECONDARY SCHOOL,Sub County,Mixed,
2555,07214105,SILIBWET SECONDARY SCHOOL,Sub County,Mixed,
2556,07214106,MATURA SECONDARY SCHOOL,Sub County,Mixed,
2557,07214107,NGANO SECONDARY SCHOOL,Sub County,Mixed,
2558,07214108,OL JORO OROK SECONDARY SCHOOL,Sub County,Mixed,
2559,07214109,GATIMU SECONDARY SCHOOL,Sub County,Mixed,
2560,07214111,HOSPITAL HILL SECONDARY SCHOOL,Sub County,Mixed,
2561,07214118,GIKINGI SECONDARY SCHOOL,Sub County,Mixed,
2562,07214121,UHURU SECONDARY SCHOOL,Sub County,Mixed,
2563,07214123,KANGUU SECONDARY SCHOOL,Sub County,Mixed,
2564,07214125,KIHEO SECONDARY SCHOOL,Sub County,Mixed,
2565,07214127,GATIMU GIRLS SECONDARY SCHOOL,Sub County,Girls,
2566,07214128,NGATHA SECONDARY SCHOOL,Sub County,Mixed,
2567,07214129,2 0K2A0R KACNPDEI SSEECCOONNDDAARRYY SSCCHHOOOOLL CHOICES LIST,Sub County,Mixed,
2568,07214130,KABATI SECONDARY SCHOOL,Sub County,Mixed,
2569,07214132,IGWAMITI SECONDARY SCHOOL,Sub County,Mixed,
2570,07215203,MAWINGO SECONDARY SCHOOL,Sub County,Mixed,
2571,07215204,GETA SECONDARY SCHOOL,Sub County,Mixed,
2572,07215205,MALEWA SECONDARY SCHOOL,Sub County,Mixed,
2573,07215207,NDEMI SECONDARY SCHOOL,Sub County,Mixed,
2574,07215208,SATIMA SECONDARY SCHOOL,Sub County,Mixed,
2575,07215209,KIRIMA SECONDARY SCHOOL,Sub County,Mixed,
2576,07215210,LERESHWA SECONDARY SCHOOL,Sub County,Mixed,
2577,07215211,MAHINDU SECONDARY SCHOOL,Sub County,Mixed,
2578,07215212,KIAMBOGO SECONDARY SCHOOL,Sub County,Mixed,
2579,07215213,HUHIRIO SECONDARY SCHOOL,Sub County,Mixed,
2580,07215214,WANJOHI MIXED SECONDARY SCHOOL,Sub County,Mixed,
2581,07215215,TURASHA SECONDARY SCHOOL,Sub County,Mixed,
2582,07215216,MUMUI SECONDARY SCHOOL,Sub County,Mixed,
2583,07215217,MIKEU SECONDARY SCHOOL,Sub County,Mixed,
2584,07215218,MARIMU SECONDARY SCHOOL,Sub County,Mixed,
2585,07215221,JURA SECONDARY SCHOOL,Sub County,Mixed,
2586,07215222,MICHORE SECONDARY SCHOOL,Sub County,Mixed,
2587,07215224,WANJERI SECONDARY SCHOOL,Sub County,Mixed,
2588,07215225,KABATI SECONDARY SCHOOL,Sub County,Mixed,
2589,07215226,GATONDO MIXED SECONDARY SCHOOL,Sub County,Mixed,
2590,07215227,ST. PETERS MAWINGO SECONDARY SCHOOL,Sub County,Mixed,
2591,07215228,KAGONGO SECONDARY SCHOOL,Sub County,Mixed,
2592,07215229,MANUNGA SECONDARY SCHOOL,Sub County,Mixed,
2593,07215230,KIANJOGU SECONDARY SCHOOL,Sub County,Mixed,
2594,07215231,KIMURU SECONDARY SCHOOL,Sub County,Mixed,
2595,07215232,2 0G2A0T KHCUPTEH SI ESCEOCNODNADRARY YS CSHCOHOOLO CLHOICES LIST,Sub County,Mixed,
2596,07215234,GITHIORO SECONDARY SCHOOL,Sub County,Mixed,
2597,07216106,TULAGA SECONDARY SCHOOL,Sub County,Mixed,
2598,07216107,RAGIA SECONDARY SCHOOL,Sub County,Mixed,
2599,07216109,KARATI SECONDARY SCHOOL,Sub County,Mixed,
2600,07216110,HENI SECONDARY SCHOOL,Sub County,Mixed,
2601,07216111,MUNYAKA SECONDARY SCHOOL,Sub County,Mixed,
2602,07216112,ST. CHRISTOPHERS SECONDARY SCHOOL,Sub County,Mixed,
2603,07216115,KENTON SECONDARY SCHOOL,Sub County,Mixed,
2604,07216117,RWANYAMBO SECONDARY SCHOOL,Sub County,Mixed,
2605,07216119,GITHINJI SECONDARY SCHOOL,Sub County,Mixed,
2606,07216123,SASUMUA SECONDARY SCHOOL,Sub County,Mixed,
2607,07216124,YAANG'A SECONDARY SCHOOL,Sub County,Mixed,
2608,07216125,KAGERAINI SECONDARY SCHOOL,Sub County,Mixed,
2609,07216126,MUTHOMI SECONDARY SCHOOL,Sub County,Mixed,
2610,07216128,MUCIBAU SECONDARY SCHOOL,Sub County,Mixed,
2611,07216129,KOINANGE MIXED SECONDARY SCHOOL,Sub County,Mixed,
2612,07216131,KAMUNYAKA SECONDARY SCHOOL,Sub County,Mixed,
2613,07216132,KINANGOP GATE WAY SECONDARY SCHOOL,Sub County,Mixed,
2614,07216134,NYAKIO SECONDARY SCHOOL,Sub County,Mixed,
2615,07216135,ST. MARY SECONDARY SCHOOL,Sub County,Mixed,
2616,07216136,KARIAHU SECONDARY SCHOOL,Sub County,Mixed,
2617,07216137,KIYO SECONDARY SCHOOL,Sub County,Mixed,
2618,07216138,BONGO MIXED DAY SECONDARY SCHOOL,Sub County,Mixed,
2619,07216139,NDOTHUA SECONDARY SCHOOL,Sub County,Mixed,
2620,07216141,NJABINI MIXED DAY SECONDARY SCHOOL,Sub County,Mixed,
2621,07225102,NGORIKA SECONDARY SCHOOL,Sub County,Mixed,
2622,07225103,TUMAINI SECONDARY SCHOOL,Sub County,Mixed,
2623,07225104,2 0M2IR0 AKNCGPEIN SEE CSOECNODNADRAYR SYC HSOCHOOL OCHLOICES LIST,Sub County,Mixed,
2624,07225105,KANJUIRI SECONDARY SCHOOL,Sub County,Mixed,
2625,07225106,MATINDIRI SECONDARY SCHOOL,Sub County,Mixed,
2626,07225107,SABUGO SECONDARY SCHOOL,Sub County,Mixed,
2627,07225108,RUIRU SECONDARY SCHOOL,Sub County,Mixed,
2628,07225109,GITHIMA SECONDARY SCHOOL,Sub County,Mixed,
2629,07225110,RUTARA SECONDARY SCHOOL,Sub County,Mixed,
2630,07225114,NYAITUGA SECONDARY SCHOOL,Sub County,Mixed,
2631,07225116,KURUNGU SECONDARY SCHOOL,Sub County,Mixed,
2632,07225117,WANJURA SECONDARY SCHOOL,Sub County,Mixed,
2633,07225118,KIHOTO SECONDARY SCHOOL,Sub County,Mixed,
2634,07225119,GITUAMBA SECONDARY SCHOOL,Sub County,Mixed,
2635,08202012,IHWA SECONDARY SCHOOL,Sub County,Mixed,
2636,08202013,KAHIGA SECONDARY SCHOOL,Sub County,Mixed,
2637,08202014,RWARE HIGH SCHOOL,Sub County,Mixed,
2638,08202016,RIAMUKURWE SECONDARY SCHOOL,Sub County,Mixed,
2639,08202017,KIHUYO SECONDARY SCHOOL,Sub County,Mixed,
2640,08202018,KIHATHA SECONDARY SCHOOL,Sub County,Mixed,
2641,08202020,GITATHIINI SECONDARY SCHOOL,Sub County,Mixed,
2642,08202022,ST. VINCENT KIAMUIRU SECONDARY SCHOOL,Sub County,Mixed,
2643,08202023,MARUA MIXED DAY SECONDARY SCHOOL,Sub County,Mixed,
2644,08202024,ITHENGURI MIXED SECONDARY SCHOOL,Sub County,Mixed,
2645,08202025,NGANGARITHI SECONDARY SCHOOL,Sub County,Mixed,
2646,08202026,ST. PETER'S THUNGUMA SECONDARY SCHOOL,Sub County,Mixed,
2647,08202027,KIANDERE MIXED DAY SECONDARY SCHOOL,Sub County,Mixed,
2648,08202028,NYARIBO SECONDARY SCHOOL,Sub County,Mixed,
2649,08210103,GAKAWA SECONDARY SCHOOL,Sub County,Mixed,
2650,08210104,BURGURET SECONDARY SCHOOL,Sub County,Mixed,
2651,08210105,2 0M2L0IM KAC PKEE NSEYCAO SNEDCAORNYD SACRHYO SOCLH COHOOLICES LIST,Sub County,Mixed,
2652,08210106,MURERU MIXED DAY SECONDARY SCHOOL,Sub County,Mixed,
2653,08210107,GATUANYAGA SECONDARY SCHOOL,Sub County,Mixed,
2654,08210203,KAMBURAINI SECONDARY SCHOOL,Sub County,Mixed,
2655,08210204,MWICWIRI MIXED SECONDARY SCHOOL,Sub County,Mixed,
2656,08210205,NAROMORU MIXED SECONDARY SCHOOL,Sub County,Mixed,
2657,08210206,GATUAMBA SECONDARY SCHOOL,Sub County,Mixed,
2658,08210208,NYANGE SECONDARY SCHOOL,Sub County,Mixed,
2659,08210209,IRIGITHATHI MIXED SECONDARY SCHOOL,Sub County,Mixed,
2660,08210211,DEB SOLIO SECONDARY SCHOOL,Sub County,Mixed,
2661,08210212,MUKADAMIA SECONDARY SCHOOL,Sub County,Mixed,
2662,08210213,NDIRITI AGUTHI MIXED SECONDARY SCHOOL,Sub County,Mixed,
2663,08210214,CHRISMORRONE KIAMATHAGA MIXED SECONDARY SCHOOL,Sub County,Mixed,
2664,08210302,WARAZO JET SECONDARY SCHOOL,Sub County,Mixed,
2665,08210303,MUNYU HIGH SCHOOL,Sub County,Mixed,
2666,08210304,ST. LUKE KARUNDAS SECONDARY SCHOOL,Sub County,Mixed,
2667,08210305,JOSEPH ALLAMANO SECONDARY SCHOOL,Sub County,Mixed,
2668,08210309,MERE SECONDARY SCHOOL,Sub County,Mixed,
2669,08210310,KIMAHURI SECONDARY SCHOOL,Sub County,Mixed,
2670,08210311,MARAGIMA SECONDARY SCHOOL,Sub County,Mixed,
2671,08210312,LUSOI SECONDARY SCHOOL,Sub County,Mixed,
2672,08217105,ITUNDU SECONDARY SCHOOL,Sub County,Mixed,
2673,08217106,KANGOCHO SECONDARY SCHOOL,Sub County,Mixed,
2674,08217107,MIIRI SECONDARY SCHOOL,Sub County,Mixed,
2675,08217108,KIAMWANGI SECONDARY SCHOOL,Sub County,Mixed,
2676,08217109,IHWAGI SECONDARY SCHOOL,Sub County,Mixed,
2677,08217110,MUTHEA SECONDARY SCHOOL,Sub County,Mixed,
2678,08217111,GATHEHU SECONDARY SCHOOL,Sub County,Mixed,
2679,08217203,2 0G2IK0U KMCBPEO SSEECCOONNDDAARRYY S SCCHHOOOOLL CHOICES LIST,Sub County,Mixed,
2680,08217208,GAKUYU SECONDARY SCHOOL,Sub County,Mixed,
2681,08217209,KIAMABARA SECONDARY SCHOOL,Sub County,Mixed,
2682,08217210,GATURIRI SECONDARY SCHOOL,Sub County,Mixed,
2683,08217211,GATUNDU SECONDARY SCHOOL,Sub County,Mixed,
2684,08217212,ST. AUGUSTINE KIENI SECONDARY SCHOOL,Sub County,Mixed,
2685,08217213,NDIMAINI MIXED SECONDARY SCHOOL,Sub County,Mixed,
2686,08217214,GITUNDUTI SECONDARY SCHOOL,Sub County,Mixed,
2687,08217215,RAGATI SECONDARY SCHOOL,Sub County,Mixed,
2688,08218103,NGUNGURU SECONDARY SCHOOL,Sub County,Mixed,
2689,08218105,KANYAMA SECONDARY SCHOOL,Sub County,Mixed,
2690,08218106,KIANJOGU SECONDARY SCHOOL,Sub County,Mixed,
2691,08218107,KIANGOMA SECONDARY SCHOOL,Sub County,Mixed,
2692,08218108,RITITI SECONDARY SCHOOL,Sub County,Mixed,
2693,08218202,GENERAL CHINA SECONDARY SCHOOL,Sub County,Mixed,
2694,08218205,NGAINI SECONDARY SCHOOL,Sub County,Mixed,
2695,08218206,NGORANO SECONDARY SCHOOL,Sub County,Mixed,
2696,08218208,IRURI SECONDARY SCHOOL,Sub County,Mixed,
2697,08218210,MAGANJO SECONDARTY SCHOOL,Sub County,Mixed,
2698,08219104,TAMBAYA SECONDARY SCHOOL,Sub County,Mixed,
2699,08219105,ST.AUGUSTINE GIKONDI BOYS SECONDARY SCHOOL,Sub County,Boys,
2700,08219109,ST ANNE GITHUNGURI GIRLS,Sub County,Girls,
2701,08219110,KARINDI SECONDARY SCHOOL,Sub County,Mixed,
2702,08219111,MIHUTI SECONDARY SCHOOL,Sub County,Mixed,
2703,08219112,KAHARO SECONDARY SCHOOL,Sub County,Mixed,
2704,08219113,GIATHUGU TECH. SECONDARY SCHOOL,Sub County,Mixed,
2705,08219114,KIHUTI SECONDARY SCHOOL,Sub County,Mixed,
2706,08219115,WAMUTITU SECONDARY SCHOOL,Sub County,Mixed,
2707,08219117,2 0N2G0O KRCUP OE RSETCHOONDDOAXR SYE SCCOHNODOALR CYH SOCIHCOESO LLIST,Sub County,Mixed,
2708,08219118,RUTUNE SECONDARY SCHOOL,Sub County,Mixed,
2709,08219119,KIBUTIO SECONDARY SCHOOL,Sub County,Mixed,
2710,08219120,THANGATHI SECONDARY SCHOOL,Sub County,Mixed,
2711,08219121,A C K KIUU SECONDARY SCHOOL,Sub County,Mixed,
2712,08219122,ST. THOMAS GATURA SECONDARY SCHOOL,Sub County,Mixed,
2713,08219123,NJIRUINI MIXED SECONDARY SCHOOL,Sub County,Mixed,
2714,08219124,NGAMWA SECONDARY SCHOOL,Sub County,Mixed,
2715,08219125,GAIKUNDO SECONDARY SCHOOL,Sub County,Mixed,
2716,08219126,KARUNDU MIXED SECONDARY SCHOOL,Sub County,Mixed,
2717,08219127,KAHETI GIRLS SECONDARY SCHOOL,Sub County,Girls,
2718,08219130,KARABA SECONDARY SCHOOL,Sub County,Mixed,
2719,08219131,KIHATE GIRL'S SECONDARY SCHOOL,Sub County,Girls,
2720,08219132,GATHIRITI SECONDARY SCHOOL,Sub County,Mixed,
2721,08219133,ST JOHN THUNGURI ORTHODOX SECONDARY SCHOOL,Sub County,Mixed,
2722,08219134,WERU INTERGRATED SECONDARY SCHOOL,Sub County,Mixed,
2723,08220101,MWEIGA HIGH SCHOOL,Sub County,Mixed,
2724,08220102,AMBONI SECONDARY SCHOOL,Sub County,Mixed,
2725,08220106,ST. JOSEPH SIMBARA SECONDARY SCHOOL,Sub County,Mixed,
2726,08220107,MAHIGA HOPE SECONDARY SCHOOL,Sub County,Mixed,
2727,08220108,ST. DOMINIC NJENG'U SECONDARY SCHOOL,Sub County,Mixed,
2728,08220110,LABURRA MIXED DAY SECONDARY SCHOOL,Sub County,Mixed,
2729,08220112,MWIRERI SECONDARY SCHOOL,Sub County,Mixed,
2730,08220203,CHARITY SECONDARY SCHOOL,Sub County,Mixed,
2731,08220205,OBSERVATION HILL MIXED DAY SECONDARY SCHOOL,Sub County,Mixed,
2732,08220206,ENDARASHA D M SECONDARY SCHOOL,Sub County,Mixed,
2733,08220207,GAKANGA SECONDARY SCHOOL,Sub County,Mixed,
2734,08220208,ST. ANTHONY OF PADUA PURA SECONDARY SCHOOL,Sub County,Mixed,
2735,08220209,2 0S2T0. PKACUPLE KSEINCYOANITDI ASREYC OSCNHDOAORLY CSHCOHIOCOESL LIST,Sub County,Mixed,
2736,08220210,ST.MONICA GITEGI SECONDARY SCHOOL,Sub County,Mixed,
2737,08220302,ST GEORGE GATARAGWA SECONDARY SCHOOL,Sub County,Mixed,
2738,08220303,ST. AUGUSTINE EMBARINGO SECONDARY SCHOOL,Sub County,Mixed,
2739,08220305,LAMURIA SECONDARY SCHOOL,Sub County,Mixed,
2740,08220306,KIMUNYURU SECONDARY SCHOOL,Sub County,Mixed,
2741,08220307,KIARAGANA MIXED DAY SECONDARY SCHOOL,Sub County,Mixed,
2742,08220308,BELLEVUE SECONDARY SCHOOL,Sub County,Mixed,
2743,08220402,KARIMENO MIXED SECONDARY SCHOOL,Sub County,Mixed,
2744,08220403,ST JUDE MUGUNDA SECONDARY SCHOOL,Sub County,Mixed,
2745,08220404,KIMURI SECONDARY SCHOOL,Sub County,Mixed,
2746,08220405,ST. REGINA NAIRUTIA SECONDARY SCHOOL,Sub County,Mixed,
2747,08220406,ST. THOMAS RUIRII SECONDARY SCHOOL,Sub County,Mixed,
2748,08221101,KIANDU SECONDARY SCHOOL,Sub County,Mixed,
2749,08221102,MATHAKWAINI SECONDARY SCHOOL,Sub County,Mixed,
2750,08221104,GACHATHA SECONDARY SCHOOL,Sub County,Mixed,
2751,08221105,WANDUMBI SECONDARY SCHOOL,Sub County,Mixed,
2752,08221106,IHITHE TEC SECONDARY SCHOOL,Sub County,Mixed,
2753,08221108,KARANGIA SECONDARY SCHOOL,Sub County,Mixed,
2754,08221109,ST.JOSEPH WAMAGANA MIXED DAY SECONDARY SCHOOL,Sub County,Mixed,
2755,08221111,ST MARY KARIGUINI SECONDARY SCHOOL,Sub County,Mixed,
2756,08221112,KAIGURI MIXED DAY SECONDARY SCHOOL,Sub County,Mixed,
2757,08221113,GATHUTHI SECONDARY SCHOOL,Sub County,Mixed,
2758,08221202,KIRITI SECONDARY SCHOOL,Sub County,Mixed,
2759,08221203,ST PAULS GITHAKWA SECONDARY SCHOOL,Sub County,Mixed,
2760,08221204,MUHOYA HIGH SCHOOL,Sub County,Mixed,
2761,08221207,NGOORU SECONDARY SCHOOL,Sub County,Mixed,
2762,08221208,NJOGU-INI SECONDARY SCHOOL,Sub County,Mixed,
2763,08221209,2 0K2A0N KJOCPREA SSEECCOONNDDAARRYY S SCCHHOOOOLL CHOICES LIST,Sub County,Mixed,
2764,08221210,GAKERE SECONDARY SCHOOL,Sub County,Mixed,
2765,08221303,GAAKI SECONDARY SCHOOL,Sub County,Mixed,
2766,08221304,F.T NYAMMO SECONDARY SCHOOL,Sub County,Mixed,
2767,08221305,ITHEKAHUNO SECONDARY SCHOOL,Sub County,Mixed,
2768,08221306,KAIGONDE SECONDARY SCHOOL,Sub County,Mixed,
2769,08221307,GICHIRA SECONDARY SCHOOL,Sub County,Mixed,
2770,08221308,KIAWAITHANJI SECONDARY SCHOOL,Sub County,Mixed,
2771,08221309,MUTATHI-INI SECONDARY SCHOOL,Sub County,Mixed,
2772,08221310,GITITU DAY MIXED SECONDARY SCHOOL,Sub County,Mixed,
2773,08237006,KIAGUTHU SECONDARY SCHOOL,Sub County,Mixed,
2774,08237007,MUNYANGE SECONDARY SCHOOL,Sub County,Mixed,
2775,08237008,KIAMUYA SECONDARY SCHOOL,Sub County,Mixed,
2776,08237013,KARIKO SECONDARY SCHOOL,Sub County,Mixed,
2777,08237014,KAIRUTHI SECONDARY SCHOOL,Sub County,Mixed,
2778,08237015,GATHERA SECONDARY SCHOOL,Sub County,Mixed,
2779,08237017,KIHOME SECONDARY SCHOOL,Sub County,Mixed,
2780,08237019,IRINDI SECONDARY SCHOOL,Sub County,Mixed,
2781,08237020,KAGONYE SECONDARY SCHOOL,Sub County,Mixed,
2782,08237021,WITIMA MIXED SECONDARY SCHOOL,Sub County,Mixed,
2783,08237022,IHURIRIO SECONDARY SCHOOL,Sub County,Mixed,
2784,08237023,ST. MARIA GORETTI RURUGUTI SECONDARY SCHOOL,Sub County,Mixed,
2785,08237024,PCEA GAKUYU MAHIGA SECONDARY SCHOOL,Sub County,Mixed,
2786,08237025,GATUGI MIXED SECONDARY SCHOOL,Sub County,Mixed,
2787,08237026,ST. MARY'S KARUTHI SECONDARY SCHOOL,Sub County,Mixed,
2788,08237027,MUIRUNGI SECONDARY SCHOOL,Sub County,Mixed,
2789,08237028,KIHURI SECONDARY SCHOOL,Sub County,Mixed,
2790,08237029,GITUGI MIXED SECONDARY SCHOOL,Sub County,Mixed,
2791,08237030,2 0G2A0T KHCUPMEB SI ESCEOCNODNADRAYR YSC SHCOHOOLO CLHOICES LIST,Sub County,Mixed,
2792,08237031,KIAHAGU SECONDARY SCHOOL,Sub County,Mixed,
2793,08237032,GITUNDU SECONDARY SCHOOL,Sub County,Mixed,
2794,08237033,KAGUMO MIXED DAY SECONDARY SCHOOL,Sub County,Mixed,
2795,08237034,MUMBU INI SECONDARY SCHOOL,Sub County,Mixed,
2796,08237035,KABEBERO SECONDARY SCHOOL,Sub County,Mixed,
2797,08237036,ST. GREGORY KARIMA MIXED DAY SECONDARY SCHOOL,Sub County,Mixed,
2798,09203406,GATWE MIXED SECONDARY SCHOOL,Sub County,Mixed,
2799,09203410,ST. JOHN THAITA SECONDARY SCHOOL,Sub County,Mixed,
2800,09203411,MUTUMA TRINITY SECONDARY SCHOOL,Sub County,Mixed,
2801,09203412,ST. JAMES KIARITHA SECONDARY SCHOOL,Sub County,Mixed,
2802,09203413,KIANDIERI SECONDARY SCHOOL,Sub County,Mixed,
2803,09203414,KIAMAINA SECONDARY SCHOOL,Sub County,Mixed,
2804,09203415,KARAINI SECONDARY SCHOOL,Sub County,Mixed,
2805,09203417,MUGWANDI SECONDARY SCHOOL,Sub County,Mixed,
2806,09203419,KIAMURUGA SECONDARY SCHOOL,Sub County,Mixed,
2807,09203420,GAKOIGO MIXED DAY SECONDARY SCHOOL,Sub County,Mixed,
2808,09203422,SACRED HEART KANGAITA SECONDARY SCHOOL,Sub County,Mixed,
2809,09203423,GATUTO MIXED DAY SECONDARY SCHOOL,Sub County,Mixed,
2810,09203424,MUKINDURI MIXED DAY SECONDARY SCHOOL,Sub County,Mixed,
2811,09203426,ST. FRANCIS WAIGIRI SECONDARY SCHOOL.,Sub County,Mixed,
2812,09203428,MUTITU SECONDARY SCHOOL,Sub County,Mixed,
2813,09203429,KIAGA MIXED DAY SECONDARY SCHOOL,Sub County,Mixed,
2814,09203430,KIABARIKIRI SECONDARY SCHOOL,Sub County,Mixed,
2815,09203431,ST AGATHA KANYEKINE GIRLS' SECONDARY SCHOOL,Sub County,Girls,
2816,09203432,KIARUGU MIXED DAY SECONDARY SCHOOL,Sub County,Mixed,
2817,09203433,GITWE MIXED DAY SECONDARY SCHOOL,Sub County,Mixed,
2818,09203434,KIRIGO SECONDARY SCHOOL,Sub County,Mixed,
2819,09203436,2 0C2A0N KOCNP NE JSUEMCOBIN MDUATRIRY AS CDHAOYO SLE CCHOONIDCAERS YL ISSTCHOOL,Sub County,Mixed,
2820,09203437,KERUGOYA SPRING BOARD HIGH SCHOOL,Sub County,Mixed,
2821,09203438,KIRIMUNGE MIXED DAY SECONDARY SCHOOL,Sub County,Mixed,
2822,09203439,GATHUTHUMA SECONDARY SCHOOL,Sub County,Mixed,
2823,09203440,ST JOSEPH KERUGOYA SECONDARY SCHOOL,Sub County,Mixed,
2824,09203441,KIAMUTUIRA SECONDARY SCHOOL,Sub County,Mixed,
2825,09203442,SPRING BOARD SENIOR SCHOOL,Sub County,Girls,
2826,09222103,KIANGUENYI SECONDARY SCHOOL,Sub County,Mixed,
2827,09222105,KIAMICIRI SECONDARY SCHOOL,Sub County,Mixed,
2828,09222106,GATUNGURU SECONDARY SCHOOL,Sub County,Mixed,
2829,09222107,RUKENYA MIXED DAY SECONDARY SCHOOL,Sub County,Mixed,
2830,09222109,ST.LOUIS NYAGITHUCI SECONDARY SCHOOL,Sub County,Mixed,
2831,09222110,NGUNGU SECONDARY SCHOOL,Sub County,Mixed,
2832,09222112,GATUGURA MIXED SECONDARY SCHOOL,Sub County,Mixed,
2833,09222113,KIMUNYE SECONDARY SCHOOL,Sub County,Mixed,
2834,09222203,RWAMBITI SECONDARY SCHOOL,Sub County,Mixed,
2835,09222206,KIAMWATHI SECONDARY SCHOOL,Sub County,Mixed,
2836,09222207,KAVOTE SECONDARY SCHOOL,Sub County,Mixed,
2837,09222208,MUCAGARA SECONDARY SCHOOL,Sub County,Mixed,
2838,09222210,KIANDAI SECONDARY SCHOOL,Sub County,Mixed,
2839,09222211,ST.MARY MAGDALENE GITHAGE SECONDARY SCHOOL,Sub County,Girls,
2840,09222302,GACATHA SECONDARY SCHOOL,Sub County,Mixed,
2841,09222304,GITHURE SECONDARY SCHOOL,Sub County,Mixed,
2842,09222307,ST. PAUL KARUCHO SECONDARY SCHOOL,Sub County,Mixed,
2843,09222308,NGARIAMA SECONDARY SCHOOL,Sub County,Mixed,
2844,09222309,KIANYAMBO SECONDARY SCHOOL,Sub County,Mixed,
2845,09222310,GACIONGO SECONDARY SCHOOL,Sub County,Mixed,
2846,09222311,KIAUMBUI SECONDARY SCHOOL,Sub County,Mixed,
2847,09222312,2 0K2A0N KJUCUPE M SIEXCEODN SDEACROYN SDCAHROYO SLC CHHOOOILCES LIST,Sub County,Mixed,
2848,09222313,MWANIANJAU MIXED SECONDARY SCHOOL,Sub County,Mixed,
2849,09223102,KABONGE SECONDARY SCHOOL,Sub County,Mixed,
2850,09223104,KIANGAI SECONDARY SCHOOL,Sub County,Mixed,
2851,09223107,KARIMAINI SECONDARY SCHOOL,Sub County,Mixed,
2852,09223108,NGUGU-INI SECONDARY SCHOOL,Sub County,Mixed,
2853,09223109,KIANDANGAE SECONDARY SCHOOL,Sub County,Mixed,
2854,09223110,THUMAITA WEST SECONDARY SCHOOL,Sub County,Mixed,
2855,09223111,ST. PHILLIPS BARICHO SECONDARY SCHOOL,Sub County,Mixed,
2856,09223112,MATHIA SECONDARY SCHOOL,Sub County,Mixed,
2857,09223113,MURAGARA SECONDARY SCHOOL,Sub County,Mixed,
2858,09223114,GETUYA SECONDARY SCHOOL,Sub County,Mixed,
2859,09223115,KATHAKA SECONDARY SCHOOL,Sub County,Mixed,
2860,09223116,ST. JOHN'S KIBURU SECONDARY SCHOOL,Sub County,Mixed,
2861,09223117,UPPER BARICHO MIXED SECONDARY SCHOOL,Sub County,Mixed,
2862,09223118,ST PETER'S GATHUTHIINI SECONDARY SCHOOL,Sub County,Mixed,
2863,09223119,ST. MARYS KIARAGANA MIXED DAY SECONDARY SCHOOL,Sub County,Mixed,
2864,09223205,KARIMA SECONDARY SCHOOL,Sub County,Mixed,
2865,09223206,SAGANA SECONDARY SCHOOL,Sub County,Mixed,
2866,09223207,KIINE MIXED DAY SECONDARY SCHOOL,Sub County,Mixed,
2867,09223208,KIANJEGE WEST MIXED SECONDARY SCHOOL,Sub County,Mixed,
2868,09223209,BISHOP NGORU GITHUAINI SECONDARY SCHOOL,Sub County,Mixed,
2869,09223210,MUKUI SECONDARY SCHOOL,Sub County,Mixed,
2870,09223211,KAIRI-INI SECONDARY SCHOOL,Sub County,Mixed,
2871,09223212,ST. JOHN SECONDARY SCHOOL - KINYAKIIRU,Sub County,Mixed,
2872,09223213,GAKINDU SECONDARY SCHOOL,Sub County,Mixed,
2873,09223215,GACHARU MIXED DAY SECONDARY SCHOOL,Sub County,Mixed,
2874,09224101,GATHIGIRIRI MIXED SECONDARY SCHOOL,Sub County,Mixed,
2875,09224102,2 0N2D0IN KDCIPREU SKEUC SOENCDOANRDYA SRCYH SOCOHLO COHLOICES LIST,Sub County,Mixed,
2876,09224103,TEBERE SECONDARY SCHOOL,Sub County,Mixed,
2877,09224105,KIARUKUNGU MIXED DAY SECONDARY SCHOOL,Sub County,Mixed,
2878,09224106,NGURUBANI MIXED DAY SECONDARY SCHOOL,Sub County,Mixed,
2879,09224107,ST.MARY'S KIUMBU SECONDARY SCHOOL,Sub County,Mixed,
2880,09224108,KIAMANYEKI SECONDARY SCHOOL,Sub County,Mixed,
2881,09224202,KANJINJI MIXED SECONDARY SCHOOL,Sub County,Mixed,
2882,09224203,MURINDUKO SECONDARY SCHOOL,Sub County,Mixed,
2883,09224205,ST PETERS DIFATHAS SECONDARY SCHOOL,Sub County,Mixed,
2884,09224206,NYANGATI SECONDARY SCHOOL,Sub County,Mixed,
2885,09224207,HABEL NYAMU SECONDARY SCHOOL,Sub County,Mixed,
2886,09224208,KITHIRITI MIXED DAY SECONDARY SCHOOL,Sub County,Mixed,
2887,09224209,MUMBUINI SECONDARY SCHOOL,Sub County,Mixed,
2888,09224212,KIORUGARI MIXED SECONDARY SCHOOL,Sub County,Mixed,
2889,09224213,GAKUU MIXED DAY SECONDARY SCHOOL,Sub County,Mixed,
2890,09224214,IKURUNGU SECONDARY SCHOOL,Sub County,Mixed,
2891,09224215,MATHANGAUTA SECONDARY SCHOOL,Sub County,Mixed,
2892,09224216,MUGAMBA CIURA MIXED DAY SECONDARY SCHOOL,Sub County,Mixed,
2893,09224217,URUMANDI SECONDARY SCHOOL,Sub County,Mixed,
2894,09224218,TOGONYE SECONDARY SCHOOL,Sub County,Mixed,
2895,09239101,GOOD SAMARITAN SECONDARY SCHOOL,Sub County,Mixed,
2896,09239103,RUKANGA SECONDARY SCHOOL,Sub County,Mixed,
2897,09239104,KANGAI SECONDARY SCHOOL,Sub County,Mixed,
2898,09239107,THIBA MIXED SECONDARY SCHOOL,Sub County,Mixed,
2899,09239108,NGANG'A SECONDARY SCHOOL,Sub County,Mixed,
2900,09239110,KOMBUINI MIXED DAY SECONDARY SCHOOL,Sub County,Mixed,
2901,09239111,NYAIKUNGU MIXED SECONDARY SCHOOL,Sub County,Mixed,
2902,09239112,HON. KIRAGU STEPHEN SECONDARY SCHOOL,Sub County,Mixed,
2903,09239113,2 0G2IT0O KOCIPNEI SSEECCOONNDDAARRYY SSCCHHOOOOLL CHOICES LIST,Sub County,Mixed,
2904,09239114,KINYAGA DAY MIXED SECONDARY SCHOOL,Sub County,Mixed,
2905,09239115,KANGURE MIXED DAY SECONDARY SCHOOL,Sub County,Mixed,
2906,09239116,CIAGIINI MIXED DAY SECONDARY SCHOOL,Sub County,Mixed,
2907,09239118,KIRWARA SECONDARY SCHOOL,Sub County,Mixed,
2908,09239119,NGUKA MIXED DAY SECONDARY SCHOOL,Sub County,Mixed,
2909,09239120,GREAT ARMY SECONDARY SCHOOL,Sub County,Mixed,
2910,09239123,NYAGA MIXED SECONDARY SCHOOL,Sub County,Mixed,
2911,09239124,RURII SECONDARY SCHOOL,Sub County,Mixed,
2912,09239125,KIANDEGWA MIXED SECONDARY SCHOOL,Sub County,Mixed,
2913,09239126,MUKOU MIXED DAY SECONDARY SCHOOL,Sub County,Mixed,
2914,09239127,NGOTHI MIXED DAY SECONDARY SCHOOL,Sub County,Mixed,
2915,10204103,MARAGI SECONDARY SCHOOL,Sub County,Mixed,
2916,10204104,GIKANDU SECONDARY SCHOOL,Sub County,Mixed,
2917,10204105,ST. JOSEPH SECONDARY SCHOOL KIANGAGE,Sub County,Mixed,
2918,10204106,ST. AUGUSTINE GIKINDU SECONDARY SCHOOL,Sub County,Mixed,
2919,10204107,MUCHUNGUCHA SECONDARY SCHOOL,Sub County,Mixed,
2920,10204108,VIDHU RAMJI ACADEMY - SECONDARY,Sub County,Mixed,
2921,10204109,MIRIRA SECONDARY SCHOOL,Sub County,Mixed,
2922,10204111,KIANGOCHI SECONDARY SCHOOL,Sub County,Mixed,
2923,10204113,KIAWAMBEU SECONDARY SCHOOL,Sub County,Mixed,
2924,10204203,GAKURWE SECONDARY SCHOOL,Sub County,Mixed,
2925,10204204,MUKURWE WA NYAGATHANGA SECONDARY SCHOOL,Sub County,Mixed,
2926,10204205,GAITHERI SECONDARY SCHOOL,Sub County,Mixed,
2927,10204206,GITHANGA MIXED SECONDARY SCHOOL,Sub County,Mixed,
2928,10204207,KIMATHI SECONDARY SCHOOL,Sub County,Mixed,
2929,10204208,MUGEKA SECONDARY SCHOOL,Sub County,Mixed,
2930,10204209,KIGETUINI SECONDARY SCHOOL,Sub County,Mixed,
2931,10204210,2 0N2Y0A KKCIHPAEI SSEECCOONNDDAARRYY S SCCHHOOOOLL CHOICES LIST,Sub County,Mixed,
2932,10204211,KIAMURI SECONDARY SCHOOL,Sub County,Mixed,
2933,10204212,RURII SECONDARY SCHOOL,Sub County,Mixed,
2934,10204213,GIATHIYA SECONDARY SCHOOL,Sub County,Mixed,
2935,10204214,KAREMA-INI SECONDARY SCHOOL,Sub County,Mixed,
2936,10204215,KIGONGO SECONDARY SCHOOL,Sub County,Mixed,
2937,10204216,ITITU SECONDARY SCHOOL,Sub County,Mixed,
2938,10204217,ST. MICHAELS GATHUKIINI SECONDARY SCHOOL,Sub County,Mixed,
2939,10204218,MWERU SECONDARY SCHOOL,Sub County,Mixed,
2940,10208102,KAMBITI SECONDARY SCHOOL,Sub County,Mixed,
2941,10208103,PETER KARIUKI SECONDARY SCHOOL,Sub County,Mixed,
2942,10208104,KIRIMIRI SECONDARY SCHOOL,Sub County,Mixed,
2943,10208105,MITHINI SECONDARY SCHOOL,Sub County,Mixed,
2944,10208106,KANGANGU SECONDARY SCHOOL,Sub County,Mixed,
2945,10208108,MUTITHI SECONDARY SCHOOL,Sub County,Mixed,
2946,10208109,KARUNG'ANGI SECONDARY SCHOOL,Sub County,Mixed,
2947,10208202,SABA SABA SECONDARY SCHOOL,Sub County,Mixed,
2948,10208203,MAGANJO SECONDARY SCHOOL,Sub County,Mixed,
2949,10208205,THAARA SECONDARY SCHOOL,Sub County,Mixed,
2950,10208206,KAHARATI SECONDARY SCHOOL,Sub County,Mixed,
2951,10208207,MARAGUA RIDGE SECONDARY SCHOOL,Sub County,Mixed,
2952,10208208,P.C.E.A NYATI GIRLS BOARDING,Sub County,Girls,
2953,10208211,KARIAINI SECONDARY SCHOOL,Sub County,Mixed,
2954,10208212,GATHUNGURURU SECONDARY SCHOOL,Sub County,Mixed,
2955,10208213,MWANGAZA SECONDARY SCHOOL,Sub County,Mixed,
2956,10208214,THANGIRA UMOJA SECONDARY SHOOL,Sub County,Mixed,
2957,10208217,DON BOSCO DAY SECONDARY SCHOOL,Sub County,Mixed,
2958,10208219,MUCHAGARA SECONDARY SCHOOL,Sub County,Mixed,
2959,10208220,2 0H2U0H KOCINPEI S SEECCOONNDDAARRYY SSCCHHOOOOLL CHOICES LIST,Sub County,Mixed,
2960,10208222,MARANJAU SECONDARY SCHOOL,Sub County,Mixed,
2961,10208223,IGIKIRO DAY SECONDARY SCHOOL,Sub County,Mixed,
2962,10208224,MIHANG'O SECONDARY SCHOOL,Sub County,Mixed,
2963,10208225,KAGAA SECONDARY SCHOOL,Sub County,Mixed,
2964,10208302,NGINDA MIXED SECONDARY SCHOOL,Sub County,Mixed,
2965,10208303,MARAGUA SECONDARY SCHOOL,Sub County,Mixed,
2966,10208304,ITAAGA SECONDARY SCHOOL,Sub County,Mixed,
2967,10208306,GATHERA SECONDARY SCHOOL,Sub County,Mixed,
2968,10208308,MUNGU-INI SECONDARY SCHOOL,Sub County,Mixed,
2969,10208309,ICHAGAKI MIXED SECONDARY SCHOOL,Sub County,Mixed,
2970,10208310,GIKOMORA SECONDARY SCHOOL,Sub County,Mixed,
2971,10208316,IREMBU MIXED SECONDARY SCHOOL,Sub County,Mixed,
2972,10208317,KAHARO BOYS SECONDARY SCHOOL,Sub County,Boys,
2973,10208318,KIANJIRU-INI SECONDARY SCHOOL,Sub County,Mixed,
2974,10208319,IKUNDU SECONDARY SCHOOL,Sub County,Mixed,
2975,10226204,KIBAGE SECONDARY SCHOOL,Sub County,Mixed,
2976,10226206,KARIUA SECONDARY SCHOOL,Sub County,Mixed,
2977,10226207,MUKURIA SECONDARY SCHOOL,Sub County,Mixed,
2978,10226208,KANGUI SECONDARY SCHOOL,Sub County,Mixed,
2979,10226209,MUNG'ARIA SECONDARY SCHOOL,Sub County,Mixed,
2980,10226213,MURUKA SECONDARY SCHOOL,Sub County,Mixed,
2981,10226214,GATITU SECONDARY SCHOOL,Sub County,Mixed,
2982,10226215,NGUTHURU SECONDARY SCHOOL,Sub County,Mixed,
2983,10226218,KARITI SECONDARY SCHOOL,Sub County,Mixed,
2984,10226219,KAGIRA SECONDARY SCHOOL,Sub County,Mixed,
2985,10226220,GITHUNGURI MIXED SECONDARY SCHOOL,Sub County,Mixed,
2986,10226221,WANGAI SECONDARY SCHOOL,Sub County,Mixed,
2987,10226222,2 0K2E0N KYCOPHEO S SECEOCONNDDAARRYY S CSHCOHOOOL LCHOICES LIST,Sub County,Mixed,
2988,10226223,MUKERENJU SECONDARY SCHOOL,Sub County,Mixed,
2989,10226224,KARIGU-INI SECONDARY SCHOOL,Sub County,Mixed,
2990,10226225,GAICHANJIRU MIXED SECONDARY SCHOOL,Sub County,Mixed,
2991,10226228,GAKUI SECONDARY SCHOOL,Sub County,Mixed,
2992,10226229,NGURWE-INI SECONDARY SCHOOL,Sub County,Mixed,
2993,10226230,MUGECHA SECONDARY SCHOOL,Sub County,Mixed,
2994,10226231,KIRIGITHU SECONDARY SCHOOL,Sub County,Mixed,
2995,10226233,KIHURU-INI SECONDARY SCHOOL,Sub County,Mixed,
2996,10226234,KIANGARI SECONDARY SCHOOL,Sub County,Mixed,
2997,10226235,KIRIRWA SECONDARY SCHOOL,Sub County,Mixed,
2998,10226237,MUTHERU SECONDARY SCHOOL,Sub County,Mixed,
2999,10226238,ST. MATHEW KIANYINGI SECONDARY SCHOOL,Sub County,Mixed,
3000,10226239,NG'ARARIA MIXED SECONDARY SCHOOL,Sub County,Mixed,
3001,10226240,KAGUTHI SECONDARY SCHOOL,Sub County,Mixed,
3002,10226241,KIAWAMBUTU SECONDARY SCHOOL,Sub County,Mixed,
3003,10226243,MANJUU SECONDARY SCHOOL,Sub County,Mixed,
3004,10226244,GATHAGE SECONDARY SCHOOL,Sub County,Mixed,
3005,10226246,KARUGIA SECONDARY SCHOOL,Sub County,Mixed,
3006,10226247,NAARO MIXED DAY SECONDARY SCHOOL,Sub County,Mixed,
3007,10226248,GITHUMU MIXED DAY SECONDARY SCHOOL,Sub County,Mixed,
3008,10226249,GITHIGIA SECONDARY SCHOOL,Sub County,Mixed,
3009,10226250,P.C.E.A MAHUTIA MIXED DAY SECONDARY SCHOOL,Sub County,Mixed,
3010,10226251,KIRUNGURU MIXED DAY SECONDARY SCHOOL,Sub County,Mixed,
3011,10226252,MUTITU SECONDARY SCHOOL,Sub County,Boys,
3012,10226253,KANDARA MIXED DAY SECONDARY SCHOOL,Sub County,Mixed,
3013,10226254,GATITUINI SECONDARY SCHOOL,Sub County,Mixed,
3014,10226255,KIIRI MIXED DAY SECONDARY SCHOOL,Sub County,Mixed,
3015,10226256,2 0G2IT0H KICGPI ES ESCECOONNDDAARRY YS SCCHHOOOOLL CHOICES LIST,Sub County,Mixed,
3016,10226258,GITURU DAY SECONDARY SCHOOL,Sub County,Mixed,
3017,10226259,MUIRI-INI SECONDARY SCHOOL,Sub County,Mixed,
3018,10227102,MATHEREINI SECONDARY SCHOOL,Sub County,Mixed,
3019,10227103,MUTUNGURU SECONDARY SCHOOL,Sub County,Mixed,
3020,10227104,NDUGAMANO SECONDARY SCHOOL,Sub County,Mixed,
3021,10227105,NGUKU SECONDARY SCHOOL,Sub County,Mixed,
3022,10227106,TURUTURU SECONDARY SCHOOL,Sub County,Mixed,
3023,10227107,KAREGA SECONDARY SCHOOL,Sub County,Mixed,
3024,10227108,GITHIMA SECONDARY SCHOOL,Sub County,Mixed,
3025,10227109,KIGUMO MIXED SECONDARY SCHOOL,Sub County,Mixed,
3026,10227110,MARUMI SECONDARY SCHOOL,Sub County,Mixed,
3027,10227111,GATUMBI SECONDARY SCHOOL,Sub County,Mixed,
3028,10227201,MUTHITHI SECONDARY SCHOOL,Sub County,Mixed,
3029,10227202,NJORA SECONDARY SCHOOL,Sub County,Mixed,
3030,10227203,WAMAHIGA SECONDARY SCHOOL,Sub County,Mixed,
3031,10227204,GITHEMBE SECONDARY SCHOOL,Sub County,Mixed,
3032,10227205,MUMBU SECONDARY SCHOOL,Sub County,Mixed,
3033,10227208,KIUGU SECONDARY SCHOOL,Sub County,Mixed,
3034,10227209,ACK KAHUMBU SECONDARY SCHOOL,Sub County,Mixed,
3035,10227210,MUGUMOINI SECONDARY SCHOOL,Sub County,Mixed,
3036,10227211,THAMARA MIXED DAY SECONDARY SCHOOL,Sub County,Mixed,
3037,10227302,MARIIRA SECONDARY SCHOOL,Sub County,Mixed,
3038,10227304,MWARANO SECONDARY SCHOOL,Sub County,Mixed,
3039,10227305,MUNUNGA SECONDARY SCHOOL,Sub County,Mixed,
3040,10227306,KANDERENDU SECONDARY SCHOOL,Sub County,Mixed,
3041,10227307,KINYONA SECONDARY SCHOOL,Sub County,Mixed,
3042,10227308,MAKOMBOKI MIXED DAY SECONDARY SCHOOL,Sub County,Mixed,
3043,10227309,2 0IK2U0M KBCIP SEE SCEOCNODNADRAYR SY CSHCHOOOOLL CHOICES LIST,Sub County,Mixed,
3044,10227310,ST FRANCIS MUKUYU-INI SECONDARY SCHOOL,Sub County,Mixed,
3045,10227311,KARINGA SECONDARY SCHOOL,Sub County,Mixed,
3046,10227312,ST. PAUL KAMUKABI SECONDARY SCHOOL,Sub County,Mixed,
3047,10227315,MATU DAY MIXED SECONDARY SCHOOL,Sub County,Mixed,
3048,10227316,MAIRI SECONDARY SCHOOL,Sub County,Mixed,
3049,10227317,GIKIGIE SECONDARY SCHOOL,Sub County,Mixed,
3050,10227318,BISHOP GATIMU KINYONA GIRLS SECONDARY SCHOOL,Sub County,Boys,
3051,10228103,GIKOE SECONDARY SCHOOL,Sub County,Mixed,
3052,10228104,MIORO SECONDARY SCHOOL,Sub County,Mixed,
3053,10228105,KIAMUTURI SECONDARY SCHOOL,Sub County,Mixed,
3054,10228106,MATHIOYA MIXED DAY SECONDARY SCHOOL,Sub County,Mixed,
3055,10228107,GATUNGURU SECONDARY SCHOOL,Sub County,Mixed,
3056,10228202,THUITA SECONDARY SCHOOL,Sub County,Mixed,
3057,10228203,KAMUNE SECONDARY SCHOOL,Sub County,Mixed,
3058,10228205,IRURI SECONDARY SCHOOL,Sub County,Mixed,
3059,10228206,KIHURO SECONDARY SCHOOL,Sub County,Mixed,
3060,10228207,NGAMBA SECONDARY SCHOOL,Sub County,Mixed,
3061,10228208,ST. PHILIP GIKINDU SECONDARY SCHOOL,Sub County,Mixed,
3062,10228209,WAHUNDURA MIXED SECONDARY SCHOOL,Sub County,Mixed,
3063,10228302,GITONGU SECONDARY SCHOOL,Sub County,Mixed,
3064,10228303,GITUGI MIXED SECONDARY,Sub County,Mixed,
3065,10228304,KAMBARA SECONDARY SCHOOL,Sub County,Mixed,
3066,10228305,MATUTO SECONDARY SCHOOL,Sub County,Mixed,
3067,10228306,RUNYEKI SECONDARY SCHOOL,Sub County,Mixed,
3068,10228307,MIHUTI MIXED DAY SECONDARY SCHOOL,Sub County,Mixed,
3069,10228308,KARUNG'E SECONDARY SCHOOL,Sub County,Mixed,
3070,10228309,YAKARENGO SECONDARY SCHOOL,Sub County,Mixed,
3071,10228403,2 0M2A0N KACNPGEA S SECEOCNONDDAARRY YS CSHCOHOOLO CLHOICES LIST,Sub County,Mixed,
3072,10228405,KIAMBUTHIA SECONDARY SCHOOL,Sub County,Mixed,
3073,10228406,KIRIA-INI MIXED SECONDARY SCHOOL,Sub County,Mixed,
3074,10228407,KIRIKO SECONDARY SCHOOL,Sub County,Mixed,
3075,10229102,IYEGO SECONDARY SCHOOL,Sub County,Mixed,
3076,10229104,IHIGA SECONDARY SCHOOL,Sub County,Mixed,
3077,10229105,MUGURU SECONDARY SCHOOL,Sub County,Mixed,
3078,10229106,GACHARAIGU SECONDARY SCHOOL,Sub County,Mixed,
3079,10229107,KIAIRATHE SECONDARY SCHOOL,Sub County,Mixed,
3080,10229108,NYAKAHURA SECONDARY SCHOOL,Sub County,Mixed,
3081,10229109,WATUHA SECONDARY SCHOOL,Sub County,Mixed,
3082,10229110,GATUNDUINI SECONDARY SCHOOL,Sub County,Mixed,
3083,10229111,KANORERO MIXED DAY SECONDARY SCHOOL,Sub County,Mixed,
3084,10229112,GAKIRA DAY SECONDARY SCHOOL,Sub County,Mixed,
3085,10229203,KIAWAMBOGO SECONDARY SCHOOL,Sub County,Mixed,
3086,10229204,KIHOYA SECONDARY SCHOOL,Sub County,Mixed,
3087,10229208,ICHICHI SECONDARY SCHOOL,Sub County,Mixed,
3088,10229209,KARURI GAKURE SECONDARY SCHOOL,Sub County,Mixed,
3089,10229210,KANYENYA-INI SECONDARY SCHOOL,Sub County,Mixed,
3090,10229211,GITUGU SECONDARY SCHOOL,Sub County,Mixed,
3091,10229212,KIBUTHA MIXED SECONDARY SCHOOL,Sub County,Mixed,
3092,10229213,KARURUMO MIXED SECONDARY SCHOOL,Sub County,Mixed,
3093,10229214,RWATHIA MIXED SECONDARY SCHOOL,Sub County,Mixed,
3094,10229215,OUR LADY OF FATIMA WANJERERE SECONDARY SCHOOL,Sub County,Mixed,
3095,10234102,ST.PAUL'S SECONDARY SCHOOL -GATURA,Sub County,Mixed,
3096,10234103,MWAGU SECONDARY SCHOOL,Sub County,Mixed,
3097,10234104,KIARUTARA SECONDARY SCHOOL,Sub County,Mixed,
3098,10234105,GATUNGURU-KARIARA SECONDARY SCHOOL,Sub County,Mixed,
3099,10234201,2 0K2A0M KUCNPYEA SKEAC KOINUDMAUR SYE SCCOHNODOALR CYH SOCIHCEOSO LLIST,Sub County,Mixed,
3100,10234202,NDAKAINI DAY MIXED SECONDARY SCHOOL,Sub County,Mixed,
3101,10234203,KIMANDI SECONDARY SCHOOL,Sub County,Mixed,
3102,10234204,KANUNGA MIXED DAY SECONDARY SCHOOL,Sub County,Mixed,
3103,10234205,NDUNYU CHEGE SECONDARY SCHOOL,Sub County,Mixed,
3104,10234210,GITEME MIXED SECONDARY SCHOOL,Sub County,Mixed,
3105,10234211,KIGORO SECONDARY SCHOOL,Sub County,Mixed,
3106,10234301,ST AUGUSTINE MUTUNDU SECONDARY SCHOOL,Sub County,Boys,
3107,10234302,GATIIGURU MIXED SECONDARY SCHOOL,Sub County,Mixed,
3108,10234303,GITHAMBIA SECONDARY SCHOOL,Sub County,Mixed,
3109,10234304,NEW NYAGA SECONDARY SCHOOL,Sub County,Mixed,
3110,10234305,KIAMWATHI SECONDARY SCHOOL,Sub County,Mixed,
3111,10234307,GITUAMBA SECONDARY SCHOOL,Sub County,Mixed,
3112,10234402,JOGOO KIMAKIA SECONDARY SCHOOL,Sub County,Mixed,
3113,10234403,ST. BASIL GATHANJI SECONDARY SCHOOL,Sub County,Mixed,
3114,10234404,ITHANGARARI SECONDARY SCHOOL,Sub County,Mixed,
3115,10234405,GAKURARI SECONDARY SCHOOL,Sub County,Mixed,
3116,10234407,KIGIO SECONDARY SCHOOL,Sub County,Mixed,
3117,10234409,ST. MARY'S RWEGETHA SECONDARY SCHOOL,Sub County,Mixed,
3118,10234411,GATUNYU SECONDARY SCHOOL,Sub County,Mixed,
3119,10234501,DELMONTE MIXED DAY SECONDARY SCHOOL,Sub County,Mixed,
3120,10234502,MWANAWIKIO SECONDARY SCHOOL,Sub County,Mixed,
3121,10234503,SWANI SECONDARY SCHOOL,Sub County,Mixed,
3122,10234504,HIGH LEVEL SECONDARY SCHOOL,Sub County,Mixed,
3123,10234602,MATUNDA SECONDARY SCHOOL,Sub County,Mixed,
3124,10234603,MUTI SECONDARY SCHOOL,Sub County,Mixed,
3125,10234605,NGATHO SECONDARY SCHOOL,Sub County,Mixed,
3126,10234606,IEMBENI SECONDARY SCHOOL,Sub County,Mixed,
3127,10234701,2 0IT2H0A KNCGPAE SSEECCOONNDDAARRYY SSCCHHOOOOLL CHOICES LIST,Sub County,Mixed,
3128,10234702,ST. TERESA'S SECONDARY SCHOOL,Sub County,Mixed,
3129,10234703,NGELELYA SECONDARY SCHOOL,Sub County,Mixed,
3130,10234705,MUGUMO MIXED DAY SECONDARY SCHOOL,Sub County,Mixed,
3131,10234706,THUNGURURU MIXED DAY SECONDARY SCHOOL,Sub County,Mixed,
3132,10234708,ST.BENEDICT ITHANGA TOWNSHIP SECONDARY SCHOOL,Sub County,Mixed,
3133,10238105,KARINGU SECONDARY SCHOOL,Sub County,Mixed,
3134,10238106,GITIGE SECONDARY SCHOOL,Sub County,Mixed,
3135,10238108,GITUTO SECONDARY SCHOOL,Sub County,Mixed,
3136,10238109,GATHINJA SECONDARY SCHOOL,Sub County,Mixed,
3137,10238111,MUKANGU HIGH SCHOOL,Sub County,Mixed,
3138,10238112,KAHUHIA MIXED SECONDARY SCHOOL,Sub County,Mixed,
3139,10238115,MIRICHU SECONDARY SCHOOL,Sub County,Mixed,
3140,10238116,MUGOIRI SECONDARY SCHOOL,Sub County,Mixed,
3141,10238117,KAGUMO SECONDARY SCHOOL,Sub County,Mixed,
3142,10238119,NDUTUMI SECONDARY SCHOOL,Sub County,Mixed,
3143,10238120,YAMUGWE SECONDARY SCHOOL,Sub County,Mixed,
3144,10238121,KAHITHE SECONDARY SCHOOL,Sub County,Mixed,
3145,10238122,KAGANDA SECONDARY SCHOOL,Sub County,Mixed,
3146,10238123,KAHATIA SECONDARY SCHOOL,Sub County,Mixed,
3147,10238124,ST.VINCENT(de paul) KIONJOINI SECONDARY SCHOOL,Sub County,Mixed,
3148,10238125,GITURA SECONDARY SCHOOL,Sub County,Mixed,
3149,10238126,GITUI MIXED SECONDARY SCHOOL,Sub County,Mixed,
3150,10238127,MUKUMU SECONDARY SCHOOL,Sub County,Mixed,
3151,10238128,WEITHAGA MIXED SECONDARY SCHOOL,Sub County,Mixed,
3152,10238129,THE PHILIP'S ACADEMY,Sub County,Mixed,
3153,10238130,THERI SECONDARY SCHOOL,Sub County,Mixed,
3154,10238131,GITIE SECONDARY SCHOOL,Sub County,Mixed,
3155,10238132,2 0K2IB0O KIC SPEEC SOENCDOANRDYA SRCYH SOCHOOLOL CHOICES LIST,Sub County,Mixed,
3156,10238133,GATARA SECONDARY SCHOOL,Sub County,Mixed,
3157,10238134,KOIMBI MIXED DAY SECONDARY SCHOOL,Sub County,Mixed,
3158,10238136,KAMAGUTA SECONDARY SCHOOL,Sub County,Mixed,
3159,10238137,DR GITAU MATHARITE SECONDARY SCHOOL,Sub County,Mixed,
3160,10238138,GITWEKU MIXED DAY SECONDARY SCHOOL,Sub County,Mixed,
3161,10238139,KAHURO SECONDARY SCHOOL,Sub County,Mixed,
3162,10238140,MURARANDIA MIXED SECONDARY SCHOOL,Sub County,Mixed,
3163,10238141,KIUMBA MIXED DAY SECONDARY SCHOOL,Sub County,Mixed,
3164,11205019,ST. JOSEPH RIABAI SECONDARY SCHOOL,Sub County,Mixed,
3165,11205021,ACK KIU RIVER SECONDARY SCHOOL,Sub County,Mixed,
3166,11205022,H.G.M. TING'ANG'A SECONDARY SCHOOL,Sub County,Mixed,
3167,11205023,KASARINI SECONDARY SCHOOL,Sub County,Mixed,
3168,11205202,TING'ANG'A SECONDARY SCHOOL,Sub County,Mixed,
3169,11205203,RIARA SECONDARY SCHOOL,Sub County,Mixed,
3170,11205207,KIAMBU TOWNSHIP SECONDARY SCHOOL,Sub County,Mixed,
3171,11205215,ST. PETERS HIGH SCHOOL NDUMBERI,Sub County,Mixed,
3172,11205217,ST. ANN AND JOAKIM SECONDARY SCHOOL - KANGOYA,Sub County,Mixed,
3173,11206101,JUJA SECONDARY SCHOOL,Sub County,Mixed,
3174,11206102,JUJA FARM SECONDARY SCHOOL,Sub County,Mixed,
3175,11206108,GACHORORO SECONDARY SCHOOL,Sub County,Mixed,
3176,11206111,VARSITY AIM SECONDARY SCHOOL AND ECD TEACHERS COLL,Sub County,Mixed,
3177,11206112,ATHI SECONDARY SCHOOL,Sub County,Mixed,
3178,11206113,THIKA ROAD GIRLS HIGH SCHOOL,Sub County,Girls,
3179,11206117,ST.FRANCIS NYACABA SECONDARY SCHOOL,Sub County,Mixed,
3180,11206201,MURERA SECONDARY SCHOOL,Sub County,Mixed,
3181,11206202,KITAMAIYU SECONDARY SCHOOL,Sub County,Mixed,
3182,11206205,BLESSED MUGUTHA SECONDARY SCHOOL,Sub County,Mixed,
3183,11206207,2 0T2H0E TKAC PSEE SCEOCNODNADRAYR SYC SHCOHOOLOL CHOICES LIST,Sub County,Mixed,
3184,11207107,BROADWAY SECONDARY SCHOOL,Sub County,Mixed,
3185,11207109,KENYATTA SECONDARY SCHOOL,Sub County,Girls,
3186,11207115,KIMUCHU SECONDARY SCHOOL,Sub County,Mixed,
3187,11207118,KARIBARIBI SECONDARY SCHOOL,Sub County,Mixed,
3188,11207120,QUEEN OF ROSARY MIXED SECONDARY SCHOOL,Sub County,Mixed,
3189,11207121,THIKA GARRISON SECONDARY SCHOOL,Sub County,Mixed,
3190,11211302,KINYOGORI SECONDARY SCHOOL,Sub County,Mixed,
3191,11211304,MANGUO SECONDARY SCHOOL,Sub County,Mixed,
3192,11211306,GICHURU HIGH SCHOOL,Sub County,Mixed,
3193,11211311,TIGONI SECONDARY SCHOOL,Sub County,Mixed,
3194,11211315,NDUNG'U GIRLS SECONDARY SCHOOL,Sub County,Girls,
3195,11211316,RIRONI SECONDARY SCHOOL,Sub County,Mixed,
3196,11211318,NGUIRUBI SECONDARY SCHOOL,Sub County,Mixed,
3197,11211320,MAKUTANO SECONDARY SCHOOL,Sub County,Mixed,
3198,11211326,NDUNG'U NJENGA BOYS SECONDARY SCHOOL,Sub County,Boys,
3199,11211331,MUKOMA HIGH SCHOOL,Sub County,Mixed,
3200,11211336,BIBIRIONI HIGH SCHOOL,Sub County,Boys,
3201,11211339,NGECHA GIRLS HIGH SCHOOL,Sub County,Girls,
3202,11211343,GATUURA SECONDARY SCHOOL,Sub County,Mixed,
3203,11211344,BISHOP RANJI BOYS SECONDARY SCHOOL,Sub County,Mixed,
3204,11211345,NYANJEGA SECONDARY SCHOOL,Sub County,Mixed,
3205,11211350,MUNA SECONDARY SCHOOL,Sub County,Mixed,
3206,11211351,KAMIRITHU SECONDARY SCHOOL,Sub County,Mixed,
3207,11211352,UMOJA SECONDARY SCHOOL,Sub County,Mixed,
3208,11212107,NGENDA SECONDARY SCHOOL,Sub County,Mixed,
3209,11212111,GACHIKA SECONDARY SCHOOL,Sub County,Mixed,
3210,11212112,GITARE SECONDARY SCHOOL,Sub County,Mixed,
3211,11212113,2 K0I2G0A KNCJPOE S SEECCOONNDDAARRYY SSCCHHOOOOLL CHOICES LIST,Sub County,Mixed,
3212,11212116,NDUNDU SECONDARY SCHOOL,Sub County,Mixed,
3213,11212119,GIKURE SECONDARY SCHOOL,Sub County,Mixed,
3214,11212120,KAMUTUA SECONDARY SCHOOL,Sub County,Mixed,
3215,11212122,KIAMWANGI SECONDARY SCHOOL,Sub County,Mixed,
3216,11212123,GATHURI SECONDARY SCHOOL,Sub County,Mixed,
3217,11212124,NDARUGU SECONDARY SCHOOL,Sub County,Mixed,
3218,11212125,GATUNDU HIGH SCHOOL,Sub County,Mixed,
3219,11212126,KAGIO SECONDARY SCHOOL,Sub County,Mixed,
3220,11212127,WAMWANGI SECONDARY SCHOOL,Sub County,Mixed,
3221,11212129,MUNYU-INI SECONDARY SCHOOL,Sub County,Mixed,
3222,11212131,P.C.E.A.RUBURI SECONDARY SCHOOL,Sub County,Mixed,
3223,11212132,MUTHURUMBI SECONDARY SCHOOL,Sub County,Mixed,
3224,11212133,HANDEGE SECONDARY SCHOOL,Sub County,Mixed,
3225,11212134,GATITU HIGH SCHOOL -GATUNDU,Sub County,Mixed,
3226,11212135,ST. DOMINIC SECONDARY SCHOOL - GATUNDU,Sub County,Mixed,
3227,11212138,GITHUYA SECONDARY SCHOOL,Sub County,Mixed,
3228,11212139,CHRIST THE KING GATHAGE SECONDARY SCHOOL,Sub County,Mixed,
3229,11212140,GACHOKA SECONDARY SCHOOL,Sub County,Mixed,
3230,11230201,KARAI MIXED DAY SECONDARY SCHOOL,Sub County,Mixed,
3231,11230203,GICHURU MEMORIAL HIGH SCHOOL,Sub County,Mixed,
3232,11230204,RENGUTI HIGH SCHOOL,Sub County,Mixed,
3233,11230207,P.C.E.A MAI-A- IHII HIGH SCHOOL,Sub County,Mixed,
3234,11230209,FR. KEVIN KELLY HIGH SCHOOL,Sub County,Mixed,
3235,11230210,NACHU SECONDARY SCHOOL,Sub County,Mixed,
3236,11230211,LUSIGETTI SENIOR HIGH SCHOOL,Sub County,Mixed,
3237,11230304,KERWA SECONDARY SCHOOL,Sub County,Mixed,
3238,11230312,NDERI SECONDARY SCHOOL,Sub County,Mixed,
3239,11230403,2 0M2U0H KUC SPEE CSOECNODNARDYA RSYC HSCOHOOLOL CHOICES LIST,Sub County,Mixed,
3240,11230420,MAMA NGINA SENIOR HIGH SCHOOL,Sub County,Mixed,
3241,11231103,KAGAA HIGH SCHOOL,Sub County,Mixed,
3242,11231105,KAMBURU HIGH SCHOOL,Sub County,Mixed,
3243,11231106,NDURIRI SECONDARY SCHOOL,Sub County,Mixed,
3244,11231107,KAMAHINDU SECONDARY SCHOOL,Sub County,Mixed,
3245,11231108,ST. AUGUSTINE NYANDUMA HIGH SCHOOL,Sub County,Mixed,
3246,11231109,ST. PATRICK SECONDARY SCHOOL - NYANDUMA,Sub County,Mixed,
3247,11231111,KAMUCHEGE SECONDARY SCHOOL,Sub County,Mixed,
3248,11231112,GACHEMA HIGH SCHOOL,Sub County,Mixed,
3249,11231113,KARATINA TECHNICAL AND SECONDARY SCHOOL,Sub County,Mixed,
3250,11231114,GATHIMA SECONDARY SCHOOL,Sub County,Mixed,
3251,11231115,KARIGU-INI SECONDARY SCHOOL,Sub County,Mixed,
3252,11231116,IRIAINI SECONDARY SCHOOL,Sub County,Mixed,
3253,11231202,ST. JOSEPH THE WORKER HIGH SCHOOL - KEREITA,Sub County,Mixed,
3254,11231205,ESCARPMENT SECONDARY SCHOOL,Sub County,Mixed,
3255,11231206,GITITHIA SECONDARY SCHOOL,Sub County,Mixed,
3256,11231209,KIMENDE HIGH SCHOOL,Sub County,Mixed,
3257,11231210,KIRENGA GIRLS HIGH SCHOOL,Sub County,Girls,
3258,11231211,KIAMBOGO TECHNICAL SECONDARY SCHOOL,Sub County,Mixed,
3259,11231212,MAGINA SECONDARY SCHOOL,Sub County,Mixed,
3260,11231213,MUGIKO SECONDARY SCHOOL,Sub County,Mixed,
3261,11231214,UTUGI SECONDARY SCHOOL,Sub County,Mixed,
3262,11231215,JUVENALIS GITAU SECONDARY SCHOOL,Sub County,Mixed,
3263,11231217,GITUAMBA SECONDARY SCHOOL,Sub County,Mixed,
3264,11231218,KIRENGA BOYS TECH. HIGH SCHOOL,Sub County,Boys,
3265,11231219,MBAU-INI SECONDARY SCHOOL,Sub County,Mixed,
3266,11231220,NYAMWERU SECONDARY SCHOOL,Sub County,Mixed,
3267,11231221,2 0K2IN0G K'ACTPUE AS ESCEOCNODNADRAYR YSC SHCOHOOLO CLHOICES LIST,Sub County,Mixed,
3268,11231222,BATHI SECONDARY SCHOOL,Sub County,Mixed,
3269,11231223,MIRANGI MIXED DAY SECONDARY SCHOOL,Sub County,Mixed,
3270,11231225,GITITHIA GIRLS' SECONDARY SCHOOL,Sub County,Girls,
3271,11231226,D.N. KIBURI SULMAC SECONDARY SCHOOL,Sub County,Mixed,
3272,11231228,GATHAITI SECONDARY SCHOOL,Sub County,Mixed,
3273,11231230,KAMAE SECONDARY SCHOOL,Sub County,Mixed,
3274,11231231,KINALE ACHIEVERS SCHOOL,Sub County,Mixed,
3275,11231232,RAGIA FOREST HIGH SCHOOL,Sub County,Mixed,
3276,11232103,KIAIRIA SECONDARY SCHOOL,Sub County,Mixed,
3277,11232105,MUKUA SECONDARY SCHOOL,Sub County,Mixed,
3278,11232106,NYAGA SECONDARY SCHOOL,Sub County,Mixed,
3279,11232108,MIGUTA SECONDARY SCHOOL,Sub County,Mixed,
3280,11232109,GATHANJI SECONDARY SCHOOL,Sub County,Mixed,
3281,11232110,KANJAI SECONDARY SCHOOL,Sub County,Mixed,
3282,11232111,KAHUNIRA SECONDARY SCHOOL,Sub County,Mixed,
3283,11232112,GITHUNGURI TECHNICAL AND SECONDARY SCHOOL,Sub County,Mixed,
3284,11232114,NDIRETI SECONDARY SCHOOL,Sub County,Mixed,
3285,11232115,P.C.E.A MIHATATO SECONDARY SCHOOL,Sub County,Mixed,
3286,11232116,MIIRI SECONDARY SCHOOL,Sub County,Mixed,
3287,11232202,GATHAITHI SECONDARY SCHOOL,Sub County,Mixed,
3288,11232203,MUKUYU SECONDARY SCHOOL,Sub County,Mixed,
3289,11232204,GIKANG'A KAGECHE SECONDARY SCHOOL,Sub County,Mixed,
3290,11232205,WILLIAM NG'IRU GITAU SECONDARY SCHOOL,Sub County,Mixed,
3291,11232206,ST VINCENT LIOKI SECONDARY SCHOOL,Sub County,Mixed,
3292,11232207,GITIHA SECONDARY SCHOOL,Sub County,Mixed,
3293,11232209,KAMONDO SECONDARY SCHOOL,Sub County,Mixed,
3294,11232210,P.C.E.A NGEMWA SECONDARY SCHOOL,Sub County,Mixed,
3295,11232211,2 P0.2C0. EK.CAP MEA STEUCGOUNTDAA SREYC SOCNHDOAORLY C SHCOHICOEOSL LIST,Sub County,Mixed,
3296,11232212,P.C.E.A KARIA SECONDARY SCHOOL,Sub County,Mixed,
3297,11232305,KIAMBURURU SECONDARY SCHOOL,Sub County,Mixed,
3298,11232306,GATHUGU SECONDARY SCHOOL,Sub County,Mixed,
3299,11232307,KIGUMO SECONDARY SCHOOL,Sub County,Mixed,
3300,11232308,GITHIMA SECONDARY SCHOOL,Sub County,Mixed,
3301,11232309,THUITA SECONDARY SCHOOL,Sub County,Mixed,
3302,11232311,KAGEMA SECONDARY SCHOOL,Sub County,Mixed,
3303,11232312,KIAWAIRIA SECONDARY SCHOOL,Sub County,Mixed,
3304,11233304,MUNYU MIXED DAY SECONDARY SCHOOL,Sub County,Mixed,
3305,11233305,MAGOGONI COMMUNITY SECONDARY SCHOOL,Sub County,Mixed,
3306,11233306,KOMO SECONDARY SCHOOL,Sub County,Mixed,
3307,11233308,GATUANYAGA MIXED DAY SECONDARY SCHOOL,Sub County,Mixed,
3308,11233310,NDULA SECONDARY SCHOOL,Sub County,Mixed,
3309,11235101,RUIRU SECONDARY SCHOOL,Sub County,Boys,
3310,11235103,RUIRU GIRLS HIGH SCHOOL,Sub County,Girls,
3311,11235106,GITHUNGURI HIGH SCHOOL,Sub County,Mixed,
3312,11235107,KWIHOTA SECONDARY SCHOOL,Sub County,Mixed,
3313,11235108,SPINNERS BOYS SECONDARY SCHOOL,Sub County,Mixed,
3314,11235117,GITOTHUA SECONDARY SCHOOL,Sub County,Mixed,
3315,11235119,RUIRU KIHUNGURO SECONDARY SCHOOL,Sub County,Mixed,
3316,11235123,DEVKI RUIRU TOWNSHIP SECONDARY SCHOOL,Sub County,Mixed,
3317,11235124,GIKUMARI SPRINGS SECONDARY SCHOOL,Sub County,Mixed,
3318,11235206,GITHURAI MIXED SECONDARY SCHOOL,Sub County,Mixed,
3319,11235214,UHURU KENYATTA SECONDARY SCHOOL,Sub County,Mixed,
3320,11235216,KWANGETHE SECONDARY SCHOOL,Sub County,Mixed,
3321,11235217,MWIHOKO SECONDARY SCHOOL,Sub County,Mixed,
3322,11236103,NYAMATHUMBI SECONDARY SCHOOL,Sub County,Mixed,
3323,11236104,2 0S2T0 J OKCSPEEP HSE TCHOEN WDAORRYK ESCRH SOEOCLO CNHDOARICYE SS CLIHSOTOL MANGU,Sub County,Mixed,
3324,11236107,RUMWE MIXED DAY SECONDARY SCHOOL,Sub County,Mixed,
3325,11236108,IGEGANIA SECONDARY SCHOOL,Sub County,Mixed,
3326,11236109,MATAARA SECONDARY SCHOOL,Sub County,Mixed,
3327,11236110,NYAMANG'ARA SECONDARY SCHOOL,Sub County,Mixed,
3328,11236112,NGETHU SECONDARY SCHOOL,Sub County,Mixed,
3329,11236113,KIANGUNU SECONDARY SCHOOL,Sub County,Mixed,
3330,11236114,KANJUKU SECONDARY SCHOOL,Sub County,Mixed,
3331,11236115,GACEGE SECONDARY SCHOOL,Sub County,Mixed,
3332,11236117,NJAHI SECONDARY SCHOOL,Sub County,Mixed,
3333,11236118,MUTUMA SECONDARY SCHOOL,Sub County,Mixed,
3334,11236120,MBICHI SECONDARY SCHOOL,Sub County,Mixed,
3335,11236121,NDEKEI SECONDARY SCHOOL,Sub County,Mixed,
3336,11236122,KAMWIRIGI SECONDARY SCHOOL,Sub County,Mixed,
3337,11236125,ST.STEPHEN NDIKO SECONDARY SCHOOL,Sub County,Mixed,
3338,11236126,IMMACULATE HEART OF MARY KAIRI GIRLS SECONDARY SCH,Sub County,Girls,
3339,11236127,MARIA-INI SECONDARY SCHOOL,Sub County,Mixed,
3340,11236128,MUKURWE SECONDARY SCHOOL,Sub County,Mixed,
3341,11236129,P.C.E.A MUKUYU-INI SECONDARY SCHOOL,Sub County,Mixed,
3342,11236130,KAMUNYAKA SECONDARY SCHOOL,Sub County,Mixed,
3343,11236131,KAIBERE SECONDARY SCHOOL,Sub County,Mixed,
3344,11236132,ST. PETER BARIGITU SECONDARY SCHOOL,Sub County,Mixed,
3345,11236134,GATEI MIXED DAY SECONDARY SCHOOL,Sub County,Mixed,
3346,11236135,GAKOE MIXED SECONDARY SCHOOL,Sub County,Mixed,
3347,11236136,MWEA SECONDARY SCHOOL,Sub County,Mixed,
3348,11236138,IRURI SECONDARY SCHOOL,Sub County,Mixed,
3349,11236139,KIRIKO MIXED DAY SECONDARY SCHOOL,Sub County,Mixed,
3350,11236140,MITERO SECONDARY SCHOOL,Sub County,Mixed,
3351,11236141,2 0H2O0L YK CRPOES SAERCYO NKADMAWRYA NSCGHI OSEOCL OCNHDOAICREYS S LCISHTOOL,Sub County,Mixed,
3352,11240101,KARURI HIGH SCHOOL,Sub County,Mixed,
3353,11240102,KIHARA SECONDARY SCHOOL,Sub County,Mixed,
3354,11240103,ST JOSEPH HIGH SCHOOL - GATHANGA,Sub County,Mixed,
3355,11240104,GACHARAGE HIGH SCHOOL,Sub County,Mixed,
3356,11240108,GACHIE HIGH SCHOOL,Sub County,Mixed,
3357,11240109,CIANDA HIGH SCHOOL,Sub County,Mixed,
3358,11240112,MUONGOIYA SECONDARY SCHOOL,Sub County,Mixed,
3359,11240115,ACK KARURA SECONDARY SCHOOL,Sub County,Mixed,
3360,11240116,THIMBIGUA SECONDARY SCHOOL,Sub County,Mixed,
3361,11240117,HIGHMARK SCHOOL,Sub County,Mixed,
3362,11240120,ST. ANDREWS NDENDERU SECONDARY SCHOOL,Sub County,Mixed,
3363,11240121,KIAMBAA MIXED SECONDARY SCHOOL,Sub County,Mixed,
3364,11240124,MUCHATHA HIGH SCHOOL,Sub County,Mixed,
3365,11241003,ST. KEVIN'S SECONDARY SCHOOL,Sub County,Mixed,
3366,11241004,KANYARIRI HIGH SCHOOL,Sub County,Mixed,
3367,11241006,GATHIGA SECONDARY SCHOOL,Sub County,Mixed,
3368,11241007,KIBICHIKU SECONDARY SCHOOL,Sub County,Mixed,
3369,11241008,A C K NYATHUNA SECONDARY SCHOOL,Sub County,Mixed,
3370,11241010,CURA SECONDARY SCHOOL,Sub County,Mixed,
3371,11241011,ACK GIKUNI SECONDARY SCHOOL,Sub County,Mixed,
3372,11241013,MUGUGA WAGATONYE SECONDARY SCHOOL,Sub County,Mixed,
3373,11241014,KANJERU GIRLS' HIGH SHOOL,Sub County,Girls,
3374,11241016,RUNGIRI SECONDARY SCHOOL,Sub County,Mixed,
3375,11241024,KIBIKU HIGH SCHOOL,Sub County,Mixed,
3376,12301712,KYAMBUKO SECONDARY SCHOOL,Sub County,Mixed,
3377,12301716,NGOMENI SECONDARY SCHOOL,Sub County,Mixed,
3378,12301723,KATHEKA KAI SECONDARY SCHOOL,Sub County,Mixed,
3379,12301727,2 0K2IT0U KLCUP DE ASYE CSOENCDOANRDYA RSCYH SOCOHLO COHLOICES LIST,Sub County,Mixed,
3380,12301728,KYANDA SECONDARY SCHOOL,Sub County,Mixed,
3381,12301740,KYENI BAPTIST SECONDARY SCHOOL,Sub County,Mixed,
3382,12301741,A I C KIIMA KIMWE SECONDARY SCHOOL,Sub County,Mixed,
3383,12301742,MACHAKOS BAPTIST PRESBYTERIAN SECONDARY SCHOOL,Sub County,Mixed,
3384,12301744,KISEVENI DAY SECONDARY SCHOOL,Sub County,Mixed,
3385,12301746,MUA FARM SECONDARY SCHOOL,Sub County,Mixed,
3386,12301768,UPPER KITANGA SECONDARY SCHOOL,Sub County,Mixed,
3387,12301777,MUNGALA SECONDARY SCHOOL,Sub County,Mixed,
3388,12301778,KAMUTHANGA SECONDARY SCHOOL,Sub County,Mixed,
3389,12301782,KITEINI SECONDARY SCHOOL,Sub County,Mixed,
3390,12301783,KEAA ABC SECONDARY SCHOOL,Sub County,Mixed,
3391,12301785,KYASILA SECONDARY SCHOOL,Sub County,Mixed,
3392,12301786,S.A MUTITUNI SECONDARY SCHOOL,Sub County,Mixed,
3393,12301791,KYAANI SECONDARY SCHOOL,Sub County,Mixed,
3394,12301797,ILUVYA SECONDARY SCHOOL,Sub County,Mixed,
3395,12301798,KITHIMA ABC SECONDARY SCHOOL,Sub County,Mixed,
3396,12301800,KYEMUTHEKE SECONDARY SCHOOL,Sub County,Mixed,
3397,12301802,KASEVE SECONDARY SCHOOL,Sub County,Mixed,
3398,12301804,ST. PATRICKS METUMA SECONDARY SCHOOL,Sub County,Mixed,
3399,12301807,MUVUTI GIRLS SECONDARY SCHOOL,Sub County,Girls,
3400,12301808,ST. BERNARD MAKYAU SECONDARY SCHOOL,Sub County,Mixed,
3401,12301811,VOTA SECONDARY SCHOOL,Sub County,Mixed,
3402,12301812,KASINGA SECONDARY SCHOOL,Sub County,Mixed,
3403,12301815,MIWONGONI MIXED DAY SECONDARY SCHOOL,Sub County,Mixed,
3404,12301816,A.I.C NGELANI MIXED SECONDARY SCHOOL,Sub County,Mixed,
3405,12314104,ST MARY'S SCHOOL-KITHANGAINI,Sub County,Mixed,
3406,12314110,ST. GEORGE'S KATHEKA SCHOOL,Sub County,Mixed,
3407,12314113,2 0S2T0.J OKCSPEEP HSE MCOBANADNAI RSYE CSCOHNODOALR YC HSOCIHCOESO LLIST,Sub County,Mixed,
3408,12314116,MUUSINI S.A SECONDARY SCHOOL,Sub County,Mixed,
3409,12314117,KAVUMBU A.B.C SECONDARY SCHOOL,Sub County,Mixed,
3410,12314118,ST. STEPHENS SECONDARY SCHOOL-MASII,Sub County,Mixed,
3411,12314119,MITHANGA AIC SECONDARY SCHOOL,Sub County,Mixed,
3412,12314120,MUTHEI SECONDARY SCHOOL,Sub County,Mixed,
3413,12314121,KIKELENZU SECONDARY SCHOOL,Sub County,Mixed,
3414,12314203,ETIKONI SECONDARY SCHOOL,Sub County,Mixed,
3415,12314207,MANGO SECONDARY SCHOOL,Sub County,Mixed,
3416,12314209,KILEMBWA SECONDARY SCHOOL,Sub County,Mixed,
3417,12314211,MBIUNI HIGH SCHOOL,Sub County,Mixed,
3418,12314213,MAWELI SECONDARY SCHOOL,Sub County,Mixed,
3419,12314214,WAKAELA SECONDARY SCHOOL,Sub County,Mixed,
3420,12314216,ST. JOHN'S HIGH SCHOOL - KANGII,Sub County,Mixed,
3421,12314217,KWAMUTULA SECONDARY SCHOOL,Sub County,Mixed,
3422,12314218,ST. MARKS KUNDU SECONDARY SCHOOL,Sub County,Mixed,
3423,12314219,NYAANI SECONDARY SCHOOL,Sub County,Mixed,
3424,12314221,KITILE SECONDARY SCHOOL,Sub County,Mixed,
3425,12314222,KILALA MIXED DAY SECONDARY SCHOOL,Sub County,Mixed,
3426,12314223,MISELENI SECONDARY SCHOOL,Sub County,Mixed,
3427,12314224,ST MARTIN UTITHINI MIXED SECONDARY SCHOOL,Sub County,Mixed,
3428,12314225,KIKASO SECONDARY SCHOOL,Sub County,Mixed,
3429,12314226,ST. JOSEPH'S KASOLONGO SECONDARY SCHOOL,Sub County,Mixed,
3430,12314227,MATULANI SECONDARY SCHOOL,Sub County,Mixed,
3431,12314228,UKALANI S.A. MIXED DAY SECONDARY SCHOOL,Sub County,Mixed,
3432,12314229,MUTHETHENI MIXED DAY SECONDARY SCHOOL,Sub County,Mixed,
3433,12314230,EMBUI SECONDARY SCHOOL,Sub County,Mixed,
3434,12314231,MAKAALU SECONDARY SCHOOL,Sub County,Mixed,
3435,12314232,2 0K2A0M KWCAPLEA S DECAOY NSDEACROYN DSCAHROY OSLC CHHOOOILCES LIST,Sub County,Mixed,
3436,12314233,"MUTHWANI SA,SECONDARY SCHOOL",Sub County,Mixed,
3437,12314235,ST. ANTHONY MAKILIVA SECONDARY,Sub County,Mixed,
3438,12314236,KABAA DAY MIXED SECONDARY SCHOOL,Sub County,Mixed,
3439,12314237,A.I.C KINANZUKINI SECONDARY SCHOOL,Sub County,Mixed,
3440,12314238,ST. PETERS KWANDOO SECONDARY SCHOOL,Sub County,Mixed,
3441,12314239,KAWAA SECONDARY SCHOOL,Sub County,Mixed,
3442,12314240,NGAMBA MIXED DAY SECONDARY SCHOOL,Sub County,Mixed,
3443,12314241,ST STEPHEN MUSAALANI SECONDARY SCHOOL,Sub County,Mixed,
3444,12314242,KIUUKUNI MIXED SECONDARY SCHOOL,Sub County,Mixed,
3445,12314243,MIONDONI MIXED SECONDARY SCHOOL,Sub County,Mixed,
3446,12314244,KIMUUNI SECONDARY SCHOOL,Sub County,Mixed,
3447,12314245,KYANGANGA S.A SECONDARY SCHOOL,Sub County,Mixed,
3448,12314246,KYAMATULA SECONDARY SCHOOL,Sub County,Mixed,
3449,12314247,ST.PIUS SECONDARY SCHOOL - KAITHA,Sub County,Mixed,
3450,12314248,MWAASUA SECONDARY SCHOOL,Sub County,Mixed,
3451,12314249,MUKUYUNI SECONDARY SCHOOL,Sub County,Mixed,
3452,12314250,NGUMBAU SECONDARY SCHOOL,Sub County,Mixed,
3453,12314253,ST AUGUSTINE MUMBUNI DAY SECONDARY SCHOOL,Sub County,Mixed,
3454,12315509,KIVINGONI SECONDARY SCHOOL,Sub County,Mixed,
3455,12315511,ST PHILLIPS MATANGINI SECONDARY,Sub County,Mixed,
3456,12315513,KITHENDU SECONDARY SCHOOL,Sub County,Mixed,
3457,12315514,MBEMBANI SECONDARY SCHOOL,Sub County,Mixed,
3458,12315515,S.A MBINGONI SECONDRY SCHOOL,Sub County,Mixed,
3459,12315516,ST. STEPHEN KILANGO SECONDARY SCHOOL,Sub County,Mixed,
3460,12315519,KALUKUNI SECONDARY SCHOOL,Sub County,Mixed,
3461,12315522,KIWANZA SECONDARY SCHOOL,Sub County,Mixed,
3462,12315523,ST. MARY'S YATTA SECONDARY SCHOOL,Sub County,Mixed,
3463,12315524,2 0K2A0L UKLCUPIEN SI ESCEOCNODNADRAYR YS CSHCOHOOLO CLHOICES LIST,Sub County,Mixed,
3464,12315525,KAUMONI SECONDARY SCHOOL,Sub County,Mixed,
3465,12315527,MAMBA SECONDARY SCHOOL,Sub County,Mixed,
3466,12315528,KAMBI YA NDEKE SECONDARY SCHOOL,Sub County,Mixed,
3467,12315529,IVIANI SECONDARY SCHOOL,Sub County,Mixed,
3468,12315530,MUKALALA SECONDARY SCHOOL,Sub County,Mixed,
3469,12315531,ST. PETER'S HIGH SCHOOL- ITHEKETHINI,Sub County,Mixed,
3470,12315532,ST.JAMES ILUMANTHI SECONDARY SCHOOL,Sub County,Mixed,
3471,12315533,DR.CHARLES MULLI SECONDARY SCHOOL,Sub County,Mixed,
3472,12315534,KALOLENI SECONDARY SCHOOL,Sub County,Mixed,
3473,12315535,ST. AUSTIN MATUU SECONDARY SCHOOL,Sub County,Mixed,
3474,12315536,KWAKITEMA SECONDARY SCHOOL,Sub County,Mixed,
3475,12315537,KWAMWATU SECONDARY SCHOOL,Sub County,Mixed,
3476,12315538,ST. CHARLES UVOUNI SECONDARY SCHOOL,Sub County,Mixed,
3477,12315540,KWAKULU SECONDARY SCHOOL,Sub County,Mixed,
3478,12315602,KYASIONI SECONDARY SCHOOL,Sub County,Mixed,
3479,12315603,KITHEUNI SECONDARY SCHOOL,Sub County,Mixed,
3480,12315604,MAIUNI SECONDARY SCHOOL,Sub County,Mixed,
3481,12315606,KYUA SECONDARY SCHOOL,Sub County,Mixed,
3482,12315609,YUMBUNI SECONDARY SCHOOL,Sub County,Mixed,
3483,12315611,SYOKISINGA SECONDARY SCHOOL,Sub County,Mixed,
3484,12315613,KIKESA SECONDARY SCHOOL,Sub County,Mixed,
3485,12315614,MEKILINGI SECONDARY SCHOOL,Sub County,Mixed,
3486,12315615,KALIANI SECONDARY SCHOOL,Sub County,Mixed,
3487,12315616,TING'ANG'A SECONDARY SCHOOL,Sub County,Mixed,
3488,12315617,KINAKA SECONDARY SCHOOL,Sub County,Mixed,
3489,12315619,KIKUYUNI SECONDARY SCHOOL,Sub County,Mixed,
3490,12315620,KAVINGO SECONDARY SCHOOL,Sub County,Mixed,
3491,12315621,2 0S2T0. MKCAPRET ISNE CMOIXNEDDA DRAYY S SCEHCOOONLD CAHROYI CSECSH LOISOTL,Sub County,Mixed,
3492,12315622,MATHINGAU HIGH SCHOOL,Sub County,Mixed,
3493,12315623,MWAMBATHANA SECONDARY SCHOOL,Sub County,Mixed,
3494,12315624,MALATANI SECONDARY SCHOOL,Sub County,Mixed,
3495,12315625,KIONYWENI SECONDARY SCHOOL,Sub County,Mixed,
3496,12315626,KITHITO SECONDARY SCHOOL,Sub County,Mixed,
3497,12315627,ST.PETER MBEMBANI SECONDARY SCHOOL,Sub County,Mixed,
3498,12315628,MAGWETI SECONDARY SCHOOL,Sub County,Mixed,
3499,12315629,R.G.C EMMANUEL HIGH SCHOOL - MUUSINI,Sub County,Mixed,
3500,12316103,MANYATTA SECONDARY SCHOOL,Sub County,Mixed,
3501,12316105,KAWETHEI S.A GIRLS SECONDARY SCHOOL,Sub County,Girls,
3502,12316108,KAKUYUNI SECONDARY SCHOOL,Sub County,Mixed,
3503,12316110,THE SALVATION ARMY IMILINI MIXED SECONDARY SCHOOL,Sub County,Mixed,
3504,12316111,KYEVALUKI SECONDARY SCHOOL,Sub County,Mixed,
3505,12316112,KAVILINGUNI HIGH SCHOOL,Sub County,Mixed,
3506,12316113,MULINGANA SECONDARY SCHOOL,Sub County,Mixed,
3507,12316114,KAMANZI ABC SECONDARY SCHOOL,Sub County,Mixed,
3508,12316115,ST. MARY'S MUKUNIKE SECONDARY SCHOOL,Sub County,Mixed,
3509,12316116,KAWAUNI SECONDARY SCHOOL,Sub County,Mixed,
3510,12316117,KWAKATHULE SECONDARY SCHOOL,Sub County,Mixed,
3511,12316118,KANZALU SLOPES ACADEMY,Sub County,Mixed,
3512,12316119,KYENI HIGH SCHOOL MIXED DAY & BOARDING,Sub County,Mixed,
3513,12316120,A B C KATHITHYAMAA SECONDARY SCHOOL,Sub County,Mixed,
3514,12316121,MBUSYANI MIXED DAY SECONDARY SCHOOL,Sub County,Mixed,
3515,12316122,NDOVOINI PRESTIGE ACADEMY,Sub County,Mixed,
3516,12316123,A I C MATETANI MIXED SECONDARY SCHOOL,Sub County,Mixed,
3517,12316125,A I C KIKAMBUANI SECONDARY SCHOOL,Sub County,Mixed,
3518,12316127,MUISUNI GIRLS SECONDARY SCHOOL,Sub County,Girls,
3519,12316129,2 0A2IC0 MKCUPISEU SNEIC MOINXDEDA RSYE CSCOHNODOALR YCH SOCIHCOESO LLIST,Sub County,Mixed,
3520,12316130,MIU ABC KIAMBA SECONDARY SCHOOL,Sub County,Mixed,
3521,12316131,ST. MICHAEL UNYUANI SECONDARY SCHOOL,Sub County,Mixed,
3522,12316133,D.E.B KANGUNDO INTERGRATED SECONDARY SCHOOL,Sub County,Mixed,
3523,12316134,KATHAANA DEB SECONDARY SCHOOL,Sub County,Mixed,
3524,12316135,A.I.C MATITHINI MIXED SECONDARY SCHOOL,Sub County,Mixed,
3525,12316136,S.A KATHEINI SECONDARY SCHOOL,Sub County,Mixed,
3526,12316137,MUKUYUNI S.A SECONDARY SCHOOL,Sub County,Mixed,
3527,12329105,KIKOMBI SECONDARY SCHOOL,Sub County,Mixed,
3528,12329106,KITIE SECONDARY SCHOOL,Sub County,Mixed,
3529,12329107,NGOLENI SECONDARY SCHOOL,Sub County,Mixed,
3530,12329108,KAEWA SECONDARY SCHOOL,Sub County,Mixed,
3531,12329109,MIUMBUNI A.I.C SECONDARY SCHOOL,Sub County,Mixed,
3532,12329110,ST. MARTIN KITHUNGUINI SECONDARY SCHOOL,Sub County,Mixed,
3533,12329111,GENERAL MULINGE HIGH SCHOOL,Sub County,Mixed,
3534,12329113,NGIINI SECONDARY SCHOOL,Sub County,Mixed,
3535,12329114,THINU SECONDARY SCHOOL,Sub County,Mixed,
3536,12329115,KITUVU SECONDARY SCHOOL,Sub County,Mixed,
3537,12329119,ST. VINCENT IMILINI SECONDARY SCHOOL,Sub County,Mixed,
3538,12329120,MBUUNI SECONDARY SCHOOL,Sub County,Mixed,
3539,12329122,A B C KWANGENGI SECONDARY SCHOOL,Sub County,Mixed,
3540,12329123,MBEE SECONDARY SCHOOL,Sub County,Mixed,
3541,12329125,KINYAU MIXED SECONDARY SCHOOL,Sub County,Mixed,
3542,12329127,KAIANI SECONDARY SCHOOL,Sub County,Mixed,
3543,12329128,KALIKYA MIXED SECONDARY SCHOOL,Sub County,Mixed,
3544,12329129,REV. KITONYI SECONDARY SCHOOL,Sub County,Mixed,
3545,12329130,KISOVO MIXED SECONDARY SCHOOL,Sub County,Mixed,
3546,12329131,KAUTI SECONDARY SCHOOL,Sub County,Mixed,
3547,12329132,2 0N2T0H KUCNPGEU SNEIC SOENCDOANRDYA RSCYH SOCOHLO COHLOICES LIST,Sub County,Mixed,
3548,12329133,KING'ONG'OI SECONDARY SCHOOL,Sub County,Mixed,
3549,12329134,ST.BENEDICTS SECONDARY SCHOOL,Sub County,Mixed,
3550,12329135,IKOLENI SECONDARY SCHOOL,Sub County,Mixed,
3551,12329136,LUMBWA SECONDARY SCHOOL,Sub County,Mixed,
3552,12329137,KATHIANI SLOPES SECONDARY SCHOOL,Sub County,Mixed,
3553,12329138,KATHUNI SECONDARY SCHOOL,Sub County,Mixed,
3554,12330102,MUTHWANI SECONDARY SCHOOL,Sub County,Mixed,
3555,12330103,ST AUGUSTINE MLOLONGO SECONDARY,Sub County,Mixed,
3556,12330104,MAVOKO SECONDARY SCHOOL,Sub County,Mixed,
3557,12330105,KYUMBI SECONDARY SCHOOL,Sub County,Mixed,
3558,12330120,ATHI-RIVER SECONDARY SCHOOL,Sub County,Mixed,
3559,12330123,KINANIE SECONDARY SCHOOL,Sub County,Mixed,
3560,12330127,MATHATANI SECONDARY SCHOOL,Sub County,Mixed,
3561,12330128,KATANI DEB SECONDARY SCHOOL,Sub County,Mixed,
3562,12330138,KANAANI HIGH SCHOOL,Sub County,Mixed,
3563,12330139,NGALALYA SECONDARY SCHOOL,Sub County,Mixed,
3564,12330140,EMPAKASI SECONDARY SCHOOL,Sub County,Mixed,
3565,12330142,KWA KALUSYA SECONDARY SCHOOL,Sub County,Mixed,
3566,12330146,NDOVOINI SECONDARY SCHOOL,Sub County,Mixed,
3567,12343304,IIANI MIXED SECONDARY SCHOOL,Sub County,Mixed,
3568,12343305,KIKUMINI HIGH SCHOOL,Sub County,Mixed,
3569,12343306,ST.PETER MUSINGINI SECONDARY SCHOOL,Sub County,Mixed,
3570,12343307,NGUKEMWE HIGH SCHOOL,Sub County,Mixed,
3571,12343308,KITANGANI SECONDARY SCHOOL,Sub County,Mixed,
3572,12343309,KAEWA MIXED SECONDARY SCHOOL,Sub County,Mixed,
3573,12343310,NZUKINI SECONDARY SCHOOL,Sub County,Mixed,
3574,12343311,IKATINI SECONDARY SCHOOL,Sub County,Mixed,
3575,12343312,2 0M2A0T KHCAPUET SAE MCOIXNEDDA SREYC SOCNHDOAORLY CSHCOHIOCOESL LIST,Sub County,Mixed,
3576,12343313,ST.MARTIN DE-PORRES EKALAKALA BOYS SECONDARY SCHOO,Sub County,Mixed,
3577,12343316,THATHA SECONDARY SCHOOL,Sub County,Mixed,
3578,12343317,KWAWANZILU MIXED DAY SECONDARY SCHOOL,Sub County,Mixed,
3579,12343318,KASEVE SECONDARY SCHOOL,Sub County,Mixed,
3580,12343319,KATHUKINI SECONDARY SCHOOL,Sub County,Mixed,
3581,12343320,ST JOHN`S IIANI SECONDARY SCHOOL,Sub County,Mixed,
3582,12343321,NDITHINI SECONDARY SCHOOL,Sub County,Mixed,
3583,12343322,MANANJA SECONDARY SCHOOL,Sub County,Mixed,
3584,12343323,MILAANI MIXED SECONDARY SCHOOL,Sub County,Mixed,
3585,12343324,KIATINENI MIXED DAY SECONDARY SCHOOL,Sub County,Mixed,
3586,12343325,TANA BRIDGE SECONDARY SCHOOL,Sub County,Mixed,
3587,12343326,KATHINI SECONDARY SCHOOL,Sub County,Mixed,
3588,12343327,EENDEI SECONDARY SCHOOL,Sub County,Mixed,
3589,12343328,MUKUSU SECONDARY SCHOOL,Sub County,Mixed,
3590,12343329,ULUTYA MIXED DAY SECONDARY SCHOOL,Sub County,Mixed,
3591,12343330,KASUVILO SECONDARY SCHOOL,Sub County,Mixed,
3592,12343331,KAMUNYU SECONDARY SCHOOL,Sub County,Mixed,
3593,12343332,KAKUKU SECONDARY SCHOOL,Sub County,Mixed,
3594,12343333,IELANTHI MIXED SECONDARY SCHOOL,Sub County,Mixed,
3595,12343334,KYEETENI SECONDARY SCHOOL,Sub County,Mixed,
3596,12343335,MIKUYUNI MIXED SECONDARY SCHOOL,Sub County,Mixed,
3597,12343336,KIKULE MIXED DAY SECONDARY SCHOOL,Sub County,Mixed,
3598,12343337,KIKOMBA SECONDARY SCHOOL,Sub County,Mixed,
3599,12343338,KYONDONI SECONDARY SCHOOL,Sub County,Mixed,
3600,12343339,MUTWAMWAKI SECONDARY SCHOOL,Sub County,Mixed,
3601,12343340,ISYUKONI MIXED SECONDARY SCHOOL,Sub County,Mixed,
3602,12343342,MURIFARM MIXED DAY SECONDARY SCHOOL,Sub County,Mixed,
3603,12343343,2 0K2A0T HKCUPI ES ESCECOONNDDARAYR YS CSCHHOOOOLL CHOICES LIST,Sub County,Mixed,
3604,12343344,ST. STEPHEN MUSUMAA SECONDARY SCHOOL,Sub County,Mixed,
3605,12343345,KAONYWENI SECONDARY SCHOOL,Sub County,Mixed,
3606,12343346,KANGONDE SECONDARY SCHOOL,Sub County,Mixed,
3607,12343347,KITUNENI SECONDARY SCHOOL,Sub County,Mixed,
3608,12343348,IUUMA SECONDARY SCHOOL,Sub County,Mixed,
3609,12343349,KITHONI MIXED SECONDARY SCHOOL,Sub County,Mixed,
3610,12343350,KISEUNI SECONDARY SCHOOL,Sub County,Mixed,
3611,12343351,WAMBOO SECONDARY SCHOOL,Sub County,Mixed,
3612,12343352,ST. MICHAEL SECONDARY SCHOOL,Sub County,Mixed,
3613,12343353,MASAKU SECONDARY SCHOOL,Sub County,Mixed,
3614,12343354,MUTHESYA SECONDARY SCHOOL,Sub County,Mixed,
3615,12343355,MUTHEMBWA MIXED DAY SECONDARY SCHOOL,Sub County,Mixed,
3616,12345326,KAYATTA SECONDARY SCHOOL,Sub County,Mixed,
3617,12345511,ST. JOSEPHS' KATHEKA SECONDARY,Sub County,Mixed,
3618,12345512,ST. JOHN KATULYE SECONDARY SCHOOL,Sub County,Mixed,
3619,12345513,KALANDINI SECONDARY SCHOOL,Sub County,Mixed,
3620,12345515,SYANTHI SECONDARY SCHOOL,Sub County,Mixed,
3621,12345516,KIBOKO SECONDARY SCHOOL,Sub County,Mixed,
3622,12345517,KITHUANI SECONDARY SCHOOL,Sub County,Mixed,
3623,12345518,A I C ITHEUNI SECONDARY SCHOOL,Sub County,Mixed,
3624,12345520,ST. MARTINS KITHUIANI SECONDARY SCHOOL,Sub County,Mixed,
3625,12345521,ST.BENEDICT KIMANZA MIXED SECONDARY SCHOOL,Sub County,Mixed,
3626,12345523,ST. JOSEPH KIKUYUNI MIXED SECONDARY SCHOOL,Sub County,Mixed,
3627,12345525,MATUU WENDANO SECONDARY SCHOOL,Sub County,Mixed,
3628,12345527,ABC KAMBUSU SECONDARY SCHOOL,Sub County,Mixed,
3629,12345529,A I C MWATATI SECONDARY SCHOOL,Sub County,Mixed,
3630,12345530,S.A NGULUNI SECONDARY SCHOOL,Sub County,Mixed,
3631,12345531,2 0K2Y0A MKCUPLEE NSEDCUO SNEDCAORNYD SACRHYO SOCLH COHOOLICES LIST,Sub County,Mixed,
3632,12345533,KYELENI SECONDARY SCHOOL,Sub County,Mixed,
3633,12345534,MUUMONI S.A KIAMBA SECONDARY SCHOOL,Sub County,Mixed,
3634,12345535,ST. FRANCIS OF ASSISI KWATOMBE SECONDARY SCHOOL,Sub County,Mixed,
3635,12345538,KYAUME MIXED SECONDARY SCHOOL,Sub County,Mixed,
3636,12345540,MUKALWA SECONDARY SCHOOL,Sub County,Mixed,
3637,12345542,KIKAATINI SECONDARY SCHOOL,Sub County,Mixed,
3638,12345543,ACK MUKENGESYA MIXED SECONDARY SCHOOL,Sub County,Mixed,
3639,12345549,MBUNI S.A SECONDARY SCHOOL,Sub County,Mixed,
3640,12345550,MATHEINI S.A SECONDARY SCHOOL,Sub County,Mixed,
3641,12345551,KOMA RANCH HIGH SCHOOL,Sub County,Mixed,
3642,12345552,NICE VIEW GIRLS SECONDARY SCHOOL,Sub County,Girls,
3643,12345553,THE S.A KATINE SECONDARY SCHOOL,Sub County,Mixed,
3644,12345556,ST. JUDE SECONDARY SCHOOL-KWAMUTU,Sub County,Mixed,
3645,12363102,KIVANDINI SECONDARY SCHOOL,Sub County,Mixed,
3646,12363106,KATUMANI SECONDARY SCHOOL,Sub County,Mixed,
3647,12363109,KWAKAVOO SECONDARY SCHOOL,Sub County,Mixed,
3648,12363201,BARAKA S.A KAVYUNI SECONDARY SCHOOL,Sub County,Mixed,
3649,12363202,NZAINI SECONDARY SCHOOL,Sub County,Mixed,
3650,12363203,IIYUNI SECONDARY SCHOOL,Sub County,Mixed,
3651,12363204,KATANGA SECONDARY SCHOOL,Sub County,Mixed,
3652,12363206,KYAVITI SECONDARY SCHOOL,Sub County,Mixed,
3653,12363207,KINOI MIXED SECONDARY SCHOOL,Sub County,Mixed,
3654,12363208,KIKUMBO SECONDARY SCHOOL,Sub County,Mixed,
3655,12363301,KYANDILI SECONDARY SCHOOL,Sub County,Mixed,
3656,12363302,MULAANI SECONDARY SCHOOL,Sub County,Mixed,
3657,12363303,MUTUYU MIXED SECONDARY SCHOOL,Sub County,Mixed,
3658,12363307,KIATUNI SECONDARY SCHOOL,Sub County,Mixed,
3659,12363308,2 0A2B0C K KCAPNEY SOENCGOON DSAERCYO NSCDHAOROY LS CCHHOOIOCLES LIST,Sub County,Mixed,
3660,12363310,MASAANI GIRLS HIGH SCHOOL,Sub County,Girls,
3661,12363312,MIWANI SECONDARY SCHOOL,Sub County,Mixed,
3662,12363313,KAMWELENI SECONDARY SCHOOL,Sub County,Mixed,
3663,12363314,MAKAKOI SECODARY SCHOOL,Sub County,Mixed,
3664,12363315,KYANZASU SECONDARY SCHOOL,Sub County,Mixed,
3665,13302027,KWA NGINDU SECONDARY SCHOOL,Sub County,Mixed,
3666,13302110,KWA UKUNGU SECONDARY SCHOOL,Sub County,Mixed,
3667,13302114,ENGINEER NGILU MIXED SECONDARY SCHOOL,Sub County,Mixed,
3668,13302115,MUTUKYA SECONDARY SCHOOL,Sub County,Mixed,
3669,13302116,ST.PAUL'S KASYALA SECONDARY SCHOOL,Sub County,Mixed,
3670,13302117,ST PATRICKS SECONDARY SCHOOL - MUTUNE,Sub County,Mixed,
3671,13302118,ST.MARK'S MUTENDEA MIXED DAY SECONDARY SCHOOL,Sub County,Mixed,
3672,13302119,KYAMATHYAKA MIXED SECONDARY SCHOOL,Sub County,Mixed,
3673,13302120,KABAA DAY MIXED SECONDARY SCHOOL,Sub County,Mixed,
3674,13302121,KAMANDIO MIXED DAY SECONDARY SCHOOL,Sub County,Mixed,
3675,13302122,MUSLIM SECONDARY SCHOOL,Sub County,Mixed,
3676,13302123,KALIAKAKYA SECONDARY SCHOOL,Sub County,Mixed,
3677,13302124,MUTULUKUNI MIXED DAY SECONDARY SCHOOL,Sub County,Mixed,
3678,13302125,KATYETHOKA MIXED SECONDARY SCHOOL,Sub County,Mixed,
3679,13302126,KWA MUEMA SECONDARY SCHOOL,Sub County,Mixed,
3680,13302127,ITHIANI SECONDARY SCHOOL,Sub County,Mixed,
3681,13302128,MBUSYANI MIXED DAY SECONDARY SCHOOL,Sub County,Mixed,
3682,13302129,ST. PAULS MUTULA SECONDARY SCHOOL,Sub County,Mixed,
3683,13302130,A.I.C MIAMBANI SECONDARY SCHOOL,Sub County,Mixed,
3684,13302131,VINDA MIXED DAY SECONDARY SCHOOL,Sub County,Mixed,
3685,13302132,OUR LADY OF PROTECTION MUSEVE SECONDARY SCHOOL,Sub County,Mixed,
3686,13302133,KIVIU SECONDARY SCHOOL,Sub County,Mixed,
3687,13302134,2 0M2A0L KILCI PDEA SYE MCOIXNEDDA SREYC SOCNHDOAORLY CHOICES LIST,Sub County,Mixed,
3688,13302135,A I C KAMANDIO GIRLS SECONDARY SCHOOL,Sub County,Girls,
3689,13302136,ST. STEPHEN KAVETA MIXED DAY SECONDARY SCHOOL,Sub County,Mixed,
3690,13302137,NGIINI DAY MIXED SECONDARY SCHOOL,Sub County,Mixed,
3691,13310105,SYUNGII SECONDARY SCHOOL,Sub County,Mixed,
3692,13310106,ITENDEU SECONDARY SCHOOL,Sub County,Mixed,
3693,13310107,KYETHANI SECONDARY SCHOOL,Sub County,Mixed,
3694,13310108,SYOMIKUKU MIXED DAY SECONDARY SCHOOL,Sub County,Mixed,
3695,13310109,KIVOU SECONDARY SCHOOL,Sub County,Mixed,
3696,13310111,KASEVI GIRLS SECONDARY SCHOOL,Sub County,Girls,
3697,13310112,KALISASI SECONDARY SCHOOL,Sub County,Mixed,
3698,13310114,WIKITHUKI SECONDARY SCHOOL,Sub County,Mixed,
3699,13310115,KATHONZWENI SECONDARY SCHOOL,Sub County,Mixed,
3700,13310116,A.I.C ITHUMBI SECONDARY SCHOOL,Sub County,Mixed,
3701,13310119,KANZUI SECONDARY SCHOOL,Sub County,Mixed,
3702,13310120,KYANIKA SECONDARY SCHOOL,Sub County,Mixed,
3703,13310177,MUKUTHU SECONDARY SCHOOL,Sub County,Mixed,
3704,13310204,ABC MUUNGUU SECONDARY SCHOOL,Sub County,Mixed,
3705,13310205,KYULUNGWA SECONDARY SCHOOL,Sub County,Mixed,
3706,13310206,MUTWANGOMBE SECONDARY SCHOOL,Sub County,Mixed,
3707,13310207,YUMBE SECONDARY SCHOOL,Sub County,Mixed,
3708,13310208,NYAANYAA SECONDARY SCHOOL,Sub County,Mixed,
3709,13310209,NDITHI SECONDARY SCHOOL,Sub County,Mixed,
3710,13310210,KIVIU SECONDARY SCHOOL,Sub County,Mixed,
3711,13310211,KAUNGUNI MIXED SECONDARY SCHOOL,Sub County,Mixed,
3712,13310212,MWAMBUI SECONDARY SCHOOL,Sub County,Mixed,
3713,13310213,MALIONI SECONDARY SCHOOL,Sub County,Mixed,
3714,13310214,THITHA SECONDARY SCHOOL,Sub County,Mixed,
3715,13310303,2 0P2R0E KCCIOPUE SS EBCLOONODDA SREYC SOCNHDOAORLY C-THYOAIACES LIST,Sub County,Mixed,
3716,13310304,KIOMO SECONDARY SCHOOL,Sub County,Mixed,
3717,13310306,KAIRUNGU SECONDARY SCHOOL,Sub County,Mixed,
3718,13310307,KAKONGO SECONDARY SCHOOL,Sub County,Mixed,
3719,13310308,ITONG'OLANI SECONDARY SCHOOL,Sub County,Mixed,
3720,13310401,ABC KISOVO SECONDARY SCHOOL,Sub County,Mixed,
3721,13310402,AIC KATALWA SECONDARY SCHOOL,Sub County,Mixed,
3722,13310403,MUMBUNI SECONDARY SCHOOL,Sub County,Mixed,
3723,13310404,MUNYANGE SECONDARY SCHOOL,Sub County,Mixed,
3724,13310405,I.P.C MATHUMA SECONDARY SCHOOL,Sub County,Mixed,
3725,13310406,MUTWAATHI SECONDARY SCHOOL,Sub County,Mixed,
3726,13310407,MAKUTANO SECONDARY SCHOOL,Sub County,Mixed,
3727,13317106,KIBWEA MIXED SECONDARY SCHOOL,Sub County,Mixed,
3728,13317108,ENZOU SECONDARY SCHOOL,Sub County,Mixed,
3729,13317109,ST. PETERS' SECONDARY SCHOOL - NDUUNDUNE,Sub County,Mixed,
3730,13317110,KISAYANI SECONDARY SCHOOL,Sub County,Mixed,
3731,13317111,KITOO SECONDARY SCHOOL,Sub County,Mixed,
3732,13317113,KAWELU SECONDARY SCHOOL,Sub County,Mixed,
3733,13317114,UAE MIXED SECONDARY SCHOOL,Sub County,Girls,
3734,13317115,SYUNGUNI MIXED SECONDARY SCHOOL,Sub County,Mixed,
3735,13317116,NDATANI SECONDARY SCHOOL,Sub County,Mixed,
3736,13317117,MUAMBA MIXED DAY SECONDARY SCHOOL,Sub County,Mixed,
3737,13317118,ST. JOSEPH'S MIXED DAY & BOARDING SECONDARY SCHOOL,Sub County,Mixed,
3738,13317119,KIANGWA SECONDARY SCHOOL,Sub County,Mixed,
3739,13317120,KYAMUTHWA SECONDARY SCHOOL,Sub County,Mixed,
3740,13317121,CHIEF MAKAU MIXED SECONDARY SCHOOL,Sub County,Mixed,
3741,13317122,KENZE SECONDARY SCHOOL,Sub County,Mixed,
3742,13317123,MAKELE MIXED DAY SECONDARY SCHOOL,Sub County,Mixed,
3743,13317303,2 0M2U0T KHCAP SEE SCEOCONDNADRAYR YS CSCHHOOOOLL CHOICES LIST,Sub County,Mixed,
3744,13317304,MATHIMA SECONDARY SCHOOL,Sub County,Mixed,
3745,13317305,KYAANGO MIXED SECONDARY SCHOOL,Sub County,Mixed,
3746,13317306,NZOANI SECONDARY SCHOOL,Sub County,Mixed,
3747,13317307,KAATENE MIXED SECONDARY SCHOOL,Sub County,Mixed,
3748,13317308,MWALIMU MUTUA MAIYUKU SECONDARY,Sub County,Mixed,
3749,13317309,KALIANI MIXED DAY & BOARDING SECONDARY SCHOOL,Sub County,Mixed,
3750,13317310,NZUNGUNI SECONDARY SCHOOL,Sub County,Mixed,
3751,13317311,ST. FRANCIS - KALUASI SECONDARY SCHOOL,Sub County,Mixed,
3752,13328105,GAI MIXED DAY SECONDARY SCHOOL,Sub County,Mixed,
3753,13328107,MATOONI SECONDARY SCHOOL,Sub County,Mixed,
3754,13328108,KWAKATILE MIXED SECONDARY SCHOOL,Sub County,Mixed,
3755,13328110,MANDALA MIXED DAY SECONDARY SCHOOL,Sub County,Mixed,
3756,13328201,KANDWIA SECONDARY SCHOOL,Sub County,Mixed,
3757,13328202,KAMUWONGO MIXED DAY SECONDARY SCHOOL,Sub County,Mixed,
3758,13328203,ITIVANZOU MIXED DAY SECONDARY SCHOOL,Sub County,Mixed,
3759,13328302,MATAKA MIXED SECONDARY SCHOOL,Sub County,Mixed,
3760,13328303,TWIMYUA SECONDARY SCHOOL,Sub County,Mixed,
3761,13328401,NGOMENI SECONDARY SCHOOL,Sub County,Mixed,
3762,13328402,NDATANI SECONDARY SCHOOL,Sub County,Girls,
3763,13328403,MITAMISYI MIXED SECONDARY SCHOOL,Sub County,Mixed,
3764,13328404,IKIME SECONDARY SCHOOL,Sub County,Mixed,
3765,13328405,KALWA MIXED SECONDARY SCHOOL,Sub County,Mixed,
3766,13331203,KAKEANI SECONDARY SCHOOL,Sub County,Mixed,
3767,13331210,MUTHAMO SECONDARY SCHOOL,Sub County,Mixed,
3768,13331212,KAUWI DAY SECONDARY SCHOOL,Sub County,Mixed,
3769,13331213,MUTHALE MIXED DAY SECONDARY SCHOOL,Sub County,Mixed,
3770,13331214,KIAMANI SECONDARY SCHOOL,Sub County,Mixed,
3771,13331215,2 0K2A0L IKNCDPITEI SMEICXOENDD DAARYY S SECCHOONODLA CRHYO SICCEHSO LOISLT,Sub County,Mixed,
3772,13331216,KANGUNGI SECONDARY SCHOOL,Sub County,Mixed,
3773,13331217,MUTANDA MIXED DAY SECONDARY SCHOOL,Sub County,Mixed,
3774,13331218,IIANI SECONDARY SCHOOL,Sub County,Mixed,
3775,13331219,KAKUMUTI MIXED SECONDARY SCHOOL,Sub County,Mixed,
3776,13331220,KITAMWIKI MIXED DAY SECONDARY SCHOOL,Sub County,Mixed,
3777,13331221,EMIVIA MIXED DAY SECONDARY SCHOOL,Sub County,Mixed,
3778,13331222,USIANI SECONDARY SCHOOL,Sub County,Mixed,
3779,13331223,KWA MWAMBI MIXED DAY SECONDARY SCHOOL,Sub County,Mixed,
3780,13331224,KIVANI MIXED DAY SECONDARY SCHOOL,Sub County,Mixed,
3781,13331225,KYONDONI MIXED DAY SECONDARY SCHOOL,Sub County,Mixed,
3782,13331226,A.I.C UTOO MIXED SECONDARY SCHOOL,Sub County,Girls,
3783,13331227,AIC YALATANI SECONDARY SCHOOL,Sub County,Mixed,
3784,13331228,ST. AUGUSTINE KASAKINI SECONDARY SCHOOL,Sub County,Mixed,
3785,13331229,KANGII MIXED SECONDARY SCHOOL,Sub County,Mixed,
3786,13331231,ST MARY'S KAVALO SECONDARY SCHOOL,Sub County,Mixed,
3787,13331232,ARCHBISHOP BONIFACE LELE SECONDARY SCHOOL-MANG'ELU,Sub County,Mixed,
3788,13332110,KAWEA MIXED DAY SECONDARY SCHOOL,Sub County,Mixed,
3789,13332111,NGUNGI SECONDARY SCHOOL,Sub County,Mixed,
3790,13332113,ZOMBE DAY / BOARDING SECONDARY SCHOOL,Sub County,Mixed,
3791,13332114,ITHANGATHI GIRLS SECONDARY SCHOOL,Sub County,Girls,
3792,13332202,MWITIKA MIXED SECONDARY SCHOOL,Sub County,Mixed,
3793,13332203,KYAMATU MIXED SECONDARY SCHOOL,Sub County,Mixed,
3794,13332204,MALALANI MIXED SECONDARY SCHOOL,Sub County,Mixed,
3795,13332205,MUTHUNGUE MIXED DAY/BOARDING SECONDARY SCHOOL,Sub County,Mixed,
3796,13332206,ST. IGNATIUS SECONDARY SCHOOL - ENDAU,Sub County,Mixed,
3797,13332207,MAKONGO MIXED SECONDARY SCHOOL,Sub County,Mixed,
3798,13332208,KALALANI GIRLS' SECONDARY SCHOOL,Sub County,Girls,
3799,13332209,2 0K2IK0U KUC PMEIX SEEDC ODNAYD ASREYC OSCNHDOAORYL CSHCOHIOCOESL LIST,Sub County,Mixed,
3800,13338104,MATHUKI SECONDARY SCHOOL,Sub County,Mixed,
3801,13338105,A.I.C MUNYUNI MIXED DAY SECONDARY SCHOOL,Sub County,Mixed,
3802,13338106,A.I.C YUMBU MIXED DAY SECONDARY SCHOOL,Sub County,Mixed,
3803,13338107,ST MICHAEL NGUNGI SECONDARY SCHOOL,Sub County,Mixed,
3804,13338108,LUNDI DAY SECONDARY SCHOOL,Sub County,Mixed,
3805,13338204,MUTHUKA SECONDARY SCHOOL,Sub County,Mixed,
3806,13338205,WAMAIYU SECONDARY SCHOOL,Sub County,Mixed,
3807,13338206,MASAVI BOYS DAY SECONDARY SCHOOL,Sub County,Boys,
3808,13338207,UKASI BOYS SECONDARY SCHOOL,Sub County,Boys,
3809,13338208,MATHYAKANI SECONDARY SCHOOL,Sub County,Mixed,
3810,13338209,KALANGA MIXED DAY SECONDARY SCHOOL,Sub County,Mixed,
3811,13338210,ST. JOSEPHS' KAVISU SECONDARY SCHOOL,Sub County,Mixed,
3812,13338211,NDIAMUMO SECONDARY SCHOOL,Sub County,Mixed,
3813,13338212,NGILUNI MBUVU SECONDARY SCHOOL,Sub County,Mixed,
3814,13338213,A.I.C MWASUMA SECONDARY SCHOOL,Sub County,Mixed,
3815,13338214,MULINDE DAY SECONDARY SCHOOL,Sub County,Mixed,
3816,13338216,IVUUSYA SECONDARY SCHOOL,Sub County,Mixed,
3817,13338303,MWAMBIU MIXED DAY SECONDARY SCHOOL,Sub County,Mixed,
3818,13338304,WINGEMI SECONDARY SCHOOL,Sub County,Mixed,
3819,13338305,MUANGENI MIXED DAY SECONDARY SCHOOL,Sub County,Mixed,
3820,13338306,MUTYANGOME MIXED DAY SECONDARY SCHOOL,Sub County,Mixed,
3821,13338307,KAVINDU MIXED DAY SECONDARY SCHOOL,Sub County,Mixed,
3822,13338308,NYAANI SECONDARY SCHOOL,Sub County,Mixed,
3823,13338309,NGAANI MIXED SECONDARY SCHOOL,Sub County,Mixed,
3824,13338310,NGIENI MIXED SECONDARY SCHOOL,Sub County,Mixed,
3825,13338311,YATWA SECONDARY SCHOOL,Sub County,Mixed,
3826,13339109,KEA SECONDARY SCHOOL,Sub County,Mixed,
3827,13339110,2 0T2H0O KKCOPAE S SEECCOONNDDAARRYY SSCCHHOOOOLL CHOICES LIST,Sub County,Mixed,
3828,13339111,AIC ITHAMBWA-NGAO MIXED SECONDARY SCHOOL,Sub County,Mixed,
3829,13339112,KALILUNI MIXED DAY SECONDARY SCHOOL,Sub County,Mixed,
3830,13339113,KIKIINI SECONDARY SCHOOL,Sub County,Mixed,
3831,13339114,KANGUUTHENI SECONDARY SCHOOL,Sub County,Mixed,
3832,13339115,KASAVANI HIGHLAND SECONDARY SCHOOL,Sub County,Mixed,
3833,13339116,ITOLONI MIXED DAY SECONDARY SCHOOL,Sub County,Mixed,
3834,13339117,NGUUNI HILL SECONDARY SCHOOL,Sub County,Mixed,
3835,13339118,KAVILILO SECONDARY SCHOOL,Sub County,Mixed,
3836,13339119,A.I.C MBAU SECONDARY SCHOOL,Sub County,Mixed,
3837,13339120,KITUMBI MIXED SECONDARY SCHOOL,Sub County,Mixed,
3838,13339205,NZULI SECONDARY SCHOOL,Sub County,Mixed,
3839,13339206,KITULANI SECONDARY SCHOOL,Sub County,Mixed,
3840,13339207,KAVAINI SECONDARY SCHOOL,Sub County,Mixed,
3841,13339208,YENZUVA SECONDARY SCHOOL,Sub County,Mixed,
3842,13339209,NZALAE SECONDARY SCHOOL,Sub County,Mixed,
3843,13339210,KASANGA DEB MIXED DAY SECONDARY SCHOOL,Sub County,Mixed,
3844,13339211,ST. MARY'S SECONDARY - NGONGONI,Sub County,Mixed,
3845,13339212,WINZYEEI SECONDARY SCHOOL,Sub County,Mixed,
3846,13339213,MUTHIONI SECONDARY SCHOOL,Sub County,Mixed,
3847,13339214,KATUYU SECONDARY SCHOOL,Sub County,Mixed,
3848,13339215,KAKULULO SECONDARY SCHOOL,Sub County,Mixed,
3849,13339216,ST. PATRICKS NZAWA SECONDARY SCHOOL,Sub County,Mixed,
3850,13339303,ILALAMBYU SECONDARY SCHOOL,Sub County,Mixed,
3851,13339304,NZATANI SECONDARY SCHOOL,Sub County,Mixed,
3852,13339305,KANYUUNI MIXED DAY SECONDARY SCHOOL,Sub County,Mixed,
3853,13339306,KILUNGU MIXED DAY SECONDARY SCHOOL,Sub County,Mixed,
3854,13344104,KAWONGO MIXED DAY SECONDARY SCHOOL,Sub County,Mixed,
3855,13344105,2 0N2Y0A KNCYPAEA SMEICXOENDD SAERCYO SNCDHAOROYL S CCHHOOIOCELS LIST,Sub County,Mixed,
3856,13344106,ST. PAULS KWAVONZA SECONDARY SCHOOL,Sub County,Mixed,
3857,13344107,ILIKA MIXED SECONDARY SCHOOL,Sub County,Mixed,
3858,13344109,HON. CHARLES NYAMAI MUVITHA SECONDARY SCHOOL,Sub County,Mixed,
3859,13344110,KYAITHANI SECONDARY SCHOOL,Sub County,Mixed,
3860,13344111,MANDONGOI MIXED DAY SECONDARY SCHOOL,Sub County,Mixed,
3861,13344112,KISEUNI MIXED DAY SECONDARY SCHOOL,Sub County,Mixed,
3862,13344113,SACRED HEART OF JESUS SECONDARY SCHOOL - KANYONGON,Sub County,Mixed,
3863,13344114,MAMOLE SECONDARY SCHOOL,Sub County,Mixed,
3864,13344115,MASAANI MIXED DAY SECONDARY SCHOOL,Sub County,Mixed,
3865,13344116,TANGANYIKA SECONDARY SCHOOL,Sub County,Mixed,
3866,13344117,KATHOME MIXED SECONDARY SCHOOL,Sub County,Mixed,
3867,13344118,A.C.K ST. JAMES MATULANI SECONDARY SCHOOL,Sub County,Mixed,
3868,13344119,ST. PETERS KALULINI MIXED DAY SECONDARY SCHOOL,Sub County,Mixed,
3869,13344120,MATU MIXED DAY SECONDARY SCHOOL,Sub County,Mixed,
3870,13344122,NZAMBIA MIXED SECONDARY SCHOOL,Sub County,Mixed,
3871,13344123,KWA-KILUI MIXED DAY SECONDARY SCHOOL,Sub County,Mixed,
3872,13344124,MWAKINI MIXED DAY SECONDARY SCHOOL,Sub County,Mixed,
3873,13344125,MUSELELE MIXED SECONDARY SCHOOL,Sub County,Mixed,
3874,13344126,KAVUMBUNI SECONDARY SCHOOL,Sub County,Mixed,
3875,13344127,A.I.C MASIMBA MIXED DAY SECONDARY SCHOOL,Sub County,Mixed,
3876,13350205,KAMATHITU SECONDARY SCHOOL,Sub County,Mixed,
3877,13350207,KALIWA SECONDARY SCHOOL,Sub County,Mixed,
3878,13350208,KAUNDU MIXED SECONDARY SCHOOL,Sub County,Mixed,
3879,13350209,KAMBUSU MIXED SECONDARY SCHOOL,Sub County,Mixed,
3880,13350210,KASYALANI MIXED DAY SECONDARY SCHOOL,Sub County,Mixed,
3881,13350211,NGUNGANI SECONDARY SCHOOL,Sub County,Mixed,
3882,13350212,MUSOSYA MIXED DAY SECONDARY SCHOOL,Sub County,Mixed,
3883,13350213,2 0K2A0L AKTCIPNEE S GEICROLNS'D SAERCYO SNCDHAOROYL S CCHHOOIOCELS LIST,Sub County,Girls,
3884,13350214,KATHIANI MIXED DAY SECONDARY SCHOOL,Sub County,Mixed,
3885,13350215,MUKEKENI SECONDARY SCHOOL,Sub County,Mixed,
3886,13350218,KATUUNI MIXED DAY SECONDARY SCHOOL,Sub County,Mixed,
3887,13350222,KATOONI SECONDARY SCHOOL,Sub County,Mixed,
3888,13351103,KYANIKA SECONDARY SCHOOL,Sub County,Mixed,
3889,13351104,KILONZO SECONDARY SCHOOL,Sub County,Mixed,
3890,13351105,IKUYUNI MIXED SECONDARY SCHOOL,Sub County,Mixed,
3891,13351106,A.C.K ST. LUKE'S KAVIA SECONDARY SCHOOL,Sub County,Mixed,
3892,13351107,MAJOR MULUVI SECONDARY SCHOOL-KANGWENI,Sub County,Mixed,
3893,13351108,AIC KAMALE SECONDARY SCHOOL,Sub County,Mixed,
3894,13351109,KAVALULA MIXED DAY SECONDARY SCHOOL,Sub County,Mixed,
3895,13351301,KALUVA MIXED DAY SECONDARY SCHOOL,Sub County,Mixed,
3896,13351302,KANDUTI MIXED DAY SECONDARY SCHOOL,Sub County,Mixed,
3897,13351303,ABC KANZAUWU MIXED DAY SECONDARY SCHOOL,Sub County,Mixed,
3898,13351304,KIVUMBUNI MIXED DAY SECONDARY SCHOOL,Sub County,Mixed,
3899,13351305,AIC UTWIINI SECONDARY SCHOOL,Sub County,Mixed,
3900,13351306,KIVUTINI MIXED DAY SECONDARY SCHOOL,Sub County,Mixed,
3901,13351307,KATUMBU MIXED SECONDARY SCHOOL,Sub County,Mixed,
3902,13351401,THUA SECONDARY SCHOOL,Sub County,Mixed,
3903,13351402,KANGUU SECONDARY SCHOOL,Sub County,Mixed,
3904,13351403,AIC KWA - AMUTEI MIXED DAY SECONDARY SCHOOL,Sub County,Mixed,
3905,13352102,MWANGEA MIXED DAY SECONDARY SCHOOL,Sub County,Mixed,
3906,13352103,KALIMBUI MIXED DAY SECONDARY SCHOOL,Sub County,Mixed,
3907,13352104,NGALANGE MIXED DAY SECONDARY SCHOOL,Sub County,Mixed,
3908,13352105,NZANZENI MIXED DAY SECONDARY SCHOOL,Sub County,Mixed,
3909,13352202,KANINGO DAY SECONDARY SCHOOL,Sub County,Mixed,
3910,13352203,MUSAVANI SECONDARY SCHOOL,Sub County,Mixed,
3911,13352301,2 0M2A0S KYCUPNEG SWECAO DNADYA SREYC SOCNHDOAORLY C SHCOHIOCEOSL LIST,Sub County,Mixed,
3912,13352302,MULANGONI MIXED DAY SECONDARY SCHOOL,Sub County,Mixed,
3913,13352303,KATUMBI MIXED DAY SECONDARY SCHOOL,Sub County,Mixed,
3914,13353103,MALUNGU SECONDARY SCHOOL,Sub County,Mixed,
3915,13353104,KAVUTA MIXED DAY SECONDARY SCHOOL,Sub County,Mixed,
3916,13353105,YAKALIA MIXED DAY SECONDARY SCHOOL,Sub County,Mixed,
3917,13353106,ST. PATRICK'S ITHIMANI SECONDARY SCHOOL,Sub County,Mixed,
3918,13353107,KALUKI NGILU GIRLS SECONDARY SCHOOL,Sub County,Girls,
3919,13353108,KWA MUKASA MIXED SECONDARY SCHOOL,Sub County,Mixed,
3920,13353202,YUMBISYE SECONDARY SCHOOL,Sub County,Mixed,
3921,13353203,KYAMBITI SECONDARY SCHOOL,Sub County,Mixed,
3922,13353204,KANGALU SECONDARY SCHOOL,Sub County,Mixed,
3923,13353205,KYANGUNGA SECONDARY SCHOOL,Sub County,Mixed,
3924,13353206,WII SECONDARY SCHOOL,Sub County,Mixed,
3925,13353207,KAUMBA SECONDARY SCHOOL,Sub County,Mixed,
3926,13353304,IKAVE MIXED SECONDARY SCHOOL,Sub County,Mixed,
3927,13353305,MAVINDINI SECONDARY SCHOOL,Sub County,Mixed,
3928,13353306,KYENI GIRLS SCHOOL-KATHUNGU,Sub County,Girls,
3929,13354102,KISASI MIXED DAY SECONDARY SCHOOL,Sub County,Mixed,
3930,13354103,KITUNGATI MIXED DAY SECONDARY SCHOOL,Sub County,Mixed,
3931,13354104,NGILUNI SECONDARY SCHOOL,Sub County,Mixed,
3932,13354105,NGANGANI MIXED DAY SECONDARY SCHOOL,Sub County,Mixed,
3933,13354106,MUKAMENI MIXED DAY SECONDARY SCHOOL,Sub County,Mixed,
3934,13354107,NGUUNI SECONDARY SCHOOL,Sub County,Mixed,
3935,13354108,KILINYAA MIXED DAY SECONDARY SCHOOL,Sub County,Mixed,
3936,13354109,UNG'AATU MIXED DAY SECONDARY SCHOOL,Sub County,Mixed,
3937,13354202,MBITINI MIXED DAY SECONDARY SCHOOL,Sub County,Mixed,
3938,13354203,MOSA SECONDARY SCHOOL,Sub County,Mixed,
3939,13354204,2 0K2A0T WKCAPLEA S ESCEOCNODNADRAYR SYC HSCOHOOL OCLHOICES LIST,Sub County,Mixed,
3940,13354205,KANZAU MIXED DAY SECONDARY SCHOOL,Sub County,Mixed,
3941,13354206,KIMUUNI MIXED DAY SECONDARY SCHOOL,Sub County,Mixed,
3942,13354207,KIVUUNI MIXED SECONDARY SCHOOL,Sub County,Mixed,
3943,13354208,MBITINI COMPLEX HIGH SCHOOL,Sub County,Mixed,
3944,13354209,MAANGANI MIXED SECONDARY SCHOOL,Sub County,Mixed,
3945,13354210,HON.CHARLES NYAMAI -KASEVI SECONDARY SCHOOL,Sub County,Mixed,
3946,13357103,KITUTI SECONDARY SCHOOL,Sub County,Mixed,
3947,13357104,KASAALA SECONDARY SCHOOL,Sub County,Mixed,
3948,13357105,MONGUNI SECONDARY SCHOOL,Sub County,Mixed,
3949,13357106,KYANDULA SECONDARY SCHOOL,Sub County,Mixed,
3950,13357107,ATHI MIXED SECONDARY SCHOOL,Sub County,Mixed,
3951,13357108,KYOANI SECONDARY SCHOOL,Sub County,Mixed,
3952,13357109,ILENGI SECONDARY SCHOOL,Sub County,Mixed,
3953,13357110,MALUMA SECONDARY SCHOOL,Sub County,Mixed,
3954,13357111,KALIVU SECONDARY SCHOOL,Sub County,Mixed,
3955,13357112,KIANGU SECONDARY SCHOOL,Sub County,Mixed,
3956,13357113,JAMES NDONYI MEMORIAL SECONDARY SCHOOL,Sub County,Mixed,
3957,13357114,ABC KIMWELI SECONDARY SCHOOL,Sub County,Mixed,
3958,13357115,NGWATE MIXED DAY SECONDARY SCHOOL,Sub County,Mixed,
3959,13357116,MUTONYA SECONDARY SCHOOL,Sub County,Mixed,
3960,13357117,KILAWA MIXED SECONDARY SCHOOL,Sub County,Mixed,
3961,13357119,KAMUTEI SECONDARY SCHOOL,Sub County,Mixed,
3962,13357120,MWAATHE SECONDARY SCHOOL,Sub County,Mixed,
3963,13357121,CBM TIMBONI SECONDARY SCHOOL,Sub County,Mixed,
3964,13357201,MUTHUE SECONDARY SCHOOL,Sub County,Mixed,
3965,13357202,KANZIKO SECONDARY SCHOOL,Sub County,Mixed,
3966,13357203,SIMISI SECONDARY SCHOOL,Sub County,Mixed,
3967,13357204,2 0M2W0 AKNCIPAEN SGEAC SOENCDOANRDYA SRCYH SOCOHLO COHLOICES LIST,Sub County,Mixed,
3968,13357205,VUTU MIXED DAY SECONDARY SCHOOL,Sub County,Mixed,
3969,13357206,MWANGALA SECONDARY SCHOOL,Sub County,Mixed,
3970,13360106,ST.BENEDICT'S MIXED SECONDARY SCHOOL,Sub County,Mixed,
3971,13360107,KITHUMULA SECONDARY SCHOOL,Sub County,Mixed,
3972,13360109,MATINYANI MIXED SECONDARY SCHOOL,Sub County,Mixed,
3973,13360111,NZAKAME MIXED SECONDARY SCHOOL,Sub County,Mixed,
3974,13360112,KYENI SECONDARY SCHOOL,Sub County,Mixed,
3975,13360113,ST. JOSEPH'S MUSOSYA SECONDARY SCHOOL,Sub County,Mixed,
3976,13360114,MITHIIKWANI MIXED DAY SECONDARY SCHOOL,Sub County,Mixed,
3977,13360115,KATHEUNI MIXED DAY SECONDARY SCHOOL,Sub County,Mixed,
3978,13360116,MIKUYUMIKYA SECONDARY SCHOOL,Sub County,Mixed,
3979,13360118,ST FRANCIS OF ASSISI SECONDARY SCHOOL,Sub County,Mixed,
3980,13360119,ST.MICHAEL MIXED SECONDARY SCHOOL-KAVUMBU,Sub County,Mixed,
3981,13360120,AIC KITUNDUNI SECONDARY SCHOOL,Sub County,Mixed,
3982,13365103,KWA TUNDU MIXED DAY SECONDARY SCHOOL,Sub County,Mixed,
3983,13365104,KALIKU MIXED SECONDARY SCHOOL,Sub County,Mixed,
3984,13365105,MIKUYUNI MIXED DAY SECONDARY SCHOOL,Sub County,Mixed,
3985,13365106,MANYOENI MIXED DAY SECONDARY SCHOOL,Sub County,Mixed,
3986,13365107,ITIKO MIXED DAY SECONDARY SCHOOL,Sub County,Mixed,
3987,13365108,MUTITO MIXED DAY SECONDARY SCHOOL,Sub County,Mixed,
3988,13365109,UWU MIXED DAY BOARDING SECONDARY SCHOOL,Sub County,Mixed,
3989,13366102,PRECIOUS BLOOD NTHANGANI DAY SECONDARY SCHOOL,Sub County,Mixed,
3990,13366103,KAMAYAGI SECONDARY SCHOOL,Sub County,Mixed,
3991,13366105,KATAMA SECONDARY SCHOOL,Sub County,Mixed,
3992,14303107,ITABUA SECONDARY SCHOOL,Sub County,Mixed,
3993,14303108,GATUNDURI MIXED DAY SECONDARY SCHOOL,Sub County,Mixed,
3994,14303110,EMBU COUNTY MIXED SECONDARY SCHOOL,Sub County,Mixed,
3995,14303111,2 K0A20M KIUC DPEA YS ESCEOCNODNADRAYR SYC SHCOHOOLO CLHOICES LIST,Sub County,Mixed,
3996,14303112,GATONDO SECONDARY SCHOOL,Sub County,Mixed,
3997,14303116,NTHAMBO DAY SECONDARY SCHOOL,Sub County,Mixed,
3998,14303117,KIMANGARU SECONDARY SCHOOL,Sub County,Mixed,
3999,14303118,DEB KANGARU SECONDARY SCHOOL,Sub County,Mixed,
4000,14303119,ST. MICHAEL MUNICIPALITY MIXED DAY SECONDARY SCHOO,Sub County,Mixed,
4001,14303120,ST. PETER'S GATITURI MIXED SECONDARY SCHOOL,Sub County,Mixed,
4002,14303121,URBAN INTERGRATED SECONDARY SCHOOL,Sub County,Mixed,
4003,14303205,KITHEGI MIXED SECONDARY SCHOOL,Sub County,Mixed,
4004,14303206,ST CHRISTOPHER MIXED DAY SECONDARY SCHOOL,Sub County,Mixed,
4005,14303207,ST. LUKE'S DAY SECONDARY SCHOOL-KARURINA,Sub County,Mixed,
4006,14303208,ST'FRANCIS NGOIRE SECONDARY SCHOOL,Sub County,Mixed,
4007,14303209,ST BENEDICT'S KITHIMU DAY SECONDARY SCHOOL,Sub County,Mixed,
4008,14303210,ST.MICHAEL KEVOTE MIXED DAY SECONDARY SCHOOL,Sub County,Mixed,
4009,14303211,RUKIRA DAY SECONDARY SCHOOL,Sub County,Mixed,
4010,14312107,GITIBURE SECONDARY SCHOOL,Sub County,Mixed,
4011,14312108,SIAKAGO MIXED DAY SECONDARY SCHOOL,Sub County,Mixed,
4012,14312109,ITIIRA SECONDARY SCHOOL,Sub County,Mixed,
4013,14312111,KIVUE DAY MIXED SECONDARY SCHOOL,Sub County,Mixed,
4014,14312112,ST JOHN THE BAPTIST - KIRIE SECONDARY SCHOOL,Sub County,Mixed,
4015,14312113,ACK KAMBARU DAY MIXED SECONDARY SCHOOL,Sub County,Mixed,
4016,14312114,CIERIA MIXED SECONDARY SCHOOL,Sub County,Mixed,
4017,14312115,KUNE MIXED DAY SECONDARY SCHOOL,Sub County,Mixed,
4018,14312116,S.A GIKUYARI MIXED DAY SECONDARY SCHOOL,Sub County,Mixed,
4019,14312117,ALL SAINTS KARAMBARI SECONDARY SCHOOL,Sub County,Mixed,
4020,14312118,ST. PETER'S MBARWARI SECONDARY SCHOOL,Sub County,Mixed,
4021,14312119,DEB MUCHONOKE SECONDARY SCHOOL,Sub County,Mixed,
4022,14312120,DEB KABACHI MIXED DAY SECONDARY SCHOOL,Sub County,Mixed,
4023,14312121,2 0N2D0U KTCOPREI SMEICXOEDN DDAARY YS SECCHOONODLA RCHY OSICCHESO OLILST,Sub County,Mixed,
4024,14312123,S.A MICHEGETHIU SECONDARY SCHOOL,Sub County,Mixed,
4025,14312305,KATHIGAGACERU SECONDARY SCHOOL,Sub County,Mixed,
4026,14312306,A.C.K ST.BARNABAS-KAVENGERO,Sub County,Mixed,
4027,14312309,ST. LUKES SECONDARY SCHOOL - KAMWAA,Sub County,Mixed,
4028,14312310,ST.RITA SECONDARY SCHOOL - NGUNYUMU,Sub County,Mixed,
4029,14312311,ST.JOHN XXIII GWAKAITHI SECONDARY SCHOOL,Sub County,Mixed,
4030,14312313,ST. TIMOTHY'S KIANJERU SECONDARY SCHOOL,Sub County,Mixed,
4031,14312314,ST. MATHEW KATHANGUTARI MIXED DAY SECONDARY SCHOOL,Sub County,Mixed,
4032,14312315,DEB KARUARI SECONDARY SCHOOL,Sub County,Mixed,
4033,14312316,S.A MUTHANTHARA SECONDARY SCHOOL,Sub County,Mixed,
4034,14312317,ACK KAMUTU SECONDARY SCHOOL,Sub County,Mixed,
4035,14312318,ST. ANDREWS NGOCE SECONDARY SCHOOL,Sub County,Mixed,
4036,14312319,ST. ANDREW'S KOGARI SECONDARY SCHOOL,Sub County,Mixed,
4037,14312320,A C K EMMANUEL CIANTHIA SECONDARY SCHOOL,Sub County,Mixed,
4038,14312322,KIRIGO SECONDARY SCHOOL,Sub County,Mixed,
4039,14312324,ST. JOHN'S KARIGIRI SECONDARY SCHOOL,Sub County,Mixed,
4040,14312325,ST. PETERS SECONDARY SCHOOL-MBARAGA,Sub County,Mixed,
4041,14312326,ACK ST. LUKE'S CIANGERA DAY SECONDARY SCHOOL,Sub County,Mixed,
4042,14333107,ST MARK'S ENA SECONDARY SCHOOL,Sub County,Mixed,
4043,14333108,S A GIKUURI SECONDARY SCHOOL,Sub County,Mixed,
4044,14333109,MACUMO DAY SECONDARY SCHOOL,Sub County,Mixed,
4045,14333110,MUGUI SECONDARY SCHOOL,Sub County,Mixed,
4046,14333111,ST. MARYS KIGAA MIXED DAY SECONDARY SCHOOL,Sub County,Mixed,
4047,14333112,ST JOHN SECONDARY SCHOOL-KATHANDE,Sub County,Mixed,
4048,14333113,UGWERI DAY SECONDARY SCHOOL,Sub County,Mixed,
4049,14333114,ACK. KAGAARI MIXED DAY SECONDARY SCHOOL,Sub County,Mixed,
4050,14333115,MURAGARI SECONDARY SCHOOL,Sub County,Mixed,
4051,14333116,2 0K2IT0H KUCNPGEU STEHCIOAN MDIXAERDY DSCAHYO SOELC OCHNODAICREYS SLICSHTOOL,Sub County,Mixed,
4052,14333117,ST. THOMAS AQUINAS DAY SECONDARY SCHOOL,Sub County,Mixed,
4053,14333118,ACK NDUMARI DAY SECONDARY SCHOOL,Sub County,Mixed,
4054,14333119,ST JOHN FISHERS SECONDARY SCHOOL MBUI NJERU,Sub County,Mixed,
4055,14333120,S.A NDUURI SECONDARY SCHOOL,Sub County,Mixed,
4056,14333121,NICA KANDURI MIXED DAY SECONDARY SCHOOL,Sub County,Mixed,
4057,14333207,ST. GETRUDE SECONDARY SCHOOL-KINTHITHE,Sub County,Mixed,
4058,14333209,CIAMANDA MIXED DAY SECONDARY SCHOOL,Sub County,Mixed,
4059,14333210,MUFU SECONDARY SCHOOL,Sub County,Mixed,
4060,14333211,ST JUDE KARURUMO SECONDARY SCHOOL,Sub County,Mixed,
4061,14333212,ST BARNABAS KATHARI SECONDARY SCHOOL,Sub County,Mixed,
4062,14333213,S.A MUKURIA SECONDARY SCHOOL,Sub County,Mixed,
4063,14333214,E.A.P.C KARIRU MIXED DAY SECONDARY SCHOOL,Sub County,Mixed,
4064,14333215,ST ANTHONY KIVURIA DAY SECONDARY SCHOOL,Sub County,Mixed,
4065,14333216,A.C.K NYAGARI MIXED DAY SECONDARY SCHOOL,Sub County,Mixed,
4066,14333217,GATUMBI BAPTIST MIXED DAY SECONDARY SCHOOL,Sub County,Mixed,
4067,14333218,ST. PAUL KIAMBOA SECONDARY SCHOOL,Sub County,Mixed,
4068,14333219,KASAFARI DAY SECONDARY SCHOOL,Sub County,Mixed,
4069,14333221,A.C.K KATHANJURI MIXED SECONDARY SCHOOL,Sub County,Mixed,
4070,14333222,D.E.O GAKWEGORI DAY SECONDARY SCHOOL,Sub County,Mixed,
4071,14333223,NICA MUGANJUKI DAY SECONDARY SCHOOL,Sub County,Mixed,
4072,14333225,N.I.C.A RUKURIRI DAY SECONDARY SCHOOL,Sub County,Mixed,
4073,14341103,KIAMBERE MIXED SECONDARY SCHOOL,Sub County,Mixed,
4074,14341105,ST THOMAS IGUMORI,Sub County,Mixed,
4075,14341106,MACHANG'A MIXED SECONDARY SCHOOL,Sub County,Mixed,
4076,14341107,KERWA MIXED SECONDARY SCHOOL,Sub County,Mixed,
4077,14341108,MUTUOBARE SECONDARY SCHOOL,Sub County,Mixed,
4078,14341109,KABUGURI SECONDARY SCHOOL,Sub County,Mixed,
4079,14341110,2 N02G0IO KRCIP IEN TSEECROGNRDATAERDY SSECHCOONODL ACRHYO SICCEHSO LOISLT,Sub County,Mixed,
4080,14341111,GACABARI SECONDARY SCHOOL,Sub County,Mixed,
4081,14341112,ST.JOSEPH'S MIXED DAY SECONDARY SCHOOL IRIAMURAI,Sub County,Mixed,
4082,14341113,ST. PAUL KARURA SECONDARY SCHOOL,Sub County,Mixed,
4083,14341114,ST. BARNABAS SECONDARY SCHOOL GATIRARI,Sub County,Mixed,
4084,14341115,RUGOGWE MIXED DAY SECONDARY SCHOOL,Sub County,Mixed,
4085,14341116,"ST. AUGUSTINE SECONDARY SCHOOL, MARIARI",Sub County,Mixed,
4086,14341118,ST. MARY'S NTHARAWE MIXED SECONDARY SCHOOL,Sub County,Mixed,
4087,14341205,YODER KARWIGI MIXED SECONDARY SCHOOL,Sub County,Mixed,
4088,14341206,KIRIMA MIXED SECONDARY SCHOOL,Sub County,Mixed,
4089,14341207,GIKIIRO SECONDARY SCHOOL,Sub County,Mixed,
4090,14341208,MBITA SECONDARY SCHOOL,Sub County,Mixed,
4091,14341209,ST. MARY'S GATAKA MIXED SECONDARY SCHOOL,Sub County,Mixed,
4092,14341211,MUNYORI MIXED DAY SECONDARY SCHOOL,Sub County,Mixed,
4093,14341212,KANGUNGI MIXED DAY SECONDARY SCHOOL,Sub County,Mixed,
4094,14341213,MUTUS MIXED DAY SECONDARY SCHOOL,Sub County,Mixed,
4095,14341214,KAMUNYANGE SECONDARY SCHOOL,Sub County,Mixed,
4096,14341215,ACK RIANJERU MIXED SECONDARY SCHOOL,Sub County,Mixed,
4097,14341216,DEB KABURURI MIXED DAY SECONDARY SCHOOL,Sub County,Mixed,
4098,14341218,ST. MARY NYANGWA GIRLS SECONDARY SCHOOL,Sub County,Girls,
4099,14341302,MAKIMA SECONDARY SCHOOL,Sub County,Mixed,
4100,14341303,KANYONGA SECONDARY SCHOOL,Sub County,Mixed,
4101,14341304,MASHAMBA SECONDARY SCHOOL,Sub County,Mixed,
4102,14341305,"ST. JOSEPH SECONDARY SCHOOL, KITOLOLONI",Sub County,Mixed,
4103,14341306,ST CHARLES LWANGA MIXED SECONDARY SCHOOL-MWANYANI,Sub County,Mixed,
4104,14341307,A.I.C NDUNE MIXED SECONDARY SCHOOL,Sub County,Mixed,
4105,14341406,MBONZUKI SECONDARY SCHOOL,Sub County,Mixed,
4106,14341407,IRIA ITUNE SECONDARY SCHOOL,Sub County,Mixed,
4107,14341409,2 0A2 C0 KK CMPAEL SIKEICNOI NSEDCAORNY DSACRHYO OSCL HCOHOOLICES LIST,Sub County,Mixed,
4108,14341410,WANGO AIC SECONDARY SCHOOL,Sub County,Mixed,
4109,14341411,S.A GATEGI SECONDARY SCHOOL,Sub County,Mixed,
4110,14341412,KIKUMINI MIXED SECONDARY SCHOOL,Sub County,Mixed,
4111,14341413,MAVIANI SECONDARY SCHOOL,Sub County,Mixed,
4112,14341415,ST. MATHEW'S KAMWELI SECONDARY SCHOOL,Sub County,Mixed,
4113,14341416,A.I.C NTHINGINI SECONDARY SCHOOL,Sub County,Mixed,
4114,14355103,GITURI SECONDARY SCHOOL,Sub County,Mixed,
4115,14355104,ST.MARTHA DAY MIXED SECONDARY SCHOOL,Sub County,Mixed,
4116,14355105,KITHUNGURIRI SECONDARY SCHOOL,Sub County,Mixed,
4117,14355106,KENGA MIXED DAY SECONDARY SCHOOL,Sub County,Mixed,
4118,14355107,D.E.B KAIRURI MIXED DAY SECONDARY SCHOOL,Sub County,Mixed,
4119,14355108,ALL SAINTS KIGARI DAY SECONDARY SCHOOL,Sub County,Mixed,
4120,14355109,ACK ST. MARY'S SECONDARY SCHOOL-MUKANGU,Sub County,Mixed,
4121,14355110,KAMVIU SECONDARY SCHOOL,Sub County,Mixed,
4122,14355111,KIRIARI DAY SECONDARY SCHOOL,Sub County,Mixed,
4123,14355114,KIANJOKOMA MIXED DAY SECONDARY SCHOOL.,Sub County,Mixed,
4124,14355115,DEB KAVUTIRI DAY SECONDARY SCHOOL,Sub County,Mixed,
4125,14355116,S.A MANYATTA MIXED DAY SECONDARY SCHOOL,Sub County,Boys,
4126,14355131,KIRIGI DAY SECONDARY SCHOOL,Sub County,Mixed,
4127,14355204,KAGUMORI SECONDARY SCHOOL,Sub County,Mixed,
4128,14355205,MUVANDORI MIXED DAY SECONDARY SCHOOL,Sub County,Mixed,
4129,14355206,ST. ALPHONSE MIXED DAY SECONDARY SCHOOL,Sub County,Mixed,
4130,14355207,ST. JOSEPH THE WORKER DAY SECONDARY SCHOOL,Sub County,Mixed,
4131,14355208,ST. BENEDICTS SECONDARY SCHOOL-KARAU,Sub County,Mixed,
4132,14355209,DIVINE MERCY RUGUMU MIXED DAY SECONDARY SCHOOL,Sub County,Mixed,
4133,15304112,NG'ONYI BOYS SECONDARY SCHOOL,Sub County,Boys,
4134,15304113,MERU MUSLIM SECONDARY SCHOOL,Sub County,Mixed,
4135,15304114,2 0IR2I0N DKACP DEA SYE SCOECNODNADRAYR SYC HSOCHOOL OCLHOICES LIST,Sub County,Mixed,
4136,15304115,MWIRINE MIXED SECONDARY SCHOOL,Sub County,Mixed,
4137,15304116,KINORU DAY MIXED SECONDARY SCHOOL,Sub County,Mixed,
4138,15304117,MWITHUMWIRU MIXED DAY SECONDARY SCHOOL,Sub County,Mixed,
4139,15304118,CCM MERU TOWNSHIP SECONDARY SCHOOL,Sub County,Mixed,
4140,15304119,NTAKIRA GIRLS DAY SECONDARY SCHOOL,Sub County,Mixed,
4141,15304120,KIAMIRIRU MIXED DAY SECONDARY SCHOOL,Sub County,Mixed,
4142,15304121,MPURI MIXED DAY SECONDARY SCHOOL,Sub County,Mixed,
4143,15304122,KAING'INYO MIXED DAY SECONDARY SCHOOL,Sub County,Mixed,
4144,15304123,MWITERIA MIXED DAY SECONDARY SCHOOL,Sub County,Mixed,
4145,15304124,KIRIGE DAY SECONDARY SCHOOL,Sub County,Mixed,
4146,15304125,GACHANKA MIXED DAY SECONDARY SCHOOL,Sub County,Mixed,
4147,15304201,GIAKI GIRLS SECONDARY SCHOOL,Sub County,Girls,
4148,15304202,CHUGU BOYS SECONDARY SCHOOL,Sub County,Boys,
4149,15304209,KIBURINE SECONDARY SCHOOL,Sub County,Mixed,
4150,15304210,BISHOP LAWI IMATHIU MIXED DAY SECONDARY SCHOOL,Sub County,Mixed,
4151,15304211,MUNITHU MIXED DAY SECONDARY SCHOOL,Sub County,Mixed,
4152,15304212,RUNOGONE MIXED DAY SECONDARY SCHOOL,Sub County,Mixed,
4153,15304213,MULATHANKARI DAY SECONDARY SCHOOL,Sub County,Mixed,
4154,15304214,KATHIRUNE MIXED DAY SECONDARY SCHOOL,Sub County,Mixed,
4155,15304216,RWANYANGE DAY SECONDARY SCHOOL,Sub County,Mixed,
4156,15304217,CHUNG'ARI MIXED DAY SECONDARY SCHOOL,Sub County,Mixed,
4157,15304218,NKABUNE DAY SECONDARY SCHOOL,Sub County,Mixed,
4158,15304220,KAMBITI MIXED SECONDARY SCHOOL,Sub County,Mixed,
4159,15304221,THUURA MIXED DAY SECONDARY SCHOOL,Sub County,Mixed,
4160,15304222,RURIINE MIXED DAY SECONDARY SCHOOL,Sub County,Mixed,
4161,15304223,MBIRIKENE MIXED SECONDARY SCHOOL,Sub County,Mixed,
4162,15304224,NGIINE MIXED DAY SECONDARY SCHOOL,Sub County,Mixed,
4163,15304225,2 0M2C0K K NCTPHE ASMECIROI NMDIXAERDY DSACHY OSOECL OCHNDOAICREYS SLCISHTOOL,Sub County,Mixed,
4164,15309203,KIEGOI DAY SECONDARY SCHOOL,Sub County,Mixed,
4165,15309206,KILALAI MIXED SECONDARY SCHOOL,Sub County,Mixed,
4166,15309207,AUKI SECONDARY SCHOOL,Sub County,Mixed,
4167,15309208,GITURA MIXED DAY SECONDARY SCHOOL,Sub County,Mixed,
4168,15309209,ANTUBOCHIU MIXED DAY SECONDARY SCHOOL,Sub County,Mixed,
4169,15309212,JOSIRENES GIRLS HIGH SCHOOL,Sub County,Girls,
4170,15309213,KITHETU KIRIMENE MIXED DAY SECONDARY SCHOOL,Sub County,Mixed,
4171,15309214,ITUMI DAY SECONDARY SCHOOL,Sub County,Mixed,
4172,15309218,MBOONE DAY SECONDARY SCHOOL,Sub County,Mixed,
4173,15309219,MAUA MIXED DAY SECONDARY SCHOOL,Sub County,Mixed,
4174,15309220,LULUMA MIXED DAY SECONDARY SCHOOL,Sub County,Mixed,
4175,15309303,ATHIRU GAITI SECONDARY SCHOOL,Sub County,Mixed,
4176,15309304,KARUMARU DAY SECONDARY SCHOOL,Sub County,Mixed,
4177,15309305,KIRINDINE SECONDARY SCHOOL,Sub County,Mixed,
4178,15309306,AKUI DAY SECONDARY SCHOOL,Sub County,Mixed,
4179,15309307,KINDANI MIXED SECONDARY SCHOOL,Sub County,Mixed,
4180,15309308,UGOTI DAY SECONDARY SCHOOL,Sub County,Mixed,
4181,15309309,TIIRA MIXED DAY SECONDARY SCHOOL,Sub County,Mixed,
4182,15309310,RIAKI MIXED DAY SECONDARY SCHOOL,Sub County,Mixed,
4183,15309311,FRASEL HIGH SCHOOL,Sub County,Mixed,
4184,15309312,MBERO MEMORIAL BOYS HIGH SCHOOL,Sub County,Boys,
4185,15309313,THAICU MIXED DAY SECONDARY SCHOOL,Sub County,Mixed,
4186,15318105,ST. BONAVENTURE RUIGA SECONDARY SCHOOL,Sub County,Mixed,
4187,15318106,MUGAMBONE SECONDARY SCHOOL,Sub County,Mixed,
4188,15318108,KIRIRWA MIXED DAY SECONDARY SCHOOL,Sub County,Mixed,
4189,15318109,KARIENE MIXED DAY SECONDARY SCHOOL,Sub County,Mixed,
4190,15318110,MARIENE MIXED DAY SCHOOL,Sub County,Mixed,
4191,15318111,2 N02T0O NKCYPEER OSE MCOIXNEDDA DRAYY S SCEHCOOONLD CAHROYI CSECSH LOISOTL,Sub County,Mixed,
4192,15318112,NYWERI MIXED DAY SECONDARY SCHOOL,Sub County,Mixed,
4193,15318113,KIRIA MIXED DAY SECONDARY SCHOOL,Sub County,Mixed,
4194,15318114,TABATA DAY MIXED SECONDARY SCHOOL,Sub County,Mixed,
4195,15318115,HOLY FAMILY NKUENE SECONDARY SCHOOL,Sub County,Mixed,
4196,15318116,KIRIGARA DAY MIXED SECONDARY SCHOOL,Sub County,Mixed,
4197,15318117,RUIGA MIXED DAY SECONDARY SCHOOL,Sub County,Mixed,
4198,15318133,MURATHI SECONDARY SCHOOL,Sub County,Mixed,
4199,15318201,MWANGANTHIA SECONDARY SCHOOL,Sub County,Mixed,
4200,15318205,MUKUUNE MIXED DAY SECONDARY SCHOOL,Sub County,Mixed,
4201,15318206,ACK ST.PAUL'S MAKANDUNE SECONDARY SCHOOL,Sub County,Mixed,
4202,15318207,KARAENE MIXED DAY SECONDARY SCHOOL,Sub County,Mixed,
4203,15318208,GAOKENE MIXED DAY SECONDARY SCHOOL,Sub County,Mixed,
4204,15318210,GATUATINE MIXED DAY SECONDARY SCHOOL,Sub County,Mixed,
4205,15318211,KIIJA MIXED SECONDARY SCHOOL,Sub County,Mixed,
4206,15318212,NGUCHIA MIXED DAY SECONDARY SCHOOL,Sub County,Mixed,
4207,15318213,GACURU MIXED DAY SECONDARY SCHOOL,Sub County,Mixed,
4208,15318313,KAGUMA MIXED SECONDARY SCHOOL,Sub County,Mixed,
4209,15318315,KIANTHUMBI MIXED SECONDARY SCHOOL,Sub County,Mixed,
4210,15318318,KITHIRUNE MIXED DAY SECONDARY SCHOOL,Sub County,Mixed,
4211,15318319,MURI MIXED DAY SECONDARY SCHOOL,Sub County,Mixed,
4212,15318321,MUTHANGENE DAY SECONDARY SCHOOL,Sub County,Mixed,
4213,15318322,MBWINJERU DAY SECONDARY SCHOOL,Sub County,Mixed,
4214,15318324,KATHIRANGA DAY SECONDARY SCHOOL,Sub County,Mixed,
4215,15318325,KINJO MIXED DAY SECONDARY SCHOOL,Sub County,Mixed,
4216,15318327,MURUUGI MIXED DAY SECONDARY SCHOOL,Sub County,Mixed,
4217,15319111,KITHUNGURI SECONDARY SCHOOL,Sub County,Mixed,
4218,15319112,NKUMARI SECONDARY SCHOOL,Sub County,Mixed,
4219,15319113,2 0K2A0T HKACNPET HSAECTOU NMDIXAERDY DSACYH OSOECL OCNHDOAICREYS LSICSTHOOL,Sub County,Mixed,
4220,15319114,ACK MITUNGUU BOYS BOARDING SECONDARY SCHOOL,Sub County,Mixed,
4221,15319115,KAUBAU DAY SECONDARY SCHOOL,Sub County,Mixed,
4222,15319116,KIGARINE MIXED DAY SECONDARY SCHOOL,Sub County,Mixed,
4223,15319117,NKUBU MIXED DAY SECONDARY SCHOOL,Sub County,Mixed,
4224,15319118,KAGWAMPUNGU DAY SECONDARY SCHOOL,Sub County,Mixed,
4225,15319119,UPPER MIKUMBUNE SECONDARY SCHOOL,Sub County,Mixed,
4226,15319120,RWOMPO SECONDARY SCHOOL,Sub County,Mixed,
4227,15319121,GAKONDI MIXED DAY SECONDARY SCHOOL,Sub County,Mixed,
4228,15319122,KIANJOGU MIXED DAY SECONDARY,Sub County,Mixed,
4229,15319207,MUUTIOKIAMA SECONDARY SCHOOL,Sub County,Mixed,
4230,15319209,ST.EUGENE SECONDARY SCHOOL,Sub County,Mixed,
4231,15319211,NTHARENE MIXED DAY SECONDARY SCHOOL,Sub County,Mixed,
4232,15319212,YURURU DAY SECONDARY SCHOOL,Sub County,Mixed,
4233,15319213,LOWER CHURE DAY SECONDARY SCHOOL,Sub County,Mixed,
4234,15319215,KIONYO SECONDARY SCHOOL,Sub County,Mixed,
4235,15319216,BLESSED JOSEPH GERALD DAY SECONDARY SCHOOL,Sub County,Mixed,
4236,15319217,MENWE MIXED DAY SECONDARY SCHOOL,Sub County,Mixed,
4237,15319218,GAATIA MIXED DAY SECONDARY SCHOOL,Sub County,Mixed,
4238,15319219,KAIRAA MIXED DAY SECONDARY SCHOOL,Sub County,Mixed,
4239,15319220,ST. MARTIN'S NGONGO MIXED DAY SECONDARY SCHOOL,Sub County,Mixed,
4240,15319222,KOTHINE MIXED DAY SECONDARY SCHOOL,Sub County,Mixed,
4241,15319223,NYOMBA YATHI DAY SECONDARY SCHOOL,Sub County,Mixed,
4242,15319224,KITHAKANARO MIXED DAY SECONDARY SCHOOL,Sub County,Mixed,
4243,15319225,IGANDENE MIXED DAY SECONDARY SCHOOL,Sub County,Mixed,
4244,15319304,KIANGUA SECONDARY SCHOOL,Sub County,Boys,
4245,15319309,KIUNE MIXED DAY SECONDARY SCHOOL,Sub County,Mixed,
4246,15319311,MUREMBU DAY SECONDARY SCHOOL,Sub County,Mixed,
4247,15319312,2 0M2W0 EKRCUP EM SIXECEOD NDDAAYR SYE SCCOHNODOALR CYH SOCIHCOESO LLIST,Sub County,Mixed,
4248,15319313,KAROE DAY MIXED SECONDARY SCHOOL,Sub County,Mixed,
4249,15319314,ST JOSEPHS INTEGRATED SECONDARY SCHOOL,Sub County,Mixed,
4250,15319315,KATHIGU DAY SECONDARY SCHOOL,Sub County,Mixed,
4251,15319316,MUGAE HILL MIXED DAY SECONDARY SCHOOL,Sub County,Mixed,
4252,15319317,RURAMA MIXED DAY SECONDARY SCHOOL,Sub County,Mixed,
4253,15319319,MBAINE MIXED DAY SECONDARY SCHOOL,Sub County,Mixed,
4254,15319320,KINORO MIXED DAY SECONDARY SCHOOL,Sub County,Mixed,
4255,15319322,GEETO MIXED DAY SECONDARY SCHOOL,Sub County,Mixed,
4256,15319323,MUTUNGURU SECONDARY SCHOOL,Sub County,Mixed,
4257,15319325,MUKARAGATINE SECONDARY SCHOOL,Sub County,Mixed,
4258,15319326,ST. PAULS GITINE SECONDARY SCHOOL,Sub County,Mixed,
4259,15327112,KUNENE MIXED DAY SECONDARY SCHOOL,Sub County,Mixed,
4260,15327114,MUCUUNE MIXED DAY SECONDARY SCHOOL,Sub County,Mixed,
4261,15327115,THINYAINE DAY SECONDARY SCHOOL,Sub County,Mixed,
4262,15327116,MIATHENE MIXED SECONDARY SCHOOL,Sub County,Mixed,
4263,15327117,URRU MIXED DAY SECONDARY SCHOOL,Sub County,Mixed,
4264,15327119,ST JOHNS' NCHOORO MIXED DAY SECONDARY SCHOOL,Sub County,Mixed,
4265,15327121,LUBUNU SECONDARY SCHOOL,Sub County,Mixed,
4266,15327122,THAU MIXED DAY SECONDARY SCHOOL,Sub County,Mixed,
4267,15327123,MACHEGENE MIXED SECONDARY SCHOOL,Sub County,Mixed,
4268,15327124,MACHAKU DAY SECONDARY SCHOOL,Sub County,Mixed,
4269,15327125,MUTHIONJURI DAY SECONDARY SCHOOL,Sub County,Mixed,
4270,15327126,LACIATHURIU MIXED SECONDARY SCHOOL,Sub County,Mixed,
4271,15327127,ST. CLARE GIRLS ' CENTRE,Sub County,Girls,
4272,15327128,KALIATI MIXED DAY SECONDARY SCHOOL,Sub County,Mixed,
4273,15327129,NKANGA SECONDARY SCHOOL,Sub County,Mixed,
4274,15327130,KAAMU MIXED DAY SECONDARY SCHOOL,Sub County,Mixed,
4275,15327131,2 0T2W0A KLCEP DEA SYE CSOENCODNADRAY RSYC HSOCOHOL OCHLOICES LIST,Sub County,Mixed,
4276,15327132,KIBIRU MIXED DAY SECONDARY SCHOOL,Sub County,Mixed,
4277,15327133,KITHIIRI MIXED DAY SECONDARY SCHOOL,Sub County,Mixed,
4278,15327134,MAKANDI MIXED DAY SECONDARY SCHOOL,Sub County,Mixed,
4279,15327135,NAIRIRI MIXED DAY SECONDARY SCHOOL,Sub County,Mixed,
4280,15327136,K.K. LUMBI MIXED DAY SECONDARY SCHOOL,Sub County,Mixed,
4281,15327137,KIRUKIRE DAY MIXED SECONDARY SCHOOL,Sub County,Mixed,
4282,15327138,KAMAROO MIXED DAY SECONDARY SCHOOL,Sub County,Mixed,
4283,15327139,AMWARI MIXED DAY SECONDARY SCHOOL,Sub County,Mixed,
4284,15327140,LAIRANG'I MIXED DAY SECONDARY SCHOOL,Sub County,Mixed,
4285,15327141,K.K RWANJWEE MIXED DAY SECONDARY SCHOOL,Sub County,Mixed,
4286,15327142,MWANIKA MIXED DAY SECONDARY SCHOOL,Sub County,Mixed,
4287,15327144,KIORIMBA MIXED DAY SECONDARY SCHOOL,Sub County,Mixed,
4288,15327145,MWERONKORO MIXED DAY SECONDARY SCHOOL,Sub County,Mixed,
4289,15327146,MCK NTIBA MIXED DAY SECONDARY SCHOOL,Sub County,Mixed,
4290,15327147,ST. AUGUSTINE- LUURIA DAY SECONDARY SCHOOL,Sub County,Mixed,
4291,15327148,AMATU MIXED DAY SECONDARY SCHOOL,Sub County,Mixed,
4292,15327149,MITUNTU MIXED DAY SECONDARY SCHOOL,Sub County,Mixed,
4293,15327150,KAMITONGU MIXED DAY SECONDARY SCHOOL,Sub County,Mixed,
4294,15327151,KIANDIU MIXED DAY SECONDARY SCHOOL,Sub County,Mixed,
4295,15334104,KANGAITA MIXED SECONDARY SCHOOL,Sub County,Mixed,
4296,15334105,ONTULILI MIXED SECONDARY SCHOOL,Sub County,Mixed,
4297,15334106,KITHITHINA MIXED SECONDARY SCHOOL,Sub County,Mixed,
4298,15334107,NTIRIMITI MIXED DAY SECONDARY SCHOOL,Sub County,Mixed,
4299,15334108,GUNDUA DAY SECONDARY SCHOOL,Sub County,Mixed,
4300,15334109,NGUSISHI SECONDARY SCHOOL,Sub County,Mixed,
4301,15334110,ANGAINE MIXED DAY SECONDARY SCHOOL,Sub County,Mixed,
4302,15334111,MARITATI DAY SECONDARY SCHOOL,Sub County,Mixed,
4303,15334112,2 0N2G0A KRCEP NED SAERCOE NMDIXAERDY DSACYH OSEOCL OCNHDOAICREYS SLCISHTOOL,Sub County,Mixed,
4304,15334113,TIMAU MIXED DAY SECONDARY SCHOOL,Sub County,Mixed,
4305,15334114,SIRIMON MIXED DAY SECONDARY SCHOOL,Sub County,Mixed,
4306,15334115,AIPCA SUBUIGA MIXED DAY SECONDARY SCHOOL,Sub County,Mixed,
4307,15337106,ST. MARY'S NTANKI MIXED DAY SECONDARY SCHOOL,Sub County,Mixed,
4308,15337107,MIRIKI MIXED DAY SECONDARY SCHOOL,Sub County,Mixed,
4309,15337109,NAIRURU SECONDARY SCHOOL,Sub County,Mixed,
4310,15337110,ANJALU MIXED DAY SECONDARY SCHOOL,Sub County,Mixed,
4311,15337112,KARICHU MIXED SECONDARY SCHOOL,Sub County,Mixed,
4312,15337115,KATHATENE MIXED DAY SECONDARY SCHOOL,Sub County,Mixed,
4313,15337204,KATHANGA SECONDARY SCHOOL,Sub County,Mixed,
4314,15337205,KITHETU SECONDARY SCHOOL,Sub County,Mixed,
4315,15337206,AMBARU MIXED DAY SECONDARY SCHOOL,Sub County,Mixed,
4316,15337207,K.K. BAITHAI SECONDARY SCHOOL,Sub County,Mixed,
4317,15337208,NKAMATHI SECONDARY SCHOOL,Sub County,Mixed,
4318,15337209,LEETA DAY SECONDARY SCHOOL,Sub County,Mixed,
4319,15337210,MBURANJIRU MIXED DAY SECONDARY SCHOOL,Sub County,Mixed,
4320,15337211,MBAYO DAY SECONDARY SCHOOL,Sub County,Mixed,
4321,15337212,INONO DAY MIXED SECONDARY SCHOOL,Sub County,Mixed,
4322,15337213,NGUKWINE SECONDARY SCHOOL,Sub County,Mixed,
4323,15337214,MCK KAMBOO MIXED DAY SECONDARY SCHOOL,Sub County,Mixed,
4324,15337215,NAIKURIU SECONDARY SCHOOL,Sub County,Mixed,
4325,15337304,MARIRI SECONDARY SCHOOL,Sub County,Mixed,
4326,15337305,NKANDA SECONDARY SCHOOL,Sub County,Mixed,
4327,15337307,MWERONGUNDU SECONDARY SCHOOL,Sub County,Mixed,
4328,15337308,KIRINDARA MIXED DAY SECONDARY SCHOOL,Sub County,Mixed,
4329,15337311,LINJOKA DAY SECONDARY SCHOOL,Sub County,Mixed,
4330,15337312,MIUINE MIXED DAY SECONDARY SCHOOL,Sub County,Mixed,
4331,15337315,2 0L2U0K UKCNPUEN SUE MCOIXNEDDA SREYC SOCNHDOAORLY C SHCOHIOCEOSL LIST,Sub County,Mixed,
4332,15349101,ST. CYPRIAN BOYS' HIGH SCHOOL,Sub County,Boys,
4333,15349102,KARAMA SECONDARY SCHOOL,Sub County,Boys,
4334,15349103,ST.ANGELAS GIRLS SECONDARY SCHOOL,Sub County,Girls,
4335,15349104,NYAMBENE GIRLS SECONDARY SCHOOL,Sub County,Girls,
4336,15349106,MCK LUUMA SECONDARY SCHOOL,Sub County,Mixed,
4337,15349107,MUTHARA MIXED DAY SECONDARY SCHOOL,Sub County,Mixed,
4338,15349108,ANTUANDURU MIXED DAY SECONDARY SCHOOL,Sub County,Mixed,
4339,15349109,NCHUI MIXED DAY SECONDARY SCHOOL,Sub County,Mixed,
4340,15349110,LUBUATHIRUA MIXED SECONDARY SCHOOL,Sub County,Mixed,
4341,15349112,THUBUKU MIXED DAY SECONDARY SCHOOL,Sub County,Mixed,
4342,15349113,MWEROKIENI DAY SECONDARY SCHOOL,Sub County,Mixed,
4343,15349114,NTIRUTU SECONDARY SCHOOL,Sub County,Mixed,
4344,15349115,LAILUBA MIXED DAY AND BOARDING SECONDARY SCHOOL,Sub County,Mixed,
4345,15349116,KINANGARU MIXED DAY SECONDARY SCHOOL,Sub County,Mixed,
4346,15349117,D.E.B MBARANGA DAY SECONDARY SCHOOL,Sub County,Mixed,
4347,15349118,MABUURUA MIXED DAY SECONDARY SCHOOL,Sub County,Mixed,
4348,15349120,THUURIA MIXED DAY SECONDARY SCHOOL,Sub County,Mixed,
4349,15349121,KAILUTHA MIXED DAY SECONDARY SCHOOL,Sub County,Mixed,
4350,15349122,NTULILI SECONDARY SCHOOL,Sub County,Mixed,
4351,15349123,MCS KIRIMA MIXED DAY SECONDARY SCHOOL,Sub County,Mixed,
4352,15349124,LAIBOCHA DAY SECONDARY SCHOOL,Sub County,Mixed,
4353,15349125,MWEROMUTHANGA MIXED DAY SECONDARY SCHOOL,Sub County,Mixed,
4354,15361102,AMETHO DAY SECONDARY SCHOOL,Sub County,Mixed,
4355,15361103,AMUGAA MIXED DAY SECONDARY SCHOOL,Sub County,Mixed,
4356,15361104,ANKAMIA DAY SECONDARY SCHOOL,Sub County,Mixed,
4357,15361105,DEB KIGUMA MIXED DAY SECONDARY SCHOOL,Sub County,Mixed,
4358,15361107,IKANA MIXED DAY SECONDARY SCHOOL,Sub County,Mixed,
4359,15361110,2 K0A20L UKLCI PMEI XSEECDO DNADYA SREYC SOCNHDOAORLY C SHCOHIOCEOSL LIST,Sub County,Mixed,
4360,15361111,KIGUCHWA MIXED DAY SECONDARY SCHOOL,Sub County,Mixed,
4361,15361112,KING'O MIXED DAY SECONDARY SCHOOL,Sub County,Mixed,
4362,15361113,MAREGA MIXED DAY SECONDARY SCHOOL,Sub County,Mixed,
4363,15361114,MCK KAATHI BUKWANG DAY MIXED SECONDARY SCHOOL,Sub County,Mixed,
4364,15361116,MIURINE MIXED DAY SECONDARY SCHOOL,Sub County,Mixed,
4365,15361117,MUCIIMUKURU MIXED DAY SECONDARY SCHOOL,Sub County,Mixed,
4366,15361118,MUKONO MIXED DAY SECONDARY SCHOOL,Sub County,Mixed,
4367,15361119,MUTEWA DAY SECONDARY SCHOOL,Sub County,Mixed,
4368,15361121,RURII MIXED DAY SECONDARY SCHOOL,Sub County,Mixed,
4369,15361122,RWARE GIRLS SECONDARY SCHOOL,Sub County,Girls,
4370,15361123,ST. MASSIMO MIXED SECONDARY SCHOOL,Sub County,Mixed,
4371,15361124,ST. BENEDICTS MIXED DAY SECONDARY SCHOOL,Sub County,Mixed,
4372,15361125,THUURI DAY SECONDARY SCHOOL,Sub County,Mixed,
4373,15362104,KILIMA MUNGU MIXED SECONDARY SCHOOL,Sub County,Mixed,
4374,15362105,NTURUBA MIXED DAY SECONDARY SCHOOL,Sub County,Mixed,
4375,15362106,THAMARE MIXED DAY SECONDARY SCHOOL,Sub County,Mixed,
4376,15362107,KANGETA MIXED DAY SECONDARY SCHOOL,Sub County,Mixed,
4377,15362108,NKINYANG'A SECONDARY SCHOOL,Sub County,Mixed,
4378,15362109,KIEIYA SECONDARY SCHOOL,Sub County,Mixed,
4379,15362110,KONGO KAMAU MIXED DAY SECONDARY SCHOOL,Sub County,Mixed,
4380,15362111,KANDUBAI DAY SECONDARY SCHOOL,Sub County,Mixed,
4381,15362112,KITHARE DAY SECONDARY SCHOOL,Sub County,Mixed,
4382,15362113,NTUTI MIXED DAY SECONDARY SCHOOL,Sub County,Mixed,
4383,15362114,MUKULULU DAY SECONDARY SCHOOL,Sub County,Mixed,
4384,15362116,MACHUNGULU SECONDARY SCHOOL,Sub County,Mixed,
4385,15362117,KATHELWA SECONDARY SCHOOL,Sub County,Mixed,
4386,15362118,KARAMA ANTUAMUO SECONDARY SCHOOL,Sub County,Mixed,
4387,15362119,2 0T2U0U RKCUP DEA SYE CSOECNODNADRAY RSYC HSOCOHOL OCHLOICES LIST,Sub County,Mixed,
4388,15362120,MURINGENE DAY SECONDARY SCHOOL,Sub County,Mixed,
4389,15362121,ST. JAMES DAY SECONDARY SCHOOL-LIMBUKU,Sub County,Mixed,
4390,15362203,KAURINE DAY SECONDARY SCHOOL,Sub County,Mixed,
4391,15362204,MATIANDUI SECONDARY SCHOOL,Sub County,Mixed,
4392,15362205,NTHAMBIRO MIXED DAY SECONDARY SCHOOL,Sub County,Mixed,
4393,15362206,MIORI MIXED DAY SECONDARY SCHOOL,Sub County,Mixed,
4394,15362207,KATHATHENE SECONDARY SCHOOL,Sub County,Mixed,
4395,15362209,KAWIRU SECONDARY SCHOOL,Sub County,Mixed,
4396,15362210,THIMBILI MIXED DAY SECONDARY SCHOOL,Sub County,Mixed,
4397,15362211,K.K. AARU SECONDARY SCHOOL,Sub County,Mixed,
4398,15362212,KAMIRURU MIXED DAY SECONDARY SCHOOL,Sub County,Mixed,
4399,15362213,AKUUNE MIXED DAY SECONDARY SCHOOL,Sub County,Mixed,
4400,15362214,KABUKURO SECONDARY SCHOOL,Sub County,Mixed,
4401,15362215,KANAATHU MIXED DAY SECONDARY SCHOOL,Sub County,Mixed,
4402,15362216,MURERA SECONDARY SCHOOL,Sub County,Mixed,
4403,15362217,KIUTINE ADVENTIST SECONDARY SCHOOL,Sub County,Mixed,
4404,15362218,KANJOO MIXED DAY SECONDARY SCHOOL,Sub County,Mixed,
4405,15362219,MATIRINE MIXED DAY SECONDARY SCHOOL,Sub County,Mixed,
4406,15364205,MICHOGOMONE SECONDARY SCHOOL,Sub County,Mixed,
4407,15364206,ST. JAMES TUTUA SECONDARY SCHOOL,Sub County,Mixed,
4408,15364207,NCOROIBORO MIXED DAY SECONDARY SCHOOL,Sub County,Mixed,
4409,15364208,RUGETENE DAY SECONDARY SCHOOL,Sub County,Mixed,
4410,15364209,MUTUUMA DAY SECONDARY SCHOOL,Sub County,Mixed,
4411,15364210,KIIRUA MIXED DAY SECONDARY SCHOOL,Sub County,Mixed,
4412,15364211,BUURI HIGH SCHOOL,Sub County,Mixed,
4413,15364212,MITOONE MIXED DAY SECONDARY SCHOOL,Sub County,Mixed,
4414,15364213,RWARERA MIXED DAY SECONDARY SCHOOL,Sub County,Mixed,
4415,15364305,2 0R2U0IB KIC MPIEX ESEDC DOANYD SAERCYO SNCDHAOROYL SCCHHOOICOELS LIST,Sub County,Mixed,
4416,15364306,NTUGI MIXED DAY SECONDARY SCHOOL,Sub County,Mixed,
4417,15364307,NTUMBURI DAY MIXED SECONDARY SCHOOL,Sub County,Mixed,
4418,15364308,MURINYA DAY SECONDARY SCHOOL,Sub County,Mixed,
4419,15364309,MBURUGITI MIXED DAY SECONDARY SCHOOL,Sub County,Mixed,
4420,15364310,LUMAR GIRLS SECONDARY SCHOOL,Sub County,Girls,
4421,16305102,MARSABIT MIXED DAY SECONDARY SCHOOL,Sub County,Mixed,
4422,16305104,DAKABARICHA SECONDARY SCHOOL,Sub County,Mixed,
4423,16305105,KARARE MIXED DAY SECONDARY SCHOOL,Sub County,Mixed,
4424,16305203,GADAMOJI HIGH SCHOOL,Sub County,Mixed,
4425,16305301,GORO RUKESA MIXED DAY SECONDARY SCHOOL,Sub County,Mixed,
4426,16305303,DIBAYU HIGH SCHOOL,Sub County,Mixed,
4427,16305304,BADASSA MIXED SECONDARY SCHOOL,Sub County,Mixed,
4428,16311104,MANYATTA MIXED DAY SECONDARY SCHOOL,Sub County,Mixed,
4429,16311105,BUTIYE MIXED DAY SECONDARY SCHOOL,Sub County,Mixed,
4430,16311106,DABEL MIXED DAY SECONDARY SCHOOL,Sub County,Mixed,
4431,16311107,SESSI SECONDARY SCHOOL,Sub County,Mixed,
4432,16311109,ODDA MIXED DAY SECONDARY SCHOOL,Sub County,Mixed,
4433,16311110,TOWNSHIP MIXED DAY SECONDARY SCHOOL,Sub County,Girls,
4434,16311111,HEILU MIXED SECONDARY SCHOOL,Sub County,Mixed,
4435,16321202,NGURUNIT SECONDARY SCHOOL,Sub County,Mixed,
4436,16340203,WALDA COMPLEX SECONDARY SCHOOL,Sub County,Boys,
4437,16340204,URAN SECONDARY SCHOOL,Sub County,Mixed,
4438,16358103,RUSO MIXED DAY SECONDARY SCHOOL,Sub County,Mixed,
4439,16358201,DUKANA HIGH SCHOOL,Sub County,Boys,
4440,16359103,KOROLLE HIGH SCHOOL,Sub County,Boys,
4441,17306104,ST. PAUL'S KIWANJANI SECONDARY SCHOOL,Sub County,Mixed,
4442,17306106,ISIOLO BARRACKS SECONDARY SCHOOL,Sub County,Mixed,
4443,17306109,2 0M2W0 AKNCGPEA ZSAE CGOIRNLDSA SREYC SOCNHDOAORLY C SHCOHICOEOSL LIST,Sub County,Girls,
4444,17306202,WASO SECONDARY SCHOOL,Sub County,Mixed,
4445,17306204,UHURU MIXED DAY SECONDARY SCHOOL,Sub County,Mixed,
4446,17306205,BULAMPYA DAY SECONDARY SCHOOL,Sub County,Mixed,
4447,17306207,LIONS COMPLEX SECONDARY SCHOOL,Sub County,Mixed,
4448,17306303,LEPARUA MIXED DAY SECONDARY SCHOOL,Sub County,Mixed,
4449,17306304,LABARISHEREKI SECONDARY SCHOOL,Sub County,Mixed,
4450,17356103,KORBESA MIXED DAY SECONDARY SCHOOL,Sub County,Mixed,
4451,18307107,KITONYONI SECONDARY SCHOOL,Sub County,Mixed,
4452,18307108,MUNYUNI SECONDARY SCHOOL,Sub County,Mixed,
4453,18307109,KAMBI MAWE SECONDARY SCHOOL,Sub County,Mixed,
4454,18307110,MANDOI SECONDARY SCHOOL,Sub County,Mixed,
4455,18307112,AIC MUTULANI SECONDARY SCHOOL,Sub County,Mixed,
4456,18307113,NZIU SECONDARY SCHOOL,Sub County,Mixed,
4457,18307114,NTHANGU MIXED DAY AND BOARDING SECONDARY SCHOOL,Sub County,Mixed,
4458,18307115,KIMUUMO SECONDARY SCHOOL,Sub County,Mixed,
4459,18307116,NGOSINI SECONDARY SCHOOL,Sub County,Mixed,
4460,18307117,A.I.C MUTHYOI SECONDARY SCHOOL,Sub County,Mixed,
4461,18307118,MUAMBANI MIXED SECONDARY SCHOOL,Sub County,Mixed,
4462,18307119,KAMBI MAWE BOYS SECONDARY SCHOOL,Sub County,Boys,
4463,18307120,KITHONI SECONDARY SCHOOL,Sub County,Mixed,
4464,18307121,SENDA SECONDARY SCHOOL,Sub County,Mixed,
4465,18307122,SIA SECONDARY SCHOOL,Sub County,Mixed,
4466,18307203,MUKUYUNI SECONDARY SCHOOL,Sub County,Mixed,
4467,18307205,IUANI SECONDARY SCHOOL,Sub County,Mixed,
4468,18307206,KYUMU SECONDARY SCHOOL,Sub County,Mixed,
4469,18307207,ST JOHN BOSCO KYUASINI SECONDARY SCHOOL,Sub County,Mixed,
4470,18307209,MAKULI ACK SECONDARY SCHOOL,Sub County,Mixed,
4471,18307210,2 0N2T0H KUCKPUEL ASE AC.OB.NCD SAERCYO SNCDHAOROYL S CCHHOOIOCELS LIST,Sub County,Mixed,
4472,18307211,ACK UKIA MIXED SECONDARY SCHOOL,Sub County,Mixed,
4473,18307212,UTAATI ACK SECONDARY SCHOOL,Sub County,Mixed,
4474,18307213,AIC IUANI SECONDARY SCHOOL,Sub County,Mixed,
4475,18307214,MUIU SECONDARY SCHOOL,Sub County,Mixed,
4476,18307215,ST FRANCIS KIUUKUNI SECONDARY SCHOOL,Sub County,Mixed,
4477,18307216,AIC KINYUANI SECONDARY SCHOOL,Sub County,Mixed,
4478,18307217,ST PETERS KYAU SECONDARY SCHOOL,Sub County,Mixed,
4479,18307301,KIVANI SECONDARY SCHOOL,Sub County,Mixed,
4480,18307302,KITANDI SECONDARY SCHOOL,Sub County,Mixed,
4481,18307303,KASUNGUNI SECONDARY SCHOOL,Sub County,Mixed,
4482,18307304,MUTULANI SECONDARY SCHOOL,Sub County,Mixed,
4483,18307305,KEE S.A. SECONDARY SCHOOL,Sub County,Mixed,
4484,18307306,NGULUNI SECONDARY SCHOOL,Sub County,Mixed,
4485,18307309,MWEA SECONDARY SCHOOL,Sub County,Mixed,
4486,18323104,KYUU SECONDARY SCHOOL,Sub County,Mixed,
4487,18323106,MUKAATINI SECONDARY SCHOOL,Sub County,Mixed,
4488,18323108,KIKIINI SECONDARY SCHOOL,Sub County,Mixed,
4489,18323110,KINYEE SECONDARY SCHOOL,Sub County,Mixed,
4490,18323111,SYILUNI SECONDARY SCHOOL,Sub County,Mixed,
4491,18323112,SNR CHIEF MUNGUTI SECONDARY SCHOOL,Sub County,Mixed,
4492,18323113,UKALA AIC SECONDARY SCHOOL,Sub County,Mixed,
4493,18323202,KITHUNGO SECONDARY SCHOOL,Sub County,Mixed,
4494,18323203,KITUNDU SECONDARY SCHOOL,Sub County,Mixed,
4495,18323204,NGAI SECONDARY SCHOOL,Sub County,Mixed,
4496,18323206,KILYUNGI SECONDARY SCHOOL,Sub County,Mixed,
4497,18323207,KUSYONGALI SECONDARY SCHOOL,Sub County,Mixed,
4498,18323208,A.C.K ST. JOSEPH'S KYANDOTE SECONDARY SCHOOL,Sub County,Mixed,
4499,18323209,2 0IT2I0T UK CAP.IE.C S SECEOCONNDDAARRYY S CSHCOHOOOL LCHOICES LIST,Sub County,Mixed,
4500,18323210,MUMANI HIGH SCHOOL,Sub County,Mixed,
4501,18323211,SYATHANI SECONDARY SCHOOL,Sub County,Mixed,
4502,18323212,UVUU SECONDARY SCHOOL,Sub County,Mixed,
4503,18323213,ACK ST. STEPHEN KATHEMBONI SECONDARY SCHOOL,Sub County,Mixed,
4504,18323303,NDOO SECONDARY SCHOOL,Sub County,Mixed,
4505,18323305,MAVINDU SECONDARY SCHOOL,Sub County,Mixed,
4506,18323306,TUTUTHA SECONDARY SCHOOL,Sub County,Mixed,
4507,18323308,UVAANI SECONDARY SCHOOL,Sub County,Mixed,
4508,18323309,MALAA SECONDARY SCHOOL,Sub County,Mixed,
4509,18323310,KYAMITHENGE SECONDARY SCHOOL,Sub County,Mixed,
4510,18323312,KYANGUMA SECONDARY SCHOOL,Sub County,Mixed,
4511,18323313,WANZAUNI SECONDARY SCHOOL,Sub County,Mixed,
4512,18323314,UTUMONI SECONDARY SCHOOL,Sub County,Mixed,
4513,18323315,KITOO ABC MIXED SECONDARY SCHOOL,Sub County,Mixed,
4514,18323316,ITETANI GIRLS SECONDARY SCHOOL,Sub County,Girls,
4515,18323318,KWAITHI SECONDARY SCHOOL,Sub County,Mixed,
4516,18324102,MWEINI SECONDARY SCHOOL,Sub County,Mixed,
4517,18324104,MII SECONDARY SCHOOL,Sub County,Mixed,
4518,18324105,THITHI SECONDARY SCHOOL,Sub County,Mixed,
4519,18324106,NGUU SECONDARY SCHOOL,Sub County,Mixed,
4520,18324107,ST MARY'S ITAAVA SECONDARY SCHOOL,Sub County,Mixed,
4521,18324108,MASUMBA SECONDARY SCHOOL,Sub County,Mixed,
4522,18324109,ST. ANTHONY ITIANI SECONDARY SCHOOL,Sub County,Mixed,
4523,18324110,MATUTU SECONDARY SCHOOL,Sub County,Mixed,
4524,18324111,NDUNGUNI MIXED SECONDARY SCHOOL,Sub County,Mixed,
4525,18324112,NDATANI SECONDARY SCHOOL,Sub County,Mixed,
4526,18324114,VOLOLO SECONDARY SCHOOL,Sub County,Mixed,
4527,18324115,2 0M2U0A KNCGPEEN SI EMCIOXENDD ASREYC OSCNHDOAROYL CSHCOHOICOELS LIST,Sub County,Mixed,
4528,18324202,NDUUNDUNE SECONDARY SCHOOL,Sub County,Mixed,
4529,18324203,MBUTHANI SECONDARY SCHOOL,Sub County,Mixed,
4530,18324204,KYEMUNDU SECONDARY SCHOOL,Sub County,Mixed,
4531,18324207,ST. JOSEPH HIGH SCHOOL-TUTINI,Sub County,Mixed,
4532,18324208,KYUMBUNI SECONDARY SCHOOL,Sub County,Mixed,
4533,18324209,MUAMBWANI SECONDARY SCHOOL,Sub County,Mixed,
4534,18324210,MUKAMENI BOYS' SECONDARY SCHOOL,Sub County,Mixed,
4535,18324211,MANOONI SECONDARY SCHOOL,Sub County,Mixed,
4536,18324212,NDWAANI SECONDARY SCHOOL,Sub County,Mixed,
4537,18324213,MUNGYANI SECONDARY SCHOOL,Sub County,Mixed,
4538,18324214,VULUENI SECONDARY SCHOOL,Sub County,Mixed,
4539,18324215,MBELETU SECONDARY SCHOOL,Sub County,Mixed,
4540,18324216,KILIKU MIXED SECONDARY SCHOOL,Sub County,Mixed,
4541,18324217,MATIKU SECONDARY SCHOOL,Sub County,Mixed,
4542,18324220,MUTAITI SECONDARY SCHOOL,Sub County,Mixed,
4543,18324221,SERENA WILLIAMS MATOONI SECONDARY SCHOOL,Sub County,Mixed,
4544,18324222,A.B.C KALUMBI SECONDARY SCHOOL,Sub County,Mixed,
4545,18324223,MASUE HIGH SCHOOL,Sub County,Mixed,
4546,18324224,EMALI TOWNSHIP SECONDARY SCHOOL,Sub County,Mixed,
4547,18324226,KAVUTHU SECONDARY SCHOOL,Sub County,Mixed,
4548,18324227,ST. FRANCIS OF ASSISI SECONDARY SCHOOL-KALIINI,Sub County,Mixed,
4549,18324302,KALAMBA SECONDARY SCHOOL,Sub County,Mixed,
4550,18324305,KILILI SECONDARY SCHOOL,Sub County,Mixed,
4551,18324306,KITHUMBA SECONDARY SCHOOL,Sub County,Mixed,
4552,18324307,KALAANI MIXED SECONDARY SCHOOL,Sub County,Mixed,
4553,18324308,MAUMBA SECONDARY SCHOOL,Sub County,Mixed,
4554,18324310,KAWALA SECONDARY SCHOOL,Sub County,Mixed,
4555,18324311,2 0S2T0.M KACRPYE' SS ENCDOONVDEAAR SYE SCCOHNODOALR CYH SOCIHCOESO LLIST,Sub County,Mixed,
4556,18324313,SERENA WILLIAMS WEE SECONDARY SCHOOL,Sub County,Mixed,
4557,18324314,KWAKUKUI MIXED DAY SECONDARY SCHOOL,Sub County,Mixed,
4558,18324315,MATHA SECONDARY SCHOOL,Sub County,Mixed,
4559,18324316,ST. THERESA SECONDARY SCHOOL MUUANI,Sub County,Mixed,
4560,18324317,NDUUMONI MIXED DAY SECONDARY SCHOOL,Sub County,Mixed,
4561,18325105,KATHEKANI SECONDARY SCHOOL,Sub County,Mixed,
4562,18325106,IIANI SECONDARY SCHOOL,Sub County,Mixed,
4563,18325107,IVINGONI SECONDARY SCHOOL,Sub County,Mixed,
4564,18325108,YUMBUNI SECONDARY SCHOOL,Sub County,Mixed,
4565,18325110,MISUUNI MIXED SECONDARY SCHOOL,Sub County,Mixed,
4566,18325111,ST. LUCY KALIMANI SECONDARY SCHOOL,Sub County,Mixed,
4567,18325112,NGWATA SECONDARY SCHOOL,Sub County,Mixed,
4568,18325113,YIKITAA SECONDARY SCHOOL,Sub County,Mixed,
4569,18325115,KITENG'EI SECONDARY SCHOOL,Sub County,Mixed,
4570,18325116,KIUNDWANI SECONDARY SCHOOL,Sub County,Mixed,
4571,18325119,MOLEMUNI GIRLS SECONDARY SCHOOL,Sub County,Mixed,
4572,18325120,NZOILA SECONDARY SCHOOL,Sub County,Mixed,
4573,18325121,MAVINDINI SECONDARY SCHOOL.,Sub County,Mixed,
4574,18325122,KIUANI SECONDARY SCHOOL,Sub County,Mixed,
4575,18325123,KAMULALANI SECONDARY SCHOOL,Sub County,Mixed,
4576,18325124,SILANGA SECONDARY SCHOOL,Sub County,Mixed,
4577,18325125,MATULANI SECONDARY SCHOOL,Sub County,Mixed,
4578,18325126,TSAVO WEST SECONDARY SCHOOL,Sub County,Mixed,
4579,18325127,MIANGENI SECONDARY SCHOOL,Sub County,Mixed,
4580,18325128,ITITI SECONDARY SCHOOL,Sub County,Mixed,
4581,18325129,MWITASYANO SECONDARY SCHOOL,Sub County,Mixed,
4582,18325130,KOMBOYOO MIXED SECONDARY SCHOOL,Sub County,Mixed,
4583,18325131,2 0K2Y0U KSCYPAEN IS SECEOCNONDDAARRY YS CSHCOHOOLO CLHOICES LIST,Sub County,Mixed,
4584,18325132,MBEETWANI SECONDARY SCHOOL,Sub County,Mixed,
4585,18325133,CANAAN SECONDARY SCHOOL,Sub County,Mixed,
4586,18325135,MUTHINGIINI GIRLS SECONDARY SCHOOL,Sub County,Girls,
4587,18325202,ST PETER'S THANGE SECONDARY SCHOOL,Sub County,Mixed,
4588,18325204,KIAONI SECONDARY SCHOOL,Sub County,Mixed,
4589,18325208,MIKUYUNI MIXED SECONDARY SCHOOL,Sub County,Mixed,
4590,18325210,ST.SIMON MBUI NZAU SECONDARY SCHOOL,Sub County,Mixed,
4591,18325211,ITHUMULA SECONDARY SCHOOL,Sub County,Mixed,
4592,18325212,KALUNGU SECONDARY SCHOOL,Sub County,Mixed,
4593,18325213,MASALANI SECONDARY SCHOOL,Sub County,Mixed,
4594,18325215,NYAYO SECONDARY SCHOOL,Sub County,Mixed,
4595,18325216,NGAIKINI SECONDARY SCHOOL,Sub County,Mixed,
4596,18325217,NTHONGONI SECONDARY SCHOOL,Sub County,Mixed,
4597,18325302,MAIKUU SECONDARY SCHOOL,Sub County,Mixed,
4598,18325304,MASAKU NDOGO SECONDARY SCHOOL,Sub County,Mixed,
4599,18325305,ULILINZI SECONDARY SCHOOL,Sub County,Mixed,
4600,18325306,NDAUNI SECONDARY SCHOOL,Sub County,Mixed,
4601,18325308,ST. MARTINS KYUMANI SECONDARY SCHOOL,Sub County,Mixed,
4602,18325310,KYANGULI SECONDARY SCHOOL-KIBWEZI,Sub County,Mixed,
4603,18325311,KALULU SECONDARY SCHOOL,Sub County,Mixed,
4604,18325312,PROFESSOR KALOKI MUTHUNGUE SECONDARY SCHOOL,Sub County,Mixed,
4605,18325313,MAKUTANO SECONDARY SCHOOL,Sub County,Mixed,
4606,18325314,KYAANI SECONDARY SCHOOL,Sub County,Mixed,
4607,18325315,UTINI MIXED DAY SECONDARY SCHOOL,Sub County,Mixed,
4608,18325316,MASONGALENI SECONDARY SCHOOL,Sub County,Mixed,
4609,18325317,USALAMA SECONDARY SCHOOL,Sub County,Mixed,
4610,18325318,KITHASYU SECONDARY SCHOOL,Sub County,Mixed,
4611,18335101,2 0K2A0N KZCOPKEE ASENCI OSNECDOANRDY ASRCYH OSOCHL OCHOOLICES LIST,Sub County,Mixed,
4612,18335103,YINTHUNGU SECONDARY SCHOOL,Sub County,Mixed,
4613,18335104,MATHEANI SECONDARY SCHOOL,Sub County,Mixed,
4614,18335105,YEKANGA SECONDARY SCHOOL,Sub County,Mixed,
4615,18335106,KIUUKU MIXED DAY SECONDARY SCHOOL,Sub County,Mixed,
4616,18335107,IIANI SECONDARY SCHOOL,Sub County,Mixed,
4617,18335108,KYASE SECONDARY SCHOOL,Sub County,Mixed,
4618,18335202,KAVINGONI SECONDARY SCHOOL,Sub County,Mixed,
4619,18335203,KAASYA SECONDARY SCHOOL,Sub County,Mixed,
4620,18335204,KATHAMBONI SECONDARY SCHOOL,Sub County,Mixed,
4621,18335205,ST. JOSEPH'S IKAASU SECONDARY SCHOOL,Sub County,Mixed,
4622,18335206,ST AUGUSTINE ITUMBULE SECONDARY SCHOOL,Sub County,Mixed,
4623,18335209,ST. IGNATIUS SECONDARY SCHOOL - MATHEMBA,Sub County,Mixed,
4624,18335210,KWAKAVISI MIXED SECONDARY SCHOOL,Sub County,Mixed,
4625,18335211,THAVU SECONDARY SCHOOL,Sub County,Mixed,
4626,18335302,KANTHUNI SECONDARY SCHOOL,Sub County,Mixed,
4627,18335303,YEMULWA SECONDARY SCHOOL,Sub County,Mixed,
4628,18335304,MUUSINI SECONDARY SCHOOL,Sub County,Mixed,
4629,18335305,ST. STEPHEN KANYONGA SECONDARY SCHOOL,Sub County,Mixed,
4630,18335306,KATITHI SECONDARY SCHOOL,Sub County,Mixed,
4631,18335307,ST. JOSEPH KITUMBAI SECONDARY SCHOOL,Sub County,Mixed,
4632,18335309,AIC MAVINDINI GIRLS SECONDARY SCHOOL,Sub County,Girls,
4633,18335402,KITISE SECONDARY SCHOOL,Sub County,Mixed,
4634,18335403,MBUVO MIXED DAY SECONDARY SCHOOL,Sub County,Mixed,
4635,18335404,A.C.K ST. JOSEPH'S MAAUELI SECONDARY SCHOOL,Sub County,Mixed,
4636,18335405,MUNATHI SECONDARY SCHOOL,Sub County,Mixed,
4637,18335406,ACK KITEEI SECONDARY SCHOOL,Sub County,Mixed,
4638,18335407,ST. PETER ATHIANI SECONDARY SCHOOL,Sub County,Mixed,
4639,18335408,2 0K2A0T AKNCPGEIN SIE MCIOXNEDD ADRAYY SSCEHCOOONLD CAHROY ISCCESH LOIOSTL,Sub County,Mixed,
4640,18335409,KANTHIITU SECONDARY SCHOOL,Sub County,Mixed,
4641,18335410,ST. FRANCIS MANZANI SECONDARY SCHOOL,Sub County,Mixed,
4642,18335411,ST MARY'S KYUNYU SECONDARY SCHOOL,Sub County,Mixed,
4643,18336105,KITHANGATHINI SECONDARY SCHOOL,Sub County,Mixed,
4644,18336107,KATULYE S.A. SECONDARY SCHOOL,Sub County,Mixed,
4645,18336108,ST. PATRICK'S KYAMATHEKA SECONDARY SCHOOL,Sub County,Mixed,
4646,18336109,A.I.C NUNGUNI SECONDARY SCHOOL,Sub County,Mixed,
4647,18336110,IKALYONI SECONDARY SCHOOL,Sub County,Mixed,
4648,18336111,A.I.C KAVATANZOU SECONDARY SCHOOL,Sub County,Mixed,
4649,18336112,AIC KISYULYA SECONDARY SCHOOL,Sub County,Mixed,
4650,18336113,MUSALALA DAY MIXED SECONDARY SCHOOL,Sub County,Mixed,
4651,18336114,ACK ST. JOHNS KISEKINI SECONDARY SCHOOL,Sub County,Mixed,
4652,18336115,ST.TERESIA KILUNGU GIRLS HIGH SCHOOL,Sub County,Girls,
4653,18336201,ISOVYA SECONDARY SCHOOL,Sub County,Mixed,
4654,18336203,KATIKOMU SECONDARY SCHOOL,Sub County,Mixed,
4655,18336204,AIC MWAANI-ILIMA SECONDARY SCHOOL,Sub County,Mixed,
4656,18336205,ENGAVU SECONDARY SCHOOL,Sub County,Mixed,
4657,18336206,ST PAUL'S KYANG'A SECONDARY SCHOOL,Sub County,Mixed,
4658,18336207,KYAMUOSO CENTRAL SECONDARY SCHOOL,Sub County,Mixed,
4659,18336208,KYAKATONI SECONDARY SCHOOL,Sub County,Mixed,
4660,18336209,ST. MONICA WAUTU SECONDARY SCHOOL,Sub County,Mixed,
4661,18336210,AIC MUMBUNI MIXED SECONDARY SCHOOL,Sub County,Mixed,
4662,18346105,MBA SECONDARY SCHOOL,Sub County,Mixed,
4663,18346107,UTUNENI SECONDARY SCHOOL,Sub County,Mixed,
4664,18346108,TAWA MIXED SECONDARY SCHOOL,Sub County,Mixed,
4665,18346110,MUKIMWANI SECONDARY SCHOOL,Sub County,Mixed,
4666,18346111,WAMBITI MIXED SECONDARY SCHOOL,Sub County,Mixed,
4667,18346112,2 0LU20N GKC'UP SE ESCECOONNDADRAYR YS CSCHHOOOOLL CHOICES LIST,Sub County,Mixed,
4668,18346113,MUTHWANI SECONDARY SCHOOL,Sub County,Mixed,
4669,18346114,KIKUSWI SECONDARY SCHOOL,Sub County,Mixed,
4670,18346115,MIAU SECONDARY SCHOOL,Sub County,Mixed,
4671,18346116,NGONI MIXED DAY SECONDARY SCHOOL,Sub County,Mixed,
4672,18346117,KYANG'ONDU SECONDARY SCHOOL,Sub County,Mixed,
4673,18346118,MUKUKU SECONDARY SCHOOL,Sub County,Mixed,
4674,18346119,NDUMBI SECONDARY SCHOOL,Sub County,Mixed,
4675,18346120,KATHAMBA SECONDARY SCHOOL,Sub County,Mixed,
4676,18346121,SONG'ENI MIXED SECONDARY SCHOOL,Sub County,Mixed,
4677,18346122,ITULU MIXED DAY SECONDARY SCOOL,Sub County,Mixed,
4678,18346124,YANGUA MIXED SECONDARY SCHOOL,Sub County,Mixed,
4679,18346125,NGAA MIXED DAY SECONDARY SCHOOL,Sub County,Mixed,
4680,18346126,WATUKA MIXED SECONDARY SCHOOL,Sub County,Mixed,
4681,18346127,IVIANI MIXED SECONDARY SCHOOL,Sub County,Mixed,
4682,18346128,MITUVU MIXED DAY SECONDARY SCHOOL,Sub County,Mixed,
4683,18346129,A.I.C NDITHINI MIXED SECONDARY SCHOOL,Sub County,Mixed,
4684,18346130,USALALA SECONDARY SCHOOL,Sub County,Mixed,
4685,18346131,MBIMBINI SECONDARY SCHOOL,Sub County,Mixed,
4686,18346132,KYOME MIXED SECONDARY,Sub County,Mixed,
4687,18346201,KITOTO SECONDARY SCHOOL,Sub County,Mixed,
4688,18346203,NDAUNI SECONDARY SCHOOL,Sub County,Mixed,
4689,18346204,ST. BARNABAS THWAKE SECONDARY SCHOOL,Sub County,Mixed,
4690,18346206,MIANGENI SECONDARY SCHOOL,Sub County,Mixed,
4691,18346207,KAVUMBU SECONDARY SCHOOL,Sub County,Mixed,
4692,18346208,MBUKONI SECONDARY SCHOOL,Sub County,Mixed,
4693,18346209,NGUNGI MIXED DAY SECONDARY SCHOOL,Sub County,Mixed,
4694,18346210,NGUNINI SECONDARY SCHOOL,Sub County,Mixed,
4695,18346211,2 0M2U0T KECMPBEU SKEUC OSENCDOANRDYA SRCYH OSCOHL OCOHLOICES LIST,Sub County,Mixed,
4696,18346213,KATHULUMBI SECONDARY SCHOOL,Sub County,Mixed,
4697,18346214,NGANWA DAY SECONDARY SCHOOL,Sub County,Mixed,
4698,18346215,CHEMCHEMI SECONDARY SCHOOL- KATHONGO,Sub County,Mixed,
4699,18346216,KAKETI SECONDARY SCHOOL,Sub County,Mixed,
4700,18347217,KANDOLO SECONDARY SCHOOL,Sub County,Mixed,
4701,18347404,MUSAANI SECONDARY SCHOOL,Sub County,Mixed,
4702,18347405,LUMU SECONDARY SCHOOL,Sub County,Mixed,
4703,18347406,MUANI SECONDARY SCHOOL,Sub County,Mixed,
4704,18347407,KWOTHITHU SECONDARY SCHOOL,Sub County,Mixed,
4705,18347411,KITHEINI SECONDARY SCHOOL,Sub County,Mixed,
4706,18347413,ABC KAYATA GIRLS SECONDARY SCHOOL,Sub County,Girls,
4707,18347414,MASOKANI SECONDARY SCHOOL,Sub County,Mixed,
4708,18347415,MUANGINI SECONDARY SCHOOL,Sub County,Mixed,
4709,18347416,MUMELA SECONDARY SCHOOL,Sub County,Mixed,
4710,18347419,AIC SULTAN HAMUD SECONDARY SCHOOL,Sub County,Mixed,
4711,18347420,ST REGINAH KIOU SECONDARY SCHOOL,Sub County,Mixed,
4712,18347421,ABC MUUA MIXED SECONDARY SCHOOL,Sub County,Mixed,
4713,18347502,KILOME S.A SECONDARY SCHOOL,Sub County,Mixed,
4714,18347503,BISHOP NGALA SECONDARY SCHOOL,Sub County,Mixed,
4715,18347507,KITONGUNI SECONDARY SCHOOL,Sub County,Mixed,
4716,18347509,UTHINI GIRLS SECONDARY SCHOOL,Sub County,Girls,
4717,18347510,KWAKIKETI SECONDARY SCHOOL,Sub County,Mixed,
4718,18347511,KAMUTHINI SECONDARY SCHOOL,Sub County,Mixed,
4719,18347514,KIU SECONDARY SCHOOL,Sub County,Mixed,
4720,18347515,KIIMA KIU SECONDARY SCHOOL,Sub County,Mixed,
4721,18347516,MULUMINI SECONDARY SCHOOL,Sub County,Mixed,
4722,18347517,ACK ST. STEPHENS KIMA SECONDARY SCHOOL,Sub County,Mixed,
4723,18347518,2 0U2V0U KNCYPEE S SEECCOONNDDAARRYY SSCCHHOOOOLL CHOICES LIST,Sub County,Mixed,
4724,18347519,ST. MARTIN DEPORES MALILI SECONDARY SCHOOL,Sub County,Mixed,
4725,18347520,A.C.K. ST. LUKES MARWA SECONDARY SCHOOL,Sub County,Mixed,
4726,18347523,ABC NGAAMBA SECONDARY SCHOOL,Sub County,Mixed,
4727,18347524,ULU SECONDARY SCHOOL,Sub County,Mixed,
4728,18347525,AIC MATIANI GIRLS SECONDARY SCHOOL,Sub County,Girls,
4729,18348104,KAMBOO SECONDARY SCHOOL,Sub County,Mixed,
4730,18348107,KISINGO SECONDARY SCHOOL,Sub County,Mixed,
4731,18348108,NGOMANO SECONDARY SCHOOL,Sub County,Mixed,
4732,18348109,NGAKAA SECONDARY SCHOOL,Sub County,Mixed,
4733,18348111,YIMWAA SECONDARY SCHOOL,Sub County,Mixed,
4734,18348113,NGUUMO SECONDARY SCHOOL,Sub County,Mixed,
4735,18348114,MUKAMENI MIXED SECONDARY SCHOOL,Sub County,Mixed,
4736,18348115,SYUMILE SECONDARY SCHOOL,Sub County,Mixed,
4737,18348116,KAUNGUNI SECONDARY SCHOOL,Sub County,Mixed,
4738,18348117,ST. BAKHITA MAKUSU SECONDARY SCHOOL,Sub County,Mixed,
4739,18348118,ACK ILATU SECONDARY SCHOOL,Sub County,Mixed,
4740,18348119,NTHIA SECONDARY SCHOOL,Sub County,Mixed,
4741,18348122,KATULANI SECONDARY SCHOOL,Sub County,Mixed,
4742,18348125,SALAMA SECONDARY SCHOOL,Sub County,Mixed,
4743,18348127,MITENDEU MIXED SECONDARY SCHOOL,Sub County,Mixed,
4744,18348128,MASALANI SECONDARY SCHOOL,Sub County,Mixed,
4745,18348129,KANGII SECONDARY SCHOOL,Sub County,Mixed,
4746,18348130,MUTANTHEEU MIXED SECONDARY SCHOOL,Sub County,Mixed,
4747,19308302,NDAGANI SECONDARY SCHOOL,Sub County,Mixed,
4748,19308311,KIANG'ONDU SECONDARY SCHOOL,Sub County,Mixed,
4749,19308313,KATHIGIRIRINI MIXED DAY SECONDARY SCHOOL,Sub County,Mixed,
4750,19308314,KIBUMBU DAY MIXED SECONDARY SCHOOL,Sub County,Mixed,
4751,19308317,2 0K2IA0M KUCCPHE ISI E CSOECNODNADRAYR SYC H SOCOHLO COHLOICES LIST,Sub County,Mixed,
4752,19308318,ST. PAUL'S NJAINA SECONDARY SCHOOL,Sub County,Mixed,
4753,19308324,MUKUTHUKU MIXED DAY SECONDARY SCHOOL,Sub County,Mixed,
4754,19308325,KAMUGUONGO MIXED DAY SECONDARY SCHOOL,Sub County,Mixed,
4755,19308511,IBIRIGA SECONDARY SCHOOL,Sub County,Mixed,
4756,19308513,MAGUMONI DAY SECONDARY SCHOOL,Sub County,Mixed,
4757,19308514,KANYURU SECONDARY SCHOOL,Sub County,Mixed,
4758,19308515,P.C.E.A MUTUGUNI MIXED DAY SECONDARY SCHOOL,Sub County,Mixed,
4759,19308516,CHIEF PETRO DAY SECONDARY SCHOOL,Sub County,Mixed,
4760,19308517,MAABI DAY SECONDARY SCHOOL,Sub County,Mixed,
4761,19308518,KANGORO DAY MIXED SECONDARY SCHOOL,Sub County,Mixed,
4762,19308519,NDAGONI MIXED SECONDARY SCHOOL,Sub County,Mixed,
4763,19308520,KAGUMO MIXED DAY SECONDARY SCHOOL,Sub County,Mixed,
4764,19308521,KIGOGO DAY SECONDARY SCHOOL,Sub County,Mixed,
4765,19308522,KAGAANI MIXED DAY SECONDARY,Sub County,Mixed,
4766,19308525,MUTAARUNI MIXED DAY SECONDARY SCHOOL,Sub County,Mixed,
4767,19313103,NKONDI SECONDARY SCHOOL,Sub County,Mixed,
4768,19313105,TURIMA MIXED DAY SECONDARY SCHOOL,Sub County,Mixed,
4769,19313106,KAANYAGA SECONDARY SCHOOL,Sub County,Mixed,
4770,19313108,KAROCHO DAY MIXED SECONDARY SCHOOL,Sub County,Mixed,
4771,19313109,MIOMPONI MIXED DAY AND BOARDING SECONDARY SCHOOL,Sub County,Mixed,
4772,19313110,MATAKIRI MIXED DAY SECONDARY SCHOOL,Sub County,Mixed,
4773,19313111,KAARANI DAY SECONDARY SCHOOL,Sub County,Mixed,
4774,19313112,NG'ONYA DAY SECONDARY SCHOOL,Sub County,Mixed,
4775,19313113,MWIRU TURIMA TWERU MIXED DAY SECONDARY SCHOOL,Sub County,Mixed,
4776,19313114,PRINCE ALEX MIXED DAY SECONDARY SCHOOL IGUMO,Sub County,Mixed,
4777,19313115,MUGUI MIXED DAY SECONDARY SCHOOL,Sub County,Mixed,
4778,19313116,TURIMA HILLS MIXED DAY SECONDARY SCHOOL,Sub County,Mixed,
4779,19313117,2 0G2A0K KUCUPREU S DEACOY NSDECAORYN DSCAHROY OSLC HCHOOOILCES LIST,Sub County,Mixed,
4780,19313118,KIORIMBA SECONDARY SCHOOL,Sub County,Mixed,
4781,19313119,TONYA MIXED DAY AND BOARDING SECONDARY,Sub County,Mixed,
4782,19313204,CHIAKARIGA GIRLS SECONDARY SCHOOL,Sub County,Girls,
4783,19313205,TUNYAI DAY SECONDARY SCHOOL,Sub County,Mixed,
4784,19313207,MWIRU MUTHITWA SECONDARY SCHOOL,Sub County,Mixed,
4785,19313208,GACERAKA MIXED DAY SECONDARY SCHOOL,Sub County,Mixed,
4786,19313209,KAMARANDI MIXED DAY SECONDARY SCHOOL,Sub County,Mixed,
4787,19313210,NDARUNI MIXED DAY SECONDARY SCHOOL,Sub County,Mixed,
4788,19313211,MCK NKARINI MIXED DAY SECONDARY SCHOOL,Sub County,Mixed,
4789,19326109,ST. BONVENTURE MUMBUNI SECONDARY SCHOOL,Sub County,Mixed,
4790,19326111,GITUJA MIXED DAY SECONDARY SCHOOL,Sub County,Mixed,
4791,19326113,GITUNTU SECONDARY SCHOOL,Sub County,Mixed,
4792,19326114,KARIGINI DAY SECONDARY SCHOOL,Sub County,Mixed,
4793,19326115,NICA KARIMBA MIXED DAY SECONDARY SCHOOL,Sub County,Mixed,
4794,19326116,NDUMBINI SECONDARY SCHOOL,Sub County,Mixed,
4795,19326117,N.I.C.A KAMWANGU SECONDARY SCHOOL,Sub County,Mixed,
4796,19326118,MUTIIGURU SECONDARY SCHOOL,Sub County,Mixed,
4797,19326214,WIRU SECONDARY SCHOOL,Sub County,Mixed,
4798,19326217,MUTINDWA MIXED DAY SECONDARY SCHOOL,Sub County,Mixed,
4799,19326218,GIANCHUKU MIXED DAY SECONDARY SCHOOL,Sub County,Mixed,
4800,19326219,KIMUCIA SECONDARY SCHOOL,Sub County,Mixed,
4801,19326221,MUNGA DAY SECONDARY SCHOOL,Sub County,Mixed,
4802,19326222,KIENI MIXED DAY SECONDARY SCHOOL,Sub County,Mixed,
4803,19326223,KALEWA SECONDARY SCHOOL,Sub County,Mixed,
4804,19326224,KIANJAGI MIXED SECONDARY SCHOOL,Sub County,Mixed,
4805,19326225,IRUMA MIXED DAY SECONDARY SCHOOL,Sub County,Mixed,
4806,19326226,IGAKIRAMBA MIXED DAY SECONDARY SCHOOL,Sub County,Mixed,
4807,19326227,2 0M2A0G KUCMPAE MSEIXCEODN DDAAYR YS ESCCHOONODLA RCHY OSICCHEOS OLILST,Sub County,Mixed,
4808,19326228,KIAMAOGO DAY SECONDARY SCHOOL,Sub County,Mixed,
4809,19326229,KIRIANI MIXED DAY SECONDARY SCHOOL,Sub County,Mixed,
4810,19326230,IKUMBO DAY SECONDARY SCHOOL,Sub County,Mixed,
4811,19326231,MUKUI DAY SECONDARY SCHOOL,Sub County,Mixed,
4812,19326232,KABUI SECONDARY SCHOOL,Sub County,Mixed,
4813,19326233,KAARE MIXED DAY SECONDARY SCHOOL,Sub County,Mixed,
4814,19326234,NDINTUNE MIXED DAY SECONDARY SCHOOL,Sub County,Mixed,
4815,19326235,KIRARO MIXED DAY SECONDARY SCHOOL,Sub County,Mixed,
4816,19326237,NGURUKI MIXED DAY SECONDARY SCHOOL,Sub County,Mixed,
4817,19342101,GACIONGO MIXED SECONDARY SCHOOL,Sub County,Mixed,
4818,19342102,MUKOTHIMA GIRLS' SECONDARY SCHOOL,Sub County,Girls,
4819,19342103,KAMWATHU MIXED SECONDARY SCHOOL,Sub County,Mixed,
4820,19342104,MUKOTHIMA MIXED DAY SECONDARY SCHOOL,Sub County,Mixed,
4821,19342105,KATHANGACHINI MIXED DAY SECONDARY SCHOOL,Sub County,Mixed,
4822,19342106,NTORONI MIXED DAY SECONDARY SCHOOL,Sub County,Mixed,
4823,19342107,IRIANI MIXED DAY & BOARDING SECONDARY SCHOOL,Sub County,Mixed,
4824,19342108,GATUE SECONDARY SCHOOL,Sub County,Mixed,
4825,19342109,KAMACABI MIXED DAY SECONDARY SCHOOL,Sub County,Mixed,
4826,19342110,KARII KAMBURI SECONDARY SCHOOL,Sub County,Mixed,
4827,19342111,KABUABUA GIRLS SECONDARY SCHOOL,Sub County,Girls,
4828,19342112,KIRUNDI SECONDARY SCHOOL,Sub County,Mixed,
4829,19367402,A.C.K MURIGI GIRLS' SECONDARY SCHOOL,Sub County,Girls,
4830,19367407,KAMUTIRIA SECONDARY SCHOOL,Sub County,Mixed,
4831,19367601,P.C.E.A NKIO DAY SECONDARY SCHOOL,Sub County,Mixed,
4832,19367603,MIRAA MIRAJA MIXED DAY SECONDARY,Sub County,Mixed,
4833,19367605,KAIRINI SECONDARY SCHOOL,Sub County,Mixed,
4834,19367607,KITHANGANI DAY SECONDARY SCHOOL,Sub County,Mixed,
4835,20401006,2 0N2IL0E KRCOPAED S ESCEOCNODNADRARY YS CSHCOHOOLO CLHOICES LIST,Sub County,Girls,
4836,20401008,MAKONGENI HIGH SCHOOL,Sub County,Mixed,
4837,20401021,ST PATRICK NAIROBI MIXED SECONDARY SCHOOL,Sub County,Mixed,
4838,20401249,STAR OF HOPE SECONDARY SCHOOL,Sub County,Mixed,
4839,20402001,EASTLEIGH HIGH SCHOOL,Sub County,Boys,
4840,20402002,ST. TERESA'S BOYS,Sub County,Boys,
4841,20402005,KAMUKUNJI SECONDARY SCHOOL,Sub County,Mixed,
4842,20402013,ZAWADI MIXED SECONDARY SCHOOL,Sub County,Mixed,
4843,20402064,MARY HAPPY DAY SCHOOL,Sub County,Mixed,
4844,20403025,C.G.H.U. MIXED SECONDARY SCHOOL,Sub County,Mixed,
4845,20403026,PUMWANI GIRLS SECONDARY SCHOOL,Sub County,Girls,
4846,20404001,LANG'ATA HIGH SCHOOL,Sub County,Boys,
4847,20404032,LANGATA BARRACKS SECONDARY SCHOOL,Sub County,Mixed,
4848,20404049,SOWETO BAPTIST HIGH SCHOOL,Sub County,Mixed,
4849,20405005,MUTUINI HIGH SCHOOL,Sub County,Boys,
4850,20405009,DAGORETTI MIXED SECONDARY SCHOOL,Sub County,Mixed,
4851,20405012,GOOD SAMARITAN SCHOOL,Sub County,Mixed,
4852,20405031,BROOKLYNN HIGH SCHOOL,Sub County,Mixed,
4853,20405048,BETH MUGO HIGH SCHOOL,Sub County,Mixed,
4854,20405058,ZEDIT SOLUTION SECONDARY SCHOOL,Sub County,Mixed,
4855,20405151,MOONLIGHT CENTRE SCHOOL,Sub County,Mixed,
4856,20406029,ST. JOSEPH TECHNICAL SECONDARY SCHOOL,Sub County,Mixed,
4857,20406030,DIVINE MERCY SCHOOL,Sub County,Mixed,
4858,20406031,FARASI LANE SECONDARY SCHOOL,Sub County,Mixed,
4859,20406032,KABETE VET LAB SECONDARY SCHOOL,Sub County,Mixed,
4860,20406033,NORTH HIGHRIDGE SECONDARY SCHOOL,Sub County,Mixed,
4861,20406034,LORESHO SECONDARY SCHOOL,Sub County,Mixed,
4862,20407001,OUR LADY OF FATIMA SECONDARY SCHOOL,Sub County,Mixed,
4863,20407002,2 0K2A0H KACWPAE GSEACRORNISDOANR SYE SCCOHNODOALR CYH SOCICHEOSO LLIST,Sub County,Mixed,
4864,20407003,RUARAKA HIGH SCHOOL,Sub County,Mixed,
4865,20407004,KAMITI SECONDARY SCHOOL,Sub County,Mixed,
4866,20407005,BABA DOGO SECONDARY SCHOOL,Sub County,Mixed,
4867,20407037,KARIOBANGI NORTH GIRLS SECONDARY SCHOOL,Sub County,Girls,
4868,20407040,ANNOINTED HIGH SCHOOL,Sub County,Mixed,
4869,20407045,NEW MWANGAZA MIXED HIGH SCHOOL,Sub County,Mixed,
4870,20407046,BROOKSPRING EDUCATION CENTRE,Sub County,Mixed,
4871,20407059,GARDEN ESTATE SECONDARY,Sub County,Mixed,
4872,20407061,MWIKI SECONDARY SCHOOL,Sub County,Mixed,
4873,20407063,HON JOHN NJOROGE SECONDARY SCHOOL,Sub County,Mixed,
4874,20407065,CLAY CITY SECONDARY SCHOOL,Sub County,Mixed,
4875,20407068,KIWANJA SECONDARY SCHOOL,Sub County,Mixed,
4876,20408001,THE KOMAROCK SCHOOL,Sub County,Mixed,
4877,20408014,PETER KIBUKOSYA SECONDARY SCHOOL,Sub County,Mixed,
4878,20408015,KAYOLE SOUTH SECONDARY SCHOOL,Sub County,Mixed,
4879,20408020,MWANGAZA SECONDARY SCHOOL,Sub County,Mixed,
4880,20408029,EMBAKASI GARRISON SECONDARY SCHOOL,Sub County,Mixed,
4881,20408042,UTAWALA SECONDARY SCHOOL,Sub County,Mixed,
4882,20408062,RIVER OF LIFE EDUCATION,Sub County,Mixed,
4883,20408066,KYDF REUBEN SECONDARY SCHOOL,Sub County,Mixed,
4884,20409001,DANDORA SECONDARY SCHOOL,Sub County,Mixed,
4885,20409003,HON. DR. MWENJE SECONDARY SCHOOL,Sub County,Mixed,
4886,20409004,USHIRIKA SECONDARY SCHOOL,Sub County,Mixed,
4887,20409005,JEHOVA JIRE SECONDARY SCHOOL,Sub County,Mixed,
4888,20409006,DRUMVALE SECONDARY SCHOOL,Sub County,Mixed,
4889,20409007,ST. GEORGE ATHI SECONDARY SCHOOL,Sub County,Mixed,
4890,20409024,RUAI GIRLS' SECONDARY SCHOOL,Sub County,Girls,
4891,20409025,2 0R2U0A KI CBPOEY SSE SCEOCNODNADRAYR SYC SHCOHOOLO CLHOICES LIST,Sub County,Boys,
4892,20409026,MIHANG'O SECONDARY SCHOOL,Sub County,Mixed,
4893,20409067,ST. DOMINIC SECONDARY SCHOOL,Sub County,Mixed,
4894,20409073,DANDORA GIRLS SECONDARY SCHOOL,Sub County,Girls,
4895,20410003,RAILA EDUCATIONAL CENTRE,Sub County,Mixed,
4896,20410004,SHADRACK KIMALEL MIXED SECONDARY SCHOOL,Sub County,Mixed,
4897,20410005,OLYMPIC HIGH SCHOOL,Sub County,Mixed,
4898,20410006,MBAGATHI ROAD SECONDARY SCHOOL,Sub County,Mixed,
4899,20410008,KIBERA SECONDARY SCHOOL,Sub County,Mixed,
4900,20410023,NEW HORIZONS SECONDARY SCHOOL,Sub County,Mixed,
4901,20411004,NDURURUNO SECONDARY SCHOOL,Sub County,Mixed,
4902,20411008,GOLDENLIGHT ACADEMY,Sub County,Mixed,
4903,20411012,BALOZI SCHOOL,Sub County,Mixed,
4904,20411013,HURUMA MIXED SECONDARY SCHOOL,Sub County,Mixed,
4905,21501102,ST KEVIN SECONDARY SCHOOL,Sub County,Mixed,
4906,21501104,S.A NAWOITORONG MIXED SECONDARY SCHOOL,Sub County,Mixed,
4907,21501105,P.A.G LODWAR SECONDARY SCHOOL,Sub County,Mixed,
4908,21501109,TURKANA TALENT HIGH SCHOOL,Sub County,Mixed,
4909,21501111,LOYO SECONDARY SCHOOL,Sub County,Mixed,
4910,21507001,ST. JAMES KAIKOR BOYS SECONDARY SCHOOL,Sub County,Boys,
4911,21524106,MILIMATATU GIRL'S SECONDARY SCHOOL,Sub County,Girls,
4912,21524107,LOKITAUNG GIRLS SECONDARY SCHOOL,Sub County,Girls,
4913,21525303,LOKAPEL MIXED SECONDARY SCHOOL,Sub County,Mixed,
4914,21525402,KAPUTIR MIXED BOARDING SECONDARY SCHOOL,Sub County,Mixed,
4915,21549103,KAKUMA REFUGEE SECONDARY SCHOOL,Sub County,Mixed,
4916,21549106,GREEN LIGHT REFUGEE SECONDARY SCHOOL,Sub County,Mixed,
4917,21549107,MORNEAU SHEPELL GIRLS SECONDARY SCHOOL,Sub County,Girls,
4918,21549108,SOMALI BANTU SECONDARY SCHOOL,Sub County,Mixed,
4919,21549110,2 0V2IS0I OKNCP SEE SCEOCNODNADRAYR SYC SHCOHOOLOL CHOICES LIST,Sub County,Mixed,
4920,21549111,KALOBEYEI SETTLEMENT SECONDARY SCHOOL,Sub County,Mixed,
4921,21549203,LOKICHOGGIO MIXED SECONDARY SCHOOL,Sub County,Mixed,
4922,21550106,LIMYOUNSIM GOOD PEOPLE MISSION SCHOOL,Sub County,Boys,
4923,21550108,KALEMUNYANG SECONDARY SCHOOL,Sub County,Boys,
4924,22502103,LONGEWAN MIXED DAY SECONDARY SCHOOL,Sub County,Mixed,
4925,22502104,KISIMA MIXED DAY SECONDARY SCHOOL,Sub County,Mixed,
4926,22502106,SUGUTA MAR-MAR MIXED DAY SECONDARY SCHOOL,Sub County,Mixed,
4927,22502107,KIRIMON MIXED DAY SECONDARY SCHOOL,Sub County,Mixed,
4928,22502206,MARALAL DAY MIXED SECONDARY SCHOOL,Sub County,Mixed,
4929,22502207,SAMBURU MIXED DAY SECONDARY SCHOOL,Sub County,Mixed,
4930,22502208,LOOSUK MIXED DAY SECONDARY SCHOOL,Sub County,Mixed,
4931,22502209,LORROK MIXED DAY SECONDARY SCHOOL,Sub County,Mixed,
4932,22502210,LEDERO MIXED DAY SECONDARY SCHOOL,Sub County,Mixed,
4933,22502211,LPARTUK MIXED DAY SECONDARY SCHOOL,Sub County,Mixed,
4934,22502212,BARSALOI MIXED DAY SECONDARY SCHOOL,Sub County,Mixed,
4935,22502213,NGARI MIXED DAY SECONDARY SCHOOL,Sub County,Mixed,
4936,22502214,SIRATA OIROBI MIXED DAY SECONDARY SCHOOL,Sub County,Mixed,
4937,22502215,MORIJO MIXED DAY SECONDARY SCHOOL,Sub County,Mixed,
4938,22502216,MWANGAZA MUSLIM MIXED DAY SECONDARY SCHOOL,Sub County,Mixed,
4939,22502217,LOLMOLOK MIXED SECONDARY SCHOOL,Sub County,Mixed,
4940,22502218,LODOKEJEK MIXED SECONDARY SCHOOL,Sub County,Mixed,
4941,22502220,MALASO MIXED SECONDARY SCHOOL,Sub County,Mixed,
4942,22526104,WAMBA MIXED DAY SECONDARY SCHOOL,Sub County,Mixed,
4943,22526105,LOLOKWE MIXED SECONDARY SCHOOL,Sub County,Mixed,
4944,22526106,ENGILAE MIXED SECONDARY SCHOOL,Sub County,Mixed,
4945,22526202,GIRGIR MIXED DAY SECONDARY SCHOOL,Sub County,Mixed,
4946,22526203,SERE OLIPI MIXED DAY SECONDARY SCHOOL,Sub County,Mixed,
4947,22527103,2 0N2Y0IR KOC PGEIR SLESC OSNECDOANRDY ASRCYH OSOCHL OCHOOLICES LIST,Sub County,Girls,
4948,22527104,NYIRO MIXED DAY SECONDARY SCHOOL,Sub County,Mixed,
4949,22527105,MARTI MIXED DAY SECONDARY,Sub County,Mixed,
4950,22527203,BARAGOI MIXED DAY SECONDARY SCHOOL,Sub County,Mixed,
4951,22527204,NDOTO BOYS SECONDARY SCHOOL,Sub County,Boys,
4952,23503116,ST COLUMBAN'S SECONDARY SCHOOL,Sub County,Mixed,
4953,23503118,MATISI FRIENDS HIGH SCHOOL,Sub County,Mixed,
4954,23503120,ST. MICHAEL SECONDARY SCHOOL KITALE,Sub County,Mixed,
4955,23503135,TRANSNZOIA MIXED SECONDARY SCHOOL,Sub County,Mixed,
4956,23503137,MASINDE MULIRO MEMORIAL SECONDARY,Sub County,Mixed,
4957,23503142,TUWAN GIRLS DAY SECONDARY SCHOOL,Sub County,Girls,
4958,23503143,ST.PHILIP'S GRASSLAND SECONDARY SCHOOL,Sub County,Mixed,
4959,23503156,RAFIKI SECONDARY SCHOOL,Sub County,Mixed,
4960,23503161,SOIL CONSERVATION SECONDARY SCHOOL,Sub County,Mixed,
4961,23503162,KITALE FARM SECONDARY SCHOOL,Sub County,Mixed,
4962,23503303,SIKINWA SECONDARY SCHOOL,Sub County,Mixed,
4963,23503304,NAKAMI FRIENDS SECONDARY SCHOOL,Sub County,Mixed,
4964,23503305,ST. PARTRICK'S SCHOOL KOYKOY,Sub County,Mixed,
4965,23503306,ST. THOMAS AQUINAS SECONDARY SCHOOL KAPRETWA,Sub County,Mixed,
4966,23503307,FRIENDS SECONDARY SCHOOL-MUROKI,Sub County,Mixed,
4967,23503308,ST. PHILIPS A.C.K TUUYO-KOONY SECONDARY SCHOOL,Sub County,Mixed,
4968,23503311,ST. ATHANAS KISSAWAI SECONDARY SCHOOL,Sub County,Mixed,
4969,23503312,BISHOP CROWLEY SECONDARY SCHOOL,Sub County,Mixed,
4970,23503313,SENATOR WAMALWA SECONDARY SCHOOL,Sub County,Mixed,
4971,23503314,ST. BENEDICT'S SECONDARY SCHOOL CHEMCHEMI,Sub County,Mixed,
4972,23503315,ST. AUGUSTINE BONDENI SECONDARY SCHOOL,Sub County,Mixed,
4973,23503317,LUANDA SECONDARY SCHOOL,Sub County,Mixed,
4974,23503319,GITUAMBA SECONDARY SCHOOL,Sub County,Mixed,
4975,23503321,2 0S2IK0U KLCUP SE ESCECOONNDADRAYR YS CSCHHOOOOLL CHOICES LIST,Sub County,Mixed,
4976,23503322,FRIENDS DAY SECONDARY SCHOOL-LUKHOME,Sub County,Mixed,
4977,23503323,CHEPKOILEL SECONDARY SCHOOL,Sub County,Mixed,
4978,23503324,ST.LUCIA GIRLS SECONDARY SCHOOL,Sub County,Girls,
4979,23503325,ST.VERONICAS CHEBUKAKA SECONDARY SCHOOL,Sub County,Mixed,
4980,23503326,CHEPTUMBELIO SECONDARY SCHOOL-KALAHA,Sub County,Mixed,
4981,23503327,SANGO SECONDARY SCHOOL,Sub County,Mixed,
4982,23503328,ST. ANTHONY SECONDARY SCHOOL KINYORO,Sub County,Mixed,
4983,23503329,ST. ANDREWS SECONDARY SCHOOL SUKWO,Sub County,Mixed,
4984,23503330,TELDET MIXED SECONDARY SCHOOL,Sub County,Mixed,
4985,23503331,ST. PETERS SECONDARY SCHOOL MWITHA,Sub County,Mixed,
4986,23503332,LUKOSI S.A SECONDARY SCHOOL,Sub County,Mixed,
4987,23528102,SITATUNGA SECONDARY SCHOOL,Sub County,Mixed,
4988,23528110,ST PETER'S NYAKINYWA MIXED DAY SECONDARY SCHOOL,Sub County,Mixed,
4989,23528111,KESOGON MIXED SECONDARY SCHOOL,Sub County,Mixed,
4990,23528112,ST. TERESA'S MIXED SECONDARY-SINYERERI,Sub County,Mixed,
4991,23528113,CHISARE SECONDARY SCHOOL,Sub County,Mixed,
4992,23528114,ST THOMAS SECONDARY SCHOOL - KONGOLI,Sub County,Mixed,
4993,23528115,KIMOSON SECONDARY SCHOOL,Sub County,Girls,
4994,23528117,YUYA SECONDARY SCHOOL,Sub County,Mixed,
4995,23528118,ST. AUGUSTINE SECONDARY SCHOOL - MUNYAKA,Sub County,Mixed,
4996,23528119,ST.MICHAEL'S SECONDARY SCHOOL,Sub County,Mixed,
4997,23528120,CHEMATICH SECONDARY SCHOOL.,Sub County,Mixed,
4998,23528121,SIBANGA SECONDARY SCHOOL,Sub County,Mixed,
4999,23528122,MAKUTANO SECONDARY SCHOOL,Sub County,Mixed,
5000,23528123,ST. CHARLES LWANGA SECONDARY SCHOOL-BOTWA,Sub County,Mixed,
5001,23528125,ST. PAUL'S KIRIITA MIXED SECONDARY SCHOOL,Sub County,Mixed,
5002,23528126,AIC NGONYEK SECONDARY SCHOOL,Sub County,Mixed,
5003,23528127,2 0M2A0T KECKPEET SSEECCOONNDDAARRYY S SCCHHOOOOLL CHOICES LIST,Sub County,Mixed,
5004,23528128,NZOIA CENTRE SECONDARY SCHOOL,Sub County,Mixed,
5005,23528129,MILIMA MIXED SECONDARY SCHOOL,Sub County,Mixed,
5006,23528130,ST. PATRICK HIGH SCHOOL - KIPSAINA,Sub County,Mixed,
5007,23528131,ST. LUKES SECONDARY SCHOOL TAITO,Sub County,Mixed,
5008,23528132,ST.MARY'S SECONDARY SCHOOL - KIPSINGORI,Sub County,Mixed,
5009,23528134,ST CHRISTOPHER'S GIRLS SECONDARY SCHOOL,Sub County,Girls,
5010,23528136,MOTOSIET SECONDARY SCHOOL,Sub County,Mixed,
5011,23528138,AMANI SECONDARY SCHOOL,Sub County,Mixed,
5012,23528139,BISHOP CROWLEY HIGH SCHOOL-BARAKA,Sub County,Mixed,
5013,23528140,IMMACULATE CONCEPTION HIGH SCHOOL-KEMELOI,Sub County,Mixed,
5014,23528141,ST. PHILIPS SECONDARY SCHOOL-SURUNGAI,Sub County,Mixed,
5015,23528142,OUR LADY OF AFRICA CHEPKOIYO SECONDARY SCHOOL,Sub County,Mixed,
5016,23528143,KARARA SECONDARY SCHOOL,Sub County,Mixed,
5017,23528144,EKEGORO SECONDARY SCHOOL,Sub County,Mixed,
5018,23528145,SAIWA SECONDARY SCHOOL,Sub County,Mixed,
5019,23528146,FRIENDS MICHAI SECONDARY SCHOOL,Sub County,Mixed,
5020,23528148,A.I.C NYASALAND SECONDARY SCHOOL,Sub County,Mixed,
5021,23528202,KAPCHEPLANGET SECONDARY SCHOOL,Sub County,Mixed,
5022,23528203,GETA SECONDARY SCHOOL,Sub County,Mixed,
5023,23528205,KAPKARWA SECONDARY SCHOOL,Sub County,Mixed,
5024,23528207,ST.ANDREWS OSORONGAI SECONDARY SCHOOL,Sub County,Boys,
5025,23528209,A.I.C KIPTENDEN SECONDARY SCHOOL,Sub County,Mixed,
5026,23528210,AIC BIRIBIRIET SECONDARY SCHOOL,Sub County,Mixed,
5027,23528211,ST. JOSEPH'S CHEPTIL SECONDARY SCHOOL,Sub County,Mixed,
5028,23528212,AIC SEUM MIXED SECONDARY SCHOOL,Sub County,Mixed,
5029,23528213,FRIENDS SECONDARY SCHOOL - BONDE,Sub County,Mixed,
5030,23528215,ST.PAULS KIPTOROR SECONDARY SCHOOL,Sub County,Mixed,
5031,23528217,2 0A2.I0.C K TCUPIEG SOEICNOS NSDEACROYN DSCAHROY OSLC CHHOOOILCES LIST,Sub County,Mixed,
5032,23528218,BENON SECONDARY SCHOOL,Sub County,Mixed,
5033,23528219,NOIGAM SECONDARY SCHOOL,Sub County,Mixed,
5034,23528220,KAPSIROWA SECONDARY SCHOOL,Sub County,Mixed,
5035,23528221,A.I.C CHEPSIRO SECONDARY SCHOOL,Sub County,Mixed,
5036,23528222,ST PAUL'S KAPCHEPSIR SECONDARY SCHOOL,Sub County,Mixed,
5037,23528223,AIC TOP SUWERWA MIXED DAY SECONDARY SCHOOL,Sub County,Mixed,
5038,23528224,UPEC OSORONGAI GIRLS HIGH SCHOOL,Sub County,Girls,
5039,23528226,ST MARYS MIXED CHEPTOBOT SECONDARY SCHOOL,Sub County,Mixed,
5040,23528227,SDA MOIGE HIGH SCHOOL,Sub County,Mixed,
5041,23529107,ST. PETER`S HIGH SCHOOL-KAPOMBOI,Sub County,Mixed,
5042,23529109,ST.PAUL'S-BWAYI MIXED SECONDARY SCHOOL,Sub County,Mixed,
5043,23529111,LUUYA SECONDARY SCHOOL,Sub County,Mixed,
5044,23529112,ST.THOMAS AMUKA SECONDARY SCHOOL,Sub County,Mixed,
5045,23529115,MILIMANI SECONDARY SCHOOL - KWANZA,Sub County,Mixed,
5046,23529116,A I C KAPSITWET SECONDARY SCHOOL,Sub County,Mixed,
5047,23529117,MARIDADI SECONDARY SCHOOL,Sub County,Mixed,
5048,23529119,KEESE SECONDARY SCHOOL,Sub County,Mixed,
5049,23529121,BIKETI FRIENDS SECONDARY SCHOOL,Sub County,Mixed,
5050,23529123,ST CECILIA SECONDARY SCHOOL MARINDA,Sub County,Mixed,
5051,23529124,KOROSIOT HIGH SCHOOL,Sub County,Mixed,
5052,23529125,ST. JOHN'S MIXED SECONDARY SCHOOL - SARURA,Sub County,Mixed,
5053,23529127,NASIANDA FRIENDS SECONDARY SCHOOL,Sub County,Mixed,
5054,23529128,SOYMINING SECONDARY SCHOOL,Sub County,Mixed,
5055,23529129,MUTUA SECONDARY SCHOOL,Sub County,Mixed,
5056,23529133,A.I.C LESSOS SECONDARY SCHOOL,Sub County,Mixed,
5057,23529136,A.I.C KIPTUMET SECONDARY SCHOOL,Sub County,Mixed,
5058,23529137,KARAUS SECONDARY SCHOOL,Sub County,Mixed,
5059,23529139,2 0M2IS0 AKNCGPEA SSE.AC OHNIGDHA SRCYH SOCHOOLOL CHOICES LIST,Sub County,Mixed,
5060,23529140,ST.ANNE UMOJA GIRLS SECONDARY SCHOOL,Sub County,Girls,
5061,23529142,ST. MARTINS SECONDARY SCHOOL - MAKHONGE,Sub County,Mixed,
5062,23529143,ST. AUGUSTINE MAZIWA SECONDARY SCHOOL,Sub County,Mixed,
5063,23529144,ACK ST.PHILIP KIPSOEN SECONDARY SCHOOL,Sub County,Mixed,
5064,23529145,KAPKOI CENTRAL GIRLS HIGH SCHOOL,Sub County,Girls,
5065,23529146,METEITEI SECONDARY SCHOOL,Sub County,Mixed,
5066,23529147,MUKUYUNI SECONDARY SCHOOL,Sub County,Mixed,
5067,23529148,NGENY SECONDARY SCHOOL,Sub County,Mixed,
5068,23529149,ST. EMMANUEL SECONDARY SCHOOL,Sub County,Mixed,
5069,23529151,GIDEA BOYS SECONDARY SCHOOL,Sub County,Boys,
5070,23529152,AIC KAPKAI SECONDARY SCHOOL,Sub County,Mixed,
5071,23529153,AIC MWANGAZA SECONDARY SCHOOL,Sub County,Mixed,
5072,23529154,FRIENDS MIXED SECONDARY SCHOOL -NAMANDALA,Sub County,Mixed,
5073,23572103,MUBERE SECONDARY SCHOOL,Sub County,Mixed,
5074,23572104,ST MATHEWS SECONDARY SCHOOL (CHEPTANTAN),Sub County,Mixed,
5075,23572105,MATUMBEI SECONDARY SCHOOL,Sub County,Mixed,
5076,23572106,BWALA SECONDARY SCHOOL,Sub County,Mixed,
5077,23572107,ST.VERONICAH'S GIRLS HIGH SCHOOL - KOKWO,Sub County,Girls,
5078,23572108,ST. BARNABAS BOYS SECONDARY SCHOOL - SABWANI,Sub County,Boys,
5079,23572109,TITIMET MIXED SECONDARY SCHOOL,Sub County,Mixed,
5080,23572201,ST.MARY'S NAI BOYS SECONDARY SCHOOL,Sub County,Mixed,
5081,23572202,KIMWONDO SECONDARY SCHOOL,Sub County,Mixed,
5082,23572203,JAPATA HIGH SCHOOL,Sub County,Mixed,
5083,23572204,NJORO SECONDARY SCHOOL,Sub County,Mixed,
5084,23572205,ANDERSEN HIGH SCHOOL,Sub County,Mixed,
5085,23572206,ST. MARY'S NAI GIRLS SECONDARY SCHOOL,Sub County,Girls,
5086,23572207,ST. FRANCIS OF ASIS KORONGA SECONDARY SCHOOL,Sub County,Mixed,
5087,23572208,2 0C2H0E KPCSPAEL ESIE SCEOCNODNADRAYR SYC HSCOHOOL OCLHOICES LIST,Sub County,Mixed,
5088,23572209,NALULINGO SECONDARY SCHOOL,Sub County,Mixed,
5089,23574102,THE MICHAEL KIJANA MEMORIAL SECONDARY SCHOOL,Sub County,Mixed,
5090,23574103,MILIMANI SECONDARY SCHOOL,Sub County,Mixed,
5091,23574107,KIBOMET SECONDARY SCHOOL,Sub County,Mixed,
5092,23574108,SANEC APBET EDUCATION CENTRE,Sub County,Mixed,
5093,23574109,ST.TERESA'S SECONDARY SCHOOL BIKEKE,Sub County,Mixed,
5094,23574110,FRIEND'S SECONDARY SCHOOL - SIRENDE,Sub County,Mixed,
5095,23574111,ST. JOHN'S GIRLS HIGH SCHOOL - SIRENDE,Sub County,Girls,
5096,23574112,MACHUNGWA HIGH SCHOOL,Sub County,Mixed,
5097,23574114,FRIENDS SECONDARY SCHOOL - BIKEKE,Sub County,Mixed,
5098,23574115,MAINEK TORO SECONDARY SCHOOL,Sub County,Mixed,
5099,23574117,ST. JAMES AMAGORO SECONDARY SCHOOL,Sub County,Mixed,
5100,23574118,AIC KAPTIEN SECONDARY SCHOOL,Sub County,Mixed,
5101,23574119,A.I.C KAPKOI SISAL SECONDARY SCHOOL,Sub County,Mixed,
5102,23574120,EMMANUEL ACK WEHOYA SECONDARY SCHOOL,Sub County,Mixed,
5103,23574121,MITONI MITATU SECONDARY SCHOOL,Sub County,Mixed,
5104,23574122,ST. JAMES MABONDE SECONDARY SCHOOL,Sub County,Mixed,
5105,23574124,ST. RAPHAEL BIG TREE SECONDARY SCHOOL,Sub County,Mixed,
5106,23574125,ST. JOSEPH'S ACK KIBAGENGE SECONDARY SCHOOL,Sub County,Mixed,
5107,23574126,A.I.C MOKOIYWET SECONDARY SCHOOL,Sub County,Mixed,
5108,23574127,A.I.C LOLKERINGET SECONDARY SCHOOL,Sub County,Mixed,
5109,23574128,ST. PATRICK'S BOYS HIGH SCHOOL WAITALUK,Sub County,Boys,
5110,23574130,MASABA SECONDARY SCHOOL,Sub County,Mixed,
5111,23574131,ST.VINCENT SECONDARY SCHOOL KIMININI,Sub County,Mixed,
5112,23574132,ST. JOHN'S NYAMIRA SECONDARY SCHOOL,Sub County,Mixed,
5113,23574133,MITOTO S.A SECONDARY SCHOOL,Sub County,Mixed,
5114,23574134,ST. JOSEPH'S SECONDARY SCHOOL NYASI,Sub County,Mixed,
5115,23574135,2 0A2IC0 KKOCPNEO SINE CSOENCDOANRDYA RSCYH SOCOHLO COHLOICES LIST,Sub County,Mixed,
5116,23574136,MUCHARAGE SECONDARY SCHOOL,Sub County,Mixed,
5117,23574137,MUUNGANO HIGH SCHOOL,Sub County,Mixed,
5118,23574138,ST. MICHAEL KIKWAMETI SECONDARY SCHOOL,Sub County,Mixed,
5119,23574139,FRIENDS MUFUTU SECONDARY SCHOOL,Sub County,Mixed,
5120,23574141,ST.THERESA`S SECONDARY SCHOOL-SIKHENDU,Sub County,Mixed,
5121,23574142,NABUNGA S.A. SECONDARY SCHOOL,Sub County,Mixed,
5122,23574144,KIUNGANI SECONDARY SCHOOL,Sub County,Mixed,
5123,23574145,HILARIO SECONDARY SCHOOL - WEKHONYE,Sub County,Mixed,
5124,23574146,ST.ANDREWS GIRLS BARATON SECONDARY,Sub County,Girls,
5125,23574149,BIRUNDA HIGH SCHOOL,Sub County,Mixed,
5126,23574151,IMANI FRIENDS SECONDARY SCHOOL,Sub County,Mixed,
5127,23574152,FRIENDS SECONDARY SCHOOL -CHALICHA,Sub County,Mixed,
5128,23574153,MESO SECONDARY SCHOOL,Sub County,Mixed,
5129,23574154,NABISWA SECONDARY SCHOOL,Sub County,Mixed,
5130,23574155,ST. THOMAS AQUINAS SECONDARY SCHOOL-NAMGOI,Sub County,Mixed,
5131,23574156,A.I.C NAISAMBU GIRLS SECONDARY SCHOOL,Sub County,Girls,
5132,23574157,WAMUINI SECONDARY SCHOOL,Sub County,Mixed,
5133,23574158,HILL SCHOOL SECONDARY KITALE,Sub County,Mixed,
5134,23574159,MISEMWA SECONDARY SCHOOL,Sub County,Mixed,
5135,23574160,MILELE SECONDARY SCHOOL,Sub County,Mixed,
5136,23574161,SABATA SECONDARY SCHOOL,Sub County,Mixed,
5137,23574162,ACK ST. STEPHENS NAMANDA SECONDARY SCHOOL,Sub County,Mixed,
5138,23574163,KA - AHUHO SECONDARY SCHOOL,Sub County,Mixed,
5139,23574165,P.A.G SIMATWET HIGH SCHOOL,Sub County,Mixed,
5140,23574166,ST. VERONICA SECONDARY SCHOOL WEONIA,Sub County,Mixed,
5141,24504103,CHEPARERIA MIXED DAY SECONDARY SCHOOL,Sub County,Mixed,
5142,24504108,CHRIST THE KING SECONDARY SCHOOL-SENETWO,Sub County,Mixed,
5143,24504109,2 0S2T0. LKUCKPEE SSEECCOONNDDAARRYY SSCCHHOOOOLL C- HNOAIRCAEMS ALIMST,Sub County,Mixed,
5144,24504110,ST JOSEPH SECONDARY SCHOOL-TAPOYO,Sub County,Mixed,
5145,24504111,ST THOMAS AQUINAS KAMATIRA MIXED DAY SECONDARY,Sub County,Mixed,
5146,24504112,ST. PAUL KIPKOMO BOYS SECONDARY SCHOOL,Sub County,Boys,
5147,24504113,ST.MATHEWS KOSULOL MIXED DAY SECONDARY SCHOOL,Sub County,Mixed,
5148,24504114,ST.ANTONY CHEPTURNGUNY MIXED DAY SECONDARY SCHOOL,Sub County,Mixed,
5149,24504116,KALYA MIXED DAY SECONDARY,Sub County,Mixed,
5150,24504117,SHALPOGH MIXED DAY SECONDARY,Sub County,Mixed,
5151,24504118,ST. MARGARET MONGORION MIXED DAY SECONDARY SCHOOL,Sub County,Mixed,
5152,24504119,ST. LUKE CHEPKORNISWO SECONDARY SCHOOL,Sub County,Mixed,
5153,24504120,LULWONOI GIRLS SECONDARY SCHOOL,Sub County,Girls,
5154,24504203,PARUA MIXED DAY AND BOARDING SECONDARY SCHOOL,Sub County,Mixed,
5155,24504205,SEBIT MIXED DAY AND BOARDING SECONDARY SCHOOL,Sub County,Mixed,
5156,24504206,ST PETERS KAPCHEMOGEN SECONDARY SCHOOL,Sub County,Mixed,
5157,24504207,MORPUS MIXED DAY SECONDARY SCHOOL,Sub County,Mixed,
5158,24504208,ORTUM MIXED DAY SECONDARY SCHOOL,Sub County,Mixed,
5159,24504209,KERELWA MIXED DAY/BOARDING SECONDARY SCHOOL,Sub County,Mixed,
5160,24504210,SOBUKWO MIXED DAY/ BOARDING SECONDARY SCHOOL,Sub County,Mixed,
5161,24504211,CHEPKORIONG MIXED SECONDARY SCHOOL,Sub County,Mixed,
5162,24504212,KOCHIY MIXED SECONDARY SCHOOL,Sub County,Mixed,
5163,24504213,PTARKONG MIXED SECONDARY SCHOOL,Sub County,Mixed,
5164,24504214,PENON MIXED SECONDARY SCHOOL,Sub County,Mixed,
5165,24505105,TALAU MIXED DAY SECONDARY SCHOOL,Sub County,Mixed,
5166,24505107,MESHACK TUMKOU MIXED SECONDARY SCHOOL,Sub County,Mixed,
5167,24505108,ST. MARY'S SIYOI MIXED SECONDARY SCHOOL,Sub County,Mixed,
5168,24505111,KARAS MIXED DAY SECONDARY SCHOOL,Sub County,Mixed,
5169,24505112,KAIBOS DAY MIXED SECONDARY SCHOOL,Sub County,Mixed,
5170,24505113,KERINGET MIXED DAY SECONDARY SCHOOL,Sub County,Mixed,
5171,24505114,2 0M2N0A KGCEPI EM SIXEECOD NDDAAY RSYE SCCOHNODOALR CYH SOCIHCOESO LLIST,Sub County,Mixed,
5172,24505115,ELCK EMBOASIS SECONDARY SCHOOL,Sub County,Mixed,
5173,24505116,CHEMWOCHOI MIXED DAY SECONDARY SCHOOL,Sub County,Mixed,
5174,24505118,TOTUM MIXED DAY SECONDARY SCHOOL,Sub County,Mixed,
5175,24505119,TOMENA MIXED DAY SECONDARY SCHOOL,Sub County,Mixed,
5176,24505121,MURKWIJIT MIXED DAY SECONDARY SCHOOL,Sub County,Mixed,
5177,24505122,ST. AUGUSTINE MIXED DAY SECONDARY KAPKORIS,Sub County,Mixed,
5178,24505123,ST. PETERS KAPKECHA MIXED SECONDARY SCHOOL,Sub County,Mixed,
5179,24505124,NANGROTUM MIXED DAY SECONDARY SCHOOL,Sub County,Mixed,
5180,24505125,ST PAUL'S BOYS SECONDARY SCHOOL-KITELAKAPEL,Sub County,Boys,
5181,24505126,ST. THERESAS PARAYWA MIXED DAY SECONDARY SCHOOL,Sub County,Mixed,
5182,24505127,MESHACK TUMKOU GIRLS SECONDARY SCHOOL,Sub County,Girls,
5183,24505128,TILAK MIXED SECONDARY SCHOOL,Sub County,Mixed,
5184,24505304,OUR LADY OF PEACE PSER,Sub County,Mixed,
5185,24505305,KANYARKWAT GIRLS SECONDARY SCHOOL,Sub County,Girls,
5186,24505306,KALEMNYANG YUNHAP SECONDARY SCHOOL,Sub County,Mixed,
5187,24505307,CHEPTUYA MIXED DAY SECONDARY SCHOOL,Sub County,Mixed,
5188,24505308,ALL SAINTS BOYS SECONDARY -KAPTARIN,Sub County,Boys,
5189,24505309,ACK MTEMBUR MIXED DAY SECONDARY SCHOOL,Sub County,Mixed,
5190,24505311,CHEMAKEU JULIET HINDSON MIXED BOARDING SECONDARY,Sub County,Mixed,
5191,24505312,ELCK MISKWONY GIRLS SECONDARY SCHOOL,Sub County,Girls,
5192,24505403,ALL SAINTS TAMUGH MIXED DAY SECONDARY SCHOOL,Sub County,Mixed,
5193,24505404,AGC CHEMOROROCH MIXED SECONDARY SCHOOL,Sub County,Mixed,
5194,24505405,CHEKOMOS MIXED SECONDARY SCHOOL,Sub County,Mixed,
5195,24505406,KATIMORIL MIXED DAY SECONDARY SCHOOL,Sub County,Mixed,
5196,24505407,JERUSALEM GIRLS SECONDARY SCHOOL,Sub County,Girls,
5197,24505408,KAPKATA MIXED SECONDARY SCHOOL,Sub County,Mixed,
5198,24505409,ST.MICHAEL PTOYO BOYS SECONDARY SCHOOL,Sub County,Boys,
5199,24505410,2 0T2U0R KKCWPEEL S GECOORNGDE AMRIXYE SDC HSOECOOL NCDHAORICYE SSC LHISOTOL,Sub County,Mixed,
5200,24505411,AGC PCHOLPOGH GIRLS SECONDARY SCHOOL,Sub County,Girls,
5201,24530103,KONYAO BORA LEE ADVENTIST SECONDARY SCHOOL,Sub County,Mixed,
5202,24530104,ST BAKHITA GIRLS SECONDARY SCHOOL-KARON,Sub County,Girls,
5203,24530105,KODICH BOARDING SECONDARY SCHOOL,Sub County,Mixed,
5204,24530204,KIWAWA BOYS SECONDARY SCHOOL,Sub County,Boys,
5205,24530302,KAMKETO TRINITY GIRLS SECONDARY SCHOOL,Sub County,Girls,
5206,24531104,PAROO DAY SECONDARY SCHOOL,Sub County,Mixed,
5207,24531106,KOKWOTENDWO MIXED DAY SECONDARY SCHOOL,Sub County,Mixed,
5208,24531107,SIGOR MIXED DAY SECONDARY SCHOOL,Sub County,Mixed,
5209,24531109,SOLION MIXED DAY & BOARDING SECONDARY SCHOOL,Sub County,Mixed,
5210,24531110,R.C.E.A MARICH PASS SECONDARY SCHOOL,Sub County,Mixed,
5211,24531113,KATAUGH MIXED DAY AND BOARDING SECONDARY SCHOOL,Sub County,Mixed,
5212,24531207,CHEMUTLOKOTYO SECONDARY SCHOOL,Sub County,Mixed,
5213,24531208,KOKWORITIT MIXED DAY/BOARDING SECONDARY SCHOOL,Sub County,Mixed,
5214,24531209,AIC CHESEMPUR MIXED DAY & BOARDING,Sub County,Mixed,
5215,24568103,ST.STEPHEN'S CHEPKONO SECONDARY SCHOOL,Sub County,Mixed,
5216,24568104,KAPSANGAR MIXED DAY SECONDARY SCHOOL,Sub County,Mixed,
5217,24568105,ST. MULUMBA MIXED DAY SECONDARY SCHOOL,Sub County,Mixed,
5218,24568106,KAPSAIT MIXED DAY SCHOOL,Sub County,Mixed,
5219,24568107,ST. MOURICE MOKOYON MIXED DAY SECONDARY SCHOOL,Sub County,Mixed,
5220,24568108,ST. PAUL KAPKUNYUK MIXED DAY SECONDARY SCHOOL,Sub County,Mixed,
5221,24568109,CHORWAI MIXED SECONDARY SCHOOL,Sub County,Mixed,
5222,24568110,ST. PATRICK'S SIMOTWO MIXED DAY SECONDARY SCHOOL,Sub County,Mixed,
5223,24568111,ST PETERS MIXED DAY SECONDARY SCHOOL-CHEPARTEN,Sub County,Mixed,
5224,24568112,ST.ANTHONY CHOROK MIXED SECONDARY SCHOOL,Sub County,Mixed,
5225,24568113,ST. JOSEPH KAALOTWARI MIXED DAY SECONDARY SCHOOL,Sub County,Mixed,
5226,24568114,ST. AUGUSTINE CHEMALTIN MIXED SECONDARY SCHOOL,Sub County,Mixed,
5227,24568115,2 0S2T0. MKACUPER ISCEEC ORINNDGARRINYG S CMHIXOEODL DCAHYO SICEECSO LNISDTARY SCHOOL,Sub County,Mixed,
5228,24568202,ST. ANTHONY OF PADUA SINA SECONDARY SCHOOL,Sub County,Mixed,
5229,24568203,TAPACH MIXED DAY SECONDARY SCHOOL,Sub County,Mixed,
5230,24568204,SONDANY MIXED SECONDARY SCHOOL,Sub County,Mixed,
5231,24568205,KAMELEI MIXED DAY SECONDARY SCHOOL,Sub County,Mixed,
5232,24568206,KAPCHIKAR MIXED DAY & BOARDING SECONDARY SCHOOL,Sub County,Mixed,
5233,24568207,CHEMOLO ELCK MIXED DAY SECONDARY SCHOOL,Sub County,Mixed,
5234,24568208,ACK KAPOROWO MIXED DAY SECONDARY SCHOOL,Sub County,Mixed,
5235,24568209,SEKUTION MIXED SECONDARY SCHOOL,Sub County,Mixed,
5236,25508104,CHESOEN HIGH SCHOOL,Sub County,Mixed,
5237,25508107,MOGOIYWET 'B' SECONDARY SCHOOL,Sub County,Mixed,
5238,25508114,KABUSARE SECONDARY SCHOOL,Sub County,Mixed,
5239,25508117,NJERIAN SECONDARY SCHOOL,Sub County,Mixed,
5240,25508118,KIMARGIS SECONDARY SCHOOL,Sub County,Mixed,
5241,25508119,MOTIGO SECONDARY SCHOOL,Sub County,Mixed,
5242,25508120,KITOBEN SECONDARY SCHOOL,Sub County,Mixed,
5243,25508121,KIPLELJI SECONDARY SCHOOL,Sub County,Mixed,
5244,25508122,AISAIK SECONDARY SCHOOL,Sub County,Mixed,
5245,25508124,NYONGORES SECONDARY SCHOOL,Sub County,Mixed,
5246,25508126,MAASET SECONDARY SCHOOL,Sub County,Mixed,
5247,25508129,SINGORWET SECONDARY SCHOOL,Sub County,Mixed,
5248,25508131,KIPLOKYI SECONDARY SCHOOL,Sub County,Mixed,
5249,25508133,KWENIKABILET SECONDARY SCHOOL,Sub County,Mixed,
5250,25508134,KAPSIMOTWO SECONDARY SCHOOL,Sub County,Mixed,
5251,25508135,KAMOGOSO SECONDARY SCHOOL,Sub County,Mixed,
5252,25508136,TEGANDA DAY SECONDARY SCHOOL,Sub County,Mixed,
5253,25508137,MUGANGO GIRLS DAY SECONDARY SCHOOL,Sub County,Girls,
5254,25508138,BALEK B SECONDARY SCHOOL,Sub County,Mixed,
5255,25508139,2 0N2D0A KRCAPWEE STETCAO MNIDXAERDY D SACYH SOEOCLO CNHDOAIRCYES S LCISHTOOL,Sub County,Mixed,
5256,25508140,CHEPNGAINA MIXED DAY SECONDARY SCHOOL,Sub County,Mixed,
5257,25508142,KABUNGUT MIXED DAY SECONDARY SCHOOL,Sub County,Mixed,
5258,25508143,MORIT SECONDARY SCHOOL,Sub County,Mixed,
5259,25508144,CHESOEN GIRLS SECONDARY SCHOOL,Sub County,Girls,
5260,25508146,SIBAIYAN SECONDARY SCHOOL,Sub County,Mixed,
5261,25508148,TARAKWA HIGH SCHOOL,Sub County,Mixed,
5262,25508149,MUYWEK SECONDARY SCHOOL,Sub County,Mixed,
5263,25508150,KANUSIN GIRLS SECONDARY SCHOOL,Sub County,Girls,
5264,25508151,SACHANGWAN SECONDARY SCHOOL,Sub County,Mixed,
5265,25508152,NJORWET MIXED DAY SECONDARY SCHOOL,Sub County,Mixed,
5266,25508153,CHANGINA GIRLS' SECONDARY SCHOOL,Sub County,Mixed,
5267,25508154,MOLINGA SECONDARY SCHOOL,Sub County,Mixed,
5268,25508155,KAPSANGARU HIGH SCHOOL,Sub County,Mixed,
5269,25508156,OLDABACH SECONDARY SCHOOL,Sub County,Mixed,
5270,25508157,SOLYOT SECONDARY SCHOOL,Sub County,Mixed,
5271,25508158,LELDAET SECONDARY SCHOOL,Sub County,Mixed,
5272,25508159,TAABET SECONDARY SCHOOL,Sub County,Mixed,
5273,25508160,SALAIK SECONDARY SCHOOL,Sub County,Mixed,
5274,25508161,MANYATTA MIXED SECONDARY SCHOOL,Sub County,Mixed,
5275,25508162,TIRGAGA MIXED SECONDARY SCHOOL,Sub County,Mixed,
5276,25508163,MOGINDO SECONDARY SCHOOL,Sub County,Mixed,
5277,25533101,ST.JOSEPH MABWAITA SECONDARY SCHOOL,Sub County,Mixed,
5278,25533109,CHEBIRBELEK SECONDARY SCHOOL,Sub County,Mixed,
5279,25533110,KAPCHOLYO HIGH SCHOOL,Sub County,Mixed,
5280,25533112,KIPNGOSOS SECONDARY SCHOOL,Sub County,Mixed,
5281,25533114,KIMAWIT SECONDARY SCHOOL,Sub County,Mixed,
5282,25533115,BURGEI SECONDARY SCHOOL,Sub County,Mixed,
5283,25533116,2 0K2A0M KIRCAPIE S SEECCOONNDDAARRYY S SCCHHOOOOLL CHOICES LIST,Sub County,Mixed,
5284,25533117,AKSHAR SECONDARY SCHOOL - KIBORI,Sub County,Mixed,
5285,25533118,SARUCHAT MIXED DAY SECONDARY SCHOOL,Sub County,Mixed,
5286,25533119,TOGOMIN SECONDARY SCHOOL,Sub County,Mixed,
5287,25533122,SOTIK DAY SECONDARY SCHOOL,Sub County,Mixed,
5288,25533123,"BALEK ""A"" SECONDARY SCHOOL",Sub County,Mixed,
5289,25533124,KAPKOITIM SECONDARY SCHOOL,Sub County,Mixed,
5290,25533125,KAPCHEPKORO SECONDARY SCHOOL,Sub County,Mixed,
5291,25533127,CHEBONGI SECONDARY SCHOOL,Sub County,Mixed,
5292,25533128,KERONJO MIXED DAY SECONDARY SCHOOL,Sub County,Mixed,
5293,25533129,CHEPKOSIOM HIGH SCHOOL,Sub County,Mixed,
5294,25533130,SIROIN SECONDARY SCHOOL,Sub County,Mixed,
5295,25533131,KAPSEMBE HIGH SCHOOL,Sub County,Mixed,
5296,25533132,SIRONET SECONDARY SCHOOL,Sub County,Mixed,
5297,25533133,CHEBILAT MIXED DAY SECONDARY SCHOOL,Sub County,Mixed,
5298,25533134,KISABEI DAY SECONDARY SCHOOL,Sub County,Mixed,
5299,25533135,CHEPTANGULGEI SECONDARY SCHOOL,Sub County,Mixed,
5300,25533204,KAPKELEI SECONDARY SCHOOL,Sub County,Mixed,
5301,25533205,KAPCHUMBE SECONDARY SCHOOL,Sub County,Mixed,
5302,25533206,SIGORIAN SECONDARY SCHOOL,Sub County,Mixed,
5303,25533207,KIPSINGEI MIXED SECONDARY SCHOOL,Sub County,Mixed,
5304,25533208,KIPSIMBOL SECONDARY SCHOOL,Sub County,Mixed,
5305,25533209,MOTIRET SECONDARY SCHOOL,Sub County,Mixed,
5306,25533210,ROTIK MIXED DAY SECONDARY SCHOOL,Sub County,Mixed,
5307,25533211,OLDEBESI SECONDARY SCHOOL,Sub County,Mixed,
5308,25533212,KAGASIK GIRLS SECONDARY SCHOOL,Sub County,Girls,
5309,25533213,MOSONIK MIXED SECONDARY SCHOOL,Sub County,Mixed,
5310,25533215,SOSUR SECONDARY SCHOOL,Sub County,Mixed,
5311,25533216,2 0K2A0P LKECLPAEC SHE CSOENCDOANRDYA RSCYH SOCOHLO COHLOICES LIST,Sub County,Mixed,
5312,25533217,KIRICHA SECONDARY SCHOOL,Sub County,Mixed,
5313,25533218,NDANAI BOYS SECONDARY SCHOOL,Sub County,Mixed,
5314,25533272,KAPCHEMIBEI MIXED SECONDARY SCHOOL,Sub County,Mixed,
5315,25533273,KAPSOSURWO MIXED DAY SECONDARY SCHOOL,Sub County,Mixed,
5316,25533274,KAMENES SECONDARY SCHOOL,Sub County,Mixed,
5317,25533301,KIPSONOI SECONDARY SCHOOL,Sub County,Mixed,
5318,25533302,KAPTULWA SECONDARY SCHOOL,Sub County,Mixed,
5319,25533306,CHEBOLE HIGH SCHOOL,Sub County,Mixed,
5320,25533307,KAPKURESS SECONDARY SCHOOL,Sub County,Mixed,
5321,25533309,KAMUREITO HIGH SCHOOL,Sub County,Mixed,
5322,25533313,KAMESWON SECONDARY SCHOOL,Sub County,Mixed,
5323,25533315,KINYELWET SECONDARY SCHOOL,Sub County,Mixed,
5324,25551103,KAPKESOSIO SECONDARY SCHOOL,Sub County,Mixed,
5325,25551104,CHEPKOSA SECONDARY SCHOOL,Sub County,Mixed,
5326,25551105,SUGUMERGA SECONDARY SCHOOL,Sub County,Mixed,
5327,25551106,LUGUMEK SECONDARY SCHOOL,Sub County,Mixed,
5328,25551107,TUMOI SECONDARY SCHOOL,Sub County,Mixed,
5329,25551108,KAPKULUMBEN SECONDARY SCHOOL,Sub County,Mixed,
5330,25551109,KABOSON DAY SECONDARY SCHOOL,Sub County,Mixed,
5331,25551110,KIPKEIGEI SECONDARY SCHOOL,Sub County,Mixed,
5332,25551111,LELAITICH SECONDARY SCHOOL,Sub County,Mixed,
5333,25551112,KAMONGIL MIXED DAY SECONDARY SCHOOL,Sub County,Mixed,
5334,25551113,ST.MICHAEL'S SECONDARY SCHOOL,Sub County,Mixed,
5335,25551114,KYOGONG SECONDARY SCHOOL,Sub County,Mixed,
5336,25551115,GOITABSILIBWET SECONDARY SCHOOL,Sub County,Mixed,
5337,25551118,OLESOI SECONDARY SCHOOL,Sub County,Mixed,
5338,25551119,KABOLWO MIXED DAY SECONDARY SCHOOL,Sub County,Mixed,
5339,25551123,2 0C2H0E KMCEPNEG SWECAO SNEDCAORNYD ASCRHYO SOCLH COHOOLICES LIST,Sub County,Mixed,
5340,25551124,OREIYET SECONDARY SCHOOL,Sub County,Mixed,
5341,25551125,TEBESWET SECONDARY SCHOOL,Sub County,Mixed,
5342,25551126,CHEBARAA SECONDARY SCHOOL,Sub County,Mixed,
5343,25551128,KERUNDUT MIXED DAY SECONDARY SCHOOL,Sub County,Mixed,
5344,25551129,KAPSABUL MIXED DAY SECONDARY SCHOOL,Sub County,Mixed,
5345,25551130,KOIYET MIXED DAY SECONDARY SCHOOL,Sub County,Mixed,
5346,25551131,KIMENDERIT SECONDARY SCHOOL,Sub County,Mixed,
5347,25551132,NOGIRWET DAY SECONDARY SCHOOL,Sub County,Mixed,
5348,25551133,CHEBELION MIXED SECONDARY SCHOOL,Sub County,Mixed,
5349,25551134,KIPRICHEIT HIGH SCHOOL,Sub County,Mixed,
5350,25551135,SAMOEI NGWONET GIRLS SECONDARY SCHOOL,Sub County,Girls,
5351,25551136,KAPCHELEL SECONDARY SCHOOL,Sub County,Mixed,
5352,25551137,NYAKICHIWA SECONDARY SCHOOL,Sub County,Mixed,
5353,25551202,KAPOLESEROI SECONDARY SCHOOL,Sub County,Mixed,
5354,25551208,MENGWET SECONDARY SCHOOL,Sub County,Mixed,
5355,25551211,CHEPWOSTUIYET SECONDARY SCHOOL,Sub County,Mixed,
5356,25551213,KIRIBA SECONDARY SCHOOL,Sub County,Mixed,
5357,25551214,KAMAGET MIXED DAY SECONDARY SCHOOL,Sub County,Mixed,
5358,25551215,KIPROROGET SECONDARY SCHOOL,Sub County,Mixed,
5359,25551216,CHEBANYINY SECONDARY SCHOOL,Sub County,Mixed,
5360,25551217,MASINDONI SECONDARY SCHOOL,Sub County,Mixed,
5361,25551218,BINGWA SECONDARY SCHOOL,Sub County,Mixed,
5362,25551219,CHEPNYALILIET SECONDARY SCHOOL,Sub County,Mixed,
5363,25551220,NDAMICHONIK SECONDARY SCHOOL,Sub County,Mixed,
5364,25551222,KATARET SECONDARY SCHOOL,Sub County,Mixed,
5365,25551224,KOIMIRET SECONDARY SCHOOL,Sub County,Mixed,
5366,25551225,SAUNET SECONDARY SCHOOL,Sub County,Mixed,
5367,25551226,2 0S2IO0N KGCIPREO SI EDCAOYN SDEACROYN SDCAHROYO SLC CHHOOOICLES LIST,Sub County,Mixed,
5368,25551227,ST. THOMAS REBERWET SECONDARY SCHOOL,Sub County,Mixed,
5369,25551228,CHEMAETANY DAY SECONDARY SCHOOL,Sub County,Mixed,
5370,25551229,KABISOGE SECONDARY SCHOOL,Sub County,Mixed,
5371,25551230,KIPKUROR DAY SECONDARY SCHOOL,Sub County,Mixed,
5372,25551231,ROBORWO SECONDARY SCHOOL,Sub County,Mixed,
5373,25551232,KIMAYA MIXED DAY SECONDARY SCHOOL,Sub County,Mixed,
5374,25551233,ITEMBE SECONDARY SCHOOL,Sub County,Mixed,
5375,25551234,CHEBOYO SECONDARY SCHOOL,Sub County,Mixed,
5376,25551235,KIPSUTER MIXED DAY SECONDARY SCHOOL,Sub County,Mixed,
5377,25551236,CHELELACH HIGH SCHOOL,Sub County,Mixed,
5378,25551238,TILANGOK SECONDARY SCHOOL,Sub County,Mixed,
5379,25551239,KAMOGIBOI SECONDARY SCHOOL,Sub County,Mixed,
5380,25551240,MUKENYI SECONDARY SCHOOL,Sub County,Mixed,
5381,25551241,KABISIMBA SECONDARY SCHOOL,Sub County,Mixed,
5382,25551242,KIMATISIO SECONDARY SCHOOL,Sub County,Mixed,
5383,25551243,KAPSINENDET CENTRAL SECONDARY SCHOOL,Sub County,Mixed,
5384,25551244,KABEMA SECONDARY SCHOOL,Sub County,Mixed,
5385,25551245,KIBOSON SECONDARY SCHOOL,Sub County,Mixed,
5386,25563103,KIPTENDEN SECONDARY SCHOOL,Sub County,Mixed,
5387,25563107,CHEPTABACH SECONDARY SCHOOL,Sub County,Mixed,
5388,25563108,NGERERIT SECONDARY SCHOOL,Sub County,Mixed,
5389,25563109,MOGONJET SECONDARY SCHOOL,Sub County,Mixed,
5390,25563110,TEREK SECONDARY SCHOOL,Sub County,Mixed,
5391,25563111,SIMOTI SECONDARY SCHOOL,Sub County,Mixed,
5392,25563112,KOIWA CENTRAL SECONDARY SCHOOL,Sub County,Mixed,
5393,25563113,EMMANUEL BOITO BOYS HIGH SCHOOL,Sub County,Boys,
5394,25563114,KAPTEMBWO SECONDARY SCHOOL,Sub County,Mixed,
5395,25563115,2 0K2A0B IKACNPGEE SKE CMOIXNEDDA DRAYY S SCHECOOONL DCAHROYI CSECSH LOISOTL,Sub County,Mixed,
5396,25563116,CHEPKOCHUN SECONDARY SCHOOL,Sub County,Mixed,
5397,25563117,SINENDOIK SECONDARY SCHOOL,Sub County,Mixed,
5398,25563118,SEANIN SECONDARY SCHOOL,Sub County,Mixed,
5399,25563119,CHONGENWO SECONDARY SCHOOL,Sub County,Mixed,
5400,25563120,CHEPTINGTING SECONDARY SCHOOL,Sub County,Mixed,
5401,25563121,KEBUMBUR SECONDARY SCHOOL,Sub County,Mixed,
5402,25563122,KIPRAISI SECONDARY SCHOOL,Sub County,Mixed,
5403,25563123,KAPRORET SECONDARY SCHOOL,Sub County,Mixed,
5404,25563124,CHEMELET SECONDARY SCHOOL,Sub County,Mixed,
5405,25563125,BOITO DAY SECONDARY SCHOOL,Sub County,Mixed,
5406,25563126,KOROITIK SECONDARY SCHOOL,Sub County,Mixed,
5407,25563127,KENYAGORO SECONDARY SCHOOL,Sub County,Mixed,
5408,25563204,EMBOMOS SECONDARY SCHOOL,Sub County,Mixed,
5409,25563206,MESWONDO SECONDARY SCHOOL,Sub County,Mixed,
5410,25563207,KIRIMOSE SECONDARY SCHOOL,Sub County,Mixed,
5411,25563208,TABOINO MIXED DAY SECONDARY SCHOOL,Sub County,Mixed,
5412,25563209,SOTIT GIRLS SECONDARY SCHOOL,Sub County,Girls,
5413,25563210,SIOMO SECONDARY SCHOOL,Sub County,Mixed,
5414,25563211,KITALA MIXED DAY SECONDARY SCHOOL,Sub County,Mixed,
5415,25563212,BOSTO SECONDARY SCHOOL,Sub County,Mixed,
5416,25563304,KAPTIEN SECONDARY SCHOOL,Sub County,Mixed,
5417,25563305,CHEMALAL SECONDARY SCHOOL,Sub County,Mixed,
5418,25563306,CHEPCHABAS SECONDARY SCHOOL,Sub County,Mixed,
5419,25563307,KAPKILAIBEI MIXED DAY SECONDARY SCHOOL,Sub County,Mixed,
5420,25563308,KAPSET MIXED DAY SECONDARY SCHOOL,Sub County,Mixed,
5421,25563309,MARINYIN SECONDARY SCHOOL,Sub County,Mixed,
5422,25563310,CHEBANG'ANG' SECONDARY SCHOOL,Sub County,Mixed,
5423,25563311,2 0T2U0IY KOCBPEEI SSEECCOONNDDAARRYY SSCCHHOOOOLL CHOICES LIST,Sub County,Mixed,
5424,25563312,MUGENYI SECONDARY SCHOOL,Sub County,Mixed,
5425,25563313,MICHIRA SECONDARY SCHOOL,Sub County,Mixed,
5426,25563314,CHEMASINGI SECONDARY SCHOOL,Sub County,Mixed,
5427,25583101,MERIGI SECONDARY SCHOOL,Sub County,Mixed,
5428,25583102,KIROMWOK SECONDARY SCHOOL,Sub County,Mixed,
5429,25583103,MENET SECONDARY SCHOOL,Sub County,Mixed,
5430,25583104,KAPSIMBIRI SECONDARY SCHOOL,Sub County,Mixed,
5431,25583105,BUKACHA SECONDARY SCHOOL,Sub County,Mixed,
5432,25583106,CHEPKOLON MIXED SECONDARY SCHOOL,Sub County,Mixed,
5433,25583107,TUMOIYOT SECONDARY SCHOOL,Sub County,Mixed,
5434,25583111,KAPORUSO HIGH SCHOOL,Sub County,Mixed,
5435,25583112,CHEMANER SECONDARY SCHOOL,Sub County,Mixed,
5436,25583113,KIPRERES SECONDARY SCHOOL,Sub County,Mixed,
5437,25583114,KIMUCHUL SECONDARY SCHOOL,Sub County,Mixed,
5438,25583115,CHEPKITWAL SECONDARY SCHOOL,Sub County,Mixed,
5439,25583116,KIPYOSIT SECONDARY SCHOOL,Sub County,Mixed,
5440,25583117,MOGOMA SECONDARY SCHOOL,Sub County,Mixed,
5441,25583119,SIWOT SECONDARY SCHOOL,Sub County,Mixed,
5442,25583120,KIPTOBIT SECONDARY SCHOOL,Sub County,Mixed,
5443,25583121,KIPLABOTWA SECONDARY SCHOOL,Sub County,Mixed,
5444,25583123,OLBOBO SECONDARY SCHOOL,Sub County,Mixed,
5445,25583124,CHEBOIN SECONDARY SCHOOL,Sub County,Mixed,
5446,25583125,ST.BENEDICT'S KAPKIMOLWO,Sub County,Mixed,
5447,25583127,KAKIMIRAI SECONDARY SCHOOL,Sub County,Mixed,
5448,25583128,EMITIOT SECONDARY SCHOOL,Sub County,Mixed,
5449,25583129,SIGOWET DAY SECONDARY SCHOOL,Sub County,Mixed,
5450,25583130,KIPTULWA SECONDARY SCHOOL,Sub County,Mixed,
5451,25583131,2 0L2E0L KKACTPEET S SECEOCONNDDAARRYY S CSHCOHOOOL LCHOICES LIST,Sub County,Mixed,
5452,25583132,LEKIMBO SECONDARY SCHOOL,Sub County,Mixed,
5453,25583133,LONGISA MIXED SECONDARY SCHOOL,Sub County,Mixed,
5454,25583134,TORONIK MIXED SECONDARY SCHOOL,Sub County,Mixed,
5455,25583135,KALYET MIXED DAY SECONDARY SCHOOL,Sub County,Mixed,
5456,25583136,BUKUNYE DAY SECONDARY SCHOOL,Sub County,Mixed,
5457,25583137,KONGOTIK MIXED DAY SECONDARY SCHOOL,Sub County,Mixed,
5458,25583138,MOGITUI MIXED DAY SECONDARY SCHOOL,Sub County,Mixed,
5459,25583139,NORERA SECONDARY SCHOOL,Sub County,Mixed,
5460,25583140,KORARA SECONDARY SCHOOL,Sub County,Mixed,
5461,25583141,KOITA SECONDARY SCHOOL,Sub County,Mixed,
5462,25583142,SAOSET SECONDARY SCHOOL,Sub County,Mixed,
5463,25583143,NDUBAI SECONDARY SCHOOL,Sub County,Mixed,
5464,25583144,KEMBU SECONDARY SCHOOL,Sub County,Mixed,
5465,25583145,MULOT GIRLS SECONDARY SCHOOL,Sub County,Girls,
5466,25583146,CHELEMEI GIRLS SECONDARY SCHOOL,Sub County,Girls,
5467,25583147,KIPKURION MIXED SECONDARY SCHOOL,Sub County,Mixed,
5468,26509101,UASIN GISHU HIGH SCHOOL,Sub County,Mixed,
5469,26509104,KAPLELACH HIGH SCHOOL,Sub County,Mixed,
5470,26509107,UMOJA SECONDARY SCHOOL,Sub County,Mixed,
5471,26509113,A.I.C LESERU BOYS SCHOOL,Sub County,Boys,
5472,26509116,NG'ENYILEL SECONDARY SCHOOL,Sub County,Mixed,
5473,26509118,CHRIST THE KING - SAMBUT SECONDARY SCHOOL,Sub County,Mixed,
5474,26509119,ST MARY'S OSORONGAI SECONDARY SCHOOL,Sub County,Mixed,
5475,26509120,MURGUSI SECONDARY SCHOOL,Sub County,Mixed,
5476,26509121,CHEPSAITA SECONDARY SCHOOL,Sub County,Mixed,
5477,26509122,A.I.C TAPSAGOI HIGH SCHOOL,Sub County,Mixed,
5478,26509123,KAPSAOS SECONDARY SCHOOL,Sub County,Mixed,
5479,26509125,2 0S2T0.A KNCTPOEN SYE CBOONINDEATR SYE SCCOHNODOALR CYH SOCIHCOESO LLIST,Sub County,Mixed,
5480,26509127,CHEBARUS SECONDARY SCHOOL,Sub County,Mixed,
5481,26509129,ACK ST. JOHN SIGOWET SECONDARY SCHOOL,Sub County,Mixed,
5482,26509130,MOI BARRACKS SECONDARY SCHOOL,Sub County,Mixed,
5483,26509131,ST. PETER'S SOIN SECONDARY SCHOOL,Sub County,Mixed,
5484,26509132,A. I. C. SEIYOT SECONDARY SCHOOL,Sub County,Mixed,
5485,26509134,ST. JOHN'S SOKYOT SECONDARY SCHOOL,Sub County,Mixed,
5486,26509136,ELDORET TOWNSHIP SECONDARY SCHOOL,Sub County,Mixed,
5487,26509139,ELDORET KANDIE SECONDARY SCHOOL,Sub County,Mixed,
5488,26509140,RCEA KIPLOMBE HIGH SCHOOL,Sub County,Mixed,
5489,26509142,KAPCHUMBA SECONDARY SCHOOL,Sub County,Mixed,
5490,26509143,STARRIDGE HIGH SCHOOL,Sub County,Mixed,
5491,26509145,AIC KAMORET SECONDARY SCHOOL,Sub County,Mixed,
5492,26534101,KAPSOYA SECONDARY SCHOOL,Sub County,Mixed,
5493,26534103,ILLULA SECONDARY SCHOOL,Sub County,Mixed,
5494,26534105,CONCORD GIRLS HIGH SCHOOL,Sub County,Girls,
5495,26534106,RCEA BIWOTT NG'ELEL TARIT SECONDARY SCHOOL,Sub County,Mixed,
5496,26534108,ST.GREGORY NAIBERI SECONDARY SCHOOL,Sub County,Mixed,
5497,26534109,A.I.C KILUKA MIXED DAY SECONDARY,Sub County,Mixed,
5498,26534111,TENDWO SECONDARY SCHOOL,Sub County,Mixed,
5499,26534112,CHEPKONGONY C O C SECONDARY SCHOOL,Sub County,Mixed,
5500,26534113,CHESOGOR SECONDARY SCHOOL,Sub County,Mixed,
5501,26534116,ST.PETER'S WAUNIFOR SECONDARY SCHOOL,Sub County,Mixed,
5502,26534120,AINABKOI SECONDARY SCHOOL,Sub County,Mixed,
5503,26534121,CHEPLELACHBEI EAST MIXED SECONDARY SCHOOL,Sub County,Mixed,
5504,26534123,OLAARE SECONDARY SCHOOL,Sub County,Mixed,
5505,26534124,RURIGI SECONDARY SCHOOL,Sub County,Mixed,
5506,26534125,CHEPTIGIT SECONDARY SCHOOL,Sub County,Mixed,
5507,26534126,2 0S2O0L IKACTP SEE SCEOCONNDADRAYR YS CSCHHOOOOLL CHOICES LIST,Sub County,Mixed,
5508,26534127,ST. MARY'S KOIBARAK SECONDARY SCHOOL,Sub County,Mixed,
5509,26535101,ST. GEORGES GIRLS SCHOOL -ELDORET,Sub County,Girls,
5510,26535104,AIC KOSIRAI SECONDARY SCHOOL,Sub County,Mixed,
5511,26535106,DEB MUTWOT SECONDARY SCHOOL,Sub County,Mixed,
5512,26535109,A I C LEMOOK SECONDARY SCHOOL,Sub County,Mixed,
5513,26535110,TUIYO SECONDARY SCHOOL,Sub County,Mixed,
5514,26535119,DAVIES SECONDARY SCHOOL,Sub County,Mixed,
5515,26535127,NGARA FALLS SECONDARY SCHOOL,Sub County,Mixed,
5516,26535128,A.C.K. ST. BARNABAS KIPKENYO SECONDARY SCHOOL,Sub County,Mixed,
5517,26535129,ST. JOSEPH KAPSARET SECONDARY SCHOOL,Sub County,Mixed,
5518,26535131,KOROS SECONDARY SCHOOL CHEMINA,Sub County,Mixed,
5519,26535133,MWIRUTI SECONDARY SCHOOL,Sub County,Mixed,
5520,26535134,WARENG HIGH SCHOOL,Sub County,Mixed,
5521,26535147,SONGOLIET SECONDARY SCHOOL,Sub County,Mixed,
5522,26535161,ACK ATUREI SECONDARY SCHOOL,Sub County,Mixed,
5523,26535162,KIAMBAA SECONDARY SCHOOL,Sub County,Mixed,
5524,26576101,R C E A KUINET SECONDARY SCHOOL,Sub County,Mixed,
5525,26576102,ZIWA SECONDARY SCHOOL,Sub County,Mixed,
5526,26576104,MAKONGI HIGH SCHOOL,Sub County,Mixed,
5527,26576107,ST. PAUL'S MAKONGI SECONDARY SCHOOL,Sub County,Mixed,
5528,26576108,LEGEBET SECONDARY SCHOOL,Sub County,Mixed,
5529,26576110,LOLKINYEI SECONDARY SCHOOL,Sub County,Mixed,
5530,26576113,KAPTEBENGWET SECONDARY SCHOOL,Sub County,Mixed,
5531,26576114,ST PETER'S NATWANA SECONDARY SCHOOL,Sub County,Mixed,
5532,26576115,MOI'S BRIDGE SECONDARY SCHOOL,Sub County,Mixed,
5533,26576116,ST MICHAEL KIPSOMBE SECONDARY SCHOOL,Sub County,Mixed,
5534,26576119,SOY SECONDARY SCHOOL,Sub County,Mixed,
5535,26576120,2 0S2T0 P KECTPEER S'SE CKOAPNKDOARREYN S CSHEOCOONL DCAHROYIC SECSH LOISOTL,Sub County,Mixed,
5536,26576121,ST LUCY'S EDUCATION CENTRE,Sub County,Mixed,
5537,26576122,MAFUTA SECONDARY SCHOOL,Sub County,Mixed,
5538,26576123,K.A.G BWAYI SECONDARY SCHOOL,Sub County,Mixed,
5539,26576124,CHEPLELAIBEI NORTH SECONDARY SCHOOL,Sub County,Mixed,
5540,26576125,KIPSANGUI GIRLS SECONDARY SCHOOL,Sub County,Girls,
5541,26576127,LEMORU SECONDARY SCHOOL,Sub County,Mixed,
5542,26576129,ST. JOSEPH'S MOBETT SECONDARY SCHOOL,Sub County,Mixed,
5543,26576130,KAPNGETUNY GAA SECONDARY SCHOOL,Sub County,Mixed,
5544,26576131,LORWA SECONDARY SCHOOL,Sub County,Mixed,
5545,26576132,A.I.C. TELDET SECONDARY SCHOOL,Sub County,Mixed,
5546,26576133,A. I. C. ITIGO SECONDARY SCHOOL,Sub County,Mixed,
5547,26576134,NGENY SECONDARY SCHOOL,Sub County,Mixed,
5548,26576135,A.I. C. MOGOON SECONDARY SCHOOL,Sub County,Mixed,
5549,26576137,ST PETER'S KAMUKUNJI SECONDARY SCHOOL,Sub County,Mixed,
5550,26576138,KOKWET SECONDARY SCHOOL,Sub County,Mixed,
5551,26576139,AIC NDABARNACH SECONDARY SCHOOL,Sub County,Mixed,
5552,26576140,A.I.C KOSYIN SECONDARY SCHOOL,Sub County,Mixed,
5553,26576141,A.I.C KAPSANG HIGH SCHOOL,Sub County,Mixed,
5554,26576142,ST. STEPHEN'S JABALI SECONDARY SCHOOL,Sub County,Mixed,
5555,26576143,A.I.C SARAMEK SECONDARY SCHOOL,Sub County,Mixed,
5556,26576145,RCEA CHEPKIGEN SECONDARY SCHOOL,Sub County,Mixed,
5557,26576146,A.I.C SINENDET SECONDARY SCHOOL,Sub County,Mixed,
5558,26576147,KEROTET MIXED DAY SECONDARY SCHOOL,Sub County,Mixed,
5559,26576148,AIC TAMBOIYOT SECONDARY SCHOOL,Sub County,Mixed,
5560,26576149,A.I.C KAMOIYWO SECONDARY SCHOOL,Sub County,Mixed,
5561,26576150,RCEA SHIRIKA SECONDARY SCHOOL,Sub County,Mixed,
5562,26576151,AIC SIRIKWA SECONDARY SCHOOL,Sub County,Mixed,
5563,26577101,2 0E2L0D OKCRPEET SGE.CKO. HNIDGAHR SYC SHCOHOOLOL CHOICES LIST,Sub County,Mixed,
5564,26577102,UNIVERSITY OF ELDORET HIGH SCHOOL,Sub County,Mixed,
5565,26577103,ELDORET CENTRAL SECONDARY SCHOOL,Sub County,Mixed,
5566,26577104,KIMUMU SECONDARY SCHOOL,Sub County,Mixed,
5567,26577106,R.C.E.A KOITOROR SECONDARY SCHOOL,Sub County,Mixed,
5568,26577107,R.C.E.A LIVINGSTONE SECONDARY SCHOOL,Sub County,Mixed,
5569,26577108,TEMBELIO SECONDARY SCHOOL,Sub County,Mixed,
5570,26577109,SOSIOT SECONDARY SCHOOL,Sub County,Mixed,
5571,26577110,AIC KAPKEI SECONDARY SCHOOL,Sub County,Mixed,
5572,26577111,CHEBURBUR SECONDARY SCHOOL,Sub County,Mixed,
5573,26577112,AIC CHEMUNGEN SECONDARY SCHOOL,Sub County,Mixed,
5574,26577113,CHELALANG SECONDARY SCHOOL,Sub County,Mixed,
5575,26577118,SOSIYO SECONDARY SCHOOL,Sub County,Mixed,
5576,26577119,A.I.C TOROCHMOI HIGH SCHOOL,Sub County,Mixed,
5577,26577120,CHEPKOILEL SECONDARY SCHOOL,Sub County,Mixed,
5578,26577121,TUGEN ESTATE RCEA SECONDARY SCHOOL,Sub County,Mixed,
5579,26577123,KALYET SECONDARY SCHOOL,Sub County,Mixed,
5580,26577125,ST. PETER'S SECONDARY SCHOOL - NGOISA,Sub County,Mixed,
5581,26577126,TACHASIS GIRLS' SECONDARY SCHOOL,Sub County,Girls,
5582,26577127,A.I.C MUMETET SECONDARY SCHOOL,Sub County,Mixed,
5583,26577128,TOLOITA SECONDARY SCHOOL,Sub County,Mixed,
5584,26577130,KEMELIET SECONDARY SCHOOOL,Sub County,Mixed,
5585,26577132,USWO MIXED DAY SECONDARY SCHOOL,Sub County,Mixed,
5586,26577133,ST. JOSEPH'S KAPNASU SECONDARY SCHOOL,Sub County,Mixed,
5587,26577134,ST. ANN & JOACHIM CHEPKOSOM SECONDARY SCHOOL,Sub County,Mixed,
5588,26577137,ST. JOHN PAUL II SECONDARY SCHOOL-CHEPLASKEI,Sub County,Mixed,
5589,26578005,MOI UNIVERSITY SECONDARY SCHOOL,Sub County,Mixed,
5590,26578006,A I C TULWET SECONDARY SCHOOL,Sub County,Boys,
5591,26578010,2 0M2O0I KCCHPUEI YSAECT OSNECDOARNYD ASRCHY OSOCLH OCHOOLICES LIST,Sub County,Mixed,
5592,26578011,LELMOLOK SECONDARY SCHOOL,Sub County,Mixed,
5593,26578012,LAINGUSE SECONDARY SCHOOL,Sub County,Mixed,
5594,26578013,SAROIYOT MIXED SECONDARY SCHOOL,Sub County,Mixed,
5595,26578014,MKOMBOZI SECONDARY SCHOOL,Sub County,Mixed,
5596,26578015,CHIRCHIR SECONDARY SCHOOL,Sub County,Mixed,
5597,26578016,KOISAGAT GAA SECONDARY SCHOOL,Sub County,Mixed,
5598,26578017,KOIWOARUSEN SECONDARY SCHOOL,Sub County,Mixed,
5599,26578018,KAMUYU HIGH SCHOOL,Sub County,Mixed,
5600,26578019,CENGALO SECONDARY SCHOOL,Sub County,Mixed,
5601,26578020,BISHOP MUGE SUBUKIA SECONDARY SCHOOL,Sub County,Mixed,
5602,26578021,RUKUINI SECONDARY SCHOOL,Sub County,Mixed,
5603,26578022,TARAKWA SECONDARY SCHOOL,Sub County,Mixed,
5604,26578023,NDUNGULU SECONDARY SCHOOL,Sub County,Mixed,
5605,26578024,KERITA SECONDARY SCHOOL,Sub County,Mixed,
5606,26578025,A.I.C ISAAC KOSGEI SECONDARY SCHOOL,Sub County,Mixed,
5607,26578026,KOILUGET SECONDARY SCHOOL,Sub County,Mixed,
5608,26578027,CHEPKOIYO SECONDARY SCHOOL,Sub County,Mixed,
5609,26578028,RACECOURSE SECONDARY SCHOOL,Sub County,Mixed,
5610,26578029,CHEPKIGEN SECONDARY SCHOOL,Sub County,Mixed,
5611,26578031,ST. MICHAEL'S TULWOPNG'ETUNY SECONDARY SCHOOL,Sub County,Mixed,
5612,26578033,LINGWAY SECONDARY SCHOOL,Sub County,Mixed,
5613,26578034,R.C.E.A SEIYO SECONDARY SCHOOL,Sub County,Mixed,
5614,26578035,BAREKEIWO MIXED SECONDARY SCHOOL,Sub County,Mixed,
5615,26578036,KERINGET SECONDARY SCHOOL,Sub County,Boys,
5616,26578038,SOSIANI SECONDARY SCHOOL,Sub County,Mixed,
5617,26578039,MATHARU SECONDARY SCHOOL,Sub County,Mixed,
5618,26578040,BINDURA SECONDARY SCHOOL,Sub County,Mixed,
5619,26578041,2 0A2IC0 KKACPPET USMECOO SNEDCAORNYD SACRHYO SOCLH COHOOLICES LIST,Sub County,Mixed,
5620,26578042,CHAGAIYA SECONDARY SCHOOL,Sub County,Mixed,
5621,26578043,REHEMA SECONDARY SCHOOL,Sub County,Mixed,
5622,26578044,ST. MARKS TELDET SECONDARY SCHOOL,Sub County,Mixed,
5623,26578045,TUMOGE SECONDARY SCHOOL,Sub County,Mixed,
5624,27506101,KENYATTA SECONDARY SCHOOL,Sub County,Mixed,
5625,27506102,NAKURU WEST SECONDARY SCHOOL,Sub County,Mixed,
5626,27506103,MOI SECONDARY SCHOOL NAKURU,Sub County,Mixed,
5627,27506104,TUMAINI HOUSE SCHOOL,Sub County,Mixed,
5628,27506105,CRATER VIEW SECONDARY SCHOOL,Sub County,Mixed,
5629,27506106,UHURU HIGH SCHOOL,Sub County,Mixed,
5630,27506107,MOGOON SECONDARY SCHOOL,Sub County,Mixed,
5631,27506110,KELELWET SECONDARY SCHOOL,Sub County,Mixed,
5632,27506113,MWARIKI SECONDARY SCHOOL,Sub County,Mixed,
5633,27511101,MENENGAI HIGH SCHOOL,Sub County,Mixed,
5634,27511102,NAKURU DAY SECONDARY SCHOOL,Sub County,Mixed,
5635,27511104,AFRAHA HIGH SCHOOL,Sub County,Mixed,
5636,27511109,FLAMINGO SECONDARY SCHOOL,Sub County,Mixed,
5637,27511111,LANET SECONDARY SCHOOL,Sub County,Mixed,
5638,27511112,LANGALANGA SECONDARY SCHOOL,Sub County,Mixed,
5639,27511131,UPPERHILL MIXED SECONDARY SCHOOL,Sub County,Mixed,
5640,27511184,NAKURU CENTRAL SECONDARY SCHOOL,Sub County,Mixed,
5641,27511185,HILLCREST SECONDARY SCHOOL,Sub County,Mixed,
5642,27511530,ST MARYS GIRLS SECONDARY SCHOOL,Sub County,Girls,
5643,27511531,NAIROBI ROAD SECONDARY SCHOOL,Sub County,Mixed,
5644,27511537,NATEWA HIGH SCHOOL,Sub County,Mixed,
5645,27511538,RHINO SECONDARY SCHOOL,Sub County,Mixed,
5646,27511545,KIMATHI SECONDARY SCHOOL,Sub County,Mixed,
5647,27511546,2 0K2IV0U KMCBPIEN IS SECEOCONNDDAARRY YS CSHCOHOOLO CLHOICES LIST,Sub County,Mixed,
5648,27536101,ST. JOSEPH'S KARI LANET SECONDARY SCHOOL,Sub County,Mixed,
5649,27536102,DUNDORI SECONDARY SCHOOL,Sub County,Mixed,
5650,27536104,BAVUNI SECONDARY SCHOOL,Sub County,Mixed,
5651,27536125,BISHOP EDWARD DONOVAN SECONDARY SCHOOL,Sub County,Mixed,
5652,27536126,MURUNYU HIGH SCHOOL,Sub County,Mixed,
5653,27536131,MWIRUTI SECONDARY SCHOOL,Sub County,Mixed,
5654,27536135,WANYORORO SECONDARY SCHOOL,Sub County,Mixed,
5655,27536136,MIKEU SECONDARY SCHOOL,Sub County,Mixed,
5656,27536142,MILIMANI SECONDARY SCHOOL,Sub County,Mixed,
5657,27536160,KIMANI NGUNJIRI HIGH SCHOOL,Sub County,Mixed,
5658,27536204,HEROES HIGH SCHOOL- BAHATI,Sub County,Mixed,
5659,27536206,ST JOHN'S SECONDARY SCHOOL (BAHATI),Sub County,Mixed,
5660,27536207,KIAMAINA SECONDARY SCHOOL,Sub County,Mixed,
5661,27536212,ST. ANTONY ENGOSHURA SECONDARY SCHOOL,Sub County,Mixed,
5662,27536213,MURUNGARU SECONDARY SCHOOL,Sub County,Mixed,
5663,27536223,J.M KARIUKI MEMORIAL SECONDARY SCHOOL,Sub County,Mixed,
5664,27536224,MENENGAI HILL SECONDARY SCHOOL,Sub County,Mixed,
5665,27536227,RURII SECONDARY SCHOOL,Sub County,Mixed,
5666,27536228,LIMUKO SECONDARY SCHOOL,Sub County,Mixed,
5667,27536234,ST. FRANCIS BAHATI SECONDARY SCHOOL,Sub County,Mixed,
5668,27536235,HESHIMA SECONDARY SCHOOL,Sub County,Mixed,
5669,27536242,WORKERS HIGH SCHOOL,Sub County,Mixed,
5670,27536243,ST. GERALD HIGH SCHOOL,Sub County,Mixed,
5671,27536244,KING DAVID HIGH SCHOOL BAHATI,Sub County,Mixed,
5672,27536301,NDUNGIRI SECONDARY SCHOOL,Sub County,Mixed,
5673,27536302,ST. JOSEPH'S KIRIMA SECONDARY SCHOOL,Sub County,Mixed,
5674,27536304,ST. MARK'S ELDONIO SECONDARY SCHOOL,Sub County,Mixed,
5675,27536305,2 0R2IG0 OKGCPOE S SEECCOONNDDAARRYY SSCCHHOOOOLL CHOICES LIST,Sub County,Mixed,
5676,27536306,OLBONATA SECONDARY SCHOOL,Sub County,Mixed,
5677,27537304,MWICIRINGIRI SECONDARY SCHOOL,Sub County,Mixed,
5678,27537305,NYONJORO SECONDARY SCHOOL,Sub County,Mixed,
5679,27537308,NAIVASHA DAY SECONDARY SCHOOL,Sub County,Mixed,
5680,27537309,MARAIGUSHU SECONDARY SCHOOL,Sub County,Mixed,
5681,27537311,MUNUNGA HIGH SCHOOL,Sub County,Mixed,
5682,27537313,GITURU SECONDARY SCHOOL,Sub County,Mixed,
5683,27537314,KINUNGI SECONDARY SCHOOL,Sub County,Mixed,
5684,27537316,NYONDIA SECONDARY SCHOOL,Sub County,Mixed,
5685,27537322,MUNYU SECONDARY SCHOOL,Sub County,Mixed,
5686,27537323,GITUAMBA SECONDARY SCHOOL,Sub County,Mixed,
5687,27537327,GATAMAIYU SECONDARY SCHOOL,Sub County,Mixed,
5688,27537330,MILIMANI HIGH SCHOOL,Sub County,Mixed,
5689,27537332,NYAKAIRU SENIORS SECONDARY SCHOOL,Sub County,Mixed,
5690,27537335,NORTH KARATI SECONDARY SCHOOL,Sub County,Mixed,
5691,27537338,NYAMATHI SECONDARY SCHOOL,Sub County,Mixed,
5692,27537339,ONE 27 KAG ACADEMY,Sub County,Mixed,
5693,27537340,RUTERE SECONDARY SCHOOL,Sub County,Mixed,
5694,27537401,MIRERA HIGH SCHOOL,Sub County,Mixed,
5695,27537402,MAIELLA TOWNSHIP SECONDARY SCHOOL,Sub County,Mixed,
5696,27537403,NDABIBI SECONDARY SCHOOL,Sub County,Mixed,
5697,27537409,ST.ANDREW'S TARABETE SECONDARY SCHOOL,Sub County,Mixed,
5698,27537410,MOI NDABI SECONDARY SCHOOL,Sub County,Mixed,
5699,27537411,RUBIRI SECONDARY SCHOOL,Sub County,Mixed,
5700,27537412,NGONDI SECONDARY SCHOOL,Sub County,Mixed,
5701,27537503,KARIMA MIXED SECONDARY SCHOOL,Sub County,Mixed,
5702,27537504,LONGONOT TOWNSHIP SECONDARY SCHOOL,Sub County,Mixed,
5703,27537509,2 0K2IJ0A KBCEP TEO SWECNOSNHIDPA SREYC SOCNHDOAORLY C SHCOHICOEOSL LIST,Sub County,Mixed,
5704,27537511,NAMUNCHA PEACE SECONDARY SCHOOL,Sub County,Mixed,
5705,27537512,GOVERNOR SECONDARY SCHOOL,Sub County,Mixed,
5706,27538104,MIANZINI SECONDARY SCHOOL,Sub County,Mixed,
5707,27538106,CHANDERA SECONDARY SCHOOL,Sub County,Mixed,
5708,27538107,ELBURGON D.E.B SECONDARY SCHOOL,Sub County,Mixed,
5709,27538108,NYAKIAMBI SECONDARY SCHOOL,Sub County,Mixed,
5710,27538109,TURI SECONDARY SCHOOL,Sub County,Mixed,
5711,27538110,MARIASHONI SECONDARY SCHOOL,Sub County,Mixed,
5712,27538111,ST. BRENDAN'S SECONDARY SCHOOL,Sub County,Mixed,
5713,27538112,P.C.E.A ELBURGON SECONDARY SCHOOL,Sub County,Mixed,
5714,27538113,LAWINA SECONDARY SCHOOL,Sub County,Mixed,
5715,27538114,SOKORO GIRLS SECONDARY SCHOOL,Sub County,Girls,
5716,27538115,KAPSITA SECONDARY SCHOOL,Sub County,Mixed,
5717,27538116,ST.JAMES MIXED SECONDARY SCHOOL,Sub County,Mixed,
5718,27538118,MWANGI MICHUKI SECONDARY SCHOOL,Sub County,Mixed,
5719,27538119,ROMBEI SECONDARY SCHOOL,Sub County,Mixed,
5720,27538121,ARIMI MIXED DAY SECONDARY SCHOOL,Sub County,Mixed,
5721,27538122,ST. JOSEPH'S ELBURGON SECONDARY SCHOOL,Sub County,Mixed,
5722,27538201,MOLO SECONDARY SCHOOL,Sub County,Mixed,
5723,27538205,NJENGA KARUME SECONDARY SCHOOL,Sub County,Mixed,
5724,27538209,TUMAINI INTEGRATED SECONDARY SCHOOL,Sub County,Mixed,
5725,27538211,MOTO SECONDARY SCHOOL,Sub County,Mixed,
5726,27538212,CHESINGELE SECONDARY SCHOOL,Sub County,Mixed,
5727,27538214,SACHANGWAN SECONDARY SCHOOL,Sub County,Mixed,
5728,27538215,TAYARI SECONDARY SCHOOL,Sub County,Mixed,
5729,27538216,MUKINYAI SECODARY SCHOOL,Sub County,Mixed,
5730,27538217,MONA SECONDARY SCHOOL,Sub County,Mixed,
5731,27538218,2 0K2IA0M KBCIPREIR SIEAC SOENCDOANRDYA SRCYH SOCOHLO COHLOICES LIST,Sub County,Mixed,
5732,27538219,MICHATHA SECONDARY SCHOOL,Sub County,Mixed,
5733,27538220,MOLO HIGHWAY SECONDARY SCHOOL,Sub County,Mixed,
5734,27552003,BANITA SECONDARY SCHOOL,Sub County,Mixed,
5735,27552005,PATEL DAY SECONDARY SCHOOL,Sub County,Mixed,
5736,27552007,AKUISI DAY MIXED SECONDARY SCHOOL,Sub County,Mixed,
5737,27552012,SEET KOBOR BAPTIST SECONDARY SCHOOL,Sub County,Mixed,
5738,27552013,LAKE SOLAI SECONDARY SCHOOL,Sub County,Mixed,
5739,27552017,ATHINAI SECONDARY SCHOOL,Sub County,Mixed,
5740,27552020,MEMA SECONDARY SCHOOL,Sub County,Mixed,
5741,27552023,KAMPI YA MOTO SECONDARY SCHOOL,Sub County,Mixed,
5742,27552024,BOMASAN MIXED SECONDARY SCHOOL,Sub County,Mixed,
5743,27552026,OL-RONGAI SECONDARY SCHOOL,Sub County,Mixed,
5744,27552027,MAWE MIXED DAY SECONDARY SCHOOL,Sub County,Mixed,
5745,27552028,MATUIKU MIXED SECONDARY SCHOOL,Sub County,Mixed,
5746,27552033,OGILGEI SECONDARY SCHOOL,Sub County,Mixed,
5747,27552034,PIAVE SECONDARY SCHOOL,Sub County,Mixed,
5748,27552037,BOROR MIXED SECONDARY SCHOOL,Sub County,Mixed,
5749,27552038,MUHIGIA SECONDARY SCHOOL,Sub County,Mixed,
5750,27552039,KIAMUNYI SECONDARY SCHOOL,Sub County,Mixed,
5751,27552044,LENGINET SECONDARY SCHOOL,Sub County,Mixed,
5752,27552047,KIPSYENAN SECONDARY SCHOOL,Sub County,Mixed,
5753,27552050,SOLAI KALE SECONDARY SCHOOL,Sub County,Mixed,
5754,27552051,NGATA SECONDARY SCHOOL,Sub County,Mixed,
5755,27552053,RUIRU SECONDARY SCHOOL,Sub County,Mixed,
5756,27552054,KANDUTURA SECONDARY SCHOOL,Sub County,Mixed,
5757,27552056,BARINA SECONDARY SCHOOL,Sub County,Mixed,
5758,27552060,MERCY NJERI SECONDARY SCHOOL,Sub County,Mixed,
5759,27552061,2 0M2A0J AKCNPI EM ISNEGCIO SNEDCAORNYD SACRHYO SOCLH COHOOLICES LIST,Sub County,Mixed,
5760,27552063,TUIYOTICH MIXED DAY SECONDARY SCHOOL,Sub County,Mixed,
5761,27552064,SPRINGS HIGH SCHOOL,Sub County,Mixed,
5762,27552066,BURGEI SECONDARY SCHOOL,Sub County,Mixed,
5763,27552067,PAMELA SCOTT LELDET SECONDARY SCHOOL,Sub County,Mixed,
5764,27552068,A.I.C. TULWOBMOI SECONDARY SCHOOL,Sub County,Mixed,
5765,27552071,KOISAMO MIXED SECONDARY SCHOOL,Sub County,Mixed,
5766,27552073,CHEMASIS MIXED DAY SECONDARY,Sub County,Mixed,
5767,27552074,KAPSETEK SECONDARY SCHOOL,Sub County,Mixed,
5768,27552075,SOLAI DAY MIXED SECONDARY SCHOOL,Sub County,Mixed,
5769,27552076,KIMANGU SECONDARY SCHOOL,Sub County,Mixed,
5770,27552077,BRIGHT HOPE LOMOLO SECONDARY SCHOOL,Sub County,Mixed,
5771,27552078,RONGAI MIXED DAY SECONDARY SCHOOL,Sub County,Mixed,
5772,27552079,MIMWAITA SECONDARY SCHOOL,Sub County,Mixed,
5773,27552080,KERMA SECONDARY SCHOOL,Sub County,Mixed,
5774,27564103,CHEPTOROI SECONDARY SCHOOL,Sub County,Mixed,
5775,27564104,NJORO DAY SECONDARY SCHOOL,Sub County,Mixed,
5776,27564105,KILIMO HIGH SCHOOL,Sub County,Mixed,
5777,27564107,GICHOBO SECONDARY SCHOOL,Sub County,Mixed,
5778,27564110,TERET SECONDARY SCHOOL,Sub County,Mixed,
5779,27564111,NJORO CENTRAL SECONDARY SCHOOL,Sub County,Mixed,
5780,27564112,TARAKUET MIXED DAY SECONDARY SCHOOL,Sub County,Mixed,
5781,27564114,LARMUDIAC MIXED DAY SECONDARY SCHOOL,Sub County,Mixed,
5782,27564115,KENYATTA MIXED DAY SECONDARY SCHOOL,Sub County,Mixed,
5783,27564116,MWIGITO EXCEL HIGH SCHOOL,Sub County,Mixed,
5784,27564118,OGIEK NESSUIT SECONDARY SCHOOL,Sub County,Mixed,
5785,27564120,SUBUKU SECONDARY SCHOOL,Sub County,Mixed,
5786,27564121,NESSUIT SECONDARY SCHOOL,Sub County,Mixed,
5787,27564122,2 0N2D0E KGCEP SEE SCEOCONNDADRAYR YS CSCHHOOOOLL CHOICES LIST,Sub County,Mixed,
5788,27564123,NJORO TOWNSHIP SECONDARY SCHOOL,Sub County,Mixed,
5789,27564125,ST. MARK VICTORY GIRLS HIGH SCHOOL,Sub County,Girls,
5790,27564202,NAISHI SECONDARY SCHOOL,Sub County,Mixed,
5791,27564203,BAGARIA SECONDARY SCHOOL,Sub County,Mixed,
5792,27564204,LARE VISION SECONDARY SCHOOL,Sub County,Mixed,
5793,27564206,KERIKO SECONDARY SCHOOL,Sub County,Mixed,
5794,27564208,SINENDET SECONDARY SCHOOL,Sub County,Mixed,
5795,27564209,MUGUMO SECONDARY SCHOOL,Sub County,Mixed,
5796,27564210,MAHIGA SECONDARY SCHOOL,Sub County,Mixed,
5797,27564211,MUTHIGA SECONDARY SCHOOL,Sub County,Mixed,
5798,27564301,WENDANI SECONDARY SCHOOL,Sub County,Mixed,
5799,27564302,TAITA MAUCHE SECONDARY SCHOOL,Sub County,Mixed,
5800,27564303,EWAAT SECONDARY SCHOOL,Sub County,Mixed,
5801,27564304,KAPKEMBU SECONDARY SCHOOL,Sub County,Mixed,
5802,27564305,MOSOP MIXED SECONDARY SCHOOL,Sub County,Mixed,
5803,27564306,LUSIRU SECONDARY SCHOOL,Sub County,Mixed,
5804,27564307,SIRYAT MIXED DAY SECONDARY SCHOOL,Sub County,Mixed,
5805,27564308,MAUCHE SAMOEI SECONDARY SCHOOL,Sub County,Mixed,
5806,27564309,MUTARAKWA SECONDARY SCHOOL,Sub County,Mixed,
5807,27564401,MAU NAROK SECONDARY SCHOOL,Sub County,Mixed,
5808,27564402,KIANJOYA SECONDARY SCHOOL,Sub County,Mixed,
5809,27564403,ANALAT SECONDARY SCHOOL,Sub County,Mixed,
5810,27564404,SURURU SECONDARY SCHOOL,Sub County,Mixed,
5811,27564405,NGWATANIRO SECONDARY SCHOOL,Sub County,Mixed,
5812,27564406,GATIMU SECONDARY SCHOOL,Sub County,Mixed,
5813,27564407,LIKIA SECONDARY SCHOOL,Sub County,Mixed,
5814,27564408,TIPIS SECONDARY SCHOOL,Sub County,Mixed,
5815,27564410,2 0K2A0P TKICCPHE SSEECCOONNDDAARRYY SSCCHHOOOOLL CHOICES LIST,Sub County,Mixed,
5816,27565303,SILIBWET SECONDARY SCHOOL,Sub County,Mixed,
5817,27565306,KAMWAURA SECONDARY SCHOOL,Sub County,Mixed,
5818,27565308,KAPSIMBEIYWO SECONDARY SCHOOL,Sub County,Mixed,
5819,27565309,CHEBARA SECONDARY SCHOOL,Sub County,Mixed,
5820,27565310,TINET KAPKOI SECONDARY SCHOOL,Sub County,Mixed,
5821,27565311,KAPNGOROT SECONDARY SCHOOL,Sub County,Mixed,
5822,27565312,TENDWET SECONDARY SCHOOL,Sub County,Mixed,
5823,27565316,TULWET SECONDARY SCHOOL,Sub County,Mixed,
5824,27565318,CHEMANER SECONDARY SCHOOL,Sub County,Mixed,
5825,27565319,KIPSONOI SECONDARY SCHOOL,Sub County,Mixed,
5826,27565321,OGIEK SOTIKI SECONDARY SCHOOL,Sub County,Mixed,
5827,27565322,BARARGET SECONDARY SCHOOL,Sub County,Mixed,
5828,27565323,ST JOHN'S HIGH SCHOOL -KERINGET,Sub County,Mixed,
5829,27565325,TINET MIXED SECONDARY SCHOOL,Sub County,Mixed,
5830,27565326,OGIEK KWANZA SECONDARY SCHOOL,Sub County,Mixed,
5831,27565327,KORAO SECONDARY SCHOOL,Sub County,Mixed,
5832,27565328,KAPKEET SECONDARY SCHOOL,Sub County,Mixed,
5833,27565403,AMBUSKET SECONDARY SCHOOL,Sub County,Mixed,
5834,27565406,KIPTAGICH SECONDARY SCHOOL,Sub County,Mixed,
5835,27565407,SINENDET MIXED DAY SECONDARY SCHOOL,Sub County,Mixed,
5836,27565408,KIPTARAGON SECONDARY SCHOOL,Sub County,Mixed,
5837,27565409,OLENGURUONE TOWNSHIP DAY SECONDARY SCHOOL,Sub County,Mixed,
5838,27565410,NGOROFA SECONDARY SCHOOL,Sub County,Mixed,
5839,27565411,KAPLAMAI MIXED DAY SECONDARY SCHOOL,Sub County,Mixed,
5840,27565412,CHEBOTOI SECONDARY SCHOOL,Sub County,Mixed,
5841,27565413,ARORWET SECONDARY SCHOOL,Sub County,Mixed,
5842,27565414,CHIKAMBA SECONDARY SCHOOL,Sub County,Mixed,
5843,27565415,2 0IR2O0 NKGCOPE S SEECCOONNDDAARRYY S SCCHHOOOOLL CHOICES LIST,Sub County,Mixed,
5844,27565416,AMANI SECONDARY SCHOOL,Sub County,Mixed,
5845,27565417,SUKUTEK SECONDARY SCHOOL,Sub County,Mixed,
5846,27569101,ST MICHAEL GATAGATI SECONDARY SCHOOL,Sub County,Mixed,
5847,27569102,ST. ULRICH LAMA SECONDARY SCHOOL,Sub County,Mixed,
5848,27569103,UMOJA SECONDARY SCHOOL,Sub County,Mixed,
5849,27569104,OL'MANYATTA SECONDARY SCHOOL,Sub County,Mixed,
5850,27569106,WIYUMIRIRIE SECONDARY SCHOOL,Sub County,Mixed,
5851,27569107,ST. PAUL KIRIKO SECONDARY SCHOOL,Sub County,Mixed,
5852,27569108,TACHASIS SECONDARY SCHOOL,Sub County,Mixed,
5853,27569109,SIMBOIYON SECONDARY SCHOOL,Sub County,Mixed,
5854,27569110,SAFINA HAJI SECONDARY SCHOOL,Sub County,Mixed,
5855,27569202,WEI SECONDARY SCHOOL,Sub County,Mixed,
5856,27569203,SUBUKIA DAY SECONDARY SCHOOL,Sub County,Mixed,
5857,27569205,MARYLAND SECONDARY SCHOOL,Sub County,Mixed,
5858,27569207,MWIRERI SECONDARY SCHOOL,Sub County,Mixed,
5859,27569209,FOREST HILL SECONDARY SCHOOL,Sub County,Mixed,
5860,27569210,OUR LADY OF VICTORIES SECONDARY SCHOOL,Sub County,Mixed,
5861,27569211,ARASH SECONDARY SCHOOL,Sub County,Mixed,
5862,27569302,KIENI SECONDARY SCHOOL,Sub County,Mixed,
5863,27569303,GREENHILLS SECONDARY SCHOOL,Sub County,Mixed,
5864,27569304,KABAZI SECONDARY SCHOOL,Sub County,Mixed,
5865,27569305,MAGOMANO SECONDARY SCHOOL,Sub County,Mixed,
5866,27569308,SIDAI SECONDARY SCHOOL,Sub County,Mixed,
5867,27569309,OL DONYO MARA SECONDARY SCHOOL,Sub County,Mixed,
5868,27569310,GITURA SECONDARY SCHOOL,Sub County,Mixed,
5869,27570101,MUGAA SECONDARY SCHOOL,Sub County,Mixed,
5870,27570102,MURIRICUA SECONDARY SCHOOL,Sub County,Mixed,
5871,27570103,2 0M2IT0I KMCIPNEG SI ESCEOCNODNADRAYR YS CSHCOHOOLO CLHOICES LIST,Sub County,Mixed,
5872,27570104,KAHUHO SECONDARY SCHOOL,Sub County,Mixed,
5873,27570105,MUNANDA SECONDARY SCHOOL,Sub County,Mixed,
5874,27570106,KONGASIS SECONDARY SCHOOL,Sub County,Mixed,
5875,27570107,NDERIT MIXED DAY SECONDARY SCHOOL,Sub County,Mixed,
5876,27570108,NDIBAI SECONDARY SCHOOL,Sub County,Mixed,
5877,27570109,OLJORAI SECONDARY SCHOOL,Sub County,Mixed,
5878,27570110,TANGI TANO SECONDARY SCHOOL,Sub County,Mixed,
5879,27570202,GILGIL DAY SECONDARY SCHOOL,Sub County,Mixed,
5880,27570204,KARUNGA SECONDARY SCHOOL,Sub County,Mixed,
5881,27570206,LADY ANN DELAMERE SECONDARY SCHOOL,Sub County,Mixed,
5882,27570207,COULSON GIRLS' SECONDARY SCHOOL,Sub County,Girls,
5883,27570210,WOODARD LANGALANGA SECONDARY SCHOOL,Sub County,Mixed,
5884,27570212,LAKE ELEMENTAITA SECONDARY SCHOOL,Sub County,Mixed,
5885,27570213,EBURRU SECONDARY SCHOOL,Sub County,Mixed,
5886,27570219,NGECHO SECONDARY SCHOOL,Sub County,Mixed,
5887,27570221,GITARE SECONDARY SCHOOL,Sub County,Mixed,
5888,27570224,THUGUNUI SECONDARY SCHOOL,Sub County,Mixed,
5889,27570225,KEKOPEY SECONDARY SCHOOL,Sub County,Mixed,
5890,27570226,NGUMO SECONDARY SCHOOL,Sub County,Mixed,
5891,27570227,GILGIL GARRISON DAY SECONDARY SCHOOL,Sub County,Mixed,
5892,27570232,ARTHUR MAGUGU SECONDARY SCHOOL,Sub County,Mixed,
5893,27570238,ECHARIRIA SECONDARY SCHOOL,Sub County,Mixed,
5894,27570240,N.Y.S SECONDARY SCHOOL,Sub County,Mixed,
5895,27570242,GILGIL TOWN SECONDARY SCHOOL,Sub County,Mixed,
5896,27570243,NGETETI SECONDARY SCHOOL,Sub County,Mixed,
5897,27570244,KIUNGURURIA MIXED SECONDARY SCHOOL,Sub County,Mixed,
5898,27570247,NDOGO SECONDARY SCHOOL,Sub County,Mixed,
5899,27570250,2 0M2U0T KHCAPITEI SMEICXOEND DSAERCYO SNCDHAOROY LS CCHHOOIOCLES LIST,Sub County,Mixed,
5900,27570252,ST. PAUL MISSION HIGH SCHOOL,Sub County,Mixed,
5901,27580001,ST. JOSEPH'S SEMINARY - MOLO,Sub County,Boys,
5902,27580002,MAU SUMMIT SECONDARY SCHOOL,Sub County,Mixed,
5903,27580003,KIPSINENDET SECONDARY SCHOOL,Sub County,Mixed,
5904,27580004,KOIGE SECONDARY SCHOOL,Sub County,Mixed,
5905,27580005,SIRIKWA SECONDARY SCHOOL,Sub County,Mixed,
5906,27580006,HARAKA SECONDARY SCHOOL,Sub County,Mixed,
5907,27580007,ST.GABRIEL'S ACADEMY,Sub County,Mixed,
5908,27580008,MUCHORWE SECONDARY SCHOOL,Sub County,Mixed,
5909,27580009,MARY MOTHER OF GOD CATHOLIC GIRLS SECONDARY SCHOOL,Sub County,Girls,
5910,27580010,ELCK KONGOI SECONDARY SCHOOL,Sub County,Mixed,
5911,27580011,TEMOYETTA SECONDARY SCHOOL,Sub County,Mixed,
5912,27580012,MURINDUKO BAPTIST SECONDARY SCHOOL,Sub County,Mixed,
5913,27580013,MKULIMA SECONDARY SCHOOL,Sub County,Mixed,
5914,27580014,KIO SECONDARY SCHOOL,Sub County,Mixed,
5915,27580015,AGC TILOA GIRLS HIGH SCHOOL,Sub County,Girls,
5916,27580016,KIPTORORO SECONDARY SCHOOL,Sub County,Mixed,
5917,27580017,UMOJA TULWET SECONDARY SCHOOL,Sub County,Mixed,
5918,27580018,KORABARIET SECONDARY SCHOOL,Sub County,Mixed,
5919,27580019,MWARAGANIA SECONDARY SCHOOL,Sub County,Mixed,
5920,27580020,SACHANGWAN NDOINET SECONDARY SCHOOL,Sub County,Mixed,
5921,27580021,SITOITO SECONDARY SCHOOL,Sub County,Mixed,
5922,27580022,KARIRIKANIA SECONDARY SCHOOL,Sub County,Mixed,
5923,27580023,MUTUKANIO SECONDARY SCHOOL,Sub County,Mixed,
5924,27580024,KAPLELACH SECONDARY SCHOOL,Sub County,Mixed,
5925,27580025,KIBARAA SECONDARY SCHOOL,Sub County,Mixed,
5926,27580026,TEMOYETTA D.E.B. MIXED SECONDARY SCHOOL,Sub County,Mixed,
5927,27580027,2 0M2A0W KICNPGEU S SEECCOONNDDAARRYY S CSHCOHOOOL LCHOICES LIST,Sub County,Mixed,
5928,27580028,KAMARA SECONDARY SCHOOL,Sub County,Mixed,
5929,27580029,MAU SECONDARY SCHOOL,Sub County,Mixed,
5930,27580031,MLIMA SECONDARY SCHOOL,Sub County,Mixed,
5931,27580033,SET KOTES SECONDARY SCHOOL,Sub County,Mixed,
5932,27580034,CHESIRIKWO DAY SECONDARY SCHOOL,Sub County,Mixed,
5933,27580035,BONDET SECONDARY SCHOOL,Sub County,Mixed,
5934,27580036,KIPKEWA SECONDARY SCHOOL,Sub County,Mixed,
5935,27580037,MASAITA MIXED SECONDARY SCHOOL,Sub County,Mixed,
5936,27580038,TARAKWA SECONDARY SCHOOL,Sub County,Mixed,
5937,27580039,BORON SECONDARY SCHOOL,Sub County,Mixed,
5938,28512102,KERICHO DAY SECONDARY SCHOOL,Sub County,Mixed,
5939,28512107,KENEGUT GIRLS SECONDARY SCHOOL,Sub County,Mixed,
5940,28512108,KAPSOIT SECONDARY SCHOOL,Sub County,Mixed,
5941,28512109,POIYWEK SECONDARY SCHOOL,Sub County,Mixed,
5942,28512110,MOI SITOTWET SECONDARY SCHOOL,Sub County,Mixed,
5943,28512111,AINAMOI SECONDARY SCHOOL,Sub County,Mixed,
5944,28512114,CHEPNGOBOB SECONDARY SCHOOL,Sub County,Mixed,
5945,28512115,KAPTEBESWET SECONDARY SCHOOL,Sub County,Mixed,
5946,28512116,KEONGO SECONDARY SCHOOL,Sub County,Mixed,
5947,28512117,KERICHO TOWNSHIP SECONDARY SCHOOL,Sub County,Mixed,
5948,28512118,KETITUI SECONDARY SCHOOL,Sub County,Mixed,
5949,28512119,MATOBO SECONDARY SCHOOL,Sub County,Mixed,
5950,28512121,MANYOROR SECONDARY SCHOOL,Sub County,Mixed,
5951,28512122,KABOLOIN SECONDARY SCHOOL,Sub County,Mixed,
5952,28512123,CHEPKOIYO SECONDARY SCHOOL,Sub County,Mixed,
5953,28512124,KAPKIAM SECONDARY SCHOOL,Sub County,Mixed,
5954,28512125,LALIAT SECONDARY SCHOOL,Sub County,Mixed,
5955,28512127,2 0K2E0N KECGPUET S DEACYO NSEDCAORNY DSACRHYO OSCL HCOHOOLICES LIST,Sub County,Mixed,
5956,28512128,KAPNGETUNY SECONDARY SCHOOL.,Sub County,Mixed,
5957,28512129,BUCHENGE DAY SECONDARY SCHOOL,Sub County,Mixed,
5958,28512130,MASO SECONDARY SCHOOL,Sub County,Mixed,
5959,28512131,BROOKE DAY SECONDARY SCHOOL,Sub County,Mixed,
5960,28512132,SUMEIYON DAY SECONDARY SCHOOL,Sub County,Mixed,
5961,28522409,KELUNET SECONDARY SCHOOL,Sub County,Mixed,
5962,28522410,MABASI SECONDARY SCHOOL,Sub County,Mixed,
5963,28522411,KAMINJEIWET SECONDARY SCHOOL,Sub County,Mixed,
5964,28522412,KAPCHELACH SECONDARY SCHOOL,Sub County,Mixed,
5965,28522414,KABUSIENDUK SECONDARY SCHOOL,Sub County,Mixed,
5966,28522415,SIONGI SECONDARY SCHOOL,Sub County,Mixed,
5967,28522416,RERESIK SECONDARY SCHOOL,Sub County,Mixed,
5968,28522417,KABITUNGU SECONDARY SCHOOL,Sub County,Mixed,
5969,28522418,KIBUGAT MIXED DAY SECONDARY SCHOOL,Sub County,Mixed,
5970,28522419,KIPTOBON SECONDARY SCHOOL,Sub County,Mixed,
5971,28522420,NGOINA SECONDARY SCHOOL,Sub County,Mixed,
5972,28522510,CHEPTENDENIET SECONDARY SCHOOL,Sub County,Mixed,
5973,28522513,MOMBWO SECONDARY SCHOOL,Sub County,Mixed,
5974,28522516,KAPKATET SECONDARY SCHOOL,Sub County,Mixed,
5975,28522519,KAPSINENDET SECONDARY SCHOOL,Sub County,Mixed,
5976,28522521,KAPKARIN SECONDARY SCHOOL,Sub County,Mixed,
5977,28522523,CHEMOIBEN SECONDARY SCHOOL,Sub County,Mixed,
5978,28522524,KAPTELE SECONDARY SCHOOL,Sub County,Mixed,
5979,28522525,KUSUMEK SECONDARY SCHOOL,Sub County,Mixed,
5980,28522526,KAMINJEIWA SECONDARY SCHOOL,Sub County,Mixed,
5981,28522528,KAPSOGERUK SECONDARY SCHOOL,Sub County,Mixed,
5982,28522529,KAMANAMSIM SECONDARY SCHOOL,Sub County,Mixed,
5983,28522530,2 0C2H0E KBCITPEET S SEECCOONNDDAARRYY S CSHCOHOOOL LCHOICES LIST,Sub County,Mixed,
5984,28522531,NGORORGA SECONDARY SCHOOL,Sub County,Mixed,
5985,28522532,TIRIITAB MOITA SECONDARY SCHOOL,Sub County,Mixed,
5986,28522533,BUTTIK HIGH SCHOOL,Sub County,Mixed,
5987,28522534,TEPKUTWET SECONDARY SCHOOL,Sub County,Mixed,
5988,28522536,MASUBETI GIRLS HIGH SCHOOL,Sub County,Girls,
5989,28522537,ITOIK SECONDARY SCHOOL,Sub County,Mixed,
5990,28522538,NELSON MANDELA HIGH SCHOOL,Sub County,Mixed,
5991,28522539,KIBOLGONG SECONDARY SCHOOL,Sub County,Mixed,
5992,28522544,KABORUS MIXED DAY SECONDARY SCHOOL,Sub County,Mixed,
5993,28522545,LALAGIN MIXED DAY SECONDARY SCHOOL,Sub County,Mixed,
5994,28522546,LITEIN MIXED DAY SECONDARY SCHOOL,Sub County,Mixed,
5995,28522547,SOSIT MIXED DAY SECONDARY SCHOOL,Sub County,Mixed,
5996,28522548,GETARWET MIXED DAY SECONDARY SCHOOL,Sub County,Mixed,
5997,28522549,LELACH GIRLS SECONDARY SCHOOL,Sub County,Girls,
5998,28522550,CHEPKULGONG MIXED DAY SECONDARY SCHOOL,Sub County,Mixed,
5999,28522552,KIPTORORGO SECONDARY SCHOOL,Sub County,Mixed,
6000,28522553,RUNGUT MIXED DAY SECONDARY SCHOOL,Sub County,Mixed,
6001,28539104,LESIRWO SECONDARY SCHOOL,Sub County,Mixed,
6002,28539106,SIRET DAY SECONDARY SCHOOL,Sub County,Mixed,
6003,28539107,KIPCHORIAN DAY SECONDARY SCHOOL,Sub County,Mixed,
6004,28539108,KAMARUS SECONDARY SCHOOL,Sub County,Mixed,
6005,28539109,TUIYOBEI SECONDARY SCHOOL,Sub County,Mixed,
6006,28539110,KALYET SECONDARY SCHOOL,Sub County,Mixed,
6007,28539111,KIMOLOGIT SECONDARY SCHOOL,Sub County,Mixed,
6008,28539112,SUGUTEK SECONDARY SCHOOL,Sub County,Mixed,
6009,28539201,MURAO SECONDARY SCHOOL,Sub County,Mixed,
6010,28539203,KASHEEN SECONDARY SCHOOL,Sub County,Mixed,
6011,28539204,2 0A2G0C K LCILPLEO SCEHCO SNEDCAORNYD ASCRHYO SOCLH COHOOLICES LIST,Sub County,Mixed,
6012,28539205,KIPSEGI SECONDARY SCHOOL,Sub County,Mixed,
6013,28539206,NYAIROBI SECONDARY SCHOOL,Sub County,Mixed,
6014,28539302,KOKWET SECONDARY SCHOOL,Sub County,Mixed,
6015,28539306,TUNNEL MIXED DAY SECONDARY SCHOOL,Sub County,Mixed,
6016,28539307,CHERARA MIXED DAY SECONDARY SCHOOL,Sub County,Mixed,
6017,28539308,MAGIRE MIXED SECONDARY SCHOOL,Sub County,Mixed,
6018,28539309,SAMOLEL SECONDARY SCHOOL,Sub County,Mixed,
6019,28539310,SERENG SECONDARY SCHOOL,Sub County,Mixed,
6020,28539311,KOISAGAT SECONDARY SCHOOL,Sub County,Mixed,
6021,28539312,TULWAPMOI MIXED DAY SECONDARY SCHOOL,Sub County,Mixed,
6022,28539313,KAPLELIT SECONDARY SCHOOL,Sub County,Mixed,
6023,28539401,KUNYAK SECONDARY SCHOOL,Sub County,Mixed,
6024,28539402,CHEMOGOCH SECONDARY SCHOOL,Sub County,Mixed,
6025,28539403,KAPKWEN DAY SECONDARY SCHOOL,Sub County,Mixed,
6026,28539404,KAPIAS SECONDARY SCHOOL,Sub County,Mixed,
6027,28553101,CHEPKUTUNG SECONDARY SCHOOL,Sub County,Mixed,
6028,28553105,GETUMBE SECONDARY SCHOOL,Sub County,Mixed,
6029,28553107,CHERIBO SECONDARY SCHOOL,Sub County,Mixed,
6030,28553108,KEBEN SECONDARY SCHOOL,Sub County,Mixed,
6031,28553109,BORBORWET SECONDARY SCHOOL,Sub County,Mixed,
6032,28553111,KAPSOIYO SECONDARY SCHOOL,Sub County,Mixed,
6033,28553112,CHEPTORORIET SECONDARY SCHOOL,Sub County,Mixed,
6034,28553115,BELGUT TAPTUGEN STAREHE BOYS CENTRE,Sub County,Boys,
6035,28553116,BELGUT STAREHE GIRLS CENTRE,Sub County,Girls,
6036,28553118,CHERONGET SECONDARY SCHOOL,Sub County,Mixed,
6037,28553119,TELDET SECONDARY SCHOOL,Sub County,Mixed,
6038,28553120,AINAPKOI SECONDARY SCHOOL,Sub County,Mixed,
6039,28553121,2 0C2H0E KBCUPNEG SUENCGOONND ASRECY OSCNHDOAROYL CSHCOHOICOELS LIST,Sub County,Mixed,
6040,28553205,CHEPKOSILEN SECONDARY SCHOOL,Sub County,Mixed,
6041,28553206,SERETUT SECONDARY SCHOOL,Sub County,Mixed,
6042,28553209,NYABANGI SECONDARY SCHOOL,Sub County,Mixed,
6043,28553210,KIPTOME SECONDARY SCHOOL,Sub County,Mixed,
6044,28553211,CHEBIRIRBEI SECONDARY SCHOOL,Sub County,Mixed,
6045,28553213,KAPLUTIET SECONDARY SCHOOL,Sub County,Mixed,
6046,28553214,CHEMAMUL MIXED SECONDARY SCHOOL,Sub County,Mixed,
6047,28553215,KAPKITONY DAY SECONDARY SCHOOL,Sub County,Mixed,
6048,28553216,KAPCHEBET GIRLS SECONDARY SCHOOL.,Sub County,Girls,
6049,28571102,CHEBEWOR SECONDARY SCHOOL,Sub County,Mixed,
6050,28571105,KEDOWA MIXED SECONDARY SCHOOL,Sub County,Mixed,
6051,28571106,TULWAP KIPSIGIS SECONDARY SCHOOL,Sub County,Mixed,
6052,28571107,TESTAI DAY MIXED SECONDARY SCHOOL,Sub County,Mixed,
6053,28571204,KAPKONDOR SECONDARY SCHOOL,Sub County,Mixed,
6054,28571205,FINCH SECONDARY SCHOOL,Sub County,Mixed,
6055,28571206,LONDIANI TOWNSHIP SECONDARY SCHOOL,Sub County,Mixed,
6056,28571207,KIPSIRICHET SECONDARY SCHOOL,Sub County,Mixed,
6057,28571208,UNITED SOY SECONDARY SCHOOL,Sub County,Mixed,
6058,28571209,KAPSENDA SECONDARY SCHOOL,Sub County,Mixed,
6059,28571210,JUBILEE SECONDARY SCHOOL,Sub County,Mixed,
6060,28571302,CHERES SECONDARY SCHOOL,Sub County,Mixed,
6061,28571304,SARAMEK SECONDARY SCHOOL,Sub County,Mixed,
6062,28571305,JAGOROR SECONDARY SCHOOL,Sub County,Mixed,
6063,28571401,MOI SORGET SECONDARY SCHOOL,Sub County,Mixed,
6064,28571402,BARAKA SECONDARY SCHOOL,Sub County,Mixed,
6065,28571403,MASAITA SECONDARY SCHOOL,Sub County,Mixed,
6066,28571404,TENDENO SECONDARY SCHOOL,Sub County,Mixed,
6067,28571406,2 0T2U0M KACINPIE S SEECCOONNDDAARRYY SSCCHHOOOOLL CHOICES LIST,Sub County,Mixed,
6068,28571407,SIMBOIYON MIXED DAY SECONDARY SCHOOL,Sub County,Mixed,
6069,28571408,SETEK HILL SECONDARY SCHOOL,Sub County,Mixed,
6070,28571409,KAPTICH SECONDARY SCHOOL,Sub County,Mixed,
6071,28571502,CHEPSEON COMPLEX SECONDARY SCHOOL,Sub County,Mixed,
6072,28571504,SITIAN SECONDARY SCHOOL,Sub County,Mixed,
6073,28571505,KIMUGUL DAY SECONDARY SCHOOL,Sub County,Mixed,
6074,28571506,KIPRENGWE SECONDARY SCHOOL,Sub County,Mixed,
6075,28571508,KILETIEN MIXED SECONDARY SCHOOL,Sub County,Mixed,
6076,28571509,CHEPSEON MIXED SECONDARY SCHOOL,Sub County,Mixed,
6077,28571602,MOMONIAT SECONDARY SCHOOL,Sub County,Mixed,
6078,28571603,TUGUNON SECONDARY SCHOOL,Sub County,Mixed,
6079,28571605,CHEPCHOLIET SECONDARY SCHOOL,Sub County,Mixed,
6080,28575106,ST. FRANCIS GIRLS SECONDARY SCHOOL,Sub County,Girls,
6081,28575108,KIPSAMOI SECONDARY SCHOOL,Sub County,Mixed,
6082,28575110,KALYONGWET MIXED SECONDARY SCHOOL,Sub County,Mixed,
6083,28575111,SONDU SECONDARY SCHOOL,Sub County,Mixed,
6084,28575112,KAPTEBENGWO SECONDARY SCHOOL,Sub County,Mixed,
6085,28575113,MARUMBASI SECONDARY SCHOOL,Sub County,Mixed,
6086,28575114,ST. LUKE'S BOYS HIGH SCHOOL-KEBENETI,Sub County,Boys,
6087,28575115,AIC KAKIBEI GIRLS SECONDARY SCHOOL,Sub County,Girls,
6088,28575116,KAPKEBURU SECONDARY SCHOOL,Sub County,Mixed,
6089,28575117,KEBENETI SECONDARY SCHOOL,Sub County,Mixed,
6090,28575118,IRAA GIRLS HIGH SCHOOL,Sub County,Girls,
6091,28575119,KAPSOROK SECONDARY SCHOOL,Sub County,Mixed,
6092,28575201,KABOKYEK ADVENTIST SECONDARY SCHOOL,Sub County,Mixed,
6093,28575202,KAITUI SECONDARY SCHOOL,Sub County,Mixed,
6094,28575205,NGENY KOIBOROT SECONDARY SCHOOL,Sub County,Mixed,
6095,28575206,"2 0S2T0. JKOCSPEEP SHE CHOIGNHD SACRHY OSOCHL,O AOINL ACMHOOIICES LIST",Sub County,Mixed,
6096,28575208,KABOKYEK SECONDARY SCHOOL,Sub County,Mixed,
6097,28575209,MOTERO SECONDARY SCHOOL,Sub County,Mixed,
6098,28575211,KIPSITET DAY SECONDARY SCHOOL,Sub County,Mixed,
6099,28575212,NYABERI SECONDARY SCHOOL,Sub County,Mixed,
6100,28575213,KILEGES SECONDARY SCHOOL,Sub County,Mixed,
6101,28575214,KAPCHEBWAI SECONDARY SCHOOL,Sub County,Mixed,
6102,29513102,ACK ST. MARK'S KIMINDA SECONDARY SCHOOL,Sub County,Mixed,
6103,29513103,KAMOBO SECONDARY SCHOOL,Sub County,Mixed,
6104,29513106,KIPSOTOI SECONDARY SCHOOL,Sub County,Mixed,
6105,29513107,ST. BARNABAS HIGH SCHOOL TEGAT,Sub County,Mixed,
6106,29513201,ACK KIPSUGUR SECONDARY SCHOOL,Sub County,Mixed,
6107,29513202,CHEPKUMIA SECONDARY SCHOOL,Sub County,Mixed,
6108,29513203,FR.KUHN SECONDARY SCHOOL,Sub County,Mixed,
6109,29513205,KABWARENG SECONDARY SCHOOL,Sub County,Mixed,
6110,29513206,KIBORGOK HIGH SCHOOL,Sub County,Mixed,
6111,29513207,KIMNYOASIS SECONDARY SCHOOL,Sub County,Mixed,
6112,29513302,CHESUWE HIGH SCHOOL,Sub County,Mixed,
6113,29513303,KABIRIRSANG SECONDARY SCHOOL,Sub County,Mixed,
6114,29513306,KIPTURE SECONDARY SCHOOL,Sub County,Mixed,
6115,29513307,NDUBENETI SECONDARY SCHOOL,Sub County,Mixed,
6116,29513309,ST. ROBERTS ARWOS MIXED DAY SECONDARY SCHOOL,Sub County,Mixed,
6117,29513311,TULON HIGH SCHOOL,Sub County,Mixed,
6118,29513312,BARNGETUNY SECONDARY SCHOOL - KAPCHUMBA,Sub County,Mixed,
6119,29513313,ACK ST.THOMAS KAPCHUMBA SECONDARY SCHOOL,Sub County,Mixed,
6120,29523104,KOIBARAK SECONDARY SCHOOL,Sub County,Mixed,
6121,29523105,BANJA SECONDARY SCHOOL,Sub County,Mixed,
6122,29523106,KAPKEBEN AIC GIRLS SECONDARY SCHOOL,Sub County,Girls,
6123,29523107,2 0B2O0N KJCOPGEE S AE.CI.OCN BDOAYRSY S SECCHOONODLA CRHYO SICCHESO LOISLT,Sub County,Boys,
6124,29523108,KAPKURES SECONDARY SCHOOL,Sub County,Mixed,
6125,29523110,KOITABUT SECONDARY SCHOOL,Sub County,Mixed,
6126,29523111,ST. JOSEPHS CHEBARA SECONDARY SCHOOL,Sub County,Mixed,
6127,29523113,ST. AUGUSTINE SECONDARY SCHOOL - CHEPKUNY,Sub County,Mixed,
6128,29523115,KAPKERER SECONDARY SCHOOL,Sub County,Mixed,
6129,29523116,KAMIMEI SECONDARY SCHOOL,Sub County,Mixed,
6130,29523117,CHEMOBO MIXED DAY SECONDARY SCHOOL,Sub County,Mixed,
6131,29523118,ST. MARY'S KIPCHEMWON SECONDARY SCHOOL,Sub County,Mixed,
6132,29523119,BISHOP NEO KONGAI SECONDARY SCHOOL-KITAOR,Sub County,Mixed,
6133,29523120,KAPKEBEN DAY MIXED SECONDARY SCHOOL,Sub County,Mixed,
6134,29523121,MUSASA IPA SECONDARY SCHOOL,Sub County,Mixed,
6135,29523122,KAPKERUGE SECONDARY SCHOOL,Sub County,Mixed,
6136,29523123,MUGEN MIXED DAY SECONDARY SCHOOL,Sub County,Mixed,
6137,29523201,KIMAREN SECONDARY SCHOOL,Sub County,Mixed,
6138,29523202,MARABA SECONDARY SCHOOL,Sub County,Mixed,
6139,29523203,KAPTUMEK SECONDARY SCHOOL,Sub County,Mixed,
6140,29523205,A.I.C CHEPKEBUGE SECONDARY SCHOOL,Sub County,Mixed,
6141,29523206,SDA SAMITUI MIXED SECONDARY SCHOOL,Sub County,Mixed,
6142,29523207,A.I.C KIMNYOLEI SCHOOL- SAMITUI,Sub County,Mixed,
6143,29523208,ST.MICHAEL'S KAPKENDUIYWO SECONDARY SCHOOL,Sub County,Mixed,
6144,29523209,DR SALLY KOSGEI SECONDARY SCHOOL,Sub County,Mixed,
6145,29523303,CHEPKONGONY SECONDARY SCHOOL,Sub County,Mixed,
6146,29523304,NDURIO SECONDARY SCHOOL,Sub County,Mixed,
6147,29523305,KOYO SECONDARY SCHOOL,Sub County,Mixed,
6148,29523306,KESOGON SECONDARY SCHOOL,Sub County,Mixed,
6149,29523309,KIPTULUS SECONDARY SCHOOL,Sub County,Mixed,
6150,29523310,KEBURO SECONDARY SCHOOL,Sub County,Mixed,
6151,29523312,2 0K2A0P SKCAPOES SSEECCOONNDDAARRYY S SCCHHOOOOL LCHOICES LIST,Sub County,Mixed,
6152,29523313,A.I.C MOSOMBOR SECONDARY SCHOOL,Sub County,Mixed,
6153,29523314,A.C.K IBANJA MIXED SECONDARY SCHOOL,Sub County,Mixed,
6154,29523315,KIPLETITO SECONDARY SCHOOL,Sub County,Mixed,
6155,29523316,A. C. K ST. PHILLIPS TELDET SECONDARY SCHOOL,Sub County,Mixed,
6156,29540103,SANG'ALO SECONDARY SCHOOL,Sub County,Mixed,
6157,29540105,KEBULONIK SECONDARY SCHOOL,Sub County,Mixed,
6158,29540106,ST MICHAEL'S SECONDARY SCHOOL KABISAGA,Sub County,Mixed,
6159,29540109,ST. PATRICK'S CHEMNOET SECONDARY SCHOOL,Sub County,Mixed,
6160,29540111,A C K KIMOGOCH SECONDARY SCHOOL,Sub County,Mixed,
6161,29540112,TABOLWA SECONDARY SCHOOL,Sub County,Mixed,
6162,29540113,ST. THOMAS SECONDARY SCHOOL - KAIBOI,Sub County,Mixed,
6163,29540114,AIC NDULELE SECONDARY SCHOOL,Sub County,Mixed,
6164,29540115,ACK ST.MATHEWS KORMAET SECONDARY SCHOOL,Sub County,Mixed,
6165,29540116,ST. CHARLES LWANGA CHEPKOIYO,Sub County,Mixed,
6166,29540117,KOISOLIK SECONDARY SCHOOL,Sub County,Mixed,
6167,29540118,ST ANDREWS KAPSATO HIGH SCHOOL,Sub County,Mixed,
6168,29540120,ST BENEDICT KIPSAMOITE SECONDARY SCHOOL,Sub County,Mixed,
6169,29540121,AIC CHEPTUIYET SECONDARY SCHOOL,Sub County,Mixed,
6170,29540122,ARON MOIBEN SDA KUNGURWET SECONDARY SCHOOL,Sub County,Mixed,
6171,29540123,ST. JOSEPH'S KAMWEGA SECONDARY SCHOOL,Sub County,Mixed,
6172,29540124,KOITALEL SAMOEI HIGH SCHOOL KUGERONIOT,Sub County,Mixed,
6173,29540125,KIBIGOBE SECONDARY SCHOOL,Sub County,Mixed,
6174,29540128,A.I.C CHEPYAGORIS SECONDARY SCHOOL,Sub County,Mixed,
6175,29540206,ST. MONICA SECONDARY SCHOOL KAPKOROS,Sub County,Mixed,
6176,29540208,ST. CLEMENT SECONDARY SCHOOL-NYIGOON,Sub County,Mixed,
6177,29540209,KAPKOIMUR SECONDARY SCHOOL,Sub County,Mixed,
6178,29540210,A.I.C CHEPKEMEL SECONDARY SCHOOL,Sub County,Mixed,
6179,29540211,2 0A2IC0 KKACMPEA NSEYCINOYNAD SAERCYO SNCDHAOROYL SCCHHOOICOELS LIST,Sub County,Mixed,
6180,29540213,ST. PETERS NGENYILEL SECONDARY SCHOOL,Sub County,Mixed,
6181,29540214,ST. JOSEPH'S KAPKENYELOI SECONDARY SCHOOL,Sub County,Mixed,
6182,29540215,OLMAROROI SECONDARY SCHOOL,Sub County,Mixed,
6183,29540216,TANGARATWET SECONDARY SCHOOL,Sub County,Mixed,
6184,29540217,AIC KIMONG' SECONDARY SCHOOL,Sub County,Mixed,
6185,29540218,KAMUNGEI SECONDARY SCHOOL,Sub County,Mixed,
6186,29540219,SARORA SECONDARY SCHOOL,Sub County,Mixed,
6187,29540220,A.I.C. KAIGAT SECONDARY SCHOOL,Sub County,Mixed,
6188,29540221,A.I.C. MOI KABIEMIT SECONDARY SCHOOL,Sub County,Mixed,
6189,29540222,TUKTUK SECONDARY SCHOOL,Sub County,Mixed,
6190,29540223,ACK ST LUKE KAPNG'OMBE SECONDARY SCHOOL,Sub County,Mixed,
6191,29540224,A.C.K KAPNGANIO SECONDARY SCHOOL,Sub County,Mixed,
6192,29540225,A.I.C CHEPTONON SECONDARY SCHOOL,Sub County,Mixed,
6193,29540227,KOIBAN SECONDARY SCHOOL,Sub County,Mixed,
6194,29540229,ST.JOHN PAUL II CHEPTERWAI GIRLS SECONDARY SCHOOL,Sub County,Girls,
6195,29540230,ST. PETER'S SECONDARY SCHOOL - KAMASAI,Sub County,Mixed,
6196,29540231,SDA KURGUNG GIRLS SECONDARY SCHOOL,Sub County,Girls,
6197,29540232,KAPKATET SECONDARY SCHOOL,Sub County,Mixed,
6198,29540306,SIGOT SECONDARY SCHOOL,Sub County,Mixed,
6199,29541104,KOILOT SECONDARY SCHOOL,Sub County,Mixed,
6200,29541105,OL'LESSOS MIXED DAY SECONDARY SCHOOL,Sub County,Mixed,
6201,29541106,SIWO SECONDARY SCHOOL,Sub County,Mixed,
6202,29541108,TIGITYO SECONDARY SCHOOL,Sub County,Mixed,
6203,29541109,ST JOHNS MIXED SECONDARY SCHOOL-CHEPKUNYUK,Sub County,Mixed,
6204,29541110,CHEPLELACHBEI SECONDARY SCHOOL,Sub County,Mixed,
6205,29541111,KIPKOROR MIXED DAY SECONDARY SCHOOL,Sub County,Mixed,
6206,29541112,MOGOBICH MIXED DAY SECONDARY SCHOOL,Sub County,Mixed,
6207,29541207,2 0K2A0P LKECLPME ESTE CSOENCDOANRDYA RSCYH SOCOHLO COHLOICES LIST,Sub County,Mixed,
6208,29541208,KAPSIMOTWA SECONDARY SCHOOL,Sub County,Mixed,
6209,29541209,SAVANI SECONDARY SCHOOL,Sub County,Mixed,
6210,29541210,SIRET SECONDARY SCHOOL,Sub County,Mixed,
6211,29541211,KOSOIYWO SECONDARY SCHOOL,Sub County,Mixed,
6212,29541212,SIRWA SECONDARY SCHOOL,Sub County,Mixed,
6213,29541213,KAPTIEN SECONDARY SCHOOL,Sub County,Mixed,
6214,29541214,TABOIYAT MIXED DAY SECONDARY SCHOOL,Sub County,Mixed,
6215,29541215,CHEBARUS SECONDARY SCHOOL,Sub County,Mixed,
6216,29541216,CHEPTABACH MIXED DAY SECONDARY SCHOOL,Sub County,Mixed,
6217,29541217,JEAN MARIE SERONEI SECONDARY SCHOOL,Sub County,Mixed,
6218,29541218,BARASENDU SECONDARY SCHOOL,Sub County,Mixed,
6219,29541219,KAPUTI SECONDARY SCHOOL,Sub County,Mixed,
6220,29541220,ST. MARYS HIGH SCHOOL-SOIYET,Sub County,Mixed,
6221,29542104,A I C SETEK SECONDARY SCHOOL,Sub County,Mixed,
6222,29542105,ST JOHN TACHASIS MIXED DAY SECONDARY SCHOOL,Sub County,Mixed,
6223,29542106,FR.MARTIN BOYLE KABOLEBO SECONDARY SCHOOL,Sub County,Mixed,
6224,29542107,ST. ANDREW SECONDARY SCHOOL - SENETWO,Sub County,Mixed,
6225,29542108,KAPKOROS BARNGETUNY SECONDARY SCHOOL,Sub County,Mixed,
6226,29542109,FR. MARTIN BOYLE ACADEMY SECONDARY SCHOOL,Sub County,Mixed,
6227,29542110,AINAPNGETUNY SECONDARY SCHOOL,Sub County,Mixed,
6228,29542111,KAMELIL MIXED DAY SECONDARY SCHOOL,Sub County,Mixed,
6229,29542112,KIMUGUL MIXED SECONDARY SCHOOL,Sub County,Mixed,
6230,29542201,HENRY KOSGEI SECONDARY SCHOOL,Sub County,Mixed,
6231,29542202,KIMWANI SECONDARY SCHOOL,Sub County,Mixed,
6232,29542203,TAUNET SECONDARY SCHOOL,Sub County,Mixed,
6233,29542205,KABIRER HIGH SCHOOL,Sub County,Mixed,
6234,29542206,CHEMUTIA SECONDARY SCHOOL,Sub County,Mixed,
6235,29542207,2 0S2O0K KOCSPIKE SSEECCOONNDDAARRYY SSCCHHOOOOLL CHOICES LIST,Sub County,Mixed,
6236,29542302,CHEPTONON MIXED SECONDARY SCHOOL,Sub County,Mixed,
6237,29542303,CHEMAMUL SECONDARY SCHOOL,Sub County,Mixed,
6238,29542304,MUTUMON SECONDARY SCHOOL,Sub County,Mixed,
6239,29542306,ST. PETERS SOBA DAY SECONDARY SCHOOL,Sub County,Mixed,
6240,29542307,SARWAT MIXED SECONDARY SCHOOL,Sub County,Mixed,
6241,29542308,ST.MICHAEL'S MIXED SECONDARY SCHOOL-KAMELILO,Sub County,Mixed,
6242,29542309,KABUTIEI SECONDARY SCHOOL,Sub County,Mixed,
6243,29542310,A.I.C KIPYAOR SECONDARY SCHOOL,Sub County,Mixed,
6244,29542402,ST.PAULS CHEMALAL A.C.K SECONDARY SCHOOL,Sub County,Mixed,
6245,29542404,KAMUNY SECONDARY SCHOOL,Sub County,Mixed,
6246,29579101,CHEMUNDU SECONDARY SCHOOL,Sub County,Mixed,
6247,29579102,KAPTILDIL SECONDARY SCHOOL,Sub County,Mixed,
6248,29579104,NAMGOI MIXED SECONDARY SCHOOL,Sub County,Mixed,
6249,29579105,KISAGET SECONDARY SCHOOL,Sub County,Mixed,
6250,29579106,KAMURGUIYWO SECONDARY SCHOOL,Sub County,Mixed,
6251,29579107,SAMOO SECONDARY SCHOOL,Sub County,Mixed,
6252,29579108,KAPKECHUI GIRLS SECONDARY SCHOOL,Sub County,Girls,
6253,29579109,ST.THERESA OF THE CHILD JESUS -MASABA HIGH SCHOOL,Sub County,Mixed,
6254,29579201,ST.JOHN THE APOSTLE HIGH SCHOOL-CHEMUSWA,Sub County,Mixed,
6255,29579202,SANIAK SECONDARY SCHOOL,Sub County,Mixed,
6256,29579204,MARTIN LEL SECONDARY SCHOOL,Sub County,Mixed,
6257,29579205,A.I.C TAMBOIYO SECONDARY SCHOOL,Sub County,Mixed,
6258,29579206,ACK LAGAT HIGH - OLMETUNYI,Sub County,Mixed,
6259,29579302,KOMBE SECONDARY SCHOOL,Sub County,Mixed,
6260,29579304,A.I.C MOI KAPKUTO SECONDARY SCHOOL,Sub County,Mixed,
6261,29579305,KAPCHEPKOK SECONDARY SCHOOL,Sub County,Mixed,
6262,29579401,MWEIN ADVENTIST SECONDARY SCHOOL,Sub County,Mixed,
6263,29579402,2 0A2.I0.C K KCEPCE HSIERCEO SNEDCAORNYD SACRHYO SOCLH COHOOLICES LIST,Sub County,Mixed,
6264,29579404,KIMONDI SECONDARY SCHOOL,Sub County,Mixed,
6265,29579405,ST.STEPHEN'S KIPTUIYA SECONDARY SCHOOL,Sub County,Mixed,
6266,29579501,KAPSISIYWA SECONDARY SCHOOL,Sub County,Mixed,
6267,29579502,ST.SYLVESTER SIRONOI SECONDARY SCHOOL,Sub County,Mixed,
6268,29579601,CHRIST THE KING HIGH SCHOOL CHEPTERIT,Sub County,Mixed,
6269,29579602,KOSIRAI HIGH SCHOOL,Sub County,Mixed,
6270,29579604,ST. PATRICK NDAPTABWA SECONDARY SCHOOL,Sub County,Mixed,
6271,29579605,ST. PAUL'S KAMONJIL HIGH SCHOOL,Sub County,Mixed,
6272,29579703,NDONYONGARIA SECONDARY SCHOOL,Sub County,Mixed,
6273,29579704,AIC ITIGO MIXED SECONDARY SCHOOL,Sub County,Mixed,
6274,29579705,AIC KIPKONGORWO SECONDARY SCHOOL,Sub County,Mixed,
6275,29579802,NGECHEK SECONDARY SCHOOL,Sub County,Mixed,
6276,29579804,AIC CHEPTWOLIO SECONDARY SCHOOL,Sub County,Mixed,
6277,29579805,ST JUDES KOKWET SECONDARY SCHOOL,Sub County,Mixed,
6278,29579806,AIC MOSORIOT SECONDARY SCHOOL,Sub County,Mixed,
6279,29579807,AIC MUTWOT SECONDARY SCHOOL,Sub County,Mixed,
6280,29579808,ST. CANISIUS HIGH SCHOOL - MATEKET,Sub County,Mixed,
6281,30514103,THINGITHU SECONDARY SCHOOL,Sub County,Mixed,
6282,30514109,NANYUKI GARRISON SECONDARY SCHOOL,Sub County,Mixed,
6283,30514110,NKANDO SECONDARY SCHOOL,Sub County,Mixed,
6284,30514111,PCEA NANYUKI GIRLS SECONDARY SCHOOL,Sub County,Girls,
6285,30514112,NAIBOR SECONDARY SCHOOL,Sub County,Mixed,
6286,30514201,MURAMATI SECONDARY SCHOOL,Sub County,Mixed,
6287,30514202,NGENIA SECONDARY SCHOOL,Sub County,Mixed,
6288,30514203,KALALU SECONDARY SCHOOL,Sub County,Mixed,
6289,30514204,BINGWA SECONDARY SCHOOL,Sub County,Mixed,
6290,30514205,NYARIGINU SECONDARY SCHOOL,Sub County,Mixed,
6291,30514206,2 0M2IA0 MKOCPJAE SSEECCOONNDDAARRYY SSCCHHOOOOLL CHOICES LIST,Sub County,Mixed,
6292,30514207,DAIGA MIXED SECONDARY SCHOOL,Sub County,Mixed,
6293,30514208,NDEMU SECONDARY SCHOOL,Sub County,Mixed,
6294,30514210,MURUNGAI MIXED DAY SECONDARY SCHOOL,Sub County,Mixed,
6295,30514211,ETHI MIXED SECONDARY SCHOOL,Sub County,Mixed,
6296,30514212,MUKIMA SECONDARY SCHOOL,Sub County,Girls,
6297,30543104,KIMANJO MIXED SECONDARY SCHOOL,Sub County,Mixed,
6298,30543106,EWASO MIXED DAY AND BOARDING SCHOOL,Sub County,Mixed,
6299,30543107,CHUMVI MIXED AND BOARDING SECONDARY SCHOOL,Sub County,Mixed,
6300,30544103,AIYAM SECONDARY SCHOOL,Sub County,Mixed,
6301,30544104,MUTARA SECONDARY SCHOOL,Sub County,Mixed,
6302,30544108,OLARINYIRO SECONDARY SCHOOL,Sub County,Mixed,
6303,30544109,RUMURUTI DAY SECONDARY SCHOOL,Sub County,Mixed,
6304,30544110,THOME SECONDARY SCHOOL,Sub County,Mixed,
6305,30544111,DR.WACHIRA SECONDARY SCHOOL-KIAMARIGA,Sub County,Mixed,
6306,30544112,MUTAMAIYU SECONDARY SCHOOL,Sub County,Mixed,
6307,30544113,EMGWEN MIXED DAY SECONDARY SCHOOL,Sub County,Mixed,
6308,30544203,KANGUMO DAY SCHOOL,Sub County,Mixed,
6309,30544204,CHERETA SECONDARY SCHOOL,Sub County,Mixed,
6310,30544205,KITE SECONDARY SCHOOL,Sub County,Mixed,
6311,30544206,GATUNDIA SECONDARY SCHOOL,Sub County,Mixed,
6312,30544207,MAJANI SECONDARY SCHOOL,Sub County,Mixed,
6313,30544208,KIRITI DAY MIXED SECONDARY SCHOOL,Sub County,Mixed,
6314,30544209,TETU DAY SECONDARY SCHOOL,Sub County,Mixed,
6315,30544210,KARABA SECONDARY SCHOOL,Sub County,Mixed,
6316,30544211,LIMUNGA SECONDARY SCHOOL,Sub County,Mixed,
6317,30544301,SIPILI SECONDARY SCHOOL,Sub County,Mixed,
6318,30544302,LARIAK DAY SECONDARY SCHOOL,Sub County,Mixed,
6319,30544303,2 0K2IO0 SKCEPCEO SNEDCAORNYD SACRHYO SOCLHOOL CHOICES LIST,Sub County,Mixed,
6320,30544304,NDURUMO DAY SECONDARY SCHOOL,Sub County,Mixed,
6321,30544306,KABATI SECONDARY SCHOOL,Sub County,Mixed,
6322,30544307,MAKUTANO MIXED DAY SECONDARY SCHOOL,Sub County,Mixed,
6323,30544401,OL MORAN SECONDARY SCHOOL,Sub County,Mixed,
6324,30544402,MITHURI SECONDARY SCHOOL,Sub County,Mixed,
6325,30544403,GITHIMA SECONDARY SCHOOL,Sub County,Mixed,
6326,30544404,SURVEY SECONDARY SCHOOL,Sub County,Mixed,
6327,30555105,LAIKIPIA AIRBASE SECONDARY SCHOOL,Sub County,Mixed,
6328,30555107,WAGUTHIRU MIXED DAY SECONDARY SCHOOL,Sub County,Mixed,
6329,30555108,LECHUGU SECONDARY SCHOOL,Sub County,Mixed,
6330,30555109,WATHITUGA SECONDARY SCHOOL,Sub County,Mixed,
6331,30555110,KIHATO MIXED DAY SECONDARY SCHOOL,Sub County,Mixed,
6332,30555202,THARUA SECONDARY SCHOOL,Sub County,Mixed,
6333,30555203,OLTAFFETA SECONDARY SCHOOL,Sub County,Mixed,
6334,30555205,WITHARE DAY SECONDARY SCHOOL,Sub County,Mixed,
6335,30555206,MUHONIA SECONDARY SCHOOL,Sub County,Mixed,
6336,30555207,NYAKIO DAY SECONDARY SCHOOL,Sub County,Mixed,
6337,30555302,WIYUMIRIRIE SECONDARY SCHOOL,Sub County,Mixed,
6338,30555304,MWITURIA SECONDARY SCHOOL,Sub County,Mixed,
6339,30555305,MATHENYA SECONDARY SCHOOL,Sub County,Mixed,
6340,30555306,KARIGUINI DAY SECONDARY SCHOOL,Sub County,Mixed,
6341,30555308,IMENTI MIXED DAY SECONDARY SCHOOL,Sub County,Mixed,
6342,30556103,SALAMA SECONDARY SCHOOL,Sub County,Mixed,
6343,30556104,MURUKU SECONDARY SCHOOL,Sub County,Mixed,
6344,30556105,THIRU SECONDARY SCHOOL,Sub County,Mixed,
6345,30556106,MUNG'ETHO SECONDARY SCHOOL,Sub County,Mixed,
6346,30556107,PESI DAY SECONDARY SCHOOL,Sub County,Mixed,
6347,30556108,2 0G2A0T KECRPOE M SIEXCEODN DDAAYR SYE SCCOHNODOALR CYH SOCICHEOSO LLIST,Sub County,Mixed,
6348,30556109,MUTHENGERA MIXED DAY SECONDARY SCHOOL,Sub County,Mixed,
6349,30556110,KUNDARILLA MIXED DAY SECONDARY SCHOOL,Sub County,Mixed,
6350,30556111,BRETHREN DAY SECONDARY SCHOOL,Sub County,Mixed,
6351,30556202,OL NG'ARUA SECONDARY SCHOOL,Sub County,Mixed,
6352,30556204,UMOJA DAY SECONDARY SCHOOL,Sub County,Mixed,
6353,30556205,GITUAMBA MIXED DAY SECONDARY SCHOOL,Sub County,Mixed,
6354,30556206,NYAKINYUA SECONDARY SCHOOL,Sub County,Mixed,
6355,30556207,KARANDI SECONDARY SCHOOL,Sub County,Mixed,
6356,30556208,TANDARE MIXED DAY SECONDARY SCHOOL,Sub County,Mixed,
6357,30556209,NDINDIKA SECONDARY SCHOOL,Sub County,Mixed,
6358,30556210,G.G. KINAMBA MIXED DAY SECONDARY SCHOOL,Sub County,Mixed,
6359,30556211,KIWANJA MIXED DAY SECONDARY SCHOOL,Sub County,Mixed,
6360,30556212,NAIGERA SECONDARY SCHOOL,Sub County,Mixed,
6361,30556213,MATUIKU SECONDARY SCHOOL,Sub County,Mixed,
6362,30556214,THIGIO MIXED DAY SECONDARY SCHOOL,Sub County,Mixed,
6363,30556215,MILIMANI SECONDARY SCHOOL,Sub County,Mixed,
6364,30556302,HUHO-INI MIXED DAY SECONDARY SCHOOL,Sub County,Mixed,
6365,30556308,STAREHE SECONDARY SCHOOL,Sub County,Girls,
6366,30556309,NYAHURURU MUNYAKA DAY SECONDARY SCHOOL,Sub County,Mixed,
6367,30556312,SHAMANEI SECONDARY SCHOOL,Sub County,Mixed,
6368,30556316,BISHOP LOUIS PIARO NGARE NARO SECONDARY SCHOOL,Sub County,Mixed,
6369,30556321,KIANDEGE SECONDARY SCHOOL,Sub County,Mixed,
6370,31515111,SENIOR CHIEF RISSA OLOOSUYAN SECONDARY SCHOOL,Sub County,Mixed,
6371,31515112,KAJIADO TOWNSHIP MIXED DAY SECONDARY SCHOOL,Sub County,Mixed,
6372,31515114,ILMARBA SECONDARY SCHOOL,Sub County,Mixed,
6373,31515115,GENERAL JOSEPH NKAISSERY HIGH,Sub County,Mixed,
6374,31515116,NALEPO TAEGONG GIRLS SECONDARY SCHOOL,Sub County,Girls,
6375,31515406,2 0N2A0M KACNPGEA S MECIXOENDD DAARYY SSECHCOONODL ACRHYO SICCEHSO LOISLT,Sub County,Mixed,
6376,31515411,PCEA GRACE GIRLS HIGH SCHOOL LETOIRE,Sub County,Mixed,
6377,31545103,OLCHORRO SECONDARY SCHOOL,Sub County,Mixed,
6378,31545106,KUKU SECONDARY SCHOOL,Sub County,Mixed,
6379,31545108,WHITE MOUNTAIN SECONDARY SCHOOL,Sub County,Mixed,
6380,31545109,ENTONET MIXED SECONDARY SCHOOL,Sub County,Mixed,
6381,31545110,ILTILAL DAY AND BOARDING SECONDARY SCHOOL,Sub County,Mixed,
6382,31545201,ILLASIT SECONDARY SCHOOL,Sub County,Mixed,
6383,31545203,COLIN DAVIES SECONDARY SCHOOL,Sub County,Mixed,
6384,31545204,KIKELELWA SECONDARY SCHOOL,Sub County,Mixed,
6385,31545206,ENTARARA SECONDARY SCHOOL,Sub County,Mixed,
6386,31545208,OLOIRIEN MIXED DAY AND BOARDING SCHOOL,Sub County,Mixed,
6387,31545308,KIMANA MIXED DAY SECONDARY SCHOOL,Sub County,Mixed,
6388,31545310,OLMAPITET MANHAE SECONDARY SCHOOL,Sub County,Mixed,
6389,31557208,EMBULBUL MIXED DAY SECONDARY SCHOOL,Sub County,Mixed,
6390,31557209,P.C.E.A NGONG HILLS SECONDARY SCHOOL,Sub County,Mixed,
6391,31557211,OLOOLUA SECONDARY SCHOOL,Sub County,Mixed,
6392,31557212,EMPAKASI MIXED DAY SECONDARY SCHOOL,Sub County,Mixed,
6393,31557213,OLKERI SECONDARY SCHOOL,Sub County,Mixed,
6394,31557224,NKOROI MIXED DAY SECONDARY SCHOOL,Sub County,Mixed,
6395,31557230,NKAIMURUNYA MIXED DAY SECONDARY SCHOOL,Sub County,Mixed,
6396,31557233,OLEKASASI MIXED DAY SECONDARY SCHOOL,Sub County,Mixed,
6397,31557241,KISERIAN MIXED DAY SECONDARY SCHOOL,Sub County,Mixed,
6398,31557245,PCEA UPPER MATASIA SECONDARY SCHOOL,Sub County,Mixed,
6399,31557256,KISERIAN EDUCATION CENTRE,Sub County,Mixed,
6400,31557266,CATHOLIC DIOCESE NGONG TOWNSHIP SECONDARY SCHOOL,Sub County,Mixed,
6401,31557267,P.C.E.A ENOOMATASIANI MIXED DAY SECONDARY SCHOOL,Sub County,Mixed,
6402,31557268,KERARAPON SECONDARY SCHOOL,Sub County,Mixed,
6403,31566103,2 0E2R0A KNCKPAEU S SEECCOONNDDAARRYY S SCCHHOOOOL LCHOICES LIST,Sub County,Mixed,
6404,31566204,MERRUESHI MAASAI HIGH SCHOOL,Sub County,Mixed,
6405,31566210,ENTARETOI SECONDARY SCHOOL,Sub County,Mixed,
6406,31566212,MASIMBA SECONDARY SCHOOL,Sub County,Mixed,
6407,31567102,KISAJU DIPAK SECONDARY SCHOOL,Sub County,Girls,
6408,31567103,OLTUROTO SECONDARY SCHOOL,Sub County,Mixed,
6409,31567104,KAPUTIEI SECONDARY SCHOOL,Sub County,Mixed,
6410,31567109,ISINYA BOYS SECONDARY SCHOOL,Sub County,Mixed,
6411,31567110,ERETETI MIXED SECONDARY SCHOOL,Sub County,Mixed,
6412,31567209,OLOOSIRKON MIXED SECONDARY SCHOOL,Sub County,Mixed,
6413,31567214,OLOOLTEPES SECONDARY SCHOOL,Sub County,Mixed,
6414,31567215,ILPOLOSAT SECONDARY SCHOOL,Sub County,Mixed,
6415,31567220,KITENGELA MAGEREZA MIXED HIGH SCHOOL,Sub County,Mixed,
6416,31573107,LOODARIAK SECONDARY SCHOOL,Sub County,Mixed,
6417,31573110,OLOOSEOS MIXED DAY SECONDARY SCHOOL,Sub County,Mixed,
6418,31573116,OLTEYANI MIXED SECONDARY SCHOOL,Sub County,Mixed,
6419,31573204,PCEA KIMUKA GIRLS SECONDARY SCHOOL,Sub County,Girls,
6420,31573209,NANING'OI MIXED DAY AND BOARDING SECONDARY SCHOOL,Sub County,Mixed,
6421,31573301,MAGADI SECONDARY SCHOOL,Sub County,Mixed,
6422,31573303,OLDONYONYOKIE GIRLS SECONDARY SCHOOL,Sub County,Girls,
6423,32516108,MASIKONDE SECONDARY SCHOOL,Sub County,Mixed,
6424,32516113,KIMELOK SECONDARY SCHOOL,Sub County,Mixed,
6425,32516301,OLOKURTO SECONDARY SCHOOL,Sub County,Mixed,
6426,32516302,OLORROPIL SECONDARY SCHOOL,Sub County,Mixed,
6427,32516303,OLPUSIMORU SECONDARY SCHOOL,Sub County,Mixed,
6428,32516305,NTIMAMA DAY MIXED SECONDARY SCHOOL,Sub County,Mixed,
6429,32516307,ENABELIBEL SECONDARY SCHOOL,Sub County,Mixed,
6430,32516309,OLMARIKO SECONDARY SCHOOL,Sub County,Mixed,
6431,32519105,2 0O2S0O KNCKPOER SOEIC SOENCDOANRDYA SRCYH SOCOHLO COHLOICES LIST,Sub County,Mixed,
6432,32519106,MUTENKUAR DAY SECONDARY SCHOOL,Sub County,Mixed,
6433,32519107,ENDOINYO - ONKOPIT SECONDARY SCHOOL,Sub County,Mixed,
6434,32519108,OLTANKI SECONDARY SCHOOL,Sub County,Mixed,
6435,32519109,SANKALE SECONDARY SCHOOL,Sub County,Mixed,
6436,32519110,JEESUN RYU ADVENTIST MISSION SCHOOL- OSINONI,Sub County,Mixed,
6437,32519111,OLALUI SECONDARY SCHOOL,Sub County,Mixed,
6438,32519202,NKARARO SECONDARY SCHOOL,Sub County,Mixed,
6439,32519205,OLEREKO SECONDARY SCHOOL,Sub County,Mixed,
6440,32519206,SIKAWA SECONDARY SCHOOL,Sub County,Mixed,
6441,32519207,MASURURA SECONDARY SCHOOL,Sub County,Mixed,
6442,32519304,ROMOSHA SECONDARY SCHOOL,Sub County,Mixed,
6443,32519306,KAPUNE SECONDARY SCHOOL,Sub County,Mixed,
6444,32519503,OLDONYO-OROK SECONDARY SCHOOL,Sub County,Mixed,
6445,32519505,OLORUKOTI SECONDARY SCHOOL,Sub County,Mixed,
6446,32519506,MASHANGWA SECONDARY SCHOOL,Sub County,Mixed,
6447,32519507,KONDAMET SECONDARY SCHOOL,Sub County,Mixed,
6448,32546101,SAGAMIAN SECONDARY SCHOOL,Sub County,Mixed,
6449,32546102,SAIRE SECONDARY SCHOOL,Sub County,Mixed,
6450,32546103,CHORONOK MIXED SECONDARY SCHOOL,Sub County,Mixed,
6451,32546202,OUR LADY OF ANGELS MARINWA GIRLS SECONDARY SCHOOL,Sub County,Girls,
6452,32546204,SIWOT SECONDARY SCHOOL,Sub County,Mixed,
6453,32546205,TENGECHA ESOIT SECONDARY SCHOOL,Sub County,Mixed,
6454,32546206,KAPKATET MIXED SECONDARY SCHOOL,Sub County,Mixed,
6455,32546207,MARINWA SECONDARY SCHOOL,Sub County,Mixed,
6456,32546208,TUMOIYOT MIXED SECONDARY SCHOOL,Sub County,Mixed,
6457,32546209,NAISUDORI MIXED DAY SECONDARY SCHOOL,Sub County,Mixed,
6458,32546304,OLE NKAPUNE MIXED DAY SECONDARY SCHOOL,Sub County,Mixed,
6459,32546305,2 0E2N0O KOCSPOEG SOECNO MNIXDEADR YD ASYCH SOEOCOL NCHDOARICYE SS CLIHSOTOL,Sub County,Mixed,
6460,32546306,OLE MUNA SECONDARY SCHOOL,Sub County,Mixed,
6461,32546402,ONGATA OLOIREN MIXED DAY SECONDARY SCHOOL,Sub County,Mixed,
6462,32546403,OLOLOIPANG'I SECONDARY SCHOOL,Sub County,Mixed,
6463,32546405,OLTARAKWAI SECONDARY SCHOOL,Sub County,Mixed,
6464,32546406,ENAKISHOMI MIXED DAY SECONDARY SCHOOL,Sub County,Mixed,
6465,32546408,OLASHAPANI GIRLS SECONDARY SCHOOL,Sub County,Girls,
6466,32546409,KOTOLIAN SECONDARY SCHOOL,Sub County,Mixed,
6467,32560101,KAPWERIA SECONDARY SCHOOL,Sub County,Mixed,
6468,32560103,NDAMAMA SECONDARY SCHOOL,Sub County,Mixed,
6469,32560105,SIMOTWET SECONDARY SCHOOL,Sub County,Mixed,
6470,32560106,KAMERMERU SECONDARY SCHOOL,Sub County,Mixed,
6471,32560107,MABWAITA SECONDARY SCHOOL,Sub County,Mixed,
6472,32560108,TAKITECH HIGH SCHOOL,Sub County,Mixed,
6473,32560109,KISIARA SECONDARY SCHOOL,Sub County,Mixed,
6474,32560110,KELONGET HIGH SCHOOL,Sub County,Mixed,
6475,32560111,KURESIET SECONDARY SCHOOL,Sub County,Mixed,
6476,32560202,MURKAN SECONDARY SCHOOL,Sub County,Mixed,
6477,32560203,KILETIEN SECONDARY SCHOOL,Sub County,Mixed,
6478,32560205,MOKONDO HIGH SCHOOL,Sub County,Mixed,
6479,32560206,OLPOPONGI SECONDARY SCHOOL,Sub County,Mixed,
6480,32560207,CHEPKOIYET SECONDARY SCHOOL,Sub County,Mixed,
6481,32560208,CHESMA HIGH SCHOOL,Sub County,Mixed,
6482,32560209,ILKERIN SECONDARY SCHOOL,Sub County,Mixed,
6483,32560210,KAPSASIAN SECONDARY SCHOOL,Sub County,Mixed,
6484,32560211,KURONGURIK MIXED DAY&BOARDING SECONDARY SCHOOL,Sub County,Mixed,
6485,32560212,CHEBITOIK MIXED DAY SECONDARY SCHOOL,Sub County,Mixed,
6486,32560213,ILKERIN GIRLS SECONDARY SCHOOL,Sub County,Girls,
6487,32560214,2 0S2O0S KIACNPAE SSEECCOONNDDAARRYY SSCCHHOOOOLL CHOICES LIST,Sub County,Mixed,
6488,32560215,CHEBULU SECONDARY SCHOOL,Sub County,Mixed,
6489,32560216,LELAGOIN SECONDARY SCHOOL,Sub County,Mixed,
6490,32560217,LELECHONIK SECONDARY SCHOOL,Sub County,Mixed,
6491,32560218,KOISAGAT HIGH SCHOOL,Sub County,Mixed,
6492,32560219,KIBISORWET SECONDARY SCHOOL,Sub County,Mixed,
6493,32560220,CHERAMGOI SECONDARY SCHOOL,Sub County,Mixed,
6494,32560221,CHANGINA SECONDARY SCHOOL,Sub County,Mixed,
6495,32560222,CHILANI SECONDARY SCHOOL,Sub County,Mixed,
6496,32560223,CHEPKISA SECONDARY SCHOOL,Sub County,Mixed,
6497,32581105,OLKINYEI SECONDARY SCHOOL,Sub County,Mixed,
6498,32581206,ENELERAI HIGH SCHOOL,Sub County,Mixed,
6499,32581207,KUTO SECONDARY SCHOOL,Sub County,Mixed,
6500,32581208,OLCHORRO OIROIWUA SECONDARY SCHOOL,Sub County,Mixed,
6501,32581209,BISHOP COLIN DAVIES SENIOR SCHOOL,Sub County,Mixed,
6502,32581211,RONGENA MIXED DAY SECONDARY SCHOOL,Sub County,Mixed,
6503,32581212,AGANGA MIXED DAY SECONDARY SCHOOL,Sub County,Mixed,
6504,32581215,LALUK MIXED DAY SECONDARY SCHOOL,Sub County,Mixed,
6505,32581216,OLEREUT SECONDARY SCHOOL,Sub County,Mixed,
6506,32581217,MASESE SECONDARY SCHOOL,Sub County,Mixed,
6507,32581218,CHEMWOKTER SECONDARY SCHOOL,Sub County,Mixed,
6508,32581219,SAMOEI KIPTENDEN GIRLS SECONDARY SCHOOL,Sub County,Girls,
6509,32581220,KUTETE MIXED DAY SECONDARY SCHOOL,Sub County,Mixed,
6510,32581221,PIMBINIET MIXED SECONDARY SCHOOL,Sub County,Mixed,
6511,32581222,EMORIJOI MIXED DAY SECONDARY SCHOOL,Sub County,Mixed,
6512,32581303,OLDERKESI SECONDARY SCHOOL,Sub County,Mixed,
6513,32581306,SIANA GIRLS HIGH SCHOOL,Sub County,Girls,
6514,32582102,SALEITA SECONDARY SCHOOL,Sub County,Mixed,
6515,32582103,2 0E2N0O KOCSPEEY SIAE CSOENCDOANRDYA RSCYH SOCOHLO COHLOICES LIST,Sub County,Mixed,
6516,32582303,KEEKONYOKIE SECONDARY SCHOOL,Sub County,Mixed,
6517,33517105,TIMBOIYWO DAY SECONDARY SCHOOL,Sub County,Mixed,
6518,33517107,ST. MARY'S TENGES DAY SECONDARY SCHOOL,Sub County,Mixed,
6519,33517108,KISONEI MIXED DAY SECONDARY SCHOOL,Sub County,Mixed,
6520,33517109,KESETAN MIXED DAY SECONDARY SCHOOL,Sub County,Mixed,
6521,33517110,CHEPKERO MIXED DAY SECONDARY SCHOOL,Sub County,Mixed,
6522,33517111,KAPTIRIONY SECONDARY SCHOOL,Sub County,Mixed,
6523,33517112,BEKIBON SECONDARY SCHOOL,Sub County,Mixed,
6524,33517113,TULUONGOI SECONDARY SCHOOL,Sub County,Mixed,
6525,33517210,KAPCHOMUSO DAY SECONDARY SCHOOL,Sub County,Mixed,
6526,33517213,KIPSOIT MIXED DAY SECONDARY SCHOOL,Sub County,Mixed,
6527,33517216,KAPTIMBOR MIXED DAY SECONDARY SCHOOL,Sub County,Mixed,
6528,33517217,SERETUNIN MIXED DAY SECONDARY SCHOOL,Sub County,Mixed,
6529,33517218,KABARNET HURTH MIXED DAY SECONDARY SCHOOL,Sub County,Mixed,
6530,33517219,KISOK MIXED DAY SECONDARY SCHOOL,Sub County,Mixed,
6531,33517220,KIBOINO MIXED SECONDARY SCHOOL,Sub County,Mixed,
6532,33517221,KAPSOGO SCHWENK MIXED DAY SECONDARY SCHOOL,Sub County,Mixed,
6533,33517222,RIWO MIXED DAY SECONDARY SCHOOL,Sub County,Mixed,
6534,33517223,CHESONGO MIXED DAY SECONDARY SCHOOL,Sub County,Mixed,
6535,33517224,KAPKUT MIXED DAY SECONDARY SCHOOL,Sub County,Mixed,
6536,33517225,KIPKAECH SECONDARY SCHOOL,Sub County,Mixed,
6537,33517226,KAPTOROKWO MIXED DAY SECONDARY SCHOOL,Sub County,Mixed,
6538,33517227,NGOLONG SECONDARY SCHOOL,Sub County,Mixed,
6539,33517228,SENETWO MIXED DAY SECONDARY SCHOOL,Sub County,Mixed,
6540,33517229,KABARBARMA MIXED SECONDARY SCHOOL,Sub County,Mixed,
6541,33517230,KAPSERGONG SECONDARY SCHOOL,Sub County,Mixed,
6542,33521110,SIGORO SECONDARY SCHOOL,Sub County,Mixed,
6543,33521111,2 M02A0J IK MCAPZEU SREIC MOINXDEDA RSYE CSCOHNODOALR YCH SOCIHCOESO LLIST,Sub County,Mixed,
6544,33521112,ARAMA HIGH SCHOOL,Sub County,Mixed,
6545,33521113,BHAKITA MIXED SECONDARY SCHOOL,Sub County,Mixed,
6546,33521114,KAMELILO DAY SECONDARY SCHOOL,Sub County,Mixed,
6547,33521115,UHURU HIGH SCHOOL-KABIYET,Sub County,Mixed,
6548,33521116,BENONIN SECONDARY SCHOOL,Sub County,Mixed,
6549,33521117,KAPCHOLOI SECONDARY SCHOOL,Sub County,Mixed,
6550,33521118,TOLMO SECONDARY SCHOOL,Sub County,Mixed,
6551,33521120,KIPKUYANG SECONDARY SCHOOL,Sub County,Mixed,
6552,33521121,SINONIN SECONDARY SCHOOL,Sub County,Mixed,
6553,33521122,SIMOTWET MIXED DAY SECONDARY SCHOOL,Sub County,Mixed,
6554,33521123,UZALENDO SECONDARY SCHOOL,Sub County,Mixed,
6555,33521124,KIPTUNO DAY MIXED SECONDARY SCHOOL,Sub County,Mixed,
6556,33521125,KIPKORIONY MIXED DAY SECONDARY SCHOOL,Sub County,Mixed,
6557,33521204,TINET MIXED DAY SECONDARY SCHOOL,Sub County,Mixed,
6558,33521205,MOI HIGHLAND HIGH SCHOOL,Sub County,Mixed,
6559,33521206,ST. MARY'S BOITO HIGH SCHOOL,Sub County,Mixed,
6560,33521207,TUGUMOI KOIBATEK SECONDARY SCHOOL,Sub County,Mixed,
6561,33521208,SOYMINING MIXED DAY SECONDARY SCHOOL,Sub County,Mixed,
6562,33521209,KAMURA MIXED DAY SECONDARY SCHOOL,Sub County,Mixed,
6563,33521301,KIPLOMBE DAY SECONDARY SCHOOL,Sub County,Mixed,
6564,33521303,LEBOLOS SECONDARY SCHOOL,Sub County,Mixed,
6565,33521304,SAGAT MIXED DAY SECONDARY SCHOOL,Sub County,Mixed,
6566,33521305,MUSERECHI SECONDARY SCHOOL,Sub County,Mixed,
6567,33521306,SOLIAN MIXED DAY SECONDARY SCHOOL,Sub County,Mixed,
6568,33547108,TIRIONDONIN SECONDARY SCHOOL,Sub County,Mixed,
6569,33547110,KIPCHERERE SECONDARY SCHOOL,Sub County,Mixed,
6570,33547111,KILINGOT DAY SECONDARY SCHOOL,Sub County,Mixed,
6571,33547112,2 0K2A0P KKICRPWE OSKEC SOENCDOANRDYA RSCYH SOCOHLO COHLOICES LIST,Sub County,Mixed,
6572,33547113,LAKE BARINGO MIXED DAY SECONDARY SCHOOL,Sub County,Mixed,
6573,33547115,BOSSEI MIXED SECONDARY SCHOOL,Sub County,Mixed,
6574,33547116,TIRIMIONIN MIXED DAY SECONDARY SCHOOL,Sub County,Mixed,
6575,33547117,MOI KABARTONJO MIXED DAY SECONDARY SCHOOL,Sub County,Mixed,
6576,33547206,KIMUGUL MIXED DAY SECONDARY SCHOOL,Sub County,Mixed,
6577,33547207,SIBILO SECONDARY SCHOOL,Sub County,Mixed,
6578,33547208,YATIA MIXED DAY AND BOARDING SECONDARY SCHOOL,Sub County,Mixed,
6579,33547301,MOIGUTWO MIXED DAY SECONDARY SCHOOL,Sub County,Mixed,
6580,33547407,KATIBEL SECONDARY SCHOOL,Sub County,Mixed,
6581,33547408,BARWESSA SECONDARY SCHOOL,Sub County,Mixed,
6582,33547409,KUIKUI MIXED DAY SECONDARY SCHOOL,Sub County,Mixed,
6583,33547410,MUCHUKWO SECONDARY SCHOOL,Sub County,Mixed,
6584,33558105,SALABANI SECONDARY SCHOOL,Sub County,Mixed,
6585,33558106,SABOR SECONDARY SCHOOL,Sub County,Mixed,
6586,33558107,KIMALEL SECONDARY SCHOOL,Sub County,Mixed,
6587,33558108,SANDAI MIXED DAY SECONDARY SCHOOL,Sub County,Mixed,
6588,33558109,PATKAWANIN MIXED DAY SECONDARY SCHOOL,Sub County,Mixed,
6589,33558110,MARIGAT INTEGRATED DAY SECONDARY SCHOOL,Sub County,Mixed,
6590,33558111,KORIEMA MIXED DAY SECONDARY SCHOOL,Sub County,Mixed,
6591,33558112,NGOLBELON MIXED SECONDARY SCHOOL,Sub County,Mixed,
6592,33558113,SOKOTEI MIXED DAY SECONDARY SCHOOL,Sub County,Mixed,
6593,33558114,ELDUME MIXED DAY SECONDARY SCHOOL,Sub County,Mixed,
6594,33558115,LOWLAND HIGH SCHOOL,Sub County,Mixed,
6595,33558116,CHEBORUSWO MIXED DAY SECONDARY SCHOOL,Sub County,Mixed,
6596,33558117,KIBINGOR SECONDARY SCHOOL,Sub County,Mixed,
6597,33558202,MWENGE SECONDARY SCHOOL,Sub County,Mixed,
6598,33558203,TUIYOTICH MIXED DAY SECONDARY SCHOOL,Sub County,Mixed,
6599,33558204,2 0N2G0A KRCIEP EM SIXEECDO NDDAAY RSYE CSCOHNODOALR YCH SOCIHCOESO LLIST,Sub County,Mixed,
6600,33558205,TUIYOBEI MIXED DAY SECONDARY SCHOOL,Sub County,Mixed,
6601,33558206,NYIMBEI DAY SECONDARY SCHOOL,Sub County,Mixed,
6602,33558207,KIMORIOT MIXED DAY SECONDARY SCHOOL,Sub County,Mixed,
6603,33558208,NGENYILEL MIXED DAY SECONDARY SCHOOL,Sub County,Mixed,
6604,33562104,KOIBARAK MIXED DAY SECONDARY SCHOOL,Sub County,Mixed,
6605,33562106,REUBEN CHERUIYOT SECONDARY SCHOOL - OLMARAI,Sub County,Mixed,
6606,33562107,MUGURIN SECONDARY SCHOOL,Sub County,Mixed,
6607,33562109,NGUBERETI SECONDARY SCHOOL,Sub County,Mixed,
6608,33562110,LOMBOGISHU SECONDARY SCHOOL,Sub County,Mixed,
6609,33562111,KIPSOGON SECONDARY SCHOOL,Sub County,Mixed,
6610,33562203,KIMOSE DAY SECONDARY SCHOOL,Sub County,Mixed,
6611,33562204,RADAD SECONDARY SCHOOL,Sub County,Mixed,
6612,33562205,SAGASAGIK SECONDARY SCHOOL,Sub County,Mixed,
6613,33562206,KAPLEWO SECONDARY SCHOOL,Sub County,Mixed,
6614,33562207,OTERIT SECONDARY SCHOOL,Sub County,Mixed,
6615,33562208,KOITEBES SECONDARY SCHOOL,Sub County,Mixed,
6616,33562301,CHEBEREN SECONDARY SCHOOL,Sub County,Mixed,
6617,33562302,SIRWA SECONDARY SCHOOL,Sub County,Mixed,
6618,33562304,SORE MIXED SECONDARY SCHOOL,Sub County,Mixed,
6619,33562402,SINENDE SECONDARY SCHOOL,Sub County,Mixed,
6620,33562403,OLDEBES SECONDARY SCHOOL,Sub County,Mixed,
6621,33562404,OLKOKWE SECONDARY SCHOOL,Sub County,Mixed,
6622,34518106,SERGOIT SECONDARY SCHOOL,Sub County,Mixed,
6623,34518107,ST.PAULS SECONDARY SCHOOL-KAPKESSUM,Sub County,Mixed,
6624,34518108,CHEBONET SECONDARY SCHOOL,Sub County,Mixed,
6625,34518109,ITEN MIXED DAY SECONDARY SCHOOL,Sub County,Mixed,
6626,34518110,KORKITONY SECONDARY SCHOOL,Sub County,Mixed,
6627,34518111,2 B0U20G KACRP MEI SXEECDO DNADYA SREYC SOCNHDOAORLY C SHCOHICOEOSL LIST,Sub County,Mixed,
6628,34518112,KAPKOI SECONDARY SCHOOL,Sub County,Mixed,
6629,34518113,CHELINGWA SECONDARY SCHOOL,Sub County,Mixed,
6630,34518114,HOLY ROSARY-KAPKONGA SECONDARY SCHOOL,Sub County,Mixed,
6631,34518115,ST. PAUL'S MUNO MIXED SECONDARY SCHOOL,Sub County,Mixed,
6632,34518406,KESSUP MIXED DAY SECONDARY SCHOOL,Sub County,Mixed,
6633,34518407,KAPCHELAL MIXED DAY SECONDARY SCHOOL,Sub County,Mixed,
6634,34518409,CHEGILET SECONDARY SCHOOL,Sub County,Mixed,
6635,34518410,SIROCH MIXED DAY SECONDARY SCHOOL,Sub County,Mixed,
6636,34518411,KABORE MIXED DAY SECONDARY SCHOOL,Sub County,Mixed,
6637,34520108,KAPKOROS GIRLS SECONDARY SCHOOL,Sub County,Girls,
6638,34520110,CHEPTONGEI SECONDARY SCHOOL,Sub County,Mixed,
6639,34520111,JEMUNADA SECONDARY SCHOOL,Sub County,Mixed,
6640,34520204,HOSSEN MIXED SECONDARY SCHOOL,Sub County,Mixed,
6641,34520205,KAPTABUK MIXED DAY SECONDARY SCHOOL,Sub County,Mixed,
6642,34520206,ST.MARK'S MIXED DAY AND BOARDING SECONDARY SCHOOL-,Sub County,Mixed,
6643,34520207,ST.JOSEPH'S LAWICH SECONDARY SCHOOL,Sub County,Mixed,
6644,34520208,ST. MONICA SINON MIXED DAY SECONDARY SCHOOL.,Sub County,Mixed,
6645,34520209,A.I.C.CHELES MIXED DAY SECONDARY SCHOOL,Sub County,Mixed,
6646,34520210,KASUBWA MIXED DAY SECONDARY SCHOOL,Sub County,Mixed,
6647,34520302,KAMOI SECONDARY SCHOOL,Sub County,Mixed,
6648,34520307,KOISUNGUR MIXED SECONDARY SCHOOL,Sub County,Mixed,
6649,34520308,KONDABILET MIXED SECONDARY SCHOOL,Sub County,Mixed,
6650,34520309,KABEREWO MIXED DAY SECONDARY SCHOOL,Sub County,Mixed,
6651,34520310,ST. STEPHEN KOITUGUM SECONDARY SCHOOL,Sub County,Mixed,
6652,34520311,AIC CHEBAI MIXED DAY SECONDARY SCHOOL,Sub County,Mixed,
6653,34520313,KAPTERIT SECONDARY SCHOOL,Sub County,Mixed,
6654,34520314,KIPKUNDUL MIXED SECONDARY SCHOOL,Sub County,Mixed,
6655,34520401,2 0S2T0. BKECNPEE DSIECCTOSN ADRARROYR S GCHIROLOS LS CEHCOOINCDEAS RLYIS TSCHOOL,Sub County,Girls,
6656,34520402,BARSUMBAT DAY SECONDARY SCHOOL,Sub County,Mixed,
6657,34520403,KOITILIAL HIGH SCHOOL,Sub County,Mixed,
6658,34520404,ST.PETER'S KAPKATA MIXED DAY SECONDARY SCHOOL,Sub County,Mixed,
6659,34559211,BIWOTT MIXED DAY SECONDARY SCHOOL,Sub County,Mixed,
6660,34559213,CHEBIREI MIXED DAY SECONDARY SCHOOL,Sub County,Mixed,
6661,34559214,LOLGARINI MIXED DAY SECONDARY SCHOOL,Sub County,Mixed,
6662,34559215,KAPLETINGI MIXED DAY SECONDARY SCHOOL,Sub County,Mixed,
6663,34559216,KAPTILOL SECONDARY SCHOOL,Sub County,Mixed,
6664,34559217,KAPCHEBELEL MIXED DAY SECONDARY SCHOOL,Sub County,Mixed,
6665,34559218,CHEPSAMO MIXED DAY SECONDARY SCHOOL,Sub County,Mixed,
6666,34559304,CHEPSIGOT SECONDARY SCHOOL,Sub County,Mixed,
6667,34559305,ROKOCHO MIXED DAY SECONDARY SCHOOL,Sub County,Mixed,
6668,34559307,KIPYATOR SECONDARY SCHOOL,Sub County,Mixed,
6669,34559308,MUSKUT MIXED DAY SECONDARY SCHOOL,Sub County,Mixed,
6670,34559309,TURESIA MIXED DAY SECONDARY SCHOOL,Sub County,Mixed,
6671,34559310,CHANGACH BARAK SECONDARY SCHOOL,Sub County,Mixed,
6672,34559506,TUGUMOI MIXED DAY SECONDARY SCHOOL,Sub County,Mixed,
6673,34559507,KIMWOGO MIXED DAY SECONDARY SCHOOL,Sub County,Mixed,
6674,34559508,ST.THOMAS KAPCHORWA MIXED SECONDARY SCHOOL,Sub County,Mixed,
6675,34559509,KOMBATICH MIXED DAY SECONDARY SCHOOL,Sub County,Mixed,
6676,34559510,KETIGOI SECONDARY SCHOOL,Sub County,Mixed,
6677,34559511,ST. GREGORY KIPKABUS DOWNS SECONDARY SCHOOL,Sub County,Mixed,
6678,34559512,TEBER ST. BENEDICT MIXED DAY SECONDARY SCHOOL,Sub County,Mixed,
6679,34559513,ST. PATRICK'S KABIRIRSUS MIXED DAY SECONDARY SCHOO,Sub County,Mixed,
6680,34561103,LITER GIRLS SECONDARY SCHOOL,Sub County,Girls,
6681,34561104,QUEEN OF PEACE CHESONGOCH SECONDARY SHOOL,Sub County,Mixed,
6682,34561105,TOT MIXED DAY SECONDARY SCHOOL,Sub County,Mixed,
6683,34561106,2 0IS2M0A KECLP CE HSEECLAONNGDAA SREY CSOCHNODAORL YC HSCOHICOEOS LLIST,Sub County,Mixed,
6684,34561201,ST.AUGUSTINE KAPYEGO SECONDARY SCHOOL,Sub County,Mixed,
6685,34561203,KAPTICH GIRLS' SECONDARY SCHOOL,Sub County,Girls,
6686,34561302,KAPCHEBAU SECONDARY SCHOOL,Sub County,Mixed,
6687,34561304,ST. MICHAEL'S SECONDARY SCHOOL- EMBOBUT,Sub County,Mixed,
6688,34561305,KIPKANER MIXED DAY SECONDARY SCHOOL,Sub County,Mixed,
6689,34561401,ST.MARY'S MON SCONDARY SCHOOL,Sub County,Boys,
6690,34561402,MOGIL SECONDARY SCHOOL,Sub County,Mixed,
6691,34561403,LUKUGET HILL SECONDARY SCHOOL,Sub County,Mixed,
6692,35601103,ST. PETER'S BUYOSI MIXED SECONDARY SCHOOL,Sub County,Mixed,
6693,35601104,ST. MARY'S BURUMBA SECONDARY SCHOOL,Sub County,Mixed,
6694,35601105,ST. JOHN THE BAPTIST MABALE SECONDARY SCHOOL,Sub County,Mixed,
6695,35601106,ST.THOMAS MAYENJE SECONDARY SCHOOL,Sub County,Mixed,
6696,35601203,MURENDE MIXED SECONDARY SCHOOL,Sub County,Mixed,
6697,35601204,ST JAMES NASEWA SECONDARY SCHOOL,Sub County,Mixed,
6698,35601205,ST.AUGUSTINE NASIRA MIXED SECONDARY SCHOOL,Sub County,Mixed,
6699,35601206,ST.PETERS' BUDOKOMI MIXED DAY SECONDARY SCHOOL,Sub County,Mixed,
6700,35601208,ST.PAUL'S MABUNGE MIXED SECONDARY SCHOOL,Sub County,Mixed,
6701,35601209,ST. PAUL'S BUSENDE SECONDARY SCHOOL,Sub County,Mixed,
6702,35601210,ST. PATRICK'S SECONDARY SCHOOL-BUSIBWABO,Sub County,Mixed,
6703,35601211,ALUNG'OLI SECONDARY SCHOOL,Sub County,Mixed,
6704,35601212,ST. THOMAS AQUINAS LUNG'A,Sub County,Mixed,
6705,35601213,ST. IGNATIUS ESIRISIA SECONDARY SCHOOL,Sub County,Mixed,
6706,35601214,NANG'OMA SECONDARY SCHOOL,Sub County,Mixed,
6707,35601216,ST. MICHAEL SECONDARY BUYENDE,Sub County,Mixed,
6708,35601217,MUYAFWA SECONDARY SCHOOL,Sub County,Mixed,
6709,35601219,ST PETER'S IGERO SECONDARY SCHOOL,Sub County,Mixed,
6710,35606104,MODING HIGH SCHOOL,Sub County,Mixed,
6711,35606105,2 0C2H0A KMCAPSEI RSIE CSOENCODANRDYA RSYCH SOCOHLO COHLOICES LIST,Sub County,Mixed,
6712,35606106,KATAKWA SECONDARY SCHOOL,Sub County,Mixed,
6713,35606108,ALBERT EKIRAPA SECONDARY SCHOOL,Sub County,Mixed,
6714,35606110,KAKURIKIT SECONDARY SCHOOL,Sub County,Mixed,
6715,35606111,KEKALET SECONDARY SCHOOL,Sub County,Mixed,
6716,35606112,A.C.K CHANG'ARA SECONDARY SCHOOL,Sub County,Mixed,
6717,35606113,ST. PAUL'S KAKEMER SECONDARY SCHOOL,Sub County,Mixed,
6718,35606114,ST. ELIZABETH KABUKUI SECONDARY SCHOOL,Sub County,Mixed,
6719,35606115,ACK ODUYA OPRONG SECONDARY SCHOOL,Sub County,Mixed,
6720,35606116,ST MARTIN'S MWARI SECONDARY SCHOOL,Sub County,Mixed,
6721,35606117,AEDOMORU SECONDARY SCHOOL,Sub County,Mixed,
6722,35606118,ST.ANTONY AKOBWAIT 'CHA' SECONDARY SCHOOL,Sub County,Mixed,
6723,35606119,APOKOR HIGH SCHOOL,Sub County,Mixed,
6724,35606120,S.A ADANYA SECONDARY SCHOOL,Sub County,Mixed,
6725,35606201,"ACHIYA ECHAKARA HIGH SCHOOL, KAMURIAI",Sub County,Mixed,
6726,35606204,ST. AUGUSTINE KAMOLO SECONDARY SCHOOL,Sub County,Mixed,
6727,35606205,ST. STEPHEN'S KENGATUNY MIXED SECONDARY,Sub County,Mixed,
6728,35606206,ST JOHN'S KAJEI SECONDARY SCHOOL,Sub County,Mixed,
6729,35606207,KATANYU SECONDARY SCHOOL,Sub County,Mixed,
6730,35606208,ST. JUDE ONYUNYUR SECONDARY SCHOOL,Sub County,Mixed,
6731,35606209,BISHOP KING'OO OKULEU SECONDARY SCHOOL,Sub County,Mixed,
6732,35606210,ST PAUL'S KOKARE SECONDARY SCHOOL,Sub County,Mixed,
6733,35606211,ST.TERESA'S MALABA MIXED DAY SECONDARY SCHOOL,Sub County,Mixed,
6734,35609101,GANJALA SECONDARY SCHOOL,Sub County,Mixed,
6735,35609102,NYAKHOBI SECONDARY SCHOOL,Sub County,Mixed,
6736,35609103,NANDEREMA SECONDARY SCHOOL,Sub County,Mixed,
6737,35609106,NAMBOBOTO SECONDARY SCHOOL,Sub County,Mixed,
6738,35609107,ST. LUKE'S ODIADO SECONDARY SCHOOL,Sub County,Mixed,
6739,35609109,2 0H2A0K KACTPI SE ESCECOONNDADRAYR YS CSCHHOOOOLL CHOICES LIST,Sub County,Mixed,
6740,35609110,ST PETERS BUSIBI GIRLS SECONDARY SCHOOL,Sub County,Girls,
6741,35609111,ST.STEPHEN BUJWANG'A SECONDARY,Sub County,Mixed,
6742,35609112,ST. MARK BUKIRI MIXED SECONDARY SCHOOL,Sub County,Mixed,
6743,35609113,BUSIJO SECONDARY SCHOOL,Sub County,Mixed,
6744,35609114,ST. GABRIEL WAKHUNGU SECONDARY SCHOOL,Sub County,Mixed,
6745,35609115,NAMBALE R.C SECONDARY SCHOOL,Sub County,Mixed,
6746,35609116,NYAKWAKA GIRLS SECONDARY SCHOOL,Sub County,Girls,
6747,35609117,ST.CLARES NANDEREMA GIRLS,Sub County,Mixed,
6748,35609118,ST.CHRISPINE SAMIA GIRLS' SECONDARY SCHOOL,Sub County,Girls,
6749,35609119,NAMUNYWEDA MIXED DAY SECONDARY SCHOOL,Sub County,Mixed,
6750,35610104,MAKUNDA MIXED SECONDARY SCHOOL,Sub County,Mixed,
6751,35610105,OSIEKO SECONDARY SCHOOL,Sub County,Mixed,
6752,35610107,ST. TRIZA MUNDERE GIRLS SECONDARY SCHOOL,Sub County,Girls,
6753,35610108,BUNYALA MODEL SECONDARY SCHOOL,Sub County,Boys,
6754,35610109,BUKOMA SECONDARY SCHOOL,Sub County,Mixed,
6755,35610110,A.C.K. MUSOMA MIXED SECONDARY SCHOOL,Sub County,Mixed,
6756,35610111,SISENYE MIXED SECONDARY SCHOOL,Sub County,Mixed,
6757,35620103,ST JAMES KWANG'AMOR HIGH SCHOOL,Sub County,Mixed,
6758,35620104,FR.OKODOI SECONDARY SCHOOL,Sub County,Mixed,
6759,35620105,ST JACOB'S KALIWA SECONDARY SCHOOL,Sub County,Mixed,
6760,35620106,APOKOR SECONDARY SCHOOL,Sub County,Mixed,
6761,35620107,ST. MARK ACK MACHAKUSI,Sub County,Mixed,
6762,35620108,ST.PETER'S KOTUR SECONDARY SCHOOL,Sub County,Mixed,
6763,35620110,ST.MICHAEL APATIT SECONDARY SCHOOL,Sub County,Mixed,
6764,35620111,ST.JOHN'S AKOBWAIT SECONDARY SCHOOL,Sub County,Mixed,
6765,35620112,ST. PIUS KATELENYANG SECONDARY SCHOOL,Sub County,Mixed,
6766,35620113,ST.ELIZABETH OKATEKOK SECONDARY SCHOOL,Sub County,Mixed,
6767,35620202,2 0S2T0. JKOCSPEEP SHE'CSO CNHDAAKROYL SSCEHCOOONLD CAHROY ISCCESH OLIOSTL,Sub County,Mixed,
6768,35620203,ST. PETER'S ATERAIT SECONDARY SCHOOL,Sub County,Mixed,
6769,35620204,ST. CHARLES LWANGA OTIMONG SECONDARY SCHOOL,Sub County,Mixed,
6770,35620205,ST. JOHN'S ALUPE SECONDARY SCHOOL,Sub County,Mixed,
6771,35620206,ASING'E MIXED DAY SECONDARY SCHOOL,Sub County,Mixed,
6772,35620207,ST MARK'S AMONG'URA SECONDARY SCHOOL,Sub County,Mixed,
6773,35620208,ST. FRANCIS OKAME SECONDARY SCHOOL,Sub County,Mixed,
6774,35620209,BUSIA TOWNSHIP SECONDARY SCHOOL,Sub County,Mixed,
6775,35620210,ST. MARK'S NGELECHOM SECONDARY SCHOOL,Sub County,Mixed,
6776,35620211,ST PETERS OJAAMONG SECONDARY SCHOOL,Sub County,Mixed,
6777,35620212,ST ANNE ANGOROM GIRLS SECONDARY SCHOOL,Sub County,Girls,
6778,35623109,BUMALA A C SECONDARY SCHOOL,Sub County,Mixed,
6779,35623110,ST. AUSTIN'S KINGANDOLE HIGH SCHOOL,Sub County,Mixed,
6780,35623111,ST.ROMANOS TINGOLO MIXED SECONDARY SCHOOL,Sub County,Mixed,
6781,35623112,ST. PETER'S SIRIKHAYA SECONDARY SCHOOL,Sub County,Mixed,
6782,35623113,ST. PETER'S BUMALA 'B' SECONDARY SCHOOL,Sub County,Mixed,
6783,35623114,IKONZO SECONDARY SCHOOL,Sub County,Mixed,
6784,35623115,BWALIRO GIRLS SECONDARY SCHOOL,Sub County,Girls,
6785,35623116,BUKHUMA DAY MIXED SECONDARY SCHOOL,Sub County,Mixed,
6786,35623118,BURIYA SECONDARY SCHOOL,Sub County,Mixed,
6787,35623119,ST. MONICA'S BUTUNYI SECONDARY SCHOOL,Sub County,Mixed,
6788,35623120,ELUKHARI MIXED DAY SECONDARY SCHOOL,Sub County,Mixed,
6789,35623121,BISHOP NICHOLAS STAM SIKOMA MIXED DAY,Sub County,Mixed,
6790,35623122,MASEBULA SECONDARY SCHOOL,Sub County,Mixed,
6791,35623123,SIRIBO SECONDARY SCHOOL,Sub County,Mixed,
6792,35623125,ST PETERS MUNG'ABO MIXED SECONDARY SCHOOL,Sub County,Mixed,
6793,35623126,ST. MICHAEL BUDUMA ACK GIRLS SECONDARY,Sub County,Girls,
6794,35623127,ESIBEMBE A.C. GIRLS SECONDARY SCHOOL,Sub County,Girls,
6795,35623128,2 0M2A0D KOCLPAE MSEIXCEODN DSEACROY NSDCHAROYO LS CCHHOOOICLES LIST,Sub County,Mixed,
6796,35629103,ST. PAULS IGARA SECONDARY SCHOOL,Sub County,Mixed,
6797,35629108,NAMBALE URBAN SECONDARY SCHOOL,Sub County,Mixed,
6798,35629109,ST.FRANCIS SECONDARY SCHOOL -SIKINGA,Sub County,Mixed,
6799,35629110,FR SIMON MIXED SECONDARY SCHOOL SIBEMBE,Sub County,Mixed,
6800,35629111,KHAYO SECONDARY SCHOOL,Sub County,Mixed,
6801,35629112,KATIRA SECONDARY SCHOOL,Sub County,Mixed,
6802,35629113,ST. PAUL'S NAMAINDI ACK MIXED SECONDARY SCHOOL,Sub County,Mixed,
6803,35629114,ST. FRANCIS LUPIDA SECONDARY SCHOOL,Sub County,Mixed,
6804,35629116,ST.JOSEPH'S SEGERO SECONDARY SCHOOL,Sub County,Mixed,
6805,35629118,ST.MARYS BUYOFU SECONDARY SCHOOL,Sub County,Mixed,
6806,35629119,ST.JAMES MADIBO SECONDARY SCHOOL,Sub County,Mixed,
6807,35629120,ST.MARY'S MABUNGE R.C. SECONDARY SCHOOL,Sub County,Mixed,
6808,35629121,ST.JOSEPH MUSOKOTO SECONDARY SCHOOL,Sub County,Mixed,
6809,35629122,ST. MARY'S NAMBALE SECONDARY SCHOOL,Sub County,Mixed,
6810,35629123,ST.CHARLES LWANGA EMUKHUYU SECONDARY SCHOOL,Sub County,Mixed,
6811,35629124,ST. PAULS ELWANIKHA GIRLS,Sub County,Girls,
6812,35629125,CANON AWORI NAMBALE AC SECONDARY SCHOOL,Sub County,Mixed,
6813,35629126,ST. PETERS KHWIRALE SECONDARY SCHOOL,Sub County,Mixed,
6814,36602104,ST TADEOS NDENGELWA SECONDARY SCHOOL,Sub County,Mixed,
6815,36602109,FRIENDS SCHOOL KITALE,Sub County,Mixed,
6816,36602111,ST PETERS SANG'ALO SECONDARY SCHOOL,Sub County,Mixed,
6817,36602112,SIKALAME S.A SECONDARY SCHOOL,Sub County,Mixed,
6818,36602113,ST. LONGINUS SECONDARY SCHOOL - KONGOLI,Sub County,Mixed,
6819,36602114,ST.JOHN'S LUTUNGU SECONDARY SCHOOL,Sub County,Mixed,
6820,36602115,ST.JOSEPH'S SECONDARY SCHOOL-BULONDO,Sub County,Mixed,
6821,36602117,SAMOYA SECONDARY SCHOOL,Sub County,Mixed,
6822,36602119,NAMACHANJA HIGH SCHOOL,Sub County,Mixed,
6823,36602124,2 0B2U0N KGCOPMEA S EMCUOSNLDIMA SREYC SOCHNDOAORLY C HSCOHICOEOSL LIST,Sub County,Mixed,
6824,36602125,WAMALWA KIJANA HIGH SCHOOL,Sub County,Mixed,
6825,36602127,ST PETERS HIGH SCHOOL MUSIKOMA,Sub County,Mixed,
6826,36602128,NAMWACHA SECONDARY SCHOOL,Sub County,Mixed,
6827,36602132,ST.VERONICA HIGH SCHOOL RANJE,Sub County,Mixed,
6828,36602134,MATUMBUFU GIRLS SECONDARY SCHOOL,Sub County,Girls,
6829,36602136,BUNGOMA ADULT SECONDARY EDUCATION CENTRE,Sub County,Mixed,
6830,36602140,MABUUSI SECONDARY SCHOOL,Sub County,Mixed,
6831,36602141,ST. JOHN THE BAPTIST NAMASANDA SECONDARY SCHOOL,Sub County,Mixed,
6832,36602142,FRIENDS SCHOOL LWANDA BOYS,Sub County,Boys,
6833,36602143,KHAKULA RCEA SECONDARY SCHOOL,Sub County,Mixed,
6834,36602144,SILOBA SECONDARY SCHOOL,Sub County,Mixed,
6835,36602145,FRIENDS SECONDARY SCHOOL NABICHAKHA,Sub County,Mixed,
6836,36602146,ST. MARTIN'S KITINDA SECONDARY SCHOOL,Sub County,Mixed,
6837,36602147,SIANGWE GIRLS SECONDARY SCHOOL,Sub County,Girls,
6838,36602149,STARLIGHT SECONDARY SCHOOL- NABUKHISA,Sub County,Mixed,
6839,36602150,FRIENDS SECONDARY SCHOOL FUCHANI,Sub County,Mixed,
6840,36602152,BUTIELI HIGH SCHOOL,Sub County,Mixed,
6841,36602153,NAMISI SECONDARY SCHOOL,Sub County,Mixed,
6842,36602154,ACK THE GOOD SHEPHERD KIBABII SECONDARY SCHOOL,Sub County,Mixed,
6843,36602157,CHEMCHE SECONDARY SCHOOL,Sub County,Mixed,
6844,36602158,BUKEMBE S.A SECONDARY SCHOOL,Sub County,Mixed,
6845,36602159,ST.TERESA'S SIO HIGH SCHOOL,Sub County,Mixed,
6846,36602160,KISULUNI S.A MIXED SECONDARY SCHOOL,Sub County,Mixed,
6847,36602161,MWIKHUPO BAPTIST SECONDARY SCHOOL,Sub County,Mixed,
6848,36602162,KENNETH LUSAKA S.A SECONDARY SCHOOL - CHENG'WALI,Sub County,Mixed,
6849,36602163,BUKANANACHI FRIENDS SECONDARY SCHOOL,Sub County,Mixed,
6850,36602164,ST. MARY'S KAMBA SECONDARY SCHOOL,Sub County,Mixed,
6851,36602165,2 0L2U0Y EKKCHPEE SMEICXOEND DSAERCYO NSCDHAOROY LS CCHHOOIOCLES LIST,Sub County,Mixed,
6852,36602166,THE PERFECTORS HIGH SCHOOL,Sub County,Mixed,
6853,36602167,NALUTIRI S.A GIRLS SECONDARY SCHOOL,Sub County,Mixed,
6854,36602168,ST. MONICA'S MUNGETI SECONDARY SCHOOL,Sub County,Mixed,
6855,36602169,SIAKA MIXED DAY SECONDARY SCHOOL,Sub County,Mixed,
6856,36602170,FRIENDS NAMAANGA SECONDARY SCHOOL,Sub County,Mixed,
6857,36602171,ST. PAUL'S WACHEKA ACK SECONDARY SCHOOL,Sub County,Mixed,
6858,36602172,TEMBELELA S.A MIXED SECONDARY SCHOOL,Sub County,Mixed,
6859,36602175,ST. VERONICA SIRITANYI SECONDARY SCHOOL,Sub County,Mixed,
6860,36602176,MARAKARU ACK SECONDARY SCHOOL,Sub County,Mixed,
6861,36602178,NZOIA INDUSTRIAL BOYS SECONDARY SCHOOL,Sub County,Boys,
6862,36602179,ST. MARY MAGDALENE NAMAMUKA SECONDARY SCHOOL,Sub County,Mixed,
6863,36602180,KHAOYA FRIENDS SECONDARY SCHOOL,Sub County,Mixed,
6864,36605102,KAPTOLA SECONDARY SCHOOL,Sub County,Mixed,
6865,36605106,BISHOP OKIRING KAMUNERU A.C.K SECONDARY SCHOOL,Sub County,Mixed,
6866,36605107,CHEMOGE SECONDARY SCHOOL,Sub County,Mixed,
6867,36605108,SENDERA S.A SECONDARY SCHOOL,Sub County,Mixed,
6868,36605109,ST. MARKS KIPCHIRIA SECONDARY SCHOOL,Sub County,Mixed,
6869,36605110,KONGIT SECONDARY SCHOOL,Sub County,Mixed,
6870,36605111,CHESITO SECONDARY SCHOOL,Sub County,Mixed,
6871,36605112,FRIENDS SCHOOL KABOYWO,Sub County,Mixed,
6872,36605115,FRIENDS KABOROM SECONDARY SCHOOL,Sub County,Girls,
6873,36605116,KAPTELELIO GIRLS SECONDARY SCHOOL,Sub County,Girls,
6874,36605117,ST.AUGUSTINE NOMORIO SECONDARY SCHOOL,Sub County,Mixed,
6875,36611011,PWANI SECONDARY SCHOOL,Sub County,Mixed,
6876,36611013,D.E.B LUNYU SECONDARY SCHOOL,Sub County,Mixed,
6877,36611015,FRIENDS SECONDARY SCHOOL BILIBILI,Sub County,Mixed,
6878,36611016,MAKHANGA HOPE ACADEMY MIXED SECONDARY SCHOOL,Sub County,Mixed,
6879,36611017,2 0N2A0B IKNCGP'EE NSGEC'EO FNRDIEANRDY SS CSHEOCOONL DCAHROYIC SECS HLOISOTL,Sub County,Mixed,
6880,36611018,ST. BRIGID'S SIUMBWA SECONDARY SCHOOL,Sub County,Mixed,
6881,36611019,FRIENDS MUSEMBE SECONDARY SCHOOL,Sub County,Mixed,
6882,36611021,FRIENDS MALIKI MIXED SECONDARY SCHOOL,Sub County,Mixed,
6883,36611022,SANGO S.A SECONDARY SCHOOL,Sub County,Mixed,
6884,36611023,NAMAWANGA R.G.C SECONDARY SCHOOL,Sub County,Mixed,
6885,36611024,FRIENDS SECONDARY SCHOOL NABISWA,Sub County,Mixed,
6886,36611025,FRIENDS NAKOBA SECONDARY SCHOOL,Sub County,Mixed,
6887,36611026,ST. MOURICE NAMBOKO SECONDARY SCHOOL,Sub County,Mixed,
6888,36611027,KEWA DEB SECONDARY SCHOOL,Sub County,Mixed,
6889,36611028,MBAKALO FRIENDS GIRLS SECONDARY SCHOOL,Sub County,Girls,
6890,36611029,PRECIOUS HIGH SCHOOL-KISUMU NDOGO,Sub County,Mixed,
6891,36612103,CHEBUKWA SECONDARY SCHOOL,Sub County,Mixed,
6892,36612107,MAROBO SECONDARY SCHOOL,Sub County,Mixed,
6893,36612110,CHEKULO FRIENDS SECONDARY SCHOOL,Sub County,Mixed,
6894,36612111,MUSOKHO FRIENDS SECONDARY SCHOOL,Sub County,Mixed,
6895,36612114,HON. MOSES WETANGULA MIKAYU FRIENDS SECONDARY,Sub County,Mixed,
6896,36612119,CARDINAL OTUNGA SICHEI SECONDARY SCHOOL,Sub County,Mixed,
6897,36612120,ST. PETERS CHEMWA SECONDARY SCHOOL,Sub County,Mixed,
6898,36612122,CHEKULO BAPTIST SECONDARY SCHOOL,Sub County,Mixed,
6899,36612123,S A KASOSI SECONDARY SCHOOL,Sub County,Mixed,
6900,36612124,ST.PETERS LURENDE SECONDARY SCHOOL,Sub County,Mixed,
6901,36612125,ST. ANNE SECONDARY SCHOOL SIRARE,Sub County,Mixed,
6902,36612126,CHEBUNYINYI ACK SECONDARY SCHOOL,Sub County,Mixed,
6903,36612127,ST. MICHAEL NASAKA SECONDARY SCHOOL,Sub County,Mixed,
6904,36612128,ST. KIZITO GIRLS SECONDARY SCHOOL - MUKHWEYA,Sub County,Girls,
6905,36612129,S.A KHATIRI SECONDARY SCHOOL,Sub County,Mixed,
6906,36612150,FRIENDS SCHOOL PONGOLA,Sub County,Mixed,
6907,36612206,2 0L2U0K HKCOPMEE S SEECCOONNDDAARRYY S CSHCOHOOOL LCHOICES LIST,Sub County,Mixed,
6908,36612207,MADISI SECONDARY SCHOOL,Sub County,Mixed,
6909,36612208,MAKHONGE FRIENDS SECONDARY SCHOOL,Sub County,Mixed,
6910,36612209,SICHEI FRIENDS SECONDARY SCHOOL,Sub County,Mixed,
6911,36612210,SIKULU FRIENDS SECONDARY SCHOOL,Sub County,Mixed,
6912,36612212,SALVATION ARMY WABUKHONYI SECONDARY,Sub County,Mixed,
6913,36612213,CHENJENI FRIENDS SECONDARY SCHOOL,Sub County,Mixed,
6914,36612214,HON.MOSES WETANGULA MILEMBE SECONDARY,Sub County,Mixed,
6915,36612215,FRIENDS SECONDARY SCHOOL KIBICHORI,Sub County,Mixed,
6916,36612216,SANANDIKI GIRLS FRIENDS SECONDARY SCHOOL,Sub County,Girls,
6917,36613101,FRIENDS SECONDARY SCHOOL MUJI,Sub County,Mixed,
6918,36613102,ST. MARY'S HIGH SCHOOL WEBUYE,Sub County,Girls,
6919,36613103,ST. MATHEW'S ACK SECONDARY SCHOOL,Sub County,Mixed,
6920,36613104,ST. PAUL'S NZOIA R.C SECONDARY SCHOOL,Sub County,Mixed,
6921,36613106,LUTACHO SECONDARY SCHOOL.,Sub County,Mixed,
6922,36613107,MAGEMO FRIENDS SECONDARY SCHOOL,Sub County,Mixed,
6923,36613108,MIHUU SECONDARY SCHOOL,Sub County,Mixed,
6924,36613111,SINOKO SECONDARY SCHOOL,Sub County,Mixed,
6925,36613114,LUGUSI SECONDARY SCHOOL,Sub County,Mixed,
6926,36613116,FRIENDS SECONDARY SCHOOL WABUKHONYI,Sub County,Mixed,
6927,36613117,FRIENDS MAKUSELWA SECONDARY SCHOOL,Sub County,Mixed,
6928,36613118,MISIMO MIXED DAY SECONDARY SCHOOL,Sub County,Mixed,
6929,36613119,NAMARAMBI BOYS SECONDARY SCHOOL,Sub County,Mixed,
6930,36613120,FRIENDS HIGH SCHOOL SILUNGAI,Sub County,Mixed,
6931,36613122,MITUKUYU FRIENDS SECONDARY SCHOOL,Sub County,Mixed,
6932,36613123,MASINDU FRIENDS SECONDARY SCHOOL,Sub County,Mixed,
6933,36613124,FRIENDS MIXED SECONDARY SCHOOL NABUYOLE,Sub County,Mixed,
6934,36613125,ST. JOHN'S RC SAVANA MIXED DAY SECONDARY SCHOOL,Sub County,Mixed,
6935,36613126,2 0B2A0K IKSCAP GE ISRELCSO SNEDCAORNYD SACRHYO SOCLH COHOOLICES LIST,Sub County,Girls,
6936,36621107,ST EMMANUEL'S MIRURI SECONDARY SCHOOL,Sub County,Mixed,
6937,36621109,KIBINGEI FRIENDS SECONDARY SCHOOL,Sub County,Mixed,
6938,36621112,NAMAWANGA BAHAI SECONDARY SCHOOL,Sub County,Mixed,
6939,36621113,FRIENDS MIXED SECONDARY SCHOOL CHESAMISI,Sub County,Mixed,
6940,36621114,SIKHENDU MIXED SECONDARY SCHOOL,Sub County,Mixed,
6941,36621116,WAMALWA KIJANA FRIENDS SECONDARY SCHOOL,Sub County,Mixed,
6942,36621117,FRIENDS SECONDARY SCHOOL CHEBUKWABI,Sub County,Mixed,
6943,36621118,BITUYU FRIENDS SECONDARY SCHOOL,Sub County,Mixed,
6944,36621119,MATILI FRIENDS SECONDARY SCHOOL,Sub County,Mixed,
6945,36621120,ST JAMES ACK SECONDARY SCHOOL - MAPELA,Sub County,Mixed,
6946,36621121,ST. JOSEPH'S KAMUSINDE SECONDARY SCHOOL,Sub County,Mixed,
6947,36621122,FRIENDS KAMASIELO SECONDARY SCHOOL,Sub County,Mixed,
6948,36621123,ST. JAN SECONDARY SCHOOL,Sub County,Mixed,
6949,36621124,FRIENDS SCHOOL KIBUNDE SECONDARY,Sub County,Mixed,
6950,36621127,ST. JOHN'S BUKO SECONDARY SCHOOL,Sub County,Mixed,
6951,36621128,S.A. LWANDA SECONDARY SCHOOL,Sub County,Mixed,
6952,36621129,ST. BRIGID'S SECONDARY SCHOOL- KITAYI,Sub County,Mixed,
6953,36621130,STARLIGHT HIGH SCHOOL KAMUKUYWA,Sub County,Mixed,
6954,36621131,KIMILILI ADULT SECONDARY EDUCATION CENTRE,Sub County,Mixed,
6955,36621132,COMMUNITY BREAK THROUGH SUPPORT MISSION HIGH SCHOO,Sub County,Mixed,
6956,36621133,LUKHOME BAPTIST SECONDARY SCHOOL,Sub County,Mixed,
6957,36621134,GOLDEN LIFE HIGH SCHOOL,Sub County,Mixed,
6958,36621135,ST. ELIZABETH SECONDARY SCHOOL -SIBAKALA,Sub County,Mixed,
6959,36621136,NEW HOPE MWANGALE SECONDARY SCHOOL,Sub County,Mixed,
6960,36621137,ACK CHELEKEI SECONDARY SCHOOL,Sub County,Mixed,
6961,36621138,KAMUKUYWA TOWNSHIP HIGH SCHOOL,Sub County,Mixed,
6962,36621139,FRIENDS SECONDARY SCHOOL NAMBOANI,Sub County,Mixed,
6963,36626106,2 0T2O0L OKCSPOE S SEECCOONNDDAARRYY SSCCHHOOOOLL CHOICES LIST,Sub County,Mixed,
6964,36626107,BISUNU FRIENDS SECONDARY SCHOOL,Sub County,Mixed,
6965,36626108,NAMANG'OFULO SECONDARY SCHOOL,Sub County,Mixed,
6966,36626110,KARIBUNI GIRLS SECONDARY SCHOOL,Sub County,Girls,
6967,36626111,BINYENYA GIRLS SECONDARY SCHOOL,Sub County,Girls,
6968,36626112,GEOFF BROWN GIRLS HIGH SCHOOL,Sub County,Girls,
6969,36626113,SIBUMBA S.A GIRLS SECONDARY SCHOOL,Sub County,Girls,
6970,36626114,KOLANI FRIENDS GIRLS SECONDARY SCHOOL,Sub County,Girls,
6971,36626116,FRIENDS SCHOOL KULISIRU SECONDARY SCHOOL,Sub County,Mixed,
6972,36626140,ST. MARY EMMACULATE MAYEKWE GIRLS SECONDARY,Sub County,Girls,
6973,36626201,KABKARA SECONDARY SCHOOL,Sub County,Mixed,
6974,36626202,LWANDANYI SECONDARY SCHOOL,Sub County,Mixed,
6975,36626206,TAMULEGA SECONDARY SCHOOL,Sub County,Mixed,
6976,36626207,ARCH BISHOP ELIUD WABUKALA MALAKISI ACK SECONDARY,Sub County,Mixed,
6977,36626208,CHEBUKUYI ACK SECONDARY SCHOOL,Sub County,Mixed,
6978,36626209,MARY JENNIFER YOO ADVENTIST SECONDARY SCHOOL,Sub County,Mixed,
6979,36626210,ACK TULIENGE GIRLS SECONDARY SCHOOL,Sub County,Girls,
6980,36626211,ST. AUGUSTINE SITABICHA SECONDARY SCHOOL,Sub County,Mixed,
6981,36626212,S.A MUFUNGU GIRLS HIGH SCHOOL,Sub County,Girls,
6982,36626213,MALAKISI MUSLIM HIGH SCHOOL,Sub County,Mixed,
6983,36628103,BUMULA FRIENDS SECONDARY SCHOOL,Sub County,Girls,
6984,36628104,CHILIBA SECONDARY SCHOOL,Sub County,Mixed,
6985,36628105,MATEKA SECONDARY SCHOOL,Sub County,Mixed,
6986,36628108,ST PAU'LS MILUKI SECONDARY SCHOOL,Sub County,Girls,
6987,36628109,NANG'ENI GIRLS SECONDARY SCHOOL,Sub County,Girls,
6988,36628111,ST. PATRICK'S NETIMA SECONDARY SCHOOL,Sub County,Boys,
6989,36628112,MYANGA SECONDARY SCHOOL,Sub County,Mixed,
6990,36628114,ST. JOSEPH'S LUMBOKA MEMORIAL SECONDARY SCHOOL,Sub County,Mixed,
6991,36628115,2 0S2T0. KKICZPITEO S MECAOYNANDJAAR MY ISXCEHDO SOELC COHNODIACRESY LSICSTHOOL,Sub County,Mixed,
6992,36628116,NAMUSASI SECONDARY SCHOOL,Sub County,Mixed,
6993,36628117,ST PETER 'S SIBOTI SECONDARY SCHOOL,Sub County,Mixed,
6994,36628119,ST JUDE MUANDA SECONDARY SCHOOL,Sub County,Mixed,
6995,36628120,ST.MARY MAGDALINE KIMATUNI GIRLS HIGH SCHOOL,Sub County,Mixed,
6996,36628121,ST. ELIZABETH LUNAO MIXED DAY SECONDARY SCHOOL,Sub County,Mixed,
6997,36628122,NAKHWANA SECONDARY SCHOOL,Sub County,Mixed,
6998,36628123,ST.PETER'S SYEKUMULO SECONDARY SCHOOL,Sub County,Mixed,
6999,36628124,ST. MARY'S SECONDARY SCHOOL - MUKHUMA,Sub County,Mixed,
7000,36628125,ST VERONICA MASUNO SECONDARY SCHOOL,Sub County,Mixed,
7001,36628126,ST. ANTONY NABUREREYA SECONDARY SCHOOL,Sub County,Mixed,
7002,36628127,MUKWA SECONDARY SCHOOL,Sub County,Mixed,
7003,36628128,ST. PETERS NAMAIKA SECONDARY SCHOOL,Sub County,Mixed,
7004,36628129,ST MARY'S NAMATOTOA SECONDARY SCHOOL,Sub County,Mixed,
7005,36628130,ST. ELIZABETH MALINDA SECONDARY,Sub County,Mixed,
7006,36628131,ST. KIZITO MASIELO SECONDARY SCHOOL,Sub County,Mixed,
7007,36628132,BISUCHE ACK SECONDARY SCHOOL,Sub County,Mixed,
7008,36628133,THE SALVATION ARMY KIMATUNI SECONDARY SCHOOL,Sub County,Mixed,
7009,36628134,ST. JUDE SYOYA SECONDARY SCHOOL,Sub County,Mixed,
7010,36628135,BUMULA BOYS SECONDARY SCHOOL,Sub County,Boys,
7011,36628136,FRIENDS SCHOOL KISIOYI SECONDARY SCHOOL,Sub County,Mixed,
7012,36628137,ST JUDE NAMANZE SECONDARY SHOOL,Sub County,Mixed,
7013,36628138,ST MARYS NG'OLI SECONDARY SCHOOL,Sub County,Mixed,
7014,36628139,MACHWELE SECONDARY SCHOOL,Sub County,Mixed,
7015,36628140,MT CARMEL GIRLS SECONDARY SCHOOL,Sub County,Girls,
7016,36628141,ST.PAUL BUNAMBOBI SECONDARY SCHOOL,Sub County,Mixed,
7017,36628142,ST. ANTHONY TULUKUYI SECONDARY SCHOOL,Sub County,Mixed,
7018,36628144,MIKOKWE ACK SECONDARY SCHOOL,Sub County,Mixed,
7019,36628145,2 0K2H0A KYCOP ME MSEKC SOENCDOANRDYA SRCYH SOCOHLO COHLOICES LIST,Sub County,Mixed,
7020,36628148,ACK MUNGORE BOYS SECONDARY SCHOOL,Sub County,Boys,
7021,36628149,ST JOSEPH'S BUKIRIMO SECONDARY SCHOOL,Sub County,Mixed,
7022,36628150,ST PAUL'S WAMUNYIRI SECONDARY SCHOOL,Sub County,Mixed,
7023,36628151,KIJANA WAMALWA MEMORIAL SCHOOL MWOMO,Sub County,Mixed,
7024,36630202,CHESIKAKI R.C SECONDARY SCHOOL,Sub County,Mixed,
7025,36630205,CHEPKUBE S.A SECONDARY SCHOOL,Sub County,Mixed,
7026,36630206,CHEPKUBE A.C.K SECONDARY SCHOOL,Sub County,Mixed,
7027,36630208,KIPSIS SECONDARY SCHOOL,Sub County,Mixed,
7028,36630209,MULATIWA SECONDARY SCHOOL,Sub County,Mixed,
7029,36630210,CHESIRO S.A MIXED SECONDARY SCHOOL,Sub County,Mixed,
7030,36630211,S A NALONDO GIRLS SECONDARY SCHOOL,Sub County,Girls,
7031,36630301,CHELEBEI SECONDARY SCHOOL,Sub County,Mixed,
7032,36630303,MASAEK SECONDARY SCHOOL,Sub County,Mixed,
7033,36630304,TEREM S A SECONDARY SCHOOL,Sub County,Mixed,
7034,36630306,KAPKIRWOK MIXED DAY SECONDARY SCHOOL,Sub County,Mixed,
7035,36630307,ST. JOHN'S CHEPYUK SECONDARY SCHOOL,Sub County,Mixed,
7036,36630308,KEBEE S.A SECONDARY SCHOOL,Sub County,Mixed,
7037,36630309,ST. JUDE KAIMUGUL MIXED SECONDARY SCHOOL,Sub County,Mixed,
7038,36630310,ST. PETERS CHEPTONON SECONDARY SCHOOL,Sub County,Mixed,
7039,36635004,FRIENDS SECONDARY SCHOOL MILANI,Sub County,Mixed,
7040,36635007,SIRENDE SECONDARY SCHOOL,Sub County,Mixed,
7041,36635008,KITUNI SECONDARY SCHOOL,Sub County,Mixed,
7042,36635009,SITIKHO FRIENDS SECONDARY SCHOOL,Sub County,Mixed,
7043,36635013,MAHANGA SECONDARY SCHOOL,Sub County,Mixed,
7044,36635014,MANG'ANA SECONDARY SCHOOL,Sub County,Mixed,
7045,36635015,FRIENDS SECONDARY SCHOOL MALAHA,Sub County,Mixed,
7046,36635016,MIENDO FRIENDS SECONDARY SCHOOL,Sub County,Mixed,
7047,36635017,2 0S2T0 M KACRPYES S EBCOOKNODLIA SREYC SOCNHDOAORLY C SHCOHICOEOSL LIST,Sub County,Mixed,
7048,36635018,LUMONYA SECONDARY SCHOOL,Sub County,Mixed,
7049,36635019,NGWELO FRIENDS SECONDARY SCHOOL,Sub County,Mixed,
7050,36635020,MISIKHU R.C HIGH SCHOOL,Sub County,Mixed,
7051,36635021,FRIENDS SECONDARY SCHOOL KUYWA,Sub County,Mixed,
7052,36635022,SIRISIA BOK SECONDARY SCHOOL,Sub County,Mixed,
7053,36635023,MICHAEL WAMALWA FRIENDS SECONDARY SCHOOL,Sub County,Mixed,
7054,36635024,WEBUYE D.E.B. SECONDARY SCHOOL,Sub County,Mixed,
7055,36635025,FRIENDS SECONDARY SCHOOL NAMBAMI,Sub County,Mixed,
7056,36635026,FRIENDS LUGULU MIXED SECONDARY SCHOOL,Sub County,Mixed,
7057,36635027,ST.ANDREWS MATULO SECONDARY SCHOOL,Sub County,Mixed,
7058,36635028,BUNJOSI FRIENDS SECONDARY SCHOOL,Sub County,Mixed,
7059,36635030,ST ANNE'S MALOHO SECONDARY SCHOOL,Sub County,Mixed,
7060,36635031,FRIENDS SECONDARY SCHOOL-YALUSI,Sub County,Mixed,
7061,36635032,FRIENDS SECONDARY SCHOOL - KHALUMULI,Sub County,Mixed,
7062,36635033,S.A CHEBOSI GIRLS SECONDARY SCHOOL,Sub County,Girls,
7063,36635034,BUNANG'ENI FRIENDS SECONDARY SCHOOL,Sub County,Mixed,
7064,36635035,MILO FRIENDS GIRLS SECONDARY SCHOOL,Sub County,Girls,
7065,36635036,MOYOKWE S.A SECONDARY SCHOOL,Sub County,Mixed,
7066,36636003,MULIRO SECONDARY SCHOOL,Sub County,Mixed,
7067,36636004,NAMUNYIRI GIRLS SECONDARY SCHOOL,Sub County,Girls,
7068,36636006,TABANI FRIENDS SECONDARY SCHOOL,Sub County,Mixed,
7069,36636007,A.I.C. JAMES MWEI SECONDARY SCHOOL,Sub County,Mixed,
7070,36636008,BISHOP ATUNDO SECONDARY SCHOOL - MABUSI,Sub County,Mixed,
7071,36636011,ST JOSEPHS' SECONDARY SCHOOL - BINYENYA,Sub County,Mixed,
7072,36636012,ST JULIANA SECONDARY SCHOOL NARATI,Sub County,Mixed,
7073,36636013,BUNAMBO SECONDARY SCHOOL,Sub County,Mixed,
7074,36636014,LUKHUNA FRIENDS SECONDARY SCHOOL,Sub County,Mixed,
7075,36636015,2 0B2IR0U KNCDPAE PSEACGO SNEDCAORNYD SACRHYO SOCLH COHOOLICES LIST,Sub County,Mixed,
7076,36636016,MILIMANI S.A SECONDARY SCHOOL,Sub County,Mixed,
7077,36636017,NYANGE P.A.G SECONDARY SCHOOL,Sub County,Mixed,
7078,36636018,ST MARY'S MWIKHUPO SECONDARY SCHOOL,Sub County,Mixed,
7079,36636019,TONGAREN DEB MIXED SECONDARY SCHOOL,Sub County,Mixed,
7080,36636020,FRIENDS SECONDARY SCHOOL KIMININI,Sub County,Mixed,
7081,36636021,MANYASA FRIENDS SECONDARY SCHOOL,Sub County,Mixed,
7082,36636022,MILELE FRIENDS SECONDARY SCHOOL,Sub County,Mixed,
7083,36636023,ST.ANNE SIANGALAMWE SECONDARY SCHHOL,Sub County,Mixed,
7084,36636024,MAKOLOLWE P.A.G SECONDARY SCHOOL,Sub County,Mixed,
7085,37603004,SHIEYWE SECONDARY SCHOOL,Sub County,Mixed,
7086,37603007,KAKAMEGA TOWNSHIP SECONDARY SCHOOL,Sub County,Mixed,
7087,37603010,KAKAMEGA MUSLIM SECONDARY SCHOOL,Sub County,Mixed,
7088,37603011,MWIYALA MIXED DAY SECONDARY SCHOOL,Sub County,Mixed,
7089,37603012,EBWAMBWA SECONDARY SCHOOL,Sub County,Mixed,
7090,37603013,ST. AUGUSTINE ROSTERMAN SECONDARY SCHOOL,Sub County,Mixed,
7091,37603014,ST. CAROL LWANGA MARABA SECONDARY SCHOOL,Sub County,Mixed,
7092,37603101,MWANGAZA SECONDARY SCHOOL,Sub County,Mixed,
7093,37603102,ST.THOMAS AQUINAS SECONDARY SCHOOL - ESHISIRU,Sub County,Mixed,
7094,37603103,ST. PATRICK'S IKONYERO SECONDARY SCHOOL,Sub County,Mixed,
7095,37603106,ST FRANCIS XAVIER SHIKOTI MIXED SECONDARY,Sub County,Mixed,
7096,37603107,ESHIBEYE SECONDARY SCHOOL,Sub County,Mixed,
7097,37603108,INDANGALASIA SECONDARY SCHOOL,Sub County,Mixed,
7098,37603109,IBINZO GIRLS SECONDARY SCHOOL,Sub County,Girls,
7099,37603110,KILIMO GIRLS SECONDARY SCHOOL,Sub County,Girls,
7100,37603111,ESOKONE SECONDARY SCHOOL,Sub County,Mixed,
7101,37603112,EMATETIE SECONDARY SCHOOL,Sub County,Mixed,
7102,37603113,ST.LUKES SHISANGO GIRLS SECONDARY SCHOOL,Sub County,Girls,
7103,37607003,2 0F2O0R KECSPTEA LS ESC.AO NSEDCAORNY DSACRHYO OSCL HCOHOOLICES LIST,Sub County,Mixed,
7104,37607004,MUGUNGA SECONDARY SCHOOL,Sub County,Mixed,
7105,37607005,MUNYUKI MIXED SECONDARY SCHOOL,Sub County,Mixed,
7106,37607006,LUMAMA SECONDARY SCHOOL,Sub County,Mixed,
7107,37607007,MANYONYI SECONDARY SCHOOL,Sub County,Mixed,
7108,37607008,MBAYA SECONDARY SCHOOL,Sub County,Mixed,
7109,37607009,ST. FRANCIS MAJENGO SECONDARY SCHOOL,Sub County,Mixed,
7110,37607010,LUMAKANDA TOWNSHIP SECONDARY SCHOOL,Sub County,Mixed,
7111,37607011,MWAMBA SECONDARY SCHOOL,Sub County,Mixed,
7112,37607012,SAVALA SECONDARY SCHOOL,Sub County,Mixed,
7113,37607013,AYUB SAVULA SECONDARY SCHOOL,Sub County,Mixed,
7114,37607102,MUKUYU GIRLS SECONDARY SCHOOL,Sub County,Girls,
7115,37607105,ST. AUGUSTINE MLIMANI SECONDARY SCHOOL,Sub County,Mixed,
7116,37607107,IMMACULATE HEART SECONDARY SCHOOL,Sub County,Mixed,
7117,37607108,FRIENDS MUKONGE SECONDARY SCHOOL,Sub County,Mixed,
7118,37607109,SIPANDE SECONDARY SCHOOL,Sub County,Mixed,
7119,37607110,LWANDA LUGARI SECONDARY SCHOOL,Sub County,Mixed,
7120,37607111,ST.BONIFACE MBAGARA SECONDARY SCHOOL,Sub County,Mixed,
7121,37607115,MACHO MUSLIM SECONDARY SCHOOL,Sub County,Mixed,
7122,37607116,IVONA MIXED SECONDARY SCHOOL,Sub County,Mixed,
7123,37607204,LUNYITO SECONDARY SCHOOL,Sub County,Mixed,
7124,37607205,HOLY FAMILY MUSEMBE SECONDARY SCHOOL,Sub County,Mixed,
7125,37607206,MUFUTU SECONDARY SCHOOL,Sub County,Mixed,
7126,37607207,ST. CHARLES LWANGA KOROMAITI SECONDARY SCHOOL,Sub County,Mixed,
7127,37607208,FRIENDS HIGH SCHOOL ANGAYU,Sub County,Mixed,
7128,37607209,THE SALVATION ARMY MBAJO SECONDARY SCHOOL,Sub County,Mixed,
7129,37608001,BUKOLWE SECONDARY SCHOOL,Sub County,Mixed,
7130,37608002,BUMAMU SECONDARY SCHOOL,Sub County,Mixed,
7131,37608006,2 0IN2A0Y KAC MPEIX SEEDC OSNECDOANRDY ASRCYH OSOCHL OCHOOLICES LIST,Sub County,Mixed,
7132,37608007,LUNZA SECONDARY SCHOOL,Sub County,Mixed,
7133,37608008,MANYALA SECONDARY SCHOOL,Sub County,Mixed,
7134,37608009,ST. PAUL'S SHIKUNGA SECONDARY SCHOOL,Sub County,Mixed,
7135,37608010,ST MARK'S BULANDA MIXED SECONDARY,Sub County,Mixed,
7136,37608011,SHIRAHA SECONDARY SCHOOL,Sub County,Mixed,
7137,37608012,SHINAMWENYULI SECONDARY SCHOOL,Sub County,Mixed,
7138,37608013,IBOKOLO MIXED SECONDARY SCHOOL,Sub County,Mixed,
7139,37608014,ST. STEPHEN'S SHIATSALA SECONDARY SCHOOL,Sub County,Mixed,
7140,37608015,ESHITARI SECONDARY SCHOOL,Sub County,Mixed,
7141,37608016,BUCHENYA GIRLS SECONDARY SCHOOL,Sub County,Girls,
7142,37608017,IMANGA SECONDARY SCHOOL,Sub County,Mixed,
7143,37608018,MAHONDO SECONDARY SCHOOL,Sub County,Mixed,
7144,37608019,SHIBANGA MIXED SECONDARY SCHOOL,Sub County,Mixed,
7145,37608020,SHITSITSWI SECONDARY SCHOOL,Sub County,Mixed,
7146,37608021,THE NATIVITY OF OUR LADY-MUTOMA GIRLS',Sub County,Girls,
7147,37608022,MABOLE BOYS SECONDARY SCHOOL,Sub County,Boys,
7148,37608023,ST.FRANCIS ESHIREMBE SECONDARY SCHOOL,Sub County,Mixed,
7149,37608024,ST MICHAEL MULUWA SECONDARY SCHOOL,Sub County,Mixed,
7150,37608025,ST PETER'S MUYUNDI GIRLS SECONDARY SCHOOL,Sub County,Girls,
7151,37608026,ST BENEDICT MUKOYE GIRLS SECONDARY SCHOOL,Sub County,Girls,
7152,37608027,SHIBEMBE MIXED SECONDARY SCHOOL,Sub County,Mixed,
7153,37608028,ESHIKOMERE GIRLS SECONDARY SCHOOL,Sub County,Girls,
7154,37608029,ITUTI SECONDARY SCHOOL,Sub County,Mixed,
7155,37608030,MASABA MIXED SECONDARY SCHOOL,Sub County,Mixed,
7156,37608031,ST CECILIA LUFUMBO GIRLS SECONDARY SCHOOL,Sub County,Girls,
7157,37608032,BULULWE MIXED SECONDARY SCHOOL,Sub County,Mixed,
7158,37614101,LUGUSI SECONDARY SCHOOL,Sub County,Mixed,
7159,37614104,2 0T2A0N DKCEP SEE SCEOCNODNADRAYR SYC SHCOHOOLOL CHOICES LIST,Sub County,Mixed,
7160,37614201,IKOLI SECONDARY SCHOOL,Sub County,Mixed,
7161,37614202,KIMANGETI SECONDARY SCHOOL,Sub County,Mixed,
7162,37614203,LWANDA K SECONDARY SCHOOL,Sub County,Mixed,
7163,37614205,CHIMORONI SECONDARY SCHOOL,Sub County,Mixed,
7164,37614206,KUVASALI SECONDARY SCHOOL,Sub County,Mixed,
7165,37614207,FRIENDS SCHOOL MANG'ULIRO SECONDARY,Sub County,Mixed,
7166,37614208,ST TERESA ISANJIRO GIRLS SECONDARY,Sub County,Girls,
7167,37614210,TUMBENI SECONDARY SCHOOL,Sub County,Mixed,
7168,37614302,CHEGULO SECONDARY SCHOOL,Sub County,Mixed,
7169,37614303,LWANDETI SECONDARY SCHOOL,Sub County,Mixed,
7170,37614304,FRIENDS SECONDARY SCHOOL MATETE,Sub County,Mixed,
7171,37614305,MATSAKHA SECONDARY SCHOOL,Sub County,Mixed,
7172,37614306,NAMAGARA SECONDARY SCHOOL,Sub County,Mixed,
7173,37614307,NAMUSHIYA SECONDARY SCHOOL,Sub County,Mixed,
7174,37614308,SHIANDICHE SECONDARY SCHOOL,Sub County,Mixed,
7175,37614309,SHIVANGA SECONDARY SCHOOL,Sub County,Mixed,
7176,37614311,TOMBO SECONDARY SCHOOL,Sub County,Mixed,
7177,37614312,NAMANJA SECONDARY SCHOOL,Sub County,Mixed,
7178,37614313,FRIENDS SECONDARY SCHOOL VASHELE,Sub County,Mixed,
7179,37614315,THE SALVATION ARMY MATIOLI SECONDARY SCHOOL,Sub County,Mixed,
7180,37614401,FRIENDS SCHOOL LUKALA,Sub County,Mixed,
7181,37614402,MAVUSI SECONDARY SCHOOL,Sub County,Mixed,
7182,37614403,MUGAI SECONDARY SCHOOL,Sub County,Mixed,
7183,37614404,SAMITSI SECONDARY SCHOOL,Sub County,Mixed,
7184,37614405,FRIENDS SECONDARY SCHOOL- SHIRUGU,Sub County,Mixed,
7185,37614406,FRIENDS SECONDARY SCHOOL MUTSUMA,Sub County,Mixed,
7186,37614407,MARY GORET KALENDA GIRLS SECONDARY SCHOOL,Sub County,Girls,
7187,37614408,2 0S2A0W KACWPAE SSEECCOONNDDAARRYY SSCCHHOOOOLL CHOICES LIST,Sub County,Mixed,
7188,37614502,MAHIRA SECONDARY SCHOOL,Sub County,Mixed,
7189,37614505,SHAMONI SECONDARY SCHOOL,Sub County,Mixed,
7190,37614506,MUKHONJE 'K' MIXED SECONDARY SCHOOL,Sub County,Mixed,
7191,37614507,ST.GERALD MAYUGE SECONDARY SCHOOL,Sub County,Mixed,
7192,37614601,BUKHAKUNGA SECONDARY SCHOOL,Sub County,Mixed,
7193,37614602,LUKUME SECONDARY SCHOOL,Sub County,Mixed,
7194,37614603,BULUPI SECONDARY SCHOOL,Sub County,Mixed,
7195,37614604,ST MONICA NAMATALA GIRLS SECONDARY SCHOOL,Sub County,Girls,
7196,37614605,MANDA SECONDARY SCHOOL,Sub County,Mixed,
7197,37615002,SHIVAGALA SECONDARY SCHOOL,Sub County,Mixed,
7198,37615005,BUSHIANGALA SECONDARY SCHOOL,Sub County,Mixed,
7199,37615007,FRIENDS SCHOOL LUSIOLA,Sub County,Mixed,
7200,37615008,ST MICHAELS SHAMUSINJIRI SECONDARY SCHOOL,Sub County,Mixed,
7201,37615010,SHIVEYE SECONDARY SCHOOL,Sub County,Mixed,
7202,37615012,FRIENDS SCHOOL LIRHEMBE,Sub County,Mixed,
7203,37615014,IMBALE SECONDARY SCHOOL,Sub County,Mixed,
7204,37615015,MUSALI SECONDARY SCHOOL,Sub County,Mixed,
7205,37615016,ST. BONVENTURE SHIMANYIRO SECONDARY SCHOOL,Sub County,Mixed,
7206,37615017,IMALABA SECONDARY SCHOOL,Sub County,Mixed,
7207,37615018,OUR LADY OF ASSUMPTION SHITOLI SEC SCHOOL,Sub County,Mixed,
7208,37615019,SHIDUHA SECONDARY SCHOOL,Sub County,Mixed,
7209,37615020,ST. JOSEPH SHICHINJI SECONDARY SCHOOL,Sub County,Mixed,
7210,37615021,ST JAMES SHISESIA SECONDARY SCHOOL,Sub County,Mixed,
7211,37615022,FRIENDS SECONDARY SCHOOL LUSUI,Sub County,Mixed,
7212,37615023,FR. JOSEPH ORTNER GIRLS' SECONDARY SCHOOL,Sub County,Girls,
7213,37615024,MALINYA GIRLS SECONDARY SCHOOL,Sub County,Girls,
7214,37615025,ST. THOMAS SHIKUMU SECONDARY SCHOOL,Sub County,Mixed,
7215,37615026,2 0IV2O0N KDCAP EP .SAE.CGO SNEDCAORNYD SACRHYO SOCLH COHOOLICES LIST,Sub County,Mixed,
7216,37615028,BURENDWA SECONDARY SCHOOL,Sub County,Mixed,
7217,37615029,C.O.G EA(K)-IREMELE SECONDARY SCHOOL,Sub County,Mixed,
7218,37615030,OUR LADY QUEEN OF PEACE SHIKONDI GIRLS,Sub County,Girls,
7219,37615031,FRIENDS SCHOOL MUTAHO GIRLS' SECONDARY,Sub County,Girls,
7220,37615032,ST. FRANCIS SABANE SECONDARY SCHOOL,Sub County,Mixed,
7221,37616003,LUGALA SECONDARY SCHOOL,Sub County,Mixed,
7222,37616004,LWANDA SECONDARY SCHOOL,Sub County,Mixed,
7223,37616005,MUKHONJE SECONDARY SCHOOL,Sub County,Mixed,
7224,37616008,MUSENO SECONDARY SCHOOL,Sub County,Mixed,
7225,37616009,SHABWALI SECONDARY SCHOOL,Sub County,Mixed,
7226,37616010,SHAGUNGU SECONDARY SCHOOL,Sub County,Mixed,
7227,37616012,ST.JOSEPH MALIMILI SECONDARY SCHOOL,Sub County,Mixed,
7228,37616013,ST.JOSEPH'S MUKULUSU SECONDARY SCHOOL,Sub County,Mixed,
7229,37616015,ST. GERALD'S SHANJERO SECONDARY SCHOOL,Sub County,Mixed,
7230,37616016,ST.FRANCIS XAVIER SHIPALO SECONDARY SCHOOL,Sub County,Mixed,
7231,37616017,SHIDODO SECONDARY SCHOOL,Sub County,Mixed,
7232,37616018,BUKHAYWA SECONDARY SCHOOL,Sub County,Mixed,
7233,37616019,ILEHO FRIENDS SECONDARY SCHOOL,Sub County,Mixed,
7234,37616022,ST.MONICA LUBAO SECONDARY SCHOOL,Sub County,Mixed,
7235,37616023,P.A.G MAGALE SECONDARY SCHOOL,Sub County,Mixed,
7236,37616024,LUNYU SECONDARY SCHOOL,Sub County,Mixed,
7237,37616025,HANDIDI SECONDARY SCHOOL,Sub County,Mixed,
7238,37616026,FRIENDS SCHOOL MUGOMARI SECONDARY SCHOOL,Sub County,Mixed,
7239,37616027,SOLYO SECONDARY SCHOOL,Sub County,Mixed,
7240,37616028,FRIENDS SECONDARY SCHOOL SHITOCHI,Sub County,Mixed,
7241,37616029,FRIENDS SECONDARY SCHOOL LUGANGO,Sub County,Mixed,
7242,37616030,FRIENDS LUKUSI SECONDARY SCHOOL,Sub County,Mixed,
7243,37616031,2 0S2T0.J KOCSPEEP SHE'SC OINNGDOALROYM SOCSHIOOOL CHOICES LIST,Sub County,Mixed,
7244,37616032,ST.ANNE'S IKUYWA SECONDARY SCHOOL,Sub County,Mixed,
7245,37616033,FRIENDS SCHOOL SHILALYO,Sub County,Mixed,
7246,37616034,FRIENDS SCHOOL LIRHANDA MIXED SECONDARY,Sub County,Mixed,
7247,37616035,SHAMILOLI SECONDARY SCHOOL,Sub County,Mixed,
7248,37616036,FRIENDS SECONDARY SCHOOL - LIKHOVERO,Sub County,Mixed,
7249,37616037,SALVATION ARMY KWIRENYI,Sub County,Mixed,
7250,37616038,FRIENDS SECONDARY SCHOOL SHISWA,Sub County,Mixed,
7251,37616039,BISHOP SULUMETI MUKOMARI SECONDARY SCHOOL,Sub County,Mixed,
7252,37616040,IVAKALE S.A SECONDARY SCHOOL,Sub County,Mixed,
7253,37616041,MUSINGU DAY MIXED SECONDARY SCHOOL,Sub County,Mixed,
7254,37616042,SHIHUMBU GIRLS SECONDARY SCHOOL,Sub County,Girls,
7255,37616043,ST.PETER'S ITENYI SECONDARY SCHOOL,Sub County,Mixed,
7256,37616045,HOLY CROSS INJIRA SECONDARY SCHOOL,Sub County,Mixed,
7257,37616046,ST.GABRIEL MUNDULU SECONDARY SCHOOL,Sub County,Mixed,
7258,37616047,FRIENDS BULOVI SECONDARY SCHOOL,Sub County,Mixed,
7259,37616048,FRIENDS SCHOOL MURANDA MIXED SECONDARY SCHOOL,Sub County,Mixed,
7260,37616049,ST.THERESA ISECHENO SECONDARY SCHOOL,Sub County,Mixed,
7261,37616050,ST. ANNES' MUNASIO GIRLS SECONDARY SCHOOL,Sub County,Girls,
7262,37616051,VIKUTSA MIXED SECONDARY SCHOOL,Sub County,Mixed,
7263,37616052,SHIKUSA BOYS SECONDARY SCHOOL,Sub County,Boys,
7264,37617207,ST. ELIZABETH LUREKO GIRLS SECONDARY SCHOOL,Sub County,Girls,
7265,37617212,ST. ROMANO'S MATAWA SECONDARY SCHOOL,Sub County,Mixed,
7266,37617216,ST STEPHEN'S EBUBAKA SECONDARY SCHOOL,Sub County,Mixed,
7267,37617218,ST CHRISTOPHER ENYAPORA SECONDARY SCHOOL,Sub County,Mixed,
7268,37617222,SHIBALE A.C.K SECONDARY SCHOOL,Sub County,Mixed,
7269,37617223,ICHINGA MUSLIM SECONDARY SCHOOL,Sub County,Mixed,
7270,37617402,BUCHIFI MIXED SECONDARY SCHOOL,Sub County,Mixed,
7271,37617404,2 0S2T0. VKICNPCEE SNETC SOENCDOANRDYA SRCYH SOCOHLO COHLO -I CBEUST LEINSTDE,Sub County,Mixed,
7272,37617406,MUSANDA SECONDARY SCHOOL,Sub County,Mixed,
7273,37617407,ST. BEDA'S BUKAYA SECONDARY SCHOOL,Sub County,Mixed,
7274,37617408,ST.PAUL'S AHONG'NJO SECONDARY SCHOOL,Sub County,Mixed,
7275,37617409,EMUKHUWA GIRLS SECONDARY SCHOOL,Sub County,Girls,
7276,37617410,IHONJE SECONDARY SCHOOL,Sub County,Mixed,
7277,37617411,ST. MICHAELS INGUSI SECONDARY SCHOOL,Sub County,Mixed,
7278,37617412,ST. JOHN'S BUMALA SECONDARY SCHOOL,Sub County,Mixed,
7279,37617413,ST JOSEPH LUKONGO SECONDARY SCHOOL,Sub County,Mixed,
7280,37617414,A .C .K ESHIHAKA SECONDARY SCHOOL,Sub County,Mixed,
7281,37617415,ST.JOSEPH UGANA SECONDARY SCHOOL,Sub County,Mixed,
7282,37617416,ST. ELIAS IYABO SECONDARY SCHOOL,Sub County,Mixed,
7283,37624004,FRIENDS SECONDARY SCHOOL-MATURU,Sub County,Mixed,
7284,37624005,ST. MUKASA SECONDARY SCHOOL - CHIMOI,Sub County,Mixed,
7285,37624006,MUHOMO SECONDARY SCHOOL,Sub County,Mixed,
7286,37624007,MAHANGA 'K' SECONDARY SCHOOL,Sub County,Mixed,
7287,37624008,HOLY FAMILY MARUKUSI SECONDARY SCHOOL,Sub County,Mixed,
7288,37624009,NZOIA D.E.B SECONDARY SCHOOL,Sub County,Mixed,
7289,37624010,FRIENDS SECONDARY SCHOOL CHENJENI,Sub County,Mixed,
7290,37624013,LWANDETI D.E.B SECONDARY SCHOOL,Sub County,Mixed,
7291,37624014,NAMBILIMA SA SECONDARY SCHOOL,Sub County,Mixed,
7292,37624015,KULUMBENI SECONDARY SCHOOL,Sub County,Mixed,
7293,37624017,FRIENDS VUYIKA SECONDARY SCHOOL,Sub County,Mixed,
7294,37624018,MAYOYO S.A. GIRLS SECONDARY SCHOOL,Sub County,Mixed,
7295,37624020,FRIENDS MABUYE SECONDARY SCHOOL,Sub County,Mixed,
7296,37625101,EKAMBULI SECONDARY SCHOOL,Sub County,Mixed,
7297,37625103,ESHINUTSA SECONDARY SCHOOL,Sub County,Mixed,
7298,37625104,KHWISERO SECONDARY SCHOOL,Sub County,Mixed,
7299,37625105,2 0L2W0A KNCDPAE DSUECDOI SNEDCAORNYD SACRHYO SOCLH COHOOLICES LIST,Sub County,Mixed,
7300,37625107,NAMASOLI SECONDARY SCHOOL,Sub County,Mixed,
7301,37625108,ESHIBINGA SECONDARY SCHOOL,Sub County,Mixed,
7302,37625110,ST DENNIS MUNJITI SECONDARY SCHOOL,Sub County,Mixed,
7303,37625111,SHIONGO SECONDARY SCHOOL,Sub County,Mixed,
7304,37625113,EKATSOMBERO SECONDARY SCHOOL,Sub County,Mixed,
7305,37625114,EMWIRU MIXED DAY SECONDARY SCHOOL,Sub County,Mixed,
7306,37625115,MUNDAHA SECONDARY SCHOOL,Sub County,Mixed,
7307,37625116,ST STEPHEN MULWANDA SECONDARY SCHOOL,Sub County,Mixed,
7308,37625117,ST MATHEWS IKOMERO SECONDARY SCHOOL,Sub County,Mixed,
7309,37625118,MWIHILA GIRLS HIGH SCHOOL,Sub County,Girls,
7310,37625119,SHIRALI SECONDARY SCHOOL,Sub County,Mixed,
7311,37625120,ST. JOSEPH'S SHIROTSA SECONDARY SCHOOL,Sub County,Mixed,
7312,37625121,EMWANIRO SECONDARY SCHOOL,Sub County,Mixed,
7313,37625124,ST. PAUL'S MUSHINAAKA MIXED SECONDARY SCHOOL,Sub County,Mixed,
7314,37625125,EMUTSASA GIRLS SECONDARY SCHOOL,Sub County,Girls,
7315,37625126,ST. ANNES DUDI GIRLS SECONDARY SCHOOL,Sub County,Girls,
7316,37627101,BUSOMBI MUSLIM MIXED,Sub County,Mixed,
7317,37627102,EJINJA MIXED DAY SECONDARY SCHOOL,Sub County,Mixed,
7318,37627104,MAKUNDA MUSLIM SECONDARY SCHOOL,Sub County,Mixed,
7319,37627105,MUNAMI SECONDARY SCHOOL,Sub County,Mixed,
7320,37627107,ST. CHARLES KHALABA SECONDARY SCHOOL,Sub County,Mixed,
7321,37627108,ST. GABRIEL'S MIRERE SECONDARY SCHOOL,Sub County,Mixed,
7322,37627110,ST. JOSEPH'S INDANGALASIA SECONDARY SCHOOL,Sub County,Mixed,
7323,37627111,ST. LUKE'S KHABUKOSHE MIXED SECONDARY SCHOOL,Sub County,Mixed,
7324,37627113,ST. MAURICE MWIRA SECONDARY SCHOOL,Sub County,Mixed,
7325,37627114,ST. PETER'S LUBANGA MIXED SECONDARY SCHOOL,Sub County,Mixed,
7326,37627115,NAMULUNGU MIXED DAY AND BOARDING,Sub County,Mixed,
7327,37627117,2 0S2T0. CKHCAPRE LSEESC'O LNUDNAGR'AYN SYCIRHOO OSEL CCOHNODICAERSY L SISCTHOOL,Sub County,Mixed,
7328,37627118,ST. JOHN'S MUKHWEYA SECONDARY SCHOOL,Sub County,Mixed,
7329,37627119,ST. MICHAEL'S ESHIRUMBWE SECONDARY SCHOOL,Sub County,Mixed,
7330,37627121,SDA MATUNGU SECONDARY SCHOOL,Sub County,Mixed,
7331,37627122,ESHIKHONDI MIXED SECONDARY SCHOOL,Sub County,Mixed,
7332,37627123,NGAIRWE SECONDARY SCHOOL,Sub County,Mixed,
7333,37627124,ST.MARYS NAMALASIRE SECONDARY SCHOOL,Sub County,Mixed,
7334,37627125,ESHIBANZE MUSLIM SECONDARY SCHOOL,Sub County,Mixed,
7335,37627126,ST. CECILIA MAKOKHWE SECONDARY SCHOOL,Sub County,Mixed,
7336,37627127,ACK ST JOSEPHS NAMBEREKEYA SEC SCHOOL,Sub County,Mixed,
7337,37627128,A.C.K ST. MARY'S EBUSAMBE SECONDARY SCHOOL,Sub County,Mixed,
7338,37627129,ST. MARK'S IMAKALE SECONDARY SCHOOL,Sub County,Mixed,
7339,37627130,ST.STEPHEN MUNGAKHA SECONDARY SCHOOL,Sub County,Mixed,
7340,37627131,EMANANI MUSLIM SECONDARY SCHOOL,Sub County,Mixed,
7341,37627132,ACK KOYONZO GIRLS SECONDARY SCHOOL,Sub County,Girls,
7342,37627133,ST EMMANUEL LUTASIO SECONDARY SCHOOL,Sub County,Mixed,
7343,37627134,ST.FRANCIS SHIYABO SECONDARY SCHOOL,Sub County,Mixed,
7344,37627135,NAMULUNGU MUSLIM SECONDARY SCHOOL,Sub County,Mixed,
7345,37627136,ST.MARY'S NAMASANDA SECONDARY SCHOOL,Sub County,Mixed,
7346,37627137,A.C.K. ST.PAUL'S MUNGORE MIXED SECONDARY SCHOOL,Sub County,Mixed,
7347,37627139,ST. JOSEPHS BULONGA SECONDARY SCHOOL,Sub County,Mixed,
7348,37627140,ST JAMES NAMAMBA GIRLS,Sub County,Girls,
7349,37631001,ST JOSEPHS KOGO SEC SCHOOL,Sub County,Mixed,
7350,37631003,ST. JUDE SEREGEYA SECONDARY SCHOOL,Sub County,Mixed,
7351,37631205,ST. PETER'S MOI'S BRIDGE SECONDARY SCHOOL,Sub County,Mixed,
7352,37631212,ST. STEPHEN'S SECONDARY SCHOOL LWANDA,Sub County,Mixed,
7353,37631304,IVUGWI SECONDARY SCHOOL,Sub County,Mixed,
7354,37631305,ST. MICHAEL KILIMANI SECONDARY SCHOOL,Sub County,Mixed,
7355,37631306,2 0S2T0. EKLCIPZEA BSEECTHO NLIDKAURYYA NSCI GHIOROLSL CSHEOCOICNEDS ALRISYT SCHOOL,Sub County,Girls,
7356,37631307,ST. JOSEPH'S LUMINO SECONDARY SCHOOL,Sub County,Mixed,
7357,37631308,HOLY CROSS SANGO GIRLS SECONDARY SCHOOL,Sub County,Girls,
7358,37631309,ALIGULA SECONDARY SCHOOL,Sub County,Mixed,
7359,37631310,MARY LUSWETI SECONDARY SCHOOL,Sub County,Mixed,
7360,37631311,ST. VERONICA MIREMBE GIRLS SECONDARY,Sub County,Girls,
7361,37631402,ST. AUGUSTINE'S SOYSAMBU SECONDARY SCHOOL,Sub County,Mixed,
7362,37631403,"FRIENDS SECONDARY SCHOOL, KONGONI",Sub County,Mixed,
7363,37631404,ST.BENEDICT LUGULU SECONDARY SCHOOL,Sub County,Mixed,
7364,37631405,MAPERA SECONDARY SCHOOL,Sub County,Mixed,
7365,37631406,NASIANDA SECONDARY SCHOOL,Sub County,Mixed,
7366,37631407,ST. FRANCIS KISIGAME SECONDARY SCHOOL,Sub County,Mixed,
7367,37631408,ST.TERESA SECONDARY SCHOOL,Sub County,Mixed,
7368,37631503,ST HENRY'S SAISI WABUGE MEMORIAL SECONDARY SCHOOL,Sub County,Mixed,
7369,37631504,MATUNDA S. A SECONDARY SCHOOL,Sub County,Mixed,
7370,37631507,FRIENDS SECONDARY SCHOOL BINYENYA,Sub County,Mixed,
7371,37631510,FRIENDS SECONDARY SCHOOL MBURURU,Sub County,Mixed,
7372,37631513,FRIENDS SECONDARY SCHOOL MATISI,Sub County,Mixed,
7373,37631514,ST. JOSEPH'S NYOROTIS SECONDARY SCHOOL,Sub County,Mixed,
7374,37631515,ST. JOHN'S SECONDARY SCHOOL MTONI,Sub County,Mixed,
7375,37631516,ST. HENRY'S SAISI WABUGE GIRLS SECONDARY SCHOOL,Sub County,Girls,
7376,37631517,MWIBA S.A SECONDARY SCHOOL,Sub County,Mixed,
7377,37631518,ST.PETERS MOI'S BRIDGE GIRLS SECONDARY SCHOOL,Sub County,Girls,
7378,37631519,ESHIKULU GIRLS SECONDARY SCHOOL,Sub County,Girls,
7379,37632102,FRIENDS MIXED SECONDARY SCHOOL MUSAGA,Sub County,Mixed,
7380,37632104,NAVAKHOLO SECONDARY SCHOOL,Sub County,Mixed,
7381,37632105,SIRIGOI SECONDARY SCHOOL,Sub County,Mixed,
7382,37632106,SIVILIE SECONDARY SCHOOL,Sub County,Mixed,
7383,37632107,2 0S2T0. CKACRPEO LSIE LCWOANNDGAAR YL USTCAHSOOO SL ECCHOONICDEASR LYIS STCHOOL,Sub County,Mixed,
7384,37632108,ST. THOMAS AQUINAS BUCHANGU SECONDARY SCHOOL,Sub County,Mixed,
7385,37632109,FRIENDS SECONDARY SCHOOL-SIMULI,Sub County,Mixed,
7386,37632201,BUHAYI MUSLIM SECONDARY SCHOOL,Sub County,Mixed,
7387,37632202,MUNGAKHA FRIENDS' SECONDARY SCHOOL,Sub County,Mixed,
7388,37632203,NAMUNDERA MIXED SECONDARY SCHOOL,Sub County,Mixed,
7389,37632204,SIDIKHO SECONDARY SCHOOL,Sub County,Mixed,
7390,37632205,SISOKHE SECONDARY SCHOOL,Sub County,Mixed,
7391,37632206,ST. JOHN'S BUDONGA SECONDARY SCHOOL,Sub County,Mixed,
7392,37632208,ST. PAUL'S MIXED SECONDARY SCHOOL LWAKHUPA,Sub County,Mixed,
7393,37632209,NANG'ANDA SECONDARY SCHOOL,Sub County,Mixed,
7394,37632210,ST. RAPHAEL'S BURANGASI SECONDARY,Sub County,Mixed,
7395,37632211,NAMBACHA MIXED SECONDARY,Sub County,Mixed,
7396,37632301,BUSHILI SECONDARY SCHOOL,Sub County,Mixed,
7397,37632302,EMATIHA SECONDARY SCHOOL,Sub County,Mixed,
7398,37632303,ESUMEYIA SECONDARY SCHOOL,Sub County,Mixed,
7399,37632305,SHIKOMARI SECONDARY SCHOOL,Sub County,Mixed,
7400,37632306,SHINOYI SECONDARY SCHOOL,Sub County,Mixed,
7401,37632307,ST PAUL'S EMULAKHA SECONDARY SCHOOL,Sub County,Mixed,
7402,37632308,ST MARY'S EBUTENJE GIRLS SECONDARY SCHOOL,Sub County,Girls,
7403,37632310,ST. TERESA'S EBUMAMU SECONDARY SCHOOL,Sub County,Mixed,
7404,37634301,A.C.K ST.PETER'S KHABAKAYA SECONDARY SCHOOL,Sub County,Mixed,
7405,37634302,EBUBOLE SECONDARY SCHOOL,Sub County,Mixed,
7406,37634303,ELUCHE SECONDARY SCHOOL,Sub County,Mixed,
7407,37634304,EPANJA SECONDARY SCHOOL,Sub County,Mixed,
7408,37634305,ISONGO SECONDARY SCHOOL,Sub County,Mixed,
7409,37634306,KAMASHIA SECONDARY SCHOOL,Sub County,Mixed,
7410,37634308,MAHOLA MIXED SECONDARY SCHOOL,Sub County,Mixed,
7411,37634309,2 0M2A0K KUCNPGEA S SECEOCNONDDAARRY YS CSHCOHOOLO CLHOICES LIST,Sub County,Mixed,
7412,37634310,MUSANGO SECONDARY SCHOOL,Sub County,Mixed,
7413,37634311,ST.LUKES SHANDEREMA A.C.K MIXED SECONDARY SCHOOL,Sub County,Mixed,
7414,37634312,SHITOTO GIRLS' SECONDARY SCHOOL,Sub County,Girls,
7415,37634313,ST ANNES INDANGALASIA SECONDARY SCHOOL,Sub County,Mixed,
7416,37634314,ST JOHN 'S KHAIMBA SECONDARY SCHOOL,Sub County,Mixed,
7417,37634315,ST.JOSEPH'S SHIBINGA 'W' MIXED DAY SEC. SCHOOL,Sub County,Mixed,
7418,37634317,ST. MATHEW'S MUNG'ANG'A SECONDARY SCHOOL,Sub County,Mixed,
7419,37634318,ST. MICHAEL'S - EMAKHWALE SECONDARY,Sub County,Mixed,
7420,37634319,ST.PATRICK'S EBUBERE MIXED SECONDARY SCHOOL,Sub County,Mixed,
7421,37634320,ST. PAUL'S EBUSIA SECONDARY SCHOOL.,Sub County,Mixed,
7422,37634322,ST.PETER'S KHAUNGA SECONDARY SCHOOL,Sub County,Mixed,
7423,37634323,ST PHILIP'S EBWALIRO SECONDARY SCHOOL,Sub County,Mixed,
7424,37634324,ST.STEPHEN A.C.K ESHIAKHULO SECONDARY SCHOOL,Sub County,Mixed,
7425,37634325,ST.STEPHEN'S MARABA MIXED DAY SECONDARY SCHOOL,Sub County,Mixed,
7426,37634326,ST. TERESAS BUMINI SECONDARY SCHOOL,Sub County,Mixed,
7427,37634327,ST.TERESA ESHISENYE GIRLS SECONDARY SCHOOL,Sub County,Girls,
7428,38604103,CHANGO SECONDARY SCHOOL,Sub County,Mixed,
7429,38604104,CHAVAVO SECONDARY SCHOOL,Sub County,Mixed,
7430,38604105,IDELERI SECONDARY SCHOOL,Sub County,Mixed,
7431,38604110,KERONGO SECONDARY SCHOOL,Sub County,Mixed,
7432,38604111,MAGUI SECONDARY SCHOOL,Sub County,Mixed,
7433,38604112,VIGINA SECONDARY SCHOOL,Sub County,Mixed,
7434,38604113,C.E.C.A INYANZA SECONDARY SCHOOL,Sub County,Mixed,
7435,38604114,GILWATSI SECONDARY SHOOL,Sub County,Mixed,
7436,38604115,MASANA SECONDARY SCHOOL,Sub County,Mixed,
7437,38604116,CHAMBITI SECONDARY SCHOOL,Sub County,Mixed,
7438,38604117,KIDINYE FRIENDS SECONDARY,Sub County,Mixed,
7439,38604118,2 0F2R0IE KNCDPSE SSCECHOONODL AGRAYV ASCLHAGOIOL CHOICES LIST,Sub County,Mixed,
7440,38604119,FRIENDS SCHOOL WOMULALU,Sub County,Mixed,
7441,38604121,KISIENYA S.A. SECONDARY SCHOOL,Sub County,Mixed,
7442,38604122,MKOMBOZI CHANZU INGIDI FRIENDS SECONDARY,Sub County,Mixed,
7443,38604123,CHANDOLO SALVATION ARMY SECONDARY SCHOOL,Sub County,Mixed,
7444,38604125,MATSIGULU FRIENDS SECONDARY SCHOOL,Sub County,Mixed,
7445,38604126,KITUMBA P. A.G MIXED DAY SECONDARY SCHOOL,Sub County,Mixed,
7446,38604127,IDAVAGA MUSLIM SECONDARY SCHOOL,Sub County,Mixed,
7447,38604128,KIDUNDU SECONDARY SCHOOL,Sub County,Mixed,
7448,38604129,FRIENDS SCHOOL EMANDA SECONDARY SCHOOL,Sub County,Mixed,
7449,38604130,FRIENDS SCHOOL IKUMBA SECONDARY,Sub County,Mixed,
7450,38618104,EBUSILOLI SECONDARY SCHOOL,Sub County,Mixed,
7451,38618110,EBUKHAYA SECONDARY SCHOOL,Sub County,Mixed,
7452,38618112,MWITUHA SECONDARY SCHOOL,Sub County,Mixed,
7453,38618114,EMATSULI SECONDARY SCHOOL,Sub County,Mixed,
7454,38618117,EMMUKUNZI SECONDARY SCHOOL,Sub County,Mixed,
7455,38618203,EBUYALU SECONDARY SCHOOL,Sub County,Mixed,
7456,38618206,ES'SABA SECONDARY SCHOOL,Sub County,Mixed,
7457,38618208,EMANYINYA SECONDARY SCHOOL,Sub County,Mixed,
7458,38618210,EBUKANGA SECONDARY SCHOOL,Sub County,Mixed,
7459,38618211,ESIBILA SECONDARY SCHOOL,Sub County,Mixed,
7460,38618216,ST. PETER'S ITUMBU SECONDARY SCHOOL,Sub County,Mixed,
7461,38618218,EBUKOOLO SECONDARY SCHOOL,Sub County,Mixed,
7462,38618220,MUNGOYE SECONDARY SCHOOL,Sub County,Mixed,
7463,38618222,ESSUNZA SECONDARY SCHOOL,Sub County,Mixed,
7464,38619105,DR MAURICE DANG'ANA SECONDARY SCHOOL,Sub County,Mixed,
7465,38619106,STANLEY GODIA SECONDARY SCHOOL-GIVOGI,Sub County,Mixed,
7466,38619107,GIVOLE SECONDARY SCHOOL,Sub County,Mixed,
7467,38619108,2 0K2A0P SKCOPTEIK S SECEOCONNDDAARRYY S CSHCOHOOOL LCHOICES LIST,Sub County,Mixed,
7468,38619110,MUSEYWA SECONDARY SCHOOL,Sub County,Mixed,
7469,38619111,GISAMBAI SECONDARY SCHOOL,Sub County,Mixed,
7470,38619112,GAVUDUNYI SECONDARY SCHOOL,Sub County,Mixed,
7471,38619113,IVOLA SECONDARY SCHOOL,Sub County,Mixed,
7472,38619114,GIMENGWA SECONDARY SCHOOL,Sub County,Mixed,
7473,38619115,KAPCHEMUGUNG SECONDARY SCHOOL,Sub County,Mixed,
7474,38619116,GAMALENGA SECONDARY SCHOOL,Sub County,Mixed,
7475,38619117,GIMARIANI MIXED SECONDARY SCHOOL,Sub County,Mixed,
7476,38619118,MUHAYA SECONDARY SCHOOL,Sub County,Mixed,
7477,38619119,F S GEORGE KHANIRI JEPKOYAI SECONDARY SCHOOL,Sub County,Mixed,
7478,38619120,SIMBI SECONDARY SCHOOL,Sub County,Mixed,
7479,38619121,LWOMBEI SECONDARY SCHOOL,Sub County,Mixed,
7480,38619122,FRIENDS GAMOI SECONDARY SCHOOL,Sub County,Mixed,
7481,38619123,FRIENDS MUSIRI SECONDARY,Sub County,Mixed,
7482,38619124,KITAGWA MIXED SECONDARY SCHOOL,Sub County,Mixed,
7483,38619125,ST. VERONICA KIMARAN GIRLS SECONDARY,Sub County,Girls,
7484,38619126,KINU FRIENDS SECONDARY SCHOOL,Sub County,Mixed,
7485,38619127,ST. STEPHEN'S SECONDARY SCHOOL- CHEPSAGA,Sub County,Mixed,
7486,38619128,MALINDA SECONDARY SCHOOL,Sub County,Mixed,
7487,38619129,DR. GIMOSE SECONDARY SCHOOL - JEVIRIRI,Sub County,Mixed,
7488,38619130,FRIENDS SECONDARY SCHOOL GIDAGADI,Sub County,Mixed,
7489,38619205,MUHUDU SECONDARY SCH00L,Sub County,Mixed,
7490,38619206,KAPTIK SECONDARY SCHOOL,Sub County,Mixed,
7491,38619208,MAKUCHI SECONDARY SCHOOL,Sub County,Mixed,
7492,38619209,ISHIRU SECONDARY SCHOOL,Sub County,Mixed,
7493,38619210,FRIENDS SECONDARY SCHOOL SHAMAKHOKHO,Sub County,Mixed,
7494,38619211,GEORGE KHANIRI SECONDARY SCHOOL - KAPTISI,Sub County,Mixed,
7495,38619213,2 0C2H0E KPCTPEEC HSE SCEOCNODNADRAYR SYC SHCOHOOLO CLHOICES LIST,Sub County,Mixed,
7496,38619214,CHEBUNAYWA S A SECONDARY SCHOOL,Sub County,Mixed,
7497,38619215,BUMIRA SECONDARY SCHOOL,Sub County,Mixed,
7498,38619216,ST. PETER'S ERUSUI MIXED SECONDARY SCHOOL,Sub County,Mixed,
7499,38619217,SAMSON M'MAITSI SECONDARY SCHOOL MUNGAVO,Sub County,Mixed,
7500,38619218,FRIENDS KISASI SECONDARY SCHOOL,Sub County,Mixed,
7501,38619219,FRIENDS SECONDARY SCHOOL - BUMUYANGE,Sub County,Mixed,
7502,38619220,PAG KAMULUGUYWA SECONDARY SCHOOL,Sub County,Mixed,
7503,38619221,FRIENDS SECONDARY SCHOOL - MUYERE,Sub County,Mixed,
7504,38622103,BUGINA SECONDARY SCHOOL,Sub County,Mixed,
7505,38622106,JEMOVO SECONDARY SCHOOL,Sub County,Mixed,
7506,38622108,KIVAGALA SECONDARY SCHOOL,Sub County,Mixed,
7507,38622109,LUSENGELI SECONDARY SCHOOL,Sub County,Mixed,
7508,38622110,FRIENDS SCHOOL WANGULU SECONDARY SCHOOL,Sub County,Mixed,
7509,38622111,KAPSAMBO SECONDARY SCHOOL,Sub County,Mixed,
7510,38622112,KISANGULA SECONDARY SCHOOL,Sub County,Mixed,
7511,38622114,ST. MARK ORTHODOX SCHOOL - CHAVOGERE,Sub County,Mixed,
7512,38622115,GAIGEDI SECONDARY SCHOOL,Sub County,Mixed,
7513,38622116,FRIENDS SCHOOL MULUNDU SECONDARY,Sub County,Mixed,
7514,38622117,DIGULA SECONDARY SCHOOL,Sub County,Mixed,
7515,38622118,NABWANI P.A.G SECONDARY SCHOOL,Sub County,Mixed,
7516,38622119,BUDAYWA FRIENDS SECONDARY SCHOOL,Sub County,Mixed,
7517,38622204,BUKULUNYA SECONDARY SCHOOL,Sub County,Mixed,
7518,38622205,FRIENDS SCHOOL CHANDUMBA,Sub County,Mixed,
7519,38622206,DEMESI SECONDARY SCHOOL,Sub County,Mixed,
7520,38622208,VIYALO SECONDARY SCHOOL,Sub County,Mixed,
7521,38622209,MUKINGI SECONDARY SCHOOL,Sub County,Mixed,
7522,38622210,ST. PAUL'S MUSALIA HIGH SCHOOL,Sub County,Mixed,
7523,38622212,2 0T2S0IM KBCAPLEO S SECEOCNONDDAARRY YS CSHCOHOOLO CLHOICES LIST,Sub County,Mixed,
7524,38622213,FRIENDS TECHNICAL SECONDARY SCHOOL-MUNOYWA,Sub County,Mixed,
7525,38622214,IVONA SECONDARY SCHOOL,Sub County,Mixed,
7526,38622216,A.C.K HOMBALA SECONDARY SCHOOL,Sub County,Mixed,
7527,38622217,BO YUSUF SECONDARY SCHOOL,Sub County,Mixed,
7528,38622218,EL'LONGO P.A.G. SECONDARY SCHOOL,Sub County,Mixed,
7529,38622219,EVOJO PAG SECONDARY SCHOOL,Sub County,Mixed,
7530,38622220,FRIENDS SCHOOL KEGONDI SECONDARY,Sub County,Mixed,
7531,38633203,EBWALI SECONDARY SCHOOL,Sub County,Mixed,
7532,38633206,ESSONG'OLO SECONDARY SCHOOL,Sub County,Mixed,
7533,38633207,EBULONGA SECONDARY SCHOOL,Sub County,Mixed,
7534,38633208,EMMATSI SECONDARY SCHOOL,Sub County,Mixed,
7535,38633209,HOBUNAKA GIRLS SECONDARY SCHOOL,Sub County,Girls,
7536,38633211,EKWANDA SECONDARY SCHOOL,Sub County,Mixed,
7537,38633212,EBUSYUBI SECONDARY SCHOOL,Sub County,Mixed,
7538,38633213,MUMBOHA SECONDARY SCHOOL,Sub County,Mixed,
7539,38633214,ESIBEYE SECONDARY SCHOOL,Sub County,Mixed,
7540,38633215,ESIANDUMBA SECONDARY SCHOOL,Sub County,Mixed,
7541,38633216,KHWILIBA SECONDARY SCHOOL,Sub County,Mixed,
7542,38633217,EBWIRANYI SECONDARY SCHOOL,Sub County,Mixed,
7543,38633218,EKAMANJI SECONDARY SCHOOL,Sub County,Mixed,
7544,38633219,EBUSSAMBA SECONDARY SCHOOL,Sub County,Mixed,
7545,38633222,MULWAKHI SECONDARY SCHOOL,Sub County,Mixed,
7546,38633223,KAYILA MIXED SECONDARY SCHOOL,Sub County,Mixed,
7547,39701001,KASAGAM SECONDARY SCHOOL,Sub County,Mixed,
7548,39701002,OBWOLO MIXED SECONDARY SCHOOL,Sub County,Mixed,
7549,39701004,NYAMASARIA SECONDARY SCHOOL,Sub County,Mixed,
7550,39701005,OKOK MIXED SECONDARY SCHOOL,Sub County,Mixed,
7551,39701006,2 0S2T0.A KLCLPOEY SSE MCAOYNEDNAYRAY S SECCHOONODLA CRHYO SICCEHSO LOISLT,Sub County,Mixed,
7552,39701008,ST ALBERT ANGIRA SECONDARY SCHOOL,Sub County,Mixed,
7553,39701009,NYALUNYA MIXED SECONDARY SCHOOL,Sub County,Mixed,
7554,39701010,ST. PETER'S KINDU SECONDARY SCHOOL,Sub County,Mixed,
7555,39701011,ORONGO MIXED SECONDARY SCHOOL,Sub County,Mixed,
7556,39701014,G.P. OWITI CHIGA MIXED SECONDARY SCHOOL,Sub County,Mixed,
7557,39701015,GOT NYABONDO SECONDARY SCHOOL,Sub County,Mixed,
7558,39701018,ST. DOMINIC BUKNA SECONDARY SCHOOL,Sub County,Mixed,
7559,39701019,RENJA MIXED SECONDARY SCHOOL,Sub County,Mixed,
7560,39701038,KIBOS SECONDARY SCHOOL,Sub County,Mixed,
7561,39713003,ST. CHRISTOPHER AYWEYO R. C. MIXED SECONDARY SCHOO,Sub County,Mixed,
7562,39713004,BUNDE MIXED SECONDARY SCHOOL,Sub County,Mixed,
7563,39713005,ST. CAMULUS OGWEDHI MIXED SEC SCHOOL,Sub County,Mixed,
7564,39713010,ST.ALEX AYUCHA SECONDARY SCHOOL,Sub County,Mixed,
7565,39713011,OREN MIXED SECONDARY SCHOOL,Sub County,Mixed,
7566,39713012,ST. PETER'S KONIM MIXED SECONDARY SCHOOL,Sub County,Mixed,
7567,39713013,OKANJA MIXED SECONDARY SCHOOL,Sub County,Mixed,
7568,39713014,PALA MIXED SECONDARY SCHOOL,Sub County,Mixed,
7569,39713015,ST.MICHAELS WANG'ANG'A SECONDARY SCHOOL,Sub County,Mixed,
7570,39713016,AWASI P.A.G. GIRLS' SECONDARY SCHOOL,Sub County,Girls,
7571,39713017,APONDO MIXED DAY SECONDARY SCHOOL,Sub County,Mixed,
7572,39713018,KOWUOR SECONDARY SCHOOL,Sub County,Mixed,
7573,39713019,KARANDA MIXED SECONDARY SCHOOL,Sub County,Mixed,
7574,39713020,DISI SECONDARY SCHOOL,Sub County,Mixed,
7575,39713025,NDURU MIXED SECONDARY SCHOOL,Sub County,Mixed,
7576,39713026,LELA SECONDARY SCHOOL,Sub County,Mixed,
7577,39713027,ALENDU SECONDARY SCHOOL,Sub County,Mixed,
7578,39713028,AROMBO MIXED SECONDARY SCHOOL,Sub County,Mixed,
7579,39713030,2 0N2Y0A KKCAPKEA NSEAC MOINXEDDA RSYE CSCOHNODOARL YC HSOCIHCOESO LLIST,Sub County,Mixed,
7580,39713031,ONG'ECHE MIXED SECONDARY SCHOOL,Sub County,Mixed,
7581,39713032,KOBURA GIRLS' SECONDARY SCHOOL,Sub County,Girls,
7582,39713033,KANYAGWAL MIXED SECONDARY SCHOOL,Sub County,Mixed,
7583,39713034,ODIENYA MIXED DAY SECONDARY SCHOOL,Sub County,Mixed,
7584,39713036,KOLAL MIXED SECONDARY SCHOOL,Sub County,Mixed,
7585,39713037,RANJIRA MIXED SECONDARY SCHOOL,Sub County,Mixed,
7586,39713038,KANDARIA MIXED SECONDARY SCHOOL,Sub County,Mixed,
7587,39713039,ST TERESA'S WAWIDHI GIRLS SECONDARY SCHOOL,Sub County,Girls,
7588,39713040,NYALENDA GIRLS SECONDARY SCHOOL,Sub County,Girls,
7589,39713042,RERU A.I.C SECONDARY SCHOOL,Sub County,Mixed,
7590,39713043,OMBAKA MIXED SECONDARY SCHOOL,Sub County,Mixed,
7591,39713044,ONJIKO KOBONGO MIXED SECONDARY SCHOOL,Sub County,Mixed,
7592,39713045,KANYANG'ORO MIXED SECONDARY SCHOOL,Sub County,Mixed,
7593,39713046,ST.CHARLES LWANGA NYAMKEBE SECONDARY SCHOOL,Sub County,Mixed,
7594,39714103,ALWALA MIXED SECONDARY SCHOOL,Sub County,Mixed,
7595,39714104,BONDE MIXED SECONDARY SCHOOL,Sub County,Mixed,
7596,39714105,ALUNGO MIXED SECONDARY SCHOOL,Sub County,Mixed,
7597,39714107,DIEMO MIXED SECONDARY SCHOOL,Sub County,Mixed,
7598,39714108,RAPOGI SECONDARY SCHOOL,Sub County,Mixed,
7599,39714109,MAYIEKA MIXED SECONDARY SCHOOL,Sub County,Mixed,
7600,39714110,KADERO SUNRISE SECONDARY,Sub County,Mixed,
7601,39714112,OMUYA MIXED SECONDARY SCHOOL,Sub County,Mixed,
7602,39714114,ST. JOHNS NGUTU SECONDARY SCHOOL,Sub County,Mixed,
7603,39714115,BISHOP ABIERO ORUGA MIXED SECONDARY SCHOOL,Sub County,Mixed,
7604,39714116,NYAWANGA SECONDARY SCHOOL,Sub County,Mixed,
7605,39714117,NYAMGUN MIXED SECONDARY SCHOOL,Sub County,Mixed,
7606,39714118,ADUONG MONGE SECONDARY SCHOOL,Sub County,Mixed,
7607,39714119,2 0S2T0 P KACUPLE'S S BEACROKNODRAWRYA SSCEHCOOONLD CAHROY ISCCESH OLIOSTL,Sub County,Mixed,
7608,39714120,BISHOP OKOTH MIRANGA SECONDARY SCHOOL,Sub County,Mixed,
7609,39714121,ORANDO MIXED SECONDARY SCHOOL,Sub County,Mixed,
7610,39714122,MARIWA MIXED SECONDARY SCHOOL,Sub County,Mixed,
7611,39714123,RATTA MIXED SECONDARY SCHOOL,Sub County,Mixed,
7612,39714124,KITMIKAYI MIXED SECONDARY SCHOOL,Sub County,Mixed,
7613,39714125,ST.PETER'S KAJULU SECONDARY SCHOOL,Sub County,Mixed,
7614,39714127,ASOL MIXED SECONDARY SCHOOL,Sub County,Mixed,
7615,39714128,PROF ANYANG' NYONG'O SECONDARY SCHOOL,Sub County,Mixed,
7616,39714129,MANYWANDA SECONDARY SCHOOL,Sub County,Mixed,
7617,39714130,NDURU KADERO GIRLS SECONDARY SCHOOL,Sub County,Girls,
7618,39714131,KORWENJE SECONDARY SCHOOL,Sub County,Mixed,
7619,39714133,ENGINEER OWITI ABOL GIRLS' SECONDARY SCHOOL,Sub County,Girls,
7620,39714134,NYATIGO MIXED SECONDARY SCHOOL,Sub County,Mixed,
7621,39714135,RANEN GIRLS SECONDARY SCHOOL,Sub County,Girls,
7622,39733101,CHERWA MIXED SECONDARY SCHOOL,Sub County,Mixed,
7623,39733102,KANDARIA MIXED SECONDARY SCHOOL,Sub County,Mixed,
7624,39733103,LISANA SECONDARY SCHOOL,Sub County,Mixed,
7625,39733104,MAGUNGA SECONDARY SCHOOL,Sub County,Mixed,
7626,39733105,MORO MIXED SECONDARY SCHOOL,Sub County,Mixed,
7627,39733106,NYABOLA MIXED SECONDARY SCHOOL,Sub County,Mixed,
7628,39733109,RAGEN A.I.C. MIXED SECONDARY SCHOOL,Sub County,Mixed,
7629,39733110,ST ALOYS GEM SECONDARY SCHOOL,Sub County,Mixed,
7630,39733111,ST. CHARLES LWANGA NDORI SECONDARY SCOOL,Sub County,Mixed,
7631,39733113,URUDI MIXED SECONDARY SCHOOL,Sub County,Mixed,
7632,39733115,OREMO MIXED SECONDARY SCHOOL,Sub County,Mixed,
7633,39733116,OLWALO MIXED SECONDARY SCHOOL,Sub County,Mixed,
7634,39733117,ST.LAWRENCE KOGOLA SECONDARY SCHOOL,Sub County,Mixed,
7635,39733118,2 0P2A0W KTCEPNEG SEE SCOECNODNADRAYR SYC HSOCHOOL OCLHOICES LIST,Sub County,Mixed,
7636,39733201,AGAI MIXED SECONDARY SCHOOL,Sub County,Mixed,
7637,39733202,BISHOP N.K.NGALA SECONDARY SCHOOL-OBUORA,Sub County,Mixed,
7638,39733203,BISHOP OKUMU SECONDARY SCHOOL,Sub County,Mixed,
7639,39733204,BODI MIXED SECONDARY SCHOOL,Sub County,Mixed,
7640,39733205,DIRUBI SECONDARY SCHOOL,Sub County,Mixed,
7641,39733206,GUU MIXED TECHNICAL SECONDARY SCHOOL,Sub County,Mixed,
7642,39733207,HOLO MIXED SECONDARY SCHOOL,Sub County,Mixed,
7643,39733208,KABONDO MIXED SECONDARY SCHOOL,Sub County,Mixed,
7644,39733209,MIRIU MIXED SECONDARY SCHOOL,Sub County,Mixed,
7645,39733210,NAKI SECONDARY SCHOOL,Sub County,Mixed,
7646,39733211,NDORI BC. MIXED SECONDARY SCHOOL,Sub County,Mixed,
7647,39733214,RAKWARO MIXED SECONDARY SCHOOL,Sub County,Mixed,
7648,39733215,SIANY MIXED SECONDARY SCHOOL,Sub County,Mixed,
7649,39733217,ST. ANTONY'S SECONDARY SCHOOL - KAJIMBO,Sub County,Mixed,
7650,39733218,ST. HILARIUS NYABONDO MIXED SECONDARY SCHOOL,Sub County,Mixed,
7651,39733219,ST MARY'S NYAMARIMBA GIRLS SECONDARY SCHOOL,Sub County,Girls,
7652,39733220,ST. CORNELIUS RAMULA ODOWA SECONDARY SCHOOL,Sub County,Mixed,
7653,39733221,LWANDA HIGH SCHOOL,Sub County,Mixed,
7654,39733222,WILLIAM BOOTH-BAR KAWARINDA MIXED DAY SECONDARY SC,Sub County,Mixed,
7655,39733223,APOKO MIXED SECONDARY SCHOOL,Sub County,Mixed,
7656,39733301,ABWAO MIXED SECONDARY SCHOOL,Sub County,Mixed,
7657,39733302,ANDING'O OPANGA SECONDARY SCHOOL,Sub County,Mixed,
7658,39733303,MBUGRA MIXED SECONDARY SCHOOL,Sub County,Mixed,
7659,39733304,NYONG'ONG'A SECONDARY SCHOOL,Sub County,Mixed,
7660,39733305,SANG'ORO SECONDARY SCHOOL,Sub County,Mixed,
7661,39733306,SANGO BURU MIXED SECONDARY SCHOOL,Sub County,Mixed,
7662,39733309,MBORA SECONDARY SCHOOL,Sub County,Mixed,
7663,39733310,2 0N2Y0A KDCINPAE MSEIXCEODN SDEACROY NSDCHAROYO SL CCHHOOOICLES LIST,Sub County,Mixed,
7664,39733311,ST. PATRICK'S OBANGE SECONDARY SCHOOL,Sub County,Mixed,
7665,39733312,APONDO KASAYE SECONDARY SCHOOL,Sub County,Mixed,
7666,39734301,NGERE KAGORO SECONDARY SCHOOL,Sub County,Mixed,
7667,39734302,NYAKOKO MIXED DAY SECONDARY SCHOOL,Sub County,Mixed,
7668,39734303,OMBEYI SECONDARY SCHOOL,Sub County,Mixed,
7669,39734304,ST.BENEDICT'S NYANGOMA,Sub County,Mixed,
7670,39734305,ST.BONIFACE MAGARE SECONDARY SCHOOL,Sub County,Mixed,
7671,39734306,MASARA MIXED SECONDARY SCHOOL,Sub County,Mixed,
7672,39734307,PROF. AYIECHO OBUMBA,Sub County,Mixed,
7673,39734308,NGENY MIXED SECONDARY SCHOOL,Sub County,Mixed,
7674,39734309,OLIK OLIERO MIXED SECONDARY SCHOOL,Sub County,Mixed,
7675,39734310,AYIECHO NYATAO MIXED SECONDARY SCHOOL,Sub County,Mixed,
7676,39734311,OMANYI MIXED SECONDARY SCHOOL,Sub County,Mixed,
7677,39734314,ST. RITA RAMULA GIRLS SECONDARY SCHOOL,Sub County,Girls,
7678,39734315,PADRE PIO MASOGO GIRLS SECONDARY SCHOOL,Sub County,Girls,
7679,39734317,ST. CORNELIUS NYANGOTO SECONDARY SCHOOL,Sub County,Mixed,
7680,39734318,SUGAR RESEARCH MIXED SECONDARY,Sub County,Mixed,
7681,39734404,SONGHOR SECONDARY SCHOOL,Sub County,Mixed,
7682,39734406,ST. AUGUSTINE'S KANDEGE SECONDARY SCHOOL,Sub County,Mixed,
7683,39734407,ST. PATRICKS' ODUWO SECONDARY SCHOOL,Sub County,Mixed,
7684,39734409,MARIWA SECONDARY SCHOOL,Sub County,Mixed,
7685,39734410,MUTWALA GIRLS' SECONDARY SCHOOL,Sub County,Girls,
7686,39734411,GOD ABUORO SECONDARY SCHOOL,Sub County,Mixed,
7687,39734412,OGINGA ODINGA TAMU SECONDARY SCHOOL,Sub County,Mixed,
7688,39734413,KIBIGORI MIXED SECONDARY SCHOOL,Sub County,Mixed,
7689,39734414,OUR LADY OF PEACE MUHORONI SECONDARY SCHOOL,Sub County,Mixed,
7690,39734415,MWAI ABIERO OGEN SECONDARY SCHOOL,Sub County,Mixed,
7691,39734417,2 0N2Y0A KNCDPOE MSEIXCEODN SDEACROYN SDCAHROYO SLC CHHOOOICLES LIST,Sub County,Mixed,
7692,39734419,ARCHBISHOP OKOTH SECONDARY SCHOOL - OCHORIA,Sub County,Mixed,
7693,39734420,ST. JOHN'S LWALA MIXED SECONDARY SCHOOL,Sub County,Mixed,
7694,39737001,OGADA MIXED SECONDARY SCHOOL,Sub County,Mixed,
7695,39737003,TIENG'RE MIXED SECONDARY SCHOOL,Sub County,Mixed,
7696,39737004,BAR UNION SECONDARY SCHOOL,Sub County,Mixed,
7697,39737005,DAGO-KOKORE SECONDARY SCHOOL,Sub County,Mixed,
7698,39737006,ONGALO MIXED SECONDARY SCHOOL,Sub County,Mixed,
7699,39737007,DAGO THIM SECONDARY SCHOOL,Sub County,Mixed,
7700,39737008,OBEDE SECONDARY SCHOOL,Sub County,Mixed,
7701,39737009,OBAMBO SECONDARY SCHOOL,Sub County,Mixed,
7702,39737010,WACHARA MIXED SECONDARY SCHOOL,Sub County,Mixed,
7703,39737011,KIREMBE SECONDARY SCHOOL,Sub County,Mixed,
7704,39737012,OSIRI MIXED SECONDARY SCHOOL,Sub County,Mixed,
7705,39737014,KANYAMEDHA MIXED SECONDARY SCHOOL,Sub County,Mixed,
7706,39737017,KISIAN SECONDARY SCHOOL,Sub County,Mixed,
7707,39737018,USARE SECONDARY SCHOOL,Sub County,Mixed,
7708,39737019,SUNGA SECONDARY SCHOOL,Sub County,Mixed,
7709,39737020,ST.GABRIEL BAR ANDING'O MIXED SECONDARY SCHOOL,Sub County,Mixed,
7710,39737021,KUOYO MIXED SECONDARY SCHOOL,Sub County,Mixed,
7711,39737023,ELUHOBE MIXED DAY SECONDARY SCHOOL,Sub County,Mixed,
7712,39737024,MBAKA OROMO SECONDARY SCHOOL,Sub County,Mixed,
7713,39737026,ULALO SECONDARY SCHOOL,Sub County,Mixed,
7714,39737027,KAWINO MIXED SECONDARY SCHOOL,Sub County,Mixed,
7715,39737028,SIANDA MIXED SECONDARY SCHOOL,Sub County,Mixed,
7716,39737031,ST. MARY'S GORETTY OLUOWA SECONDARY SCHOOL,Sub County,Mixed,
7717,39737032,GOMBE KOKULO SECONDARY SCHOOL,Sub County,Mixed,
7718,39737033,LWALA KADAWA MIXED SECONDARY SCHOOL,Sub County,Mixed,
7719,39737035,2 0A2.I0.C K OCLPAEG SOEC AOLNUDOACRHY A SLCAHROAO GLI RCLHSO SICEECSO LNISDTARY,Sub County,Girls,
7720,39737036,SABEMBE SECONDARY SCHOOL,Sub County,Mixed,
7721,39737037,BAR KORUMBA SECONDARY SCHOOL,Sub County,Mixed,
7722,39737038,OGAL SECONDARY SCHOOL,Sub County,Mixed,
7723,39737039,NYANG'INJA SECONDARY SCHOOL,Sub County,Mixed,
7724,39741001,KEN OBURA SECONDARY SCHOOL,Sub County,Mixed,
7725,39741002,ST. JOHN CHRISOSTOM KUDHO SECONDARY SCHOOL,Sub County,Mixed,
7726,39741010,ST IGNATIUS LOYOLA SEC SCHOOL-MAGADI,Sub County,Mixed,
7727,39741011,ST. PETERS NANGA MIXED SECONDARY SCHOOL,Sub County,Mixed,
7728,39741012,LIONS HIGH SCHOOL,Sub County,Mixed,
7729,39741014,XAVERIAN SECONDARY SCHOOL,Sub County,Mixed,
7730,39741016,JOEL OMINO MIXED SECONDARY SCHOOL,Sub County,Mixed,
7731,39741017,BISHOP ABIERO SHAURIMOYO SECONDARY SCHOOL,Sub County,Mixed,
7732,40703112,NYAURA DEB SECONDARY SCHOOL,Sub County,Mixed,
7733,40703114,BOBARACHO MIXED SECONDARY SCHOOL,Sub County,Mixed,
7734,40703115,KIAMABUNDU SECONDARY SCHOOL,Sub County,Mixed,
7735,40703302,ST. VINCENT DE PAUL NYANKO SECONDARY SCHOOL,Sub County,Mixed,
7736,40703303,NYAGUTA SECONDARY SCHOOL,Sub County,Mixed,
7737,40703305,MATUNWA SDA SECONDARY SCHOOL,Sub County,Mixed,
7738,40703306,AMARIBA SECONDARY SCHOOL,Sub County,Mixed,
7739,40703308,NYOSIA MIXED SECONDARY SCHOOL,Sub County,Mixed,
7740,40703310,NYANGURU C.O.G SECONDARY SCHOOL,Sub County,Girls,
7741,40703312,MASONGO MIXED SECONDARY SCHOOL,Sub County,Mixed,
7742,40703313,BORONYI MIXED SECONDARY SCHOOL,Sub County,Mixed,
7743,40703314,NYAMEMISO MIXED SECONDARY SCHOOL,Sub County,Mixed,
7744,40703315,RIABAMANYI MIXED SECONDARY SCHOOL,Sub County,Mixed,
7745,40703317,NYATARO C.O.G MIXED SECONDARY SCHOOL,Sub County,Mixed,
7746,40703402,GIANCHERE FRIENDS SECONDARY SCHOOL,Sub County,Mixed,
7747,40703404,2 0IR2O0 NKDCIP SEE SCEOCONDNADRAYR YS CSHCHOOOOLL CHOICES LIST,Sub County,Mixed,
7748,40703405,IBENO SECONDARY SCHOOL,Sub County,Mixed,
7749,40703407,KIRWA MIXED SECONDARY SCHOOL,Sub County,Mixed,
7750,40703408,ST. STEPHEN'S NYAMWARE SECONDARY SCHOOL,Sub County,Mixed,
7751,40703409,KEOKE FRIENDS SECONDARY SCHOOL,Sub County,Mixed,
7752,40703410,IRUNGU PAG SECONDARY SCHOOL,Sub County,Mixed,
7753,40703411,ST PETER'S KERERA MIXED SECONDARY SCHOOL,Sub County,Mixed,
7754,40703412,NYANSIRA SDA SECONDARY SCHOOL,Sub County,Mixed,
7755,40703413,BORUMA SECONDARY SCHOOL,Sub County,Mixed,
7756,40703414,BIRONGO SDA SECONDARY SCHOOL,Sub County,Mixed,
7757,40703415,OUR LADY OF VICTORY NYABIOSI `N' SECONDARY SCHOOL,Sub County,Mixed,
7758,40703416,ST. FRANCIS KABOSI SECONDARY SCHOOL,Sub County,Mixed,
7759,40703417,NYANKORORO SECONDARY SCHOOL,Sub County,Mixed,
7760,40703419,ST.ALEXANDER NYAMECHEO D.O.K SECONDARY SCHOOL,Sub County,Mixed,
7761,40703420,TARACHA S.D.A SECONDARY SCHOOL,Sub County,Mixed,
7762,40711103,SENGERA PARISH SECONDARY SCHOOL,Sub County,Girls,
7763,40711104,NYANSARA SECONDARY SCHOOL,Sub County,Mixed,
7764,40711106,BOMBABA MIXED SECONDARY SCHOOL,Sub County,Mixed,
7765,40711107,BUYONGE SECONDARY SCHOOL,Sub County,Mixed,
7766,40711109,MACHONGO SECONDARY SCHOOL,Sub County,Mixed,
7767,40711110,MATAGARO SECONDARY SCHOOL,Sub County,Mixed,
7768,40711112,GAKERO SDA SECONDARY SCHOOL,Sub County,Mixed,
7769,40711113,GETUKI MIXED SECONDARY SCHOOL,Sub County,Mixed,
7770,40711114,KEBERE SDA SECONDARY SCHOOL,Sub County,Mixed,
7771,40711115,KINENI PEFA SECONDARY SCHOOL,Sub County,Mixed,
7772,40711116,MAROBA MIXED SECONDARY SCHOOL,Sub County,Mixed,
7773,40711117,NYAGENKE D.E.B SECONDARY SCHOOL,Sub County,Mixed,
7774,40711118,NYATARO MIXED SECONDARY SCHOOL,Sub County,Mixed,
7775,40711119,2 N0Y20A BKUCRPEU MSEBCAOSNI SDEACROYN SDCAHROYO SL CCHHOOOICLES LIST,Sub County,Mixed,
7776,40711120,ST. JOSEPH'S NYANSAKIA SECONDARY SCHOOL,Sub County,Mixed,
7777,40711122,ITARE MIXED SECONDARY SCHOOL,Sub County,Mixed,
7778,40711125,ST.CAMILLUS NYAMORONGA D.O.K,Sub County,Mixed,
7779,40716106,MATONGO MIXED SECONDARY SCHOOL,Sub County,Mixed,
7780,40716111,BONYAORO GIRLS' SECONDARY SCHOOL,Sub County,Girls,
7781,40716113,ST. TERESAS BOGIAKUMU SECONDARY SCHOOL,Sub County,Mixed,
7782,40716114,NYABIMWA SECONDARY SCHOOL,Sub County,Mixed,
7783,40716116,BITARE S.D.A MIXED SECONDARY SCHOOL,Sub County,Mixed,
7784,40716120,MOSANDO SDA SECONDARY SCHOOL,Sub County,Mixed,
7785,40716121,BOGITAA MIXED ELCK SECONDARY SCHOOL,Sub County,Mixed,
7786,40716123,RIAMONTING'A MIXED SECONDARY SCHOOL,Sub County,Mixed,
7787,40716124,GENGA D.O.K SECONDARY SCHOOL,Sub County,Mixed,
7788,40716125,ST. LAWRENCE NYABIEYO SECONDARY SCHOOL,Sub County,Mixed,
7789,40716126,ST RAPHAEL NYANGENA SECONDARY SCHOOL,Sub County,Mixed,
7790,40716127,MWATA ELCK SECONDARY SCHOOL,Sub County,Mixed,
7791,40716128,SUGUNANA D.E.B SECONDARY SCHOOL,Sub County,Mixed,
7792,40716129,EKERORE D.E.B SECONDARY SCHOOL,Sub County,Mixed,
7793,40716130,ST. ANDREWS MOGUMO SECONDARY SCHOOL,Sub County,Mixed,
7794,40716132,NYAMERAKO EKERUBO MIXED SECONDARY SCHOOL,Sub County,Mixed,
7795,40716134,ST.FRANCIS NYASAGATI SECONDARY SCHOOL,Sub County,Mixed,
7796,40716135,NYOTOIMA SUGUTA DEB SECONDARY SCHOOL,Sub County,Mixed,
7797,40719105,NYAMONARIA MIXED SECONDARY SCHOOL,Sub County,Mixed,
7798,40719106,GOTI CHAKI SECONDARY SCHOOL,Sub County,Mixed,
7799,40719108,ST MARYS NYABIGENA GIRLS SECONDARY SCHOOL,Sub County,Girls,
7800,40719201,NYAKORERE PAG SECONDARY SCHOOL,Sub County,Mixed,
7801,40719202,NYAKEMBENE SECONDARY SCHOOL,Sub County,Mixed,
7802,40719203,OMOBIRI SECONDARY SCHOOL,Sub County,Mixed,
7803,40719204,2 0M2A0R KOCNPGEO S EPCAOGN SDEACROYN SDCAHROYO SLC CHHOOOICLES LIST,Sub County,Mixed,
7804,40719205,IBRAHIM OCHOI SECONDARY SCHOOL,Sub County,Mixed,
7805,40719206,GIASOBERA S.D.A HIGH SCHOOL,Sub County,Mixed,
7806,40719302,NYAMUE SECONDARY SCHOOL,Sub County,Mixed,
7807,40719303,RAMOYA HILL SECONDARY SCHOOL,Sub County,Mixed,
7808,40719304,ST JOSEPH'S KIORORI SECONDARY SCHOOL,Sub County,Mixed,
7809,40719305,NYACHENGE ELCK SECONDARY SCHOOL,Sub County,Mixed,
7810,40719306,TABAKA TOWNSHIP SECONDARY SCHOOL,Sub County,Mixed,
7811,40719307,AMAIKO SDA SECONDARY SCHOOL,Sub County,Mixed,
7812,40719308,NYANGO D.O.K SECONDARY SCHOOL,Sub County,Mixed,
7813,40719309,NYAGICHENCHE SECONDARY SCHOOL,Sub County,Mixed,
7814,40723102,NYAKEIRI SECONDARY SCHOOL,Sub County,Boys,
7815,40723103,NYASORE SECONDARY SCHOOL,Sub County,Mixed,
7816,40723104,NYAGESENDA SECONDARY SCHOOL,Sub County,Mixed,
7817,40723105,SENSI MIXED SECONDARY SCHOOL,Sub County,Mixed,
7818,40723106,RIOMA SECONDARY SCHOOL,Sub County,Mixed,
7819,40723107,ERAMBA MIXED SECONDARY SCHOOL,Sub County,Mixed,
7820,40723108,GETURI MIXED SECONDARY SCHOOL,Sub County,Mixed,
7821,40723109,KIARENI ELCK SECONDARY SCHOOL,Sub County,Mixed,
7822,40723110,ENGOTO PAG SECONDARY SCHOOL,Sub County,Mixed,
7823,40723112,NYABWOROBA SECONDARY SCHOOL,Sub County,Mixed,
7824,40723113,NYAGONYI ELCK SECONDARY SCHOOL,Sub County,Mixed,
7825,40723114,NYAKOME FRIENDS SECONDARY SCHOOL,Sub County,Mixed,
7826,40723115,MASAKWE PAG SECONDARY SCHOOL,Sub County,Mixed,
7827,40723116,NYAGOTO SECONDARY SCHOOL,Sub County,Mixed,
7828,40723202,KENYORO SECONDARY SCHOOL,Sub County,Mixed,
7829,40723204,ST. JOHN'S METEMBE SECONDARY SCHOOL,Sub County,Mixed,
7830,40723205,GAMBA SDA MIXED SECONDARY SCHOOL,Sub County,Mixed,
7831,40723206,2 0E2N0T AKCNPDEA SSEECCOONNDDAARRYY S SCCHHOOOOL LCHOICES LIST,Sub County,Mixed,
7832,40723207,ST. PAUL'S NYANKANDA SECONDARY SCHOOL,Sub County,Mixed,
7833,40723208,NYAKOORA SECONDARY SCHOOL,Sub County,Mixed,
7834,40723209,TAMBACHA COG SECONDARY SCHOOL,Sub County,Mixed,
7835,40723210,ST. JORAM ASANYO SECONDARY SCHOOL,Sub County,Mixed,
7836,40723211,NYAKEYO COG SECONDARY SCHOOL,Sub County,Mixed,
7837,40723212,MOSOCHO PAG MIXED SECONDARY SCHOOL,Sub County,Mixed,
7838,40723213,NYANSAKIA PAG SECONDARY SCHOOL,Sub County,Mixed,
7839,40723214,MESARIA SECONDARY SCHOOL,Sub County,Mixed,
7840,40723216,MANYANSI DOK MIXED SECONDARY SCHOOL,Sub County,Mixed,
7841,40723217,ST.MARY'S NGENYI GIRLS SECONDARY SCHOOL,Sub County,Girls,
7842,40727102,MOKOMONI SECONDARY SCHOOL,Sub County,Mixed,
7843,40727103,KENYENYA MIXED SECONDARY SCHOOL,Sub County,Mixed,
7844,40727106,KERONGORORI MIXED SECONDARY SCHOOL,Sub County,Mixed,
7845,40727108,NYAKORERE MIXED SDA SECONDARY SCHOOL,Sub County,Mixed,
7846,40727109,EBEREGE SECONDARY SCHOOL,Sub County,Mixed,
7847,40727110,SENGERA S.D.A MIXED SECONDARY SCHOOL,Sub County,Mixed,
7848,40727111,ENDERETI MIXED SECONDARY SCHOOL,Sub County,Mixed,
7849,40727112,MAIGA SECONDARY SCHOOL,Sub County,Mixed,
7850,40727113,RIYABU E.L.C.K SECONDARY SCHOOL,Sub County,Mixed,
7851,40727114,NYABINYINYI SECONDARY SCHOOL,Sub County,Mixed,
7852,40727115,RANDANI C.O.G MIXED SECONDARY SCHOOL,Sub County,Mixed,
7853,40727116,MOTEIRIBE SECONDARY SCHOOL,Sub County,Mixed,
7854,40727117,ST. FRANCIS METEMBE SECONDARY SCHOOL,Sub County,Mixed,
7855,40727119,KEBABE S.D.A SECONDARY SCHOOL,Sub County,Mixed,
7856,40727120,NYAIBATE C.O.G SECONDARY SCHOOL,Sub County,Mixed,
7857,40727121,KENYORO PAG MIXED SECONDARY SCHOOL,Sub County,Mixed,
7858,40727123,ST PETERS KEBERESI SECONDARY SCHOOL,Sub County,Mixed,
7859,40727125,2 0N2Y0A KNCGPEET SI EDC.EO.BN DMAIXREYD S SCEHCOOONLD CAHROYI CSECSH LOISOTL,Sub County,Mixed,
7860,40727126,MOBIRONA P.A.G MIXED SECONDARY SCHOOL,Sub County,Mixed,
7861,40727128,IBENCHO SECONDARY SCHOOL,Sub County,Mixed,
7862,40727129,MESABAKWA SECONDARY SCHOOL,Sub County,Mixed,
7863,40727130,GEKONGO DEB SECONDARY SCHOOL,Sub County,Mixed,
7864,40727131,NYAMIOBO MIXED SECONDARY SCHOOL,Sub County,Mixed,
7865,40727133,ST AUGUSTINE MAGENCHE SECONDARY SCHOOL,Sub County,Mixed,
7866,40727134,ST JOSEPH'S ETONO MIXED SECONDARY SCHOOL,Sub County,Mixed,
7867,40727135,MOCHORWA SDA SECONDARY SCHOOL,Sub County,Mixed,
7868,40727201,IGORERA SECONDARY SCHOOL,Sub County,Mixed,
7869,40727203,EMESA A.I.C SECONDARY SCHOOL,Sub County,Mixed,
7870,40727205,ST JOHN'S ICHUNI SECONDARY SCHOOL,Sub County,Mixed,
7871,40727206,RIANYANCHABERA SECONDARY SCHOOL,Sub County,Mixed,
7872,40727207,RITEMBU MIXED SECONDARY SCHOOL,Sub County,Mixed,
7873,40727208,MOSENSEMA MIXED SECONDARY SCHOOL,Sub County,Mixed,
7874,40727209,GESABAKWA S.D.A SECONDARY SCHOOL,Sub County,Mixed,
7875,40727210,IYENGA SECONDARY SCHOOL,Sub County,Mixed,
7876,40727212,MAGENGE SDA MIXED SECONDARY SCHOOL,Sub County,Mixed,
7877,40732101,BORANGI P.A.G SECONDARY SCHOOL,Sub County,Mixed,
7878,40732102,MAJI MAZURI SECONDARY SCHOOL,Sub County,Mixed,
7879,40732103,SUGUTA SECONDARY SCHOOL,Sub County,Mixed,
7880,40732104,NYOERA SECONDARY SCHOOL,Sub County,Mixed,
7881,40732106,ST JOSEPH'S NYACHENGE SECONDARY SCHOOL,Sub County,Mixed,
7882,40732107,KEGOCHI PAG SECONDARY SCHOOL,Sub County,Mixed,
7883,40732108,IKENYE SECONDARY SCHOOL,Sub County,Mixed,
7884,40732109,EMENWA SECONDARY SCHOOL,Sub County,Mixed,
7885,40732110,IGOMA MIXED SECONDARY SCHOOL,Sub County,Mixed,
7886,40732111,KIOBEGI SECONDARY SCHOOL,Sub County,Mixed,
7887,40732112,2 0N2Y0A BKICTPEE A S.ECC SOENCDOANRDYA SRCYH SOCOHLO COHLOICES LIST,Sub County,Mixed,
7888,40732113,ST CHARLES KABEO SECONDARY SCHOOL,Sub County,Mixed,
7889,40732115,ST. JAMES GIONSARIA SECONDARY SCHOOL,Sub County,Mixed,
7890,40732116,ROGONGO DEB MIXED SECONDARY SCHOOL,Sub County,Mixed,
7891,40732117,NYABITE DOK SECONDARY SCHOOL,Sub County,Mixed,
7892,40732118,MOSORA SDA SECONDARY SCHOOL,Sub County,Mixed,
7893,40732119,ST. JOHN'S OROGARE SECONDARY SCHOOL,Sub County,Mixed,
7894,40732121,ST. THOMAS TURWA SECONDARY SCHOOL,Sub County,Mixed,
7895,40732123,ITUMBE DOK SECONDARY SCHOOL,Sub County,Mixed,
7896,40732124,NYACHOGOCHOGO AIC SECONDARY SCHOOL,Sub County,Mixed,
7897,40732125,EBIGOGO SECONDARY SCHOOL,Sub County,Mixed,
7898,40732126,ST. GABRIEL RIYABO SECONDARY SCHOOL,Sub County,Mixed,
7899,40732130,NYABISIA DEB MIXED SECONDARY SCHOOL,Sub County,Mixed,
7900,40732201,NAIKURU P.A.G SECONDARY SCHOOL,Sub County,Mixed,
7901,40732202,ISENA P.A.G SECONDARY SCHOOL,Sub County,Mixed,
7902,40732203,ST PAUL'S NYACHEKI SECONDARY SCHOOL,Sub County,Mixed,
7903,40732204,MOCHENGO P.A.G SECONDARY SCHOOL,Sub County,Mixed,
7904,40732205,NYANGUSU MIXED SECONDARY SCHOOL,Sub County,Mixed,
7905,40732207,RIGENA P.A.G SECONDARY SCHOOL,Sub County,Mixed,
7906,40732208,BORANGI S.D.A SECONDARY,Sub County,Mixed,
7907,40732209,NYAMAKOROBO F.A.M SECONDARY SCHOOL,Sub County,Mixed,
7908,40732210,KIONDUSO P.A.G. SECONDARY SCHOOL,Sub County,Mixed,
7909,40732211,GETAI SDA MIXED SECONDARY SCHOOL,Sub County,Mixed,
7910,40732212,MOGONGA P.A.G SECONDARY SCHOOL,Sub County,Mixed,
7911,40732213,THE SACRED HEART OF JESUS EKEONGA SECONDARY SCHOOL,Sub County,Mixed,
7912,40732214,EBIOSI P.A.G MIXED SECONDARY SCHOOL,Sub County,Mixed,
7913,40732216,NYAMUYA ELCK SECONDARY SCHOOL,Sub County,Mixed,
7914,40732217,ST. JOSEPH'S SUGUBO SECONDARY SCHOOL,Sub County,Mixed,
7915,40732219,2 0E2N0C KHCOPREO S EPCEOFAN DSAECROY NSCDHAORYO LS CCHHOOOICLES LIST,Sub County,Mixed,
7916,40732220,NYABOTERERE MIXED SECONDARY SCHOOL,Sub County,Mixed,
7917,40732221,SIMITI SDA SECONDARY SCHOOL,Sub County,Mixed,
7918,40732222,NYABIOSI S.D.A BOYS BOARDING SECONDARY,Sub County,Boys,
7919,40732223,ST.MATHEWS CHITAGO SECONDARY SCHOOL,Sub County,Mixed,
7920,40735102,ST.CECILIA RAMASHA SECONDARY SCHOOL,Sub County,Mixed,
7921,40735103,BONG'ONTA SECONDARY SCHOOL,Sub County,Mixed,
7922,40735105,MASIMBA HIGH SCHOOL,Sub County,Mixed,
7923,40735106,NYAMESOCHO SECONDARY SCHOOL,Sub County,Mixed,
7924,40735107,SOSERA SECONDARY SCHOOL,Sub County,Mixed,
7925,40735109,ST JOSEPH MUKASA MATIBO SECONDARY SCHOOL,Sub County,Mixed,
7926,40735110,CHIBWOBI SECONDARY SCHOOL,Sub County,Mixed,
7927,40735111,ST LUKE`S EKWARE SECONDARY SCHOOL,Sub County,Mixed,
7928,40735112,GETERI SECONDARY SCHOOL,Sub County,Mixed,
7929,40735113,ST. MARK MOKOROGOINWA,Sub County,Mixed,
7930,40735114,METEMBE S.D.A SECONDARY SCHOOL,Sub County,Mixed,
7931,40735115,MESABISABI MIXED SECONDARY SCHOOL,Sub County,Mixed,
7932,40735116,MOSISA SECONDARY SCHOOL,Sub County,Mixed,
7933,40735117,RIURI MIXED SECONDARY SCHOOL,Sub County,Mixed,
7934,40735118,GEKONGE D.E.B SECONDARY SCHOOL,Sub County,Mixed,
7935,40735119,RIABIGUTU P.A.G. SECONDARY SCHOOL,Sub County,Mixed,
7936,40735120,SUGUTA COG MIXED SECONDARY SCHOOL,Sub County,Mixed,
7937,40735121,MOREREMI SDA SECONDARY SCHOOL,Sub County,Mixed,
7938,40735122,SASATI MIXED SECONDARY SCHOOL,Sub County,Mixed,
7939,40735123,IKORONGO MIXED S.D.A SECONDARY SCHOOL,Sub County,Mixed,
7940,40735124,MATIBO GIRLS DAY AND BOARDING SECONDARY SCHOOL,Sub County,Girls,
7941,40735202,ST. PETERS CHIRONGE SECONDARY SCHOOL,Sub County,Mixed,
7942,40735204,GESABAKWA SECONDARY SCHOOL,Sub County,Mixed,
7943,40735205,2 0A2M0A KBCUPKEO S SECEOCONNDDAARRYY S CSHCOHOOOL LCHOICES LIST,Sub County,Mixed,
7944,40735207,MUSA NYANDUSI - GESICHO MIXED DAY SECONDARY,Sub County,Mixed,
7945,40735208,MOGWEKO SECONDARY SCHOOL,Sub County,Mixed,
7946,40735209,KIAMOKAMA FRIENDS SECONDARY SCHOOL,Sub County,Mixed,
7947,40735210,MOREMANI P.A.G SECONDARY SCHOOL,Sub County,Mixed,
7948,40735211,AMASEGE MIXED SECONDARY SCHOOL,Sub County,Mixed,
7949,40735212,NYAMAGESA C.O.G MIXED SECONDARY SCHOOL,Sub County,Mixed,
7950,40735213,HEMA - CHITAGO SECONDARY SCHOOL,Sub County,Mixed,
7951,40735214,NYAMAGESA D.E.B SECONDARY SCHOOL,Sub County,Mixed,
7952,40735215,MASABO SECONDARY SCHOOL,Sub County,Mixed,
7953,40735216,ST. JAMES ICHUNI SECONDARY SCHOOL,Sub County,Mixed,
7954,40735217,BOGECHE DOK SECONDARY SCHOOL,Sub County,Mixed,
7955,40735218,KEGOGI D.E.B MIXED SECONDARY SCHOOL,Sub County,Mixed,
7956,40735219,NYANKONONI D.E.B SECONDARY SCHOOL,Sub County,Mixed,
7957,40735220,EMEROKA MIXED SECONDARY SCHOOL,Sub County,Mixed,
7958,40735221,GETARE GIRLS DAY&BOARDING SECONDARY SCHOOL,Sub County,Girls,
7959,40740106,NYABONGE SDA SECONDARY SCHOOL,Sub County,Mixed,
7960,40740107,GESURE SDA SECONDARY SCHOOL,Sub County,Mixed,
7961,40740108,KIONG'ONGI SECONDARY SCHOOL,Sub County,Mixed,
7962,40740109,NYAGIKI SECONDARY SCHOOL,Sub County,Mixed,
7963,40740110,ST. DOMINIC RUSINGA MIXED SECONDARY SCHOOL,Sub County,Mixed,
7964,40740111,NYAGUKU D.O.K SECONDARY SCHOOL,Sub County,Mixed,
7965,40740112,ST. PETER'S RIANYACHUBA SECONDARY SCHOOL,Sub County,Mixed,
7966,40740113,SAMETA PAG SECONDARY SCHOOL,Sub County,Mixed,
7967,40740114,RIOBARA SECONDARY SCHOOL,Sub County,Mixed,
7968,40740115,RIANCHORE MIXED SECONDARY SCHOOL,Sub County,Mixed,
7969,40740116,KENYORO MIXED D.O.K SECONDARY SCHOOL,Sub County,Mixed,
7970,40740117,NYAGANCHA MIXED SECONDARY SCHOOL,Sub County,Mixed,
7971,40740118,2 0G2E0T EKNCPGEA S MEICXOENDD SAERCYO SNCDHAOROYL S CCHHOOIOCELS LIST,Sub County,Mixed,
7972,40740119,NYAMONEMA SECONDARY SCHOOL,Sub County,Mixed,
7973,40740120,KENYERERE MIXED SECONDARY SCHOOL,Sub County,Mixed,
7974,40740121,GEKONGO DEB MIXED SECONDARY SCHOOL,Sub County,Mixed,
7975,40745105,RAGANGA SECONDARY SCHOOL,Sub County,Mixed,
7976,40745106,ST. PATRICK'S MOSOCHO SECONDARY SCHOOL,Sub County,Mixed,
7977,40745107,ST. LUKE'S KANUNDA SECONDARY SCHOOL,Sub County,Mixed,
7978,40745108,MATIEKO MIXED SECONDARY SCHOOL,Sub County,Mixed,
7979,40745109,ST. AMBROSE NYAORE SECONDARY SCHOOL,Sub County,Mixed,
7980,40745110,NYAKEOGIRO SECONDARY SCHOOL,Sub County,Mixed,
7981,40745111,NYAGISAI SECONDARY SCHOOL,Sub County,Mixed,
7982,40745112,ONG’ICHA SECONDARY SCHOOL,Sub County,Mixed,
7983,40745114,KIOGO SDA SECONDARY SCHOOL,Sub County,Mixed,
7984,40745115,ST. CATHERINE IRANDA SECONDARY SCHOOL,Sub County,Mixed,
7985,40745117,RIOTERO SDA SECONDARY SCHOOL,Sub County,Mixed,
7986,40745118,QUEEN OF APOSTLES SECONDARY SCHOOL,Sub County,Mixed,
7987,40745121,NYAMATUTA MIXED SECONDARY SCHOOL,Sub County,Mixed,
7988,40745122,KEORE SECONDARY SCHOOL,Sub County,Mixed,
7989,40745123,BOGEKA P.A.G SECONDARY SCHOOL,Sub County,Mixed,
7990,40745124,ST.LAWRENCE KIONG'ONGI SECONDARY SCHOOL,Sub County,Mixed,
7991,40745125,DARAJA MBILI MIXED SECONDARY SCHOOL,Sub County,Mixed,
7992,40745126,GETEMBE SECONDARY SCHOOL,Sub County,Mixed,
7993,40747101,NYAIMERA ELCK MIXED SECONDARY SCHOOL,Sub County,Mixed,
7994,40747102,NYATWONI SECONDARY SCHOOL,Sub County,Mixed,
7995,40747104,NYASASA SDA SECONDARY SCHOOL,Sub County,Mixed,
7996,40747105,ST. LINUS ETAGO DOK SECONDARY SCHOOL,Sub County,Girls,
7997,40747106,KIAGWARE SECONDARY SCHOOL,Sub County,Mixed,
7998,40747107,BOGICHONCHO SECONDARY SCHOOL,Sub County,Mixed,
7999,40747108,2 0N2C0H KOCRPOE SSEECCOONNDDAARRYY SSCCHHOOOOLL CHOICES LIST,Sub County,Mixed,
8000,40747109,KARUNGU SECONDARY SCHOOL,Sub County,Mixed,
8001,40747201,NDONYO SECONDARY SCHOOL,Sub County,Mixed,
8002,40747202,AYORA MIXED SECONDARY SCHOOL,Sub County,Mixed,
8003,40747203,NYAKEYO MIXED SECONDARY SCHOOL,Sub County,Mixed,
8004,40747204,MARIWA SECONDARY SCHOOL,Sub County,Mixed,
8005,40747205,RIAGUMO MIXED SECONDARY SCHOOL,Sub County,Mixed,
8006,40747206,KIENDEGE SECONDARY SCHOOL,Sub County,Mixed,
8007,40747207,ST. PETER'S NYANGWETA SECONDARY SCHOOL,Sub County,Mixed,
8008,40747208,MOTICHO GIRLS SECONDARY SCHOOL,Sub County,Girls,
8009,40747303,NYAMONDO SDA SECONDARY SCHOOL,Sub County,Mixed,
8010,40747304,NYABINE D.E.B. SECONDARY SCHOOL,Sub County,Mixed,
8011,40747305,MESOCHO SECONDARY SCHOOL,Sub County,Mixed,
8012,40747401,MAROO ESINDE SECONDARY SCHOOL,Sub County,Mixed,
8013,40747402,ST. ALPHONCE NYABINE SECONDARY SCHOOL,Sub County,Mixed,
8014,40747403,MUMA SCONDARY SCHOOL,Sub County,Mixed,
8015,40747404,ST. FABIAN MAKARA DOK MIXED SECONDARY SCHOOL,Sub County,Mixed,
8016,41704005,LALA SECONDARY SCHOOL,Sub County,Mixed,
8017,41704006,WIOBIERO SECONDARY SCHOOL,Sub County,Mixed,
8018,41704007,NYALKINYI MIXED SECONDARY SCHOOL,Sub County,Mixed,
8019,41704008,PALA MOSOGO MIXED SECONDARY SCHOOL,Sub County,Mixed,
8020,41704009,OGANDE MIXED SECONDARY SCHOOL,Sub County,Mixed,
8021,41704010,NYAKAHIA MIXED SECONDARY SCHOOL,Sub County,Mixed,
8022,41704011,ST.CAMILUS OJUNGE MIXED SECONDARY SCHOOL,Sub County,Mixed,
8023,41704012,ST. DOMINIC WIGA MIXED SECONDARY SCHOOL,Sub County,Mixed,
8024,41704014,MAGUTI MIXED SECONDARY SCHOOL,Sub County,Mixed,
8025,41704016,ST. AMBROSE GOT RABUOR MIXED SECONDARY SCHOOL,Sub County,Mixed,
8026,41704018,RUGA MIXED SECONDARY SCHOOL,Sub County,Mixed,
8027,41704019,2 0S2E0R KOC MPEIX SEEDC DOANYD SAERCYO SNCHDAOROYL SCCHHOOICOELS LIST,Sub County,Mixed,
8028,41704020,DR.MBAI MIXED SECONDARY SCHOOL,Sub County,Mixed,
8029,41704021,GOGO KATUMA MIXED SECONDARY SCHOOL,Sub County,Mixed,
8030,41704022,BISHOP OCHIEL OTARO MIXED SECONDARY SCHOOL,Sub County,Mixed,
8031,41704023,LANGOROMO MIXED SECONDARY SCHOOL,Sub County,Mixed,
8032,41704024,CHIGA MIXED SECONDARY SCHOOL,Sub County,Mixed,
8033,41704025,KUJA MIXED SECONDARY SCHOOL,Sub County,Mixed,
8034,41704026,RIWA MIXED SECONDARY SCHOOL,Sub County,Mixed,
8035,41704027,RABUOR MASAWA SECONDARY SCHOOL,Sub County,Mixed,
8036,41704028,PAP NDEGE MIXED SECONDARY SCHOOL,Sub County,Mixed,
8037,41704141,NGERE MIXED SECONDARY SCHOOL,Sub County,Mixed,
8038,41704142,ST.TERESA'S NYAUU GIRLS SECONDARY SCHOOL,Sub County,Girls,
8039,41709103,NYATOTO MIXED SECONDARY SCHOOL,Sub County,Mixed,
8040,41709104,NYADENDA SECONDARY SCHOOL,Sub County,Mixed,
8041,41709105,GINGO MIXED SECONDARY SCHOOL,Sub County,Mixed,
8042,41709106,ONYWERA BOYS SECONDARY SCHOOL,Sub County,Boys,
8043,41709108,MSARE MIXED SECONDARY SCHOOL,Sub County,Mixed,
8044,41709109,NYABERA GIRLS SECONDARY SCHOOL,Sub County,Girls,
8045,41709110,NYAKIYA MIXED SECONDARY SCHOOL,Sub County,Mixed,
8046,41709112,KIANYUMBA MIXED SECONDARY SCHOOL,Sub County,Mixed,
8047,41709113,SINDO MIXED SECONDARY SCHOOL,Sub County,Mixed,
8048,41709114,RAGWE MIXED SECONDARY SCHOOL,Sub County,Mixed,
8049,41709202,GOD BURA SECONDARY SCHOOL,Sub County,Mixed,
8050,41709204,GOD-OLOO MIXED SECONDARY SCHOOL,Sub County,Mixed,
8051,41709205,NYATAMBE SECONDARY SCHOOL,Sub County,Mixed,
8052,41709206,ST CHARLES WIGA MIXED SECONDARY SCHOOL,Sub County,Mixed,
8053,41709207,NYAGWETHE MIXED SECONDARY SCHOOL,Sub County,Mixed,
8054,41709209,ST. MARCELLIN KIGOTO SECONDARY SCHOOL,Sub County,Mixed,
8055,41709210,2 0O2B0A KNCGPAE MSEIXCEODN SDEACROYN SDCAHROYO SLC CHHOOOICLES LIST,Sub County,Mixed,
8056,41709211,MAGUNGA TOWNSHIP SECONDARY,Sub County,Mixed,
8057,41709212,NYENGA MIXED SECONDARY SCHOOL,Sub County,Mixed,
8058,41709213,SEKA MIXED SECONDARY SCHOOL,Sub County,Mixed,
8059,41709215,KIEMBE MIXED DAY SECONDARY SCHOOL,Sub County,Mixed,
8060,41709216,KISAKU MIXED SECONDARY SCHOOL,Sub County,Mixed,
8061,41709218,KISEGI MIXED SECONDARY SCHOOL,Sub County,Mixed,
8062,41709219,KIABUYA MIXED SECONDARY SCHOOL,Sub County,Mixed,
8063,41709220,MARK MATUNGA KIWA SECONDARY SCHOOL,Sub County,Mixed,
8064,41709221,JOHN MBADI OMA MIXED SECONDARY SCHOOL,Sub County,Mixed,
8065,41709226,ST JOSEPH OLANDO SECONDARY SCHOOL,Sub County,Mixed,
8066,41709227,HON. JOHN MBADI KOYOMBE MIXED SECONDARY SCHOOL,Sub County,Mixed,
8067,41709228,JOHN MBADI LIGONGO SECONDARY SCHOOL,Sub County,Mixed,
8068,41710302,KWOYO OYUGIS SECONDARY SCHOOL,Sub County,Mixed,
8069,41710303,MITITI SECONDARY SCHOOL,Sub County,Mixed,
8070,41710305,SAYE MIXED SECONDARY SCHOOL,Sub County,Mixed,
8071,41710308,NYANG'IELA SECONDARY SCHOOL,Sub County,Mixed,
8072,41710310,BUOYE MIXED SECONDARY SCHOOL,Sub County,Mixed,
8073,41710311,NYATINDO MIXED SECONDARY SCHOOL,Sub County,Mixed,
8074,41710312,NYALENDA MIXED SECONDARY SCHOOL,Sub County,Mixed,
8075,41710313,ST. PETERS' KOTIENO SECONDARY SCHOOL,Sub County,Mixed,
8076,41710317,ST. JOSEPH'S SINO SECONDARY SCHOOL,Sub County,Mixed,
8077,41710318,NYAKIYA MIXED SECONDARY SCHOOL,Sub County,Mixed,
8078,41710322,NYAGOWA LUTHERAN MIXED SECONDARY SCHOOL,Sub County,Mixed,
8079,41710323,KALANDO SECONDARY SCHOOL,Sub County,Mixed,
8080,41710325,NYANDIWA MIXED SECONDARY SCHOOL,Sub County,Mixed,
8081,41710327,MITHUI MIXED SECONDARY SCHOOL,Sub County,Mixed,
8082,41710328,SINO SDA MIXED SECONDARY SCHOOL,Sub County,Mixed,
8083,41710330,2 0D2O0L K SCEPEC OSENCDOANRDYA SRCYH SOCOHLOOL CHOICES LIST,Sub County,Mixed,
8084,41710331,OMBEK LUTHERAN MIXED SECONDARY SCHOOL,Sub County,Mixed,
8085,41710332,ST.ANNE`S SECONDARY SCHOOL - OJWANDO,Sub County,Mixed,
8086,41710335,YALA KOTIENO MIXED SECONDARY SCHOOL,Sub County,Mixed,
8087,41710336,KACHIENG' SECONDARY SCHOOL,Sub County,Mixed,
8088,41710337,GOD AGULU MIXED SECONDARY SCHOOL,Sub County,Mixed,
8089,41710338,ST. TERESA'S NYALGOSI SECONDARY SCHOOL,Sub County,Mixed,
8090,41710339,OBISA MIXED SECONDARY SCHOOL,Sub County,Mixed,
8091,41710340,AGORO SARE MIXED SECONDARY SCHOOL,Sub County,Mixed,
8092,41710342,NYAFARE MIXED SECONDARY SCHOOL,Sub County,Mixed,
8093,41710343,AOLO GIRLS SECONDARY SCHOOL,Sub County,Girls,
8094,41710344,NYAMBARE SECONDARY SCHOOL,Sub County,Mixed,
8095,41710345,KALANDING GIRLS SECONDARY SCHOOL,Sub County,Girls,
8096,41710346,NYABOLA MIXED SECONDARY SCHOOL,Sub County,Mixed,
8097,41710347,KOSELE MIXED SECONDARY SCHOOL,Sub County,Mixed,
8098,41710348,KOSELE CHRISTIAN COMMUNITY SECONDARY SCHOOL,Sub County,Mixed,
8099,41724003,RAPEDHI SECONDARY SCHOOL,Sub County,Mixed,
8100,41724004,ST.MARY'S WACHARA SECONDARY SCHOOL,Sub County,Mixed,
8101,41724005,GOT KOJOWI MIXED SECONDARY SCHOOL,Sub County,Mixed,
8102,41724007,ST. NICANSIUS MARANYONA MIXED SECONDARY SCHOOL,Sub County,Mixed,
8103,41724008,GOT RACHAR OJODE SECONDARY SCHOOL,Sub County,Mixed,
8104,41724009,MBANI MIXED SECONDARY SCHOOL,Sub County,Mixed,
8105,41724010,APUOCHE MIXED SECONDARY SCHOOL,Sub County,Mixed,
8106,41724011,ST. LUCY ODHIAMBO RAMBO GIRLS SECONDARY SCHOOL,Sub County,Girls,
8107,41724012,WAYARA MIXED SECONDARY SCHOOL,Sub County,Mixed,
8108,41724013,OTANGE MIXED SECONDARY SCHOOL,Sub County,Mixed,
8109,41724015,ABURA MIXED SECONDARY SCHOOL,Sub County,Mixed,
8110,41724016,ALARA MIXED SECONDARY SCHOOL,Sub County,Mixed,
8111,41724017,2 0O2R0I DKIC GPIER SLESC SOENCDOANRDYA SRCYH SOCOHLO COHLOICES LIST,Sub County,Girls,
8112,41724018,NYARONGI MIXED SECONDARY SCHOOL,Sub County,Mixed,
8113,41724104,LANGI MIXED SECONDARY SCHOOL,Sub County,Mixed,
8114,41724105,OKOK MIXED SECONDARY SCHOOL,Sub County,Mixed,
8115,41724106,ANDIWO MIXED SECONDARY SCHOOL,Sub County,Mixed,
8116,41724109,KOME MIXED SECONDARY SCHOOL,Sub County,Mixed,
8117,41724110,OJODE UNGA SECONDARY SCHOOL,Sub County,Mixed,
8118,41724112,JOSHUA OJODE NDERE MIXED SECONDARY SCHOOL,Sub County,Mixed,
8119,41724114,OSURE MIXED SECONDARY SCHOOL,Sub County,Mixed,
8120,41724115,SIGAMA MIXED SECONDARY SCHOOL,Sub County,Mixed,
8121,41724116,BONGU GIRLS SECONDARY SCHOOL,Sub County,Girls,
8122,41724117,KODUOGO MIXED SECONDARY SCHOOL,Sub County,Mixed,
8123,41724118,GOYO MIXED SECONDARY SCHOOL,Sub County,Mixed,
8124,41724119,NDISI MIXED SECONDARY SCHOOL,Sub County,Mixed,
8125,41724202,RARAGE SECONDARY SCHOOL,Sub County,Mixed,
8126,41724204,OTOTO SECONDARY SCHOOL,Sub County,Mixed,
8127,41724206,ST.PHILIPS WAYAGA SECONDARY SCHOOL,Sub County,Mixed,
8128,41724207,OKOTA MIXED SECONDARY SCHOOL,Sub County,Mixed,
8129,41724208,ALUOR MIXED SCHOOL,Sub County,Mixed,
8130,41724209,OGANGO MIXED SECONDARY SCHOOL,Sub County,Mixed,
8131,41724210,GINA MIXED DAY SECONDARY SCHOOL,Sub County,Mixed,
8132,41724211,ONDATI MIXED SECONDARY SCHOOL,Sub County,Mixed,
8133,41724212,BISHOP OCHIEL NYAGIDHA SECONDARY SCHOOL,Sub County,Girls,
8134,41724213,ONGAKO MIXED SECONDARY SCHOOL,Sub County,Mixed,
8135,41724214,ST. FELIX NYARATH MIXED SECONDARY SCHOOL,Sub County,Mixed,
8136,41724215,KAGURIA MIXED SECONDARY SCHOOL,Sub County,Mixed,
8137,41724216,JABAGRE MIXED SECONDARY SCHOOL,Sub County,Mixed,
8138,41730105,ST. WILLIAM'S OSODO SECONDARY SCHOOL,Sub County,Mixed,
8139,41730108,2 0W2A0W KACRPEE SMEICXOEDN DDAARYY S SECCHOONODLA CRHYO SICCHESO LOILST,Sub County,Mixed,
8140,41730109,NGODHE SECONDARY SCHOOL,Sub County,Mixed,
8141,41730110,USAO MIXED SECONDARY SCHOOL,Sub County,Mixed,
8142,41730111,ST STEPHEN KIRINDO MIXED SECONDARY SCHOOL,Sub County,Mixed,
8143,41730112,KAMASENGRE MIXED SECONDARY SCHOOL,Sub County,Mixed,
8144,41730113,KASWANGA GIRLS SECONDARY SCHOOL,Sub County,Girls,
8145,41730114,KAYANJA MIXED DAY SECONDARY SCHOOL,Sub County,Mixed,
8146,41730115,NYANDENG'A MIXED SECONDARY SCHOOL,Sub County,Girls,
8147,41730117,FATHER TILIEN MIXED SECONDARY SCHOOL,Sub County,Mixed,
8148,41730120,ST.MICHAEL NYASUMBI MIXED SECONDARY SCHOOL,Sub County,Mixed,
8149,41730206,PROFESSOR KAREGA MUTAHI SECONDARY SCHOOL,Sub County,Mixed,
8150,41730209,WAKULA MIXED SECONDARY SCHOOL,Sub County,Mixed,
8151,41730302,WANDIJI MIXED SECONDARY SCHOOL,Sub County,Mixed,
8152,41730305,RAPORA MIXED SECONDARY SCHOOL,Sub County,Mixed,
8153,41730306,OTIENO KAJWANG NYAMAJI MIXED SECONDARY SCHOOL,Sub County,Mixed,
8154,41730307,KAMATO MIXED SECONDARY SCHOOL,Sub County,Mixed,
8155,41730308,ST.PHILIPS NDHURU MIXED SECONDARY SCHOOL,Sub County,Mixed,
8156,41731001,KAJIEI MIXED SECONDARY SCHOOL,Sub County,Mixed,
8157,41731004,AKWAKRA SECONDARY SCHOOL,Sub County,Mixed,
8158,41731005,ST. MARTIN'S OLUTI MIXED SECONDARY SCHOOL,Sub County,Mixed,
8159,41731006,ST.JOSEPH KOBUYA MIXED SECONDARY SCHOOL,Sub County,Mixed,
8160,41731007,KARABONDI GIRL'S SECONDARY SCHOOL,Sub County,Girls,
8161,41731008,ST JOHN SEKA MIXED SECONDARY SCHOOL,Sub County,Mixed,
8162,41731009,KARABONDI BIDII MIXED SECONDARY SCHOOL,Sub County,Mixed,
8163,41731010,KAMSER SECONDARY SCHOOL,Sub County,Mixed,
8164,41731011,KAMWALA SECONDARY SCHOOL,Sub County,Mixed,
8165,41731012,MIYUGA MIXED SECONDARY SCHOOL,Sub County,Mixed,
8166,41731013,OSODO MIXED SECONDARY SCHOOL,Sub County,Mixed,
8167,41731102,2 0K2E0N DKCUP ME USSELCIOMN SDEACROYN SDCAHROYO SLC CHHOOOICLES LIST,Sub County,Mixed,
8168,41731104,PAUL MBOYA HIGH SCHOOL,Sub County,Mixed,
8169,41731105,OTOK MIXED SECONDARY SCHOOL,Sub County,Mixed,
8170,41731106,NGETA MIXED SECONDARY SCHOOL,Sub County,Mixed,
8171,41731107,LIETA MIXED SECONDARY SCHOOL,Sub County,Mixed,
8172,41731108,GEORGE AGOLA OWUOR MIXED SECONDARY SCHOOL,Sub County,Boys,
8173,41731109,NYAKECHI MIXED SECONDARY SCHOOL,Sub County,Mixed,
8174,41731110,SIMBI MIXED SECONDARY SCHOOL,Sub County,Mixed,
8175,41731111,BWARE MIXED SECONDARY SCHOOL,Sub County,Mixed,
8176,41731201,OMBOGA HIGH SCHOOL,Sub County,Mixed,
8177,41731202,KOBILA SECONDARY SCHOOL,Sub County,Mixed,
8178,41731203,WIKONDIEK SECONDARY SCHOOL,Sub County,Mixed,
8179,41731204,KOWUOR MIXED SECONDARY SCHOOL,Sub County,Mixed,
8180,41731205,KAMOLO MIXED SECONDARY SCHOOL,Sub County,Mixed,
8181,41731206,ADIEDO MIXED SECONDARY SCHOOL,Sub County,Mixed,
8182,41731207,ST. MARY'S NYAKANGO MIXED SECONDARY SCHOOL,Sub County,Mixed,
8183,41731208,ONGANG MIXED SECONDARY SCHOOL,Sub County,Mixed,
8184,41731209,OYOMBE MIXED SECONDARY SCHOOL,Sub County,Mixed,
8185,41731301,ST ALFRED ALARA MIXED SECONDARY SCHOOL,Sub County,Mixed,
8186,41731305,KANDIEGE SECONDARY SCHOOL,Sub County,Mixed,
8187,41731306,SAMANGA LUTHERAN MIXED SECONDARY SCHOOL,Sub County,Mixed,
8188,41731308,KANAM MIXED SECONDARY SCHOOL,Sub County,Mixed,
8189,41731309,KODHOCH MIXED SECONDARY SCHOOL,Sub County,Mixed,
8190,41731311,KOTONJE MIXED DAY SECONDARY SCHOOL,Sub County,Mixed,
8191,41731312,ALARU CENTRAL MIXED SECONDARY SCHOOL,Sub County,Mixed,
8192,41731313,OMINDE MIXED SECONDARY SCHOOL,Sub County,Mixed,
8193,41731402,KANYAMFWA SECONDARY SCHOOL,Sub County,Mixed,
8194,41731403,ST. BENARD'S OTARO HIGH SCHOOL,Sub County,Mixed,
8195,41731404,2 0O2G0E KNCYPAE SSEECCOONNDDAARRYY SSCCHHOOOOLL CHOICES LIST,Sub County,Girls,
8196,41731405,ST.JOSEPH'S MIRANGA MIXED SECONDARY SCHOOL,Sub County,Mixed,
8197,41731406,WAGWE MIXED SECONDARY SCHOOL,Sub County,Mixed,
8198,41731407,MASOGO MIXED SECONDARY SCHOOL,Sub County,Mixed,
8199,41731408,OJIJO OTEKO SECONDARY SCHOOL,Sub County,Mixed,
8200,41731410,DR. ADHU AWITI HIGH SCHOOL,Sub County,Mixed,
8201,41731411,KOREDO MIXED SECONDARY SCHOOL,Sub County,Mixed,
8202,41742104,OLARE MIXED SECONDARY SCHOOL,Sub County,Mixed,
8203,41742106,ACHEGO MIXED SECONDARY SCHOOL,Sub County,Mixed,
8204,41742108,NYAWITA SECONDARY SCHOOL,Sub County,Mixed,
8205,41742109,NYANDIWA MIXED SECONDARY SCHOOL,Sub County,Mixed,
8206,41742111,WIKOTENG MIXED SECONDARY SCHOOL,Sub County,Mixed,
8207,41742112,ST. FRANCIS ANDIN'GO MIXED SECONDARY SCHOOL,Sub County,Mixed,
8208,41742113,LUDHE DONGO MIXED SECONDARY SCHOOL,Sub County,Mixed,
8209,41742114,ODIENYA MIXED SECONDARY SCHOOL,Sub County,Mixed,
8210,41742116,ST STEPHEN ANGIRO MIXED SECONDARY SCHOOL,Sub County,Mixed,
8211,41742117,ONGETI MIXED SECONDARY SCHOOL,Sub County,Mixed,
8212,41742118,NYAJANJA SECONDARY SCHOOL,Sub County,Mixed,
8213,41742119,ST. PAULS AOCH MUGA MIXED SECONDARY SCHOOL,Sub County,Mixed,
8214,41742120,GOD MARERA MIXED SECONDARY SCHOOL,Sub County,Mixed,
8215,41742121,LWAHO MIXED SECONDARY SCHOOL,Sub County,Mixed,
8216,41742122,OMOCHE SECONDARY SCHOOL,Sub County,Mixed,
8217,41742123,BONDO MIXED SECONDARY SCHOOL,Sub County,Mixed,
8218,41742124,OPINDE MIXED DAY SECONDARY SCHOOL,Sub County,Mixed,
8219,41742125,OLUSO MIXED SECONDARY SCHOOL,Sub County,Mixed,
8220,41742126,ST ALBERT CHIEPE SECONDARY SCHOOL,Sub County,Mixed,
8221,41742127,ONYEGE MIXED SECONDARY SCHOOL,Sub County,Mixed,
8222,41742128,NYAKWADHA MIXED SECONDARY SCHOOL,Sub County,Mixed,
8223,41742130,2 0M2A0N KGCAP EM ISXEECDO NSEDCAORNYD SACRHYO OSCL HCOHOOLICES LIST,Sub County,Mixed,
8224,41742131,ST.JOSEPHINE BAKHITA GIRLS' SECONDARY SCHOOL,Sub County,Girls,
8225,41742132,NYANDEMA MIXED SECONDARY SCHOOL,Sub County,Mixed,
8226,41742133,ST. JOSEPH'S GUL-KAGEMBE MIXED SECONDARY SCHOOL,Sub County,Mixed,
8227,41742134,ST. JOHN'S GOT KABOK MIXED SECONDARY SCHOOL,Sub County,Mixed,
8228,41742135,RANGWE GIRLS SECONDARY SCHOOL,Sub County,Girls,
8229,41742136,MARIENGA SECONDARY SCHOOL,Sub County,Mixed,
8230,41742138,ST.MATHEWS GOD BONDO MIXED SECONDARY SCHOOL,Sub County,Mixed,
8231,41742140,ST. ALBERT SINOGO MIXED SECONDARY SCHOOL,Sub County,Mixed,
8232,41743102,GOT RATENG' MIXED SECONDARY SCHOOL,Sub County,Mixed,
8233,41743104,KOTIENDITI MIXED SECONDARY SCHOOL,Sub County,Mixed,
8234,41743105,ATELA SECONDARY SCHOOL,Sub County,Mixed,
8235,41743106,OWIRO SECONDARY SCHOOL,Sub County,Mixed,
8236,41743107,KOWIDI MIXED SECONDARY SCHOOL,Sub County,Mixed,
8237,41743108,ST.TERESA'S OPANGA SECONDARY SCHOOL,Sub County,Mixed,
8238,41743110,ORERA MIXED SECONDARY SCHOOL,Sub County,Mixed,
8239,41743111,NYASORE MIXED SECONDARY SCHOOL,Sub County,Mixed,
8240,41743112,ADEGA MIXED HIGH SCHOOL,Sub County,Mixed,
8241,41743113,KOLWENY KINGSWAY SECONDARY SCHOOL,Sub County,Mixed,
8242,41743114,NYAMWAGA E.L.C.K MIXED SECONDARY SCHOOL,Sub County,Mixed,
8243,41743115,LWANDA LUTHERAN MIXED SECONDARY SCHOOL,Sub County,Mixed,
8244,41743116,PONGE LUTHERAN MIXED SECONDARY SCHOOL,Sub County,Mixed,
8245,41743117,PALA MIXED SECONDARY SCHOOL,Sub County,Mixed,
8246,41743118,KILUSI MIXED SECONDARY SCHOOL,Sub County,Mixed,
8247,41743119,ST. PAUL ORIANG MIXED SECONDARY SCHOOL,Sub County,Mixed,
8248,41743120,KANDEGWA LUTHERAN SECONDARY SCHOOL,Sub County,Mixed,
8249,41743122,SIANY LUTHERAN SECONDARY SCHOOL,Sub County,Mixed,
8250,41743123,OTONDO MIXED SECONDARY SCHOOL,Sub County,Mixed,
8251,41743124,2 0K2A0D KIEC MPEIX SEEDC OSNECDOANRDY ASRCYH OSOCHL OCHOOLICES LIST,Sub County,Mixed,
8252,41743125,ONGORO MIXED SECONDARY SCHOOL,Sub County,Mixed,
8253,41743126,GIDEON'S MIXED SECONDARY SCHOOL,Sub County,Mixed,
8254,41743202,APONDO SECONDARY SCHOOL,Sub County,Mixed,
8255,41743206,OGILO SECONDARY SCHOOL,Sub County,Mixed,
8256,41743207,KAKELO MIXED SECONDARY SCHOOL,Sub County,Mixed,
8257,41743208,ATEMO MIXED SECONDARY SCHOOL,Sub County,Mixed,
8258,41743210,KOJWACH HIGH SCHOOL,Sub County,Boys,
8259,41743212,ST. MARY'S ANDING'O GIRLS SECONDARY SCHOOL,Sub County,Girls,
8260,41743213,HARAMBEE MIXED SECONDARY SCHOOL,Sub County,Mixed,
8261,41743214,"ST.THOMAS SCHOOL,OMIRO",Sub County,Mixed,
8262,41743215,KOKWANYO MIXED SECONDARY SCHOOL,Sub County,Mixed,
8263,41743216,ST. DISLAUS NYAWANGO MIXED SECONDARY SCHOOL,Sub County,Mixed,
8264,41743217,ST PHILIP'S SCHOOL NYABONDO MIXED SECONDARY SCHOO,Sub County,Mixed,
8265,41743218,GANGRE MIXED SECONDARY SCHOOL,Sub County,Mixed,
8266,41743219,ST. PETERS' GOD AGAK SECONDARY SCHOOL,Sub County,Mixed,
8267,41743220,ST LINUS UMAI SECONDARY SCHOOL,Sub County,Mixed,
8268,41743221,OTEL MIXED SECONDARY SCHOOL,Sub County,Mixed,
8269,41743222,ORINDE LUTHERAN SECONDARY SCHOOL,Sub County,Mixed,
8270,42705101,HONO SECONDARY SCHOOL,Sub County,Mixed,
8271,42705103,BORO MIXED SECONDARY SCHOOL,Sub County,Mixed,
8272,42705105,MBAGA MIXED SECONDARY SCHOOL,Sub County,Mixed,
8273,42705106,OBAMBO MIXED SECONDARY SCHOOL,Sub County,Mixed,
8274,42705107,ST.JOSEPHS NYALULA SECONDARY SCHOOL,Sub County,Mixed,
8275,42705108,SEGERE SECONDARY SCHOOL,Sub County,Mixed,
8276,42705109,UYOMA KOBARE SECONDARY SCHOOL,Sub County,Mixed,
8277,42705110,NYADHI SECONDARY SCHOOL,Sub County,Mixed,
8278,42705111,GOT OYENGA MIXED SECONDARY SCHOOL,Sub County,Mixed,
8279,42705112,2 0K2O0W KECTP SE ESCEOCONNDADRAYR YS CSCHHOOOOLL CHOICES LIST,Sub County,Mixed,
8280,42705113,ST. CHRISTOPHER PAL PAL SECONDARY SCHOOL,Sub County,Mixed,
8281,42705114,ST. WILLIAM GENDRO SECONDARY SCHOOL,Sub County,Mixed,
8282,42705205,AGORO OYOMBE SECONDARY SCHOOL,Sub County,Mixed,
8283,42705207,AMBROSE ADEYA ADONGO SECONDARY SCHOOL,Sub County,Mixed,
8284,42705209,SIAYA TOWNSHIP SECONDARY SCHOOL,Sub County,Mixed,
8285,42705210,HOLYCROSS SECONDARY SCHOOL,Sub County,Mixed,
8286,42705211,SENATOR OBAMA KOGELO SECONDARY SCHOOL,Sub County,Mixed,
8287,42705212,MULAHA MIXED SECONDARY SCHOOL,Sub County,Mixed,
8288,42705213,ULAFU SECONDARY SCHOOL,Sub County,Mixed,
8289,42705214,NDURU MIXED SECONDARY SCHOOL,Sub County,Mixed,
8290,42705215,RAMBO SECONDARY SCHOOL,Sub County,Mixed,
8291,42705216,NYAJUOK SECONDARY SCHOOL,Sub County,Mixed,
8292,42705218,NGIYA MIXED DAY SECONDARY SCHOOL,Sub County,Mixed,
8293,42705219,BAR OLENGO SECONDARY SCHOOL,Sub County,Mixed,
8294,42705220,MATERA MIXED SECONDARY SCHOOL,Sub County,Mixed,
8295,42705221,USULA SECONDARY SCHOOL,Sub County,Mixed,
8296,42705222,KARAPUL SECONDARY SCHOOL,Sub County,Mixed,
8297,42705223,OJWANDO SECONDARY SCHOOL,Sub County,Mixed,
8298,42705224,ST STEPHEN'S USINGO MIXED SECONDARY SCHOOL,Sub County,Mixed,
8299,42705225,ST PETER'S UPANDA MIXED SECONDARY SCHOOL,Sub County,Mixed,
8300,42705226,SIAYA CENTRAL SECONDARY SCHOOL,Sub County,Mixed,
8301,42705301,MWER SECONDARY SCHOOL,Sub County,Boys,
8302,42705303,NYAMBARE SECONDARY SCHOOL,Sub County,Mixed,
8303,42705304,DIRK ALLISON GSM SECONDARY SCHOOL,Sub County,Mixed,
8304,42705305,DIBUORO SECONDARY SCHOOL,Sub County,Mixed,
8305,42705306,SIRINDE MIXED SECONDARY SCHOOL,Sub County,Mixed,
8306,42705307,MALOMBA SECONDARY SCHOOL,Sub County,Mixed,
8307,42705308,2 0K2A0L KKACDPEA SSEECCOONNDDAARRYY SSCCHHOOOOLL CHOICES LIST,Sub County,Mixed,
8308,42705309,KABURA SECONDARY SCHOOL,Sub County,Mixed,
8309,42705310,UWASI MIXED SECONDARY SCHOOL,Sub County,Mixed,
8310,42705311,SIDOK MIXED SECONDARY SCHOOL,Sub County,Mixed,
8311,42705312,MAHERO MIXED SECONDARY SCHOOL,Sub County,Mixed,
8312,42705313,FR.GULIK URADI GIRLS SECONDARY SCHOOL,Sub County,Girls,
8313,42705314,UNYOLO MIXED SECONDARY SCHOOL,Sub County,Mixed,
8314,42705315,MAHOLA MIXED SECONDARY SCHOOL,Sub County,Mixed,
8315,42705316,NYASITA MIXED SECONDARY SCHOOL,Sub County,Mixed,
8316,42712105,GOBEI MIXED SECONDARY SCHOOL,Sub County,Mixed,
8317,42712107,KAPIYO SECONDARY SCHOOL,Sub County,Mixed,
8318,42712108,NDIRA SECONDARY SCHOOL,Sub County,Mixed,
8319,42712109,JARAMOGI OGINGA ODINGA SECONDARY SCHOOL,Sub County,Mixed,
8320,42712111,AGWARA MIXED SECONDARY SCHOOL,Sub County,Mixed,
8321,42712112,NYAWITA SECONDARY SCHOOL,Sub County,Mixed,
8322,42712114,USIRE SECONDARY SCHOOL,Sub County,Mixed,
8323,42712115,KAMNARA SECONDARY SCHOOL,Sub County,Mixed,
8324,42712116,NYABENGE MIXED SECONDARY SCHOOL,Sub County,Mixed,
8325,42712202,AKOKO SECONDARY SCHOOL,Sub County,Mixed,
8326,42712203,UYAWI SECONDARY SCHOOL,Sub County,Mixed,
8327,42712205,GOT ABIERO SECONDARY SCHOOL,Sub County,Mixed,
8328,42712206,ST. PAUL'S MITIRO MIXED SECONDARY SCHOOL,Sub County,Mixed,
8329,42712207,NYAGUDA SECONDARY SCHOOL,Sub County,Mixed,
8330,42712209,ST. MARYS SECONDARY SCHOOL MARANYONA,Sub County,Mixed,
8331,42712210,MBEKA GIRLS DAY SECONDARY SCHOOL,Sub County,Girls,
8332,42712211,SERAWONGO MIXED SECONDARY SCHOOL,Sub County,Mixed,
8333,42712212,KIPASI SECONDARY SCHOOL,Sub County,Mixed,
8334,42712213,ORENGO SECONDARY SCHOOL,Sub County,Mixed,
8335,42712214,2 0S2T0. LKUCKPEES S EWCAOMNBDAARRRYA S SCEHCOOONLD CAHROYI CSECSH LOISOTLS,Sub County,Mixed,
8336,42712305,MAJENGO MIXED SECONDARY SCHOOL,Sub County,Mixed,
8337,42712307,JUSA MIXED SECONDARY SCHOOL,Sub County,Mixed,
8338,42712308,JOAKIM OWANG' MAGETA SECONDARY SCHOOL,Sub County,Mixed,
8339,42712309,GOT MATAR SECONDARY SCHOOL,Sub County,Mixed,
8340,42712311,ST. MONICA MAGO MIXED SECONDARY SCHOOL,Sub County,Mixed,
8341,42712312,KANYIBOK MIXED DAY SECONDARY SCHOOL,Sub County,Mixed,
8342,42712313,ULOWA GIRLS DAY SECONDARY SCHOOL,Sub County,Girls,
8343,42721106,GAGRA MIXED SECONDARY SCHOOL,Sub County,Mixed,
8344,42721107,NYAMASORE MIXED SECONDARY SCHOOL,Sub County,Mixed,
8345,42721108,OKELA MIXED SECONDARY SCHOOL,Sub County,Mixed,
8346,42721109,NAYA SECONDARY SCHOOL,Sub County,Mixed,
8347,42721110,RAMOGI ACHIENG' ONEKO SECONDARY SCHOOL,Sub County,Mixed,
8348,42721111,MIRANDO ONGALO SECONDARY SCHOOL,Sub County,Mixed,
8349,42721112,MIGOWA MIXED SECONDARY SCHOOL,Sub County,Mixed,
8350,42721113,MASALA MIXED SECONDARY SCHOOL,Sub County,Mixed,
8351,42721114,RACHAR SECONDARY SCHOOL,Sub County,Mixed,
8352,42721115,NYABERA MIXED SECONDARY SCHOOL,Sub County,Mixed,
8353,42721116,TANGA SECONDARY SCHOOL,Sub County,Mixed,
8354,42721117,LIETA SECONDARY SCHOOL,Sub County,Mixed,
8355,42721118,ST.JOHANESS KAWUONDI SECONDARY SCHOOL,Sub County,Mixed,
8356,42721119,ST. MARK'S WAYAGA SECONDARY SCHOOL,Sub County,Mixed,
8357,42721120,ST.MATHEWS OCHIENG 'A SECONDARY SCHOOL,Sub County,Mixed,
8358,42721121,TUJU MIXED SECONDARY SCHOOL,Sub County,Mixed,
8359,42721122,RUMA SECONDARY SCHOOL,Sub County,Mixed,
8360,42721123,AGOK MIXED SECONDARY SCHOOL,Sub County,Mixed,
8361,42721204,ST. MATHEWS KANDARIA SECONDARY SCHOOL,Sub County,Mixed,
8362,42721206,MAJANGO SECONDARY SCHOOL,Sub County,Mixed,
8363,42721207,2 0S2IG0E KRC PSEE CSEOCNODNADRAYR SYC SHCOHOOLOL CHOICES LIST,Sub County,Mixed,
8364,42721208,KITAMBO MIXED SECONDARY SCHOOL,Sub County,Mixed,
8365,42721209,MAHAYA MIXED DAY SECONDARY SCHOOL,Sub County,Mixed,
8366,42721210,RARIEDA MIXED SECONDARY SCHOOL,Sub County,Mixed,
8367,42721211,ST.JOHN'S OBOCH MIXED SECONDARY SCHOOL,Sub County,Mixed,
8368,42721212,ST PHILIPS WERA MIXED SECONDARY SCHOOL,Sub County,Mixed,
8369,42721213,ST MATHEWS SARADIDI MIXED SECONDARY SCHOOL,Sub County,Mixed,
8370,42721214,KOKISE MIXED SECONDARY SCHOOL,Sub County,Mixed,
8371,42721215,WANG'AROT MIXED SECONDARY SCHOOL,Sub County,Mixed,
8372,42721216,NYAMOR SECONDARY SCHOOL,Sub County,Mixed,
8373,42721217,MEMBA MIXED SECONDARY SCHOOL,Sub County,Mixed,
8374,42721218,ST MARY'S POWO MIXED SECONDARY SCHOOL,Sub County,Mixed,
8375,42721219,RAMBUGU MIXED SECONDARY SCHOOL,Sub County,Mixed,
8376,42721220,ENG. GUMBO RAMBIRA GIRLS' SECONDARY SCHOOL,Sub County,Girls,
8377,42721221,ST. LUKE'S LUORO SECONDARY SCHOOL,Sub County,Mixed,
8378,42721222,ST. NICHOLAS BOI MIXED SECONDARY SCHOOL,Sub County,Mixed,
8379,42721223,ST. MARKS NDWARA MIXED SECONDARY SCHOOL,Sub County,Mixed,
8380,42725105,KAGONYA SECONDARY SCHOOL,Sub County,Mixed,
8381,42725106,MIYARE SECONDARY SCHOOL,Sub County,Mixed,
8382,42725107,SEGA TOWNSHIP MIXED DAY SECONDARY SCHOOL,Sub County,Mixed,
8383,42725109,ST. CHARLES HUMWEND SECONDARY SCHOOL,Sub County,Mixed,
8384,42725110,SIRANGA MIXED SECONDARY SCHOOL,Sub County,Mixed,
8385,42725111,LIFUNGA GIRLS SECONDARY SCHOOL,Sub County,Girls,
8386,42725112,ST. NICHOLAS HAFUMBRE SECONDARY SCHOOL,Sub County,Mixed,
8387,42725113,SIFUYO SECONDARY SCHOOL,Sub County,Mixed,
8388,42725114,GOT ODIMA SECONDARY SCHOOL,Sub County,Mixed,
8389,42725115,ST.JOSEPH UYUNDO SECONDARY SCHOOL,Sub County,Mixed,
8390,42725116,SIGWENG' KARUOTH SECONDARY SCHOOL,Sub County,Mixed,
8391,42725117,2 0S2IW0 AKRC PSEE SCEOCNODNADRAYR SYC SHCOHOOLOL CHOICES LIST,Sub County,Mixed,
8392,42725118,KOGERE SECONDARY SCHOOL,Sub County,Mixed,
8393,42725202,ANYIKO SECONDARY SCHOOL,Sub County,Mixed,
8394,42725203,INUNGO SECONDARY SCHOOL,Sub County,Mixed,
8395,42725204,SIHAY SECONDARY SCHOOL,Sub County,Mixed,
8396,42725205,RAMUNDE MIXED SECONDARY SCHOOL,Sub County,Mixed,
8397,42725206,ST. BENEDICTS KONYA SECONDARY SCHOOL,Sub County,Mixed,
8398,42725207,LUANDA KATHIENO MIXED DAY SECONDARY SCHOOL,Sub County,Mixed,
8399,42725208,RALAK GIRLS SECONDARY SCHOOL,Sub County,Girls,
8400,42725209,GOT NANGA SECONDARY SCHOOL,Sub County,Mixed,
8401,42725211,UDIRA SECONDARY SCHOOL,Sub County,Mixed,
8402,42725212,ST.JACOB'S MIXED SECONDARY SCHOOL - USINDA,Sub County,Mixed,
8403,42725213,ST. EDWARDS SECONDARY SCHOOL-MASAMRA,Sub County,Mixed,
8404,42725214,ST. PETER'S UGAMBE MIXED SECONDARY SCHOOL,Sub County,Mixed,
8405,42726109,SAGAM SECONDARY SCHOOL,Sub County,Mixed,
8406,42726110,URANGA SECONDARY SCHOOL,Sub County,Mixed,
8407,42726111,MUTUMBU GIRLS SECONDARY SCHOOL,Sub County,Girls,
8408,42726112,NYANGULU SECONDARY SCHOOL,Sub County,Mixed,
8409,42726113,NDERE MIXED SECONDARY SCHOOL,Sub County,Mixed,
8410,42726114,ST. BARNABAS ANYIKO MIXED SECONDARY SCHOOL,Sub County,Mixed,
8411,42726115,NYABEDA SECONDARY SCHOOL,Sub County,Mixed,
8412,42726116,GONGO WAROM MIXED SECONDARY SCHOOL,Sub County,Mixed,
8413,42726117,LUNDHA MIXED SECONDARY SCHOOL,Sub County,Mixed,
8414,42726118,B.A OHANGA MEMORIAL SECONDARY SCHOOL,Sub County,Mixed,
8415,42726119,ST MARKS KAGILO SECONDARY SCHOOL,Sub County,Mixed,
8416,42726120,LIHANDA MIXED SECONDARY SCHOOL,Sub County,Mixed,
8417,42726121,RAMULA MIXED SECONDARY SCHOOL,Sub County,Mixed,
8418,42726122,ST.PAUL'S JINA SECONDARY SCHOOL,Sub County,Mixed,
8419,42726123,2 0Y2A0L AK CTPOEW SNESCHOINPD SAERCYO SNCDHAOROYL S CCHHOOIOCELS LIST,Sub County,Mixed,
8420,42726124,LURI MIXED SECONDARY SCHOOL,Sub County,Mixed,
8421,42726125,ONDING MIXED SECONDARY SCHOOL,Sub County,Mixed,
8422,42726126,ST. PAUL SIRIWO MIXED SECONDARY SCHOOL,Sub County,Mixed,
8423,42726127,BAR SAURI MIXED SECONDARY SCHOOL,Sub County,Mixed,
8424,42726203,KAMBARE SECONDARY SCHOOL,Sub County,Mixed,
8425,42726204,HORACE ONGILI SECONDARY SCHOOL,Sub County,Mixed,
8426,42726205,KAUDHA SECONDARY SCHOOL,Sub County,Mixed,
8427,42726207,APUOYO MIXED SECONDARY SCHOOL,Sub County,Mixed,
8428,42726208,NDORI MIXED SECONDARY SCHOOL,Sub County,Mixed,
8429,42726209,DIENYA SECONDARY SCHOOL,Sub County,Mixed,
8430,42726210,WAGWER MIXED SECONDARY SCHOOL,Sub County,Mixed,
8431,42726211,MALELE MIXED SECONDARY SCHOOL,Sub County,Mixed,
8432,42726212,DHENE MIXED SECONDARY SCHOOL,Sub County,Mixed,
8433,42726213,MALUNGA MIXED SECONDARY SCHOOL,Sub County,Mixed,
8434,42726214,OJOLA MIXED SECONDARY SCHOOL,Sub County,Mixed,
8435,42726215,NDEGWE SECONDARY SCHOOL,Sub County,Mixed,
8436,42726216,ST.STEPHEN'S ALUOR MIXED SECONDARY SCHOOL,Sub County,Mixed,
8437,42726217,NYASIDHI SECONDARY SCHOOL,Sub County,Mixed,
8438,42726219,NYALUNYA MIXED SECONDARY SCHOOL,Sub County,Mixed,
8439,42726220,ST. PETER'S WAGAI MIXED SECONDARY SCHOOL,Sub County,Mixed,
8440,42726221,NYAPIEDHO MIXED SECONDARY SCHOOL,Sub County,Mixed,
8441,42738107,SIMENYA SECONDARY SCHOOL,Sub County,Mixed,
8442,42738108,SIDINDI SECONDARY SCHOOL,Sub County,Mixed,
8443,42738109,UMINA MIXED SECONDARY SCHOOL,Sub County,Mixed,
8444,42738110,MADUNGU SECONDARY SCHOOL,Sub County,Mixed,
8445,42738112,MUDHIERO MIXED SECONDARY SCHOOL,Sub County,Mixed,
8446,42738113,NYASANDA COMMUNITY HIGH SCHOOL,Sub County,Mixed,
8447,42738114,2 0T2IN0G KACRPEE MSEIXCEODN SDEACROYN SDCAHROYO SL CCHHOOOICLES LIST,Sub County,Mixed,
8448,42738116,ST. ANTONY ULUTHE SECONDARY SCHOOL,Sub County,Mixed,
8449,42738117,ST. AUGUSTINE'S OGEDA MIXED SECONDARY SCHOOL,Sub County,Mixed,
8450,42738118,HOLY TRINITY MAYINGO SECONDARY SCHOOL,Sub County,Mixed,
8451,42738119,NGUNYA MIXED SECONDARY SCHOOL,Sub County,Mixed,
8452,42738120,ST PETERS BAR ATHENG MIXED SECONDARY SCHOOL,Sub County,Mixed,
8453,42738121,KONJRA MIXED SECONDARY SCHOOL,Sub County,Mixed,
8454,42738122,ST.ALLOICE MBOSIE MIXED SECONDARY SCHOOL,Sub County,Mixed,
8455,42738123,ULWANI SECONDARY SCHOOL,Sub County,Mixed,
8456,42738124,ST. PETER'S UKALAMA SECONDARY SCHOOL,Sub County,Mixed,
8457,42738125,SIMERRO MIXED SECONDARY SCHOOL,Sub County,Mixed,
8458,43706104,BONYUNYU SECONDARY SCHOOL,Sub County,Mixed,
8459,43706105,EMBONGA SECONDARY SCHOOL,Sub County,Mixed,
8460,43706106,ST PETER'S NYAISA SECONDARY SCHOOL,Sub County,Mixed,
8461,43706111,NYACHOGOCHOGO SECONDARY SCHOOL,Sub County,Mixed,
8462,43706113,ST. MARY'S MONGORISI SECONDARY SCHOOL,Sub County,Mixed,
8463,43706114,KENYENYA MIXED DAY AND BOARDING,Sub County,Mixed,
8464,43706116,BOSIANGO S.D.A SECONDARY SCHOOL,Sub County,Mixed,
8465,43706118,GETAARI MIXED SECONDARY SCHOOL,Sub County,Mixed,
8466,43706119,SENATOR KEBASO SECONDARY SCHOOL,Sub County,Mixed,
8467,43706120,RIAMANDERE SECONDARY SCHOOL,Sub County,Mixed,
8468,43706121,ST. JOSEPH'S ETONO MIXED SECONDARY SCHOOL,Sub County,Mixed,
8469,43706123,KIANUNGU SECONDARY SCHOOL,Sub County,Mixed,
8470,43706124,GIANCHORE PAG MIXED SECONDARY SCHOOL,Sub County,Mixed,
8471,43706125,BOMORITO SECONDARY SCHOOL,Sub County,Mixed,
8472,43706126,KIANG'INDA SECONDARY SCHOOL,Sub County,Mixed,
8473,43706127,ST. PATRICE NYANTARO SECONDARY SCHOOL,Sub County,Mixed,
8474,43706128,ST.JOSEPH'S KEMASARE MIXED SECONDARY SCHOOL,Sub County,Mixed,
8475,43706130,2 0G2U0C KHCAP SE DSAEC MOIXNEDDA RSEY CSOCHNODAORL YC HSCOHICOEOS LLIST,Sub County,Mixed,
8476,43706131,NYAMERU MIXED SECONDARY SCHOOL,Sub County,Mixed,
8477,43706132,NYACHURURU P.A.G MIXED SECONDARY SCHOOL,Sub County,Mixed,
8478,43706133,NYAKEORE SECONDARY SCHOOL,Sub County,Mixed,
8479,43706134,RIRUMI MIXED SECONDARY SCHOOL,Sub County,Mixed,
8480,43706136,ST PHILIP'S RATETI SECONDARY SCHOOL,Sub County,Mixed,
8481,43706137,ST. JOSEPH'S ENCHORO SECONDARY SCHOOL,Sub County,Mixed,
8482,43706139,EKENYORO TECHNICAL SECONDARY SCHOOL,Sub County,Mixed,
8483,43706140,NAMI SECONDARY SCHOOL,Sub County,Mixed,
8484,43706141,GETA PAG SECONDARY SCHOOL,Sub County,Mixed,
8485,43706142,NYAGACHI DEB SECONDARY SCHOOL,Sub County,Mixed,
8486,43706143,KUURA MIXED SECONDARY SCHOOL,Sub County,Mixed,
8487,43706144,NYABISIMBA SECONDARY SCHOOL,Sub County,Mixed,
8488,43706145,MAKAIRO MIXED SECONDARY SCHOOL,Sub County,Mixed,
8489,43706146,GESORE P.A.G SECONDARY SCHOOL,Sub County,Mixed,
8490,43706147,OMOSASA DOK MIXED SECONDARY SCHOOL,Sub County,Mixed,
8491,43706148,ST TIBERIUS NYAMOTENTEMI M D SECONDARY SCHOOL,Sub County,Mixed,
8492,43706149,BONDEKA ELCK GIRLS' SECONDARY SCHOOL,Sub County,Girls,
8493,43706150,ST TERESA MIXED SECONDARY SCHOOL (BUGO),Sub County,Mixed,
8494,43706151,NYAIGWA GIRLS SECONDARY SCHOOL,Sub County,Girls,
8495,43715102,KEBIRICHI SECONDARY SCHOOL,Sub County,Mixed,
8496,43715103,RIYABE MIXED SECONDARY SCHOOL,Sub County,Mixed,
8497,43715104,ST. ANATOLE NYANCHONORI SECONDARY SCHOOL,Sub County,Mixed,
8498,43715106,NYANKOBA SDA SECONDARY SCHOOL,Sub County,Mixed,
8499,43715107,MONG'ONI SECONDARY SCHOOL,Sub County,Mixed,
8500,43715109,MOCHENWA SECONDARY SCHOOL,Sub County,Mixed,
8501,43715110,ST' DANES ERONGE SECONDARY SCHOOL,Sub County,Mixed,
8502,43715111,METAMAYWA SECONDARY SCHOOL,Sub County,Mixed,
8503,43715113,2 0R2IA0M KOCNPIE S SEECCOONNDDAARRYY SSCCHHOOOOLL CHOICES LIST,Sub County,Mixed,
8504,43715115,RIAKWORO SECONDARY SCHOOL,Sub County,Mixed,
8505,43715116,MATUTU PAG SECONDARY SCHOOL,Sub County,Mixed,
8506,43715117,ST.DON BOSCO SECONDARY SCHOOL,Sub County,Mixed,
8507,43715118,MASABA HIGH SCHOOL,Sub County,Mixed,
8508,43715119,KEGOGI P A G MIXED SECONDARY SCHOOL,Sub County,Mixed,
8509,43715120,KERONGETA SECONDARY SCHOOL,Sub County,Mixed,
8510,43715121,ST.FRANCIS NYATIEKO SECONDARY SCHOOL,Sub County,Mixed,
8511,43715122,MACHURURIATI SECONDARY SCHOOL,Sub County,Mixed,
8512,43715123,SUNGUTUTA SECONDARY SCHOOL,Sub County,Mixed,
8513,43715124,NYARIACHO SECONDARY SCHOOL,Sub County,Mixed,
8514,43715125,ST. YUVINALIS NYAMAKOROTO SEC. SCHOOL,Sub County,Mixed,
8515,43715126,RIOSIAGO SECONDARY SCHOOL,Sub County,Mixed,
8516,43715127,RIOOGA SECONDARY SCHOOL,Sub County,Mixed,
8517,43715128,KARANTINI SDA SECONDARY SCHOOL,Sub County,Mixed,
8518,43715129,ST. ALBERT'S GIRANGO SECONDARY SCHOOL,Sub County,Mixed,
8519,43715130,ST. LUKE'S NYASUMI D.O.K. SECONDARY SCHOOL,Sub County,Mixed,
8520,43715131,BOCHARIA PAG MIXED SECONDARY SCHOOL,Sub County,Mixed,
8521,43715132,RIOMANGA DEB SECONDARY SCHOOL,Sub County,Mixed,
8522,43715133,NYAIBASA MIXED SECONDARY SCHOOL,Sub County,Mixed,
8523,43720102,ST. JOSEPH'S LIETEGO,Sub County,Mixed,
8524,43720105,RIGOKO SECONDARY SCHOOL,Sub County,Mixed,
8525,43720112,ST. PATRICK KAHAWA SECONDARY SCHOOL,Sub County,Mixed,
8526,43720115,ITUMBE SDA MIXED SECONDARY SCHOOL,Sub County,Mixed,
8527,43720116,ST. JAMES NYARONDE SECONDARY SCHOOL,Sub County,Mixed,
8528,43720118,KINENI MIXED SECONDARY SCHOOL,Sub County,Mixed,
8529,43720120,MOGUSII SECONDARY SCHOOL,Sub County,Mixed,
8530,43720122,A.I.C GIETAI SECONDARY SCHOOL,Sub County,Girls,
8531,43720123,2 0T2IN0D KECRPEET SI ESCEOCNODNADRAYR YSC SHCOHOOLO CLHOICES LIST,Sub County,Mixed,
8532,43720124,KEGINGA SECONDARY SCHOOL,Sub County,Mixed,
8533,43720125,ONSANDO GIRLS DEB SECONDARY SCHOOL,Sub County,Girls,
8534,43720128,MAGURA SECONDARY SCHOOL,Sub County,Mixed,
8535,43722105,IRIANYI SECONDARY SCHOOL,Sub County,Mixed,
8536,43722106,NYAGUKU SECONDARY SCHOOL,Sub County,Mixed,
8537,43722108,MIRIRI SECONDARY SCHOOL,Sub County,Mixed,
8538,43722109,SENGERA MANGA SECONDARY SCHOOL,Sub County,Mixed,
8539,43722110,MORAKO SECONDARY SCHOOL,Sub County,Mixed,
8540,43722111,ST.MARY'S EKERUBO SECONDARY SCHOOL,Sub County,Mixed,
8541,43722112,IKONGE S.D.A. SECONDARY SCHOOL,Sub County,Mixed,
8542,43722113,MOKWERERO SECONDARY SCHOOL,Sub County,Mixed,
8543,43722114,GEKE SECONDARY SCHOOL,Sub County,Mixed,
8544,43722115,KIABIRAA SECONDARY SCHOOL,Sub County,Mixed,
8545,43722116,BOGWENDO SECONDARY SCHOOL,Sub County,Mixed,
8546,43722117,MOKOMONI SDA SECONDARY SCHOOL,Sub County,Mixed,
8547,43722118,ST. PAUL'S MANGA - OROTUBA SECONDARY SCHOOL,Sub County,Mixed,
8548,43722119,OGANGO SDA MIXED SECONDARY SCHOOL,Sub County,Mixed,
8549,43722120,KIENDEGE SECONDARY SCHOOL,Sub County,Mixed,
8550,43722121,GESURE E.L.C.K SECONDARY SCHOOL,Sub County,Mixed,
8551,43722122,IKOBE MIXED SECONDARY SCHOOL,Sub County,Mixed,
8552,43722123,ST. PAUL'S NYACHICHI SECONDARY SCHOOL,Sub County,Mixed,
8553,43722124,NYAISA MANGA SECONDARY SCHOOL,Sub County,Mixed,
8554,43722126,ST THOMAS GEKANO MIXED SECONDARY SCHOOL,Sub County,Mixed,
8555,43722127,TOMBE MIXED SECONDARY SCHOOL,Sub County,Mixed,
8556,43722129,ST. ANDREW'S NYAMWANGA D.O.K SECONDARY SCHOOL,Sub County,Mixed,
8557,43722131,ST. ANDREWS NYABIGEGE MIXED SECONDARY SCHOOL,Sub County,Mixed,
8558,43722133,KENYERERE P.A.G MIXED SECONDARY SCHOOL,Sub County,Mixed,
8559,43722134,2 0S2T0. AKLCEPNEX SAENCDOENRD MARIXYE SDC SHEOCOOLN CDHAORIYC ESSC LHISOTOL-KIOMAKONDO,Sub County,Mixed,
8560,43722135,SENGERERI MIXED SECONDARY SCHOOL,Sub County,Mixed,
8561,43728101,KEA SECONDARY SCHOOL,Sub County,Mixed,
8562,43728103,NYAIRANGA MIXED SECONDARY SCHOOL,Sub County,Mixed,
8563,43728104,KENGUSO SECONDARY SCHOOL,Sub County,Mixed,
8564,43728108,MAAGONGA SECONDARY SCHOOL,Sub County,Mixed,
8565,43728109,NYANGOGE SECONDARY SCHOOL,Sub County,Mixed,
8566,43728110,ENDIBA TECH SECONDARY SCHOOL,Sub County,Mixed,
8567,43728112,ENKINDA SDA SECONDARY SCHOOL,Sub County,Mixed,
8568,43728113,EGENTUBI MIXED SECONDARY SCHOOL,Sub County,Mixed,
8569,43728115,NYAGOKIANI SECONDARY SCHOOL,Sub County,Boys,
8570,43728116,NYAMWANCHANIA PAG SECONDARY SCHOOL,Sub County,Mixed,
8571,43728117,ST. JOHN NYAKWEREMA SECONDARY SCHOOL,Sub County,Mixed,
8572,43728118,KENYORO ELCK SECONDARY SCHOOL,Sub County,Mixed,
8573,43728119,ST. FRANCIS KEREMA SECONDARY SCHOOL,Sub County,Mixed,
8574,43728121,ST PAUL OMONAYO SECONDARY SCHOOL,Sub County,Mixed,
8575,43728122,NYAMAURO SECONDARY SCHOOL,Sub County,Mixed,
8576,43728123,OMORARE P.A.G MIXED TECH SECONDARY SCHOOL,Sub County,Mixed,
8577,43728124,MOTE OGUTO P.A.G SECONDARY SCHOOL,Sub County,Mixed,
8578,43728125,NYASIO ELCK GIRLS SECONDARY SCHOOL,Sub County,Girls,
8579,43728126,ST. CLARE GEKENDO GIRLS SECONDARY SCHOOL,Sub County,Girls,
8580,43728127,ST. PAUL TOMBE TECHNICAL SECONDARY SCHOOL,Sub County,Mixed,
8581,43728128,NSICHA DEB SECONDARY SCHOOL,Sub County,Mixed,
8582,43728130,OUR LADY OF MERCY IBARA SECONDARY SCHOOL,Sub County,Mixed,
8583,43728131,ST. THERESA OMONONO SECONDARY SCHOOL,Sub County,Mixed,
8584,43728132,ITERESI DEB SECONDARY SCHOOL,Sub County,Mixed,
8585,43728201,NYAMBIRI SDA SECONDARY SCHOOL,Sub County,Mixed,
8586,43728202,NYAKENIMO SECONDARY SCHOOL,Sub County,Mixed,
8587,43728203,2 0N2T0A NKCAP SEE SCEOCNODNADRAYR SYC SHCOHOOLOL CHOICES LIST,Sub County,Mixed,
8588,43728204,ERONGE DEB SECONDARY SCHOOL,Sub County,Mixed,
8589,43728205,FR. KAISSER NYAMONGE SECONDARY SCHOOL,Sub County,Mixed,
8590,43728206,MOCHENWA F.P.F.K. SECONDARY SCHOOL,Sub County,Mixed,
8591,43728208,MISAMBI SECONDARY SCHOOL,Sub County,Mixed,
8592,43728211,GEKONGE SECONDARY SCHOOL,Sub County,Mixed,
8593,43728212,IKAMU SECONDARY SCHOOL,Sub County,Mixed,
8594,43728213,GISAGE SECONDARY SCHOOL,Sub County,Mixed,
8595,43728214,RIOMEGO SDA SECONDARY SCHOOL,Sub County,Mixed,
8596,43728215,MATONGO LUTHERAN SECONDARY SCHOOL,Sub County,Mixed,
8597,43728217,RIOMEGO P.A.G SECONDARY SCHOOL,Sub County,Mixed,
8598,43728218,ST. PETER'S NYAKENYOMISIA SECONDARY SCHOOL,Sub County,Mixed,
8599,43728219,EGETONTO SECONDARY SCHOOL,Sub County,Mixed,
8600,43728220,ST. MONICA MAGERI MIXED SECONDARY SCHOOL,Sub County,Mixed,
8601,43728221,GETARE MIXED SECONDARY SCHOOL,Sub County,Mixed,
8602,43728222,ESANIGE MIXED TECHNICAL SECONDARY SCHOOL,Sub County,Mixed,
8603,43728223,ST. JOSEPH NYANCHOKA SECONDARY SCHOOL,Sub County,Mixed,
8604,43728224,GITWEBE DEB SECONDARY SCHOOL,Sub County,Mixed,
8605,44707104,KAKRAO MIXED SECONDARY SCHOOL,Sub County,Mixed,
8606,44707110,WASIO MIXED SECONDARY SCHOOL,Sub County,Mixed,
8607,44707117,NGEGE GOT KACHACHA SECONDARY SCHOOL,Sub County,Mixed,
8608,44707119,ST. MICHAEL NYARONGI MIXED SECONDARY SCHOOL,Sub County,Mixed,
8609,44707122,ONYALO MIXED SECONDARY SCHOOL,Sub County,Mixed,
8610,44707124,NYANGO MIXED SECONDARY SCHOOL,Sub County,Mixed,
8611,44707127,UGARI MIXED SECONDARY SCHOOL,Sub County,Mixed,
8612,44707131,GOT KACHOLA MIXED SECONDARY SCHOOL,Sub County,Mixed,
8613,44707132,MAGINA (F.A.M) MIXED SECONDARY SCHOOL,Sub County,Mixed,
8614,44707133,GOD NGOCHE GIRLS' SECONDARY SCHOOL,Sub County,Girls,
8615,44707134,2 0N2Y0IK KECNPDEO S EMCIOXENDD ASERCY OSNCHDOAROYL SCHCHOOICOELS LIST,Sub County,Mixed,
8616,44707135,SILING MIXED SECONDARY SCHOOL,Sub County,Mixed,
8617,44707137,MAPERA MIXED SECONDARY SCHOOL,Sub County,Mixed,
8618,44707138,KIKOMA SECONDARY SCHOOL,Sub County,Mixed,
8619,44707140,RADIENYA GIRLS SECONDARY SCHOOL,Sub County,Girls,
8620,44707144,MWACHI SECONDARY SCHOOL,Sub County,Mixed,
8621,44707145,WARISIA MIXED DAY SECONDARY SCHOOL,Sub County,Mixed,
8622,44707147,NYAMONGO SECONDARY SCHOOL,Sub County,Mixed,
8623,44707148,RAYUDHI SECONDARY SCHOOL,Sub County,Mixed,
8624,44707151,KOKACH MIXED SECONDARY SCHOOL,Sub County,Mixed,
8625,44707153,TING'NA MIXED SECONDARY SCHOOL,Sub County,Mixed,
8626,44707157,WITHARAGA MIXED SECONDARY SCHOOL,Sub County,Mixed,
8627,44707160,KORWA MIXED SECONDARY SCHOOL,Sub County,Mixed,
8628,44707162,ST.GEORGE KILIMANJARO MIXED DAY SECONDARY SCHOOL,Sub County,Mixed,
8629,44708106,CHACHA MORONGE SORORE MIXED SECONDARY SCHOOL,Sub County,Mixed,
8630,44708107,GOKEHARAKA MIXED SECONDARY SCHOOL,Sub County,Mixed,
8631,44708108,NYAMETABURO MIXED SECONDARY SCHOOL,Sub County,Mixed,
8632,44708109,KURUTIYANGE MIXED SECONDARY SCHOOL,Sub County,Mixed,
8633,44708110,NYAMOTAMBE MIXED SECONDARY SCHOOL,Sub County,Mixed,
8634,44708112,KEHANCHA MIXED SECONDARY SCHOOL,Sub County,Mixed,
8635,44708113,NYAMAHARAGA MIXED SECONDARY SCHOOL,Sub County,Mixed,
8636,44708115,TARANG'ANYA GIRLS SECONDARY SCHOOL,Sub County,Girls,
8637,44708116,KOMOMANGE MIXED SECONDARY SCHOOL,Sub County,Mixed,
8638,44708117,NYABOKARANGE MIXED SECONDARY SCHOOL,Sub County,Mixed,
8639,44708118,KUGITURA MIXED SECONDARY SCHOOL,Sub County,Mixed,
8640,44708119,NYAMARANYA SECONDARY SCHOOL,Sub County,Mixed,
8641,44708120,VICTORIOUS SECONDARY SCHOOL,Sub County,Mixed,
8642,44708121,IGENA MIXED SECONDARY SCHOOL,Sub County,Mixed,
8643,44708122,2 0G2W0I KKCOPNEG SEE MCOIXNEDDA SREYC SOCNHDOAORLY C SHCOHIOCEOSL LIST,Sub County,Mixed,
8644,44708123,MASANGORA GIRLS SECONDARY SCHOOL,Sub County,Girls,
8645,44717109,MINYENYA MIXED SECONDARY SCHOOL,Sub County,Mixed,
8646,44717114,NYARACH MIXED DAY SECONDARY SCHOOL,Sub County,Mixed,
8647,44717116,ST. MARYS NYANGA'O MIXED SECONDARY SCHOOL,Sub County,Mixed,
8648,44717117,NYAMUGA MIXED SECONDARY SCHOOL,Sub County,Mixed,
8649,44717119,WINYO MIXED SECONDARY SCHOOL,Sub County,Mixed,
8650,44717120,"OUR LADY OF FATIMA, RAKWARO MIXED SECONDARY SCHOOL",Sub County,Mixed,
8651,44717122,ST. PATRICK'S KAMGUNDHO SECONDARY,Sub County,Mixed,
8652,44717123,OMWARE MIXED DAY SECONDARY SCHOOL,Sub County,Mixed,
8653,44717124,ST PETER'S OF WANGA MIXED SECONDARY SCHOOL,Sub County,Mixed,
8654,44717125,ST. AUGUSTINE ARUNDO MIXED SECONDARY SCHOOL,Sub County,Mixed,
8655,44717126,LANG'O AREK MIXED DAY SECONDARY SCHOOL,Sub County,Mixed,
8656,44717127,KAMAGAMBO MIXED DAY SECONDARY SCHOOL,Sub County,Mixed,
8657,44717128,ST JOSEPH'S TUK - JOWI GIRLS SECONDARY SCHOOL,Sub County,Girls,
8658,44717129,OPAPO SECONDARY SCHOOL,Sub County,Mixed,
8659,44717130,MATAGARO MIXED DAY SECONDARY SCHOOL,Sub County,Mixed,
8660,44717131,ST.JONATHAN MIXED SECONDARY SCHOOL,Sub County,Mixed,
8661,44717132,BANDA MIXED DAY AND BOARDING,Sub County,Mixed,
8662,44717133,KANGA MIXED SECONDARY SCHOOL,Sub County,Mixed,
8663,44717134,ST. PETERS KUNA MIXED SECONDARY SCHOOL,Sub County,Mixed,
8664,44717136,KANYIMACH MIXED SECONDARY SCHOOL,Sub County,Mixed,
8665,44717137,ST. ALBERT MIYARE MIXED SECONDARY SCHOOL,Sub County,Mixed,
8666,44717139,KOSODO MIXED SECONDARY SCHOOL,Sub County,Mixed,
8667,44717140,SANGO MIXED SECONDARY SCHOOL,Sub County,Mixed,
8668,44718203,KOMOTOBO SECONDARY SCHOOL,Sub County,Mixed,
8669,44718204,KEBAROTI SECONDARY SCHOOL,Sub County,Mixed,
8670,44718205,MAETA MIXED SECONDARY SCHOOL,Sub County,Mixed,
8671,44718206,2 0S2T0. AKGCNPEE SS EGCEOTNODNAGROYR SOCMHAO OSEL CCOHNODICAERSY LIST,Sub County,Mixed,
8672,44718207,KUGITIMO MIXED SECONDARY SCHOOL,Sub County,Mixed,
8673,44718208,SAKURI GIRLS' SECONDARY SCHOOL,Sub County,Girls,
8674,44718209,KIONYO MIXED SECONDARY SCHOOL,Sub County,Mixed,
8675,44718210,NYABIKONGORI SECONDARY SCHOOL,Sub County,Mixed,
8676,44729103,RABWAO SECONDARY SCHOOL,Sub County,Mixed,
8677,44729107,LWANDA MAGWAR SECONDARY SCHOOL,Sub County,Mixed,
8678,44729108,KANGA ONDITI MIXED SECONDARY SCHOOL,Sub County,Mixed,
8679,44729109,NYANGERE MIXED SECONDARY SCHOOL,Sub County,Mixed,
8680,44729110,ST. MONICA BONDO KOSIEMO,Sub County,Mixed,
8681,44729111,ST JOSEPH'S GUNGA MIXED SECONDARY SCHOOL,Sub County,Mixed,
8682,44729112,OLANDO MIXED SECONDARY SCHOOL,Sub County,Mixed,
8683,44729113,OKENGE MIXED SECONDARY SCHOOL,Sub County,Mixed,
8684,44729114,ST JOSEPH'S MODI MIXED SECONDARY SCHOOL,Sub County,Mixed,
8685,44729115,KIMAI MIXED SECONDARY SCHOOL,Sub County,Mixed,
8686,44729116,B.L. TEZZA SECONDARY SCHOOL,Sub County,Mixed,
8687,44729117,ST. GEMMA GIRLS HIGH SCHOOL,Sub County,Girls,
8688,44729118,ST. MARY'S WINJO SECONDARY SCHOOL,Sub County,Mixed,
8689,44729119,ANEKO MIXED SECONDARY SCHOOL,Sub County,Mixed,
8690,44729120,UNGOE SECONDARY SCHOOL,Sub County,Mixed,
8691,44729121,ST. GORETY MIKEI HIGH SCHOOL,Sub County,Mixed,
8692,44729122,OLASI MIXED SECONDARY SCHOOL,Sub County,Mixed,
8693,44729123,AMOYO MIXED SECONDARY SCHOOL,Sub County,Mixed,
8694,44729124,FR.JOSEPH OTATI MIXED SECONDARY SCHOOL,Sub County,Mixed,
8695,44729125,SENYE MIXED SECONDARY SCHOOL,Sub County,Mixed,
8696,44729126,SOTA SDA MIXED SECONDARY SCHOOL,Sub County,Mixed,
8697,44729127,NYANDAGO MIXED SECONDARY SCHOOL,Sub County,Mixed,
8698,44729129,OBWARE MIXED SECONDARY SCHOOL,Sub County,Mixed,
8699,44729130,2 0S2ID0I KKAC PSEE SCEOCNODNADRAYR SYC SHCOHOOLOL CHOICES LIST,Sub County,Mixed,
8700,44729131,ST. PAUL'S NYANKONDO MIXED SECONDARY SCHOOL,Sub County,Mixed,
8701,44729132,ST. JOSEPH'S ALENDO SECONDARY SCHOOL,Sub County,Mixed,
8702,44729133,MARIBA MIXED SECONDARY SCHOOL,Sub County,Mixed,
8703,44729134,ST. SABIANUS OWICH SECONDARY SCHOOL,Sub County,Mixed,
8704,44729136,KIBUON SECONDARY SCHOOL,Sub County,Mixed,
8705,44729137,KEA MIXED SECONDARY SCHOOL,Sub County,Mixed,
8706,44729138,OSIRI MIXED SECONDARY SCHOOL,Sub County,Mixed,
8707,44729139,ST. AGNES OKUODO MIXED SECONDARY SCHOOL,Sub County,Mixed,
8708,44729140,KUMONI MIXED SECONDARY SCHOOL,Sub County,Mixed,
8709,44729141,AKALA SECONDARY SCHOOL,Sub County,Mixed,
8710,44729142,NDIWA GIRLS SECONDARY SCHOOL,Sub County,Girls,
8711,44729143,OBOLO MIXED SECONDARY SCHOOL,Sub County,Mixed,
8712,44729144,KOPALA SECONDARY SCHOOL,Sub County,Mixed,
8713,44729145,OKAYO SECONDARY SCHOOL,Sub County,Mixed,
8714,44729146,PAULLO ODENDO SECONDARY SCHOOL,Sub County,Mixed,
8715,44729147,ST.JOHN'S GOT KACHOLA SECONDARY SCHOOL,Sub County,Mixed,
8716,44729148,OTHOCH RAKUOM SECONDARY SCHOOL,Sub County,Mixed,
8717,44729149,CHAMACHICHI S.D.A MIXED SECONDARY SCHOOL,Sub County,Mixed,
8718,44729150,RADIENYA HIGH SCHOOL,Sub County,Mixed,
8719,44729151,MIRIWI SECONDARY SCHOOL,Sub County,Mixed,
8720,44729152,ST. JACOB'S KOLANYA SECONDARY SCHOOL,Sub County,Mixed,
8721,44729153,ST THOMAS DIRUMA SECONDARY SCHOOL,Sub County,Mixed,
8722,44729154,ST. GABRIEL'S GOD KWACH SECONDARY SCHOOL,Sub County,Mixed,
8723,44729155,JANGOE MIXED SECONDARY SCHOOL,Sub County,Mixed,
8724,44729157,RABUOR KARUNGU MIXED SECONDARY SCHOOL,Sub County,Mixed,
8725,44729158,ST. PIUS GOT ORANGO SECONDARY SCHOOL,Sub County,Mixed,
8726,44729159,GOD KEYO SECONDARY SCHOOL,Sub County,Mixed,
8727,44736103,2 0C2H0U KNCGPEE MSEIXCEODN SDEACROYN SDCAHROYO SL CCHHOOOICLES LIST,Sub County,Mixed,
8728,44736104,ST.AUGUSTINE'S ANDINGO MIXED SECONDARY SCHOOL,Sub County,Mixed,
8729,44736105,BISHOP LINUS OKOK OSOGO SECONDARY SCHOOL,Sub County,Mixed,
8730,44736106,ST. LINUS KOYIEKO SECONDARY SCHOOL,Sub County,Mixed,
8731,44736107,OYANI MIXED SECONDARY SCHOOL,Sub County,Mixed,
8732,44736108,GOD SIBUOCHE MIXED DAY SECONDARY SCHOOL,Sub County,Mixed,
8733,44736109,MASOGE SECONDARY SCHOOL,Sub County,Mixed,
8734,44736110,ST. ZABLON ONDOME MIXED DAY SECONDARY SCHOOL,Sub County,Mixed,
8735,44736112,BISHOP ANYOLO KORWA MIXED SECONDARY SCHOOL,Sub County,Mixed,
8736,44736113,MIDIDA MIXED DAY SECONDARY SCHOOL,Sub County,Mixed,
8737,44736114,MORI MIXED SECONDARY SCHOOL,Sub County,Mixed,
8738,44736115,KONDURU MIXED SECONDARY SCHOOL,Sub County,Mixed,
8739,44736116,ST.PAUL'S SECONDARY SCHOOL - OMBOO,Sub County,Mixed,
8740,44736117,ST.PETER'S CLEVERS KODUOGO MIXED SECONDARY SCHOOL,Sub County,Mixed,
8741,44736118,HURUMA DOLAR FAITH MIXED SECONDARY SCHOOL,Sub County,Mixed,
8742,44736119,ST. ALOYCE NYAMASARE SECONDARY SCHOOL,Sub County,Mixed,
8743,44736120,SIRO GIRLS SECONDARY SCHOOL,Sub County,Girls,
8744,44736122,ROMBE MIXED SECONDARY SCHOOL,Sub County,Mixed,
8745,44736202,MUKUYU SECONDARY SCHOOL,Sub County,Mixed,
8746,44736205,THIM JOPE MIXED SECONDARY SCHOOL,Sub County,Mixed,
8747,44736207,LWALA MIXED SECONDARY SCHOOL,Sub County,Mixed,
8748,44736208,KAMSAKI SALVATION ARMY GIRLS SECONDARY SCHOOL,Sub County,Girls,
8749,44736209,BISHOP OKINDA ACHUTH MIXED SECONDARY SCHOOL,Sub County,Mixed,
8750,44736210,BISHOP MAKARIOS KISUGUNUA MIXED SECONDARY SCHOOL,Sub County,Mixed,
8751,44736211,MANYONGE MIXED SECONDARY SCHOOL,Sub County,Mixed,
8752,44736212,KOLWAL MIXED SECONDARY SCHOOL,Sub County,Mixed,
8753,44736213,LUORO SECONDARY SCHOOL,Sub County,Mixed,
8754,44736214,KORONDO MIXED SECONDARY SCHOOL,Sub County,Mixed,
8755,44736215,2 0S2IG0I RKCAP PEA SGE CMOIXNEDDA SREYC SOCNHDOAORLY C SHCOHICOEOSL LIST,Sub County,Mixed,
8756,44739106,KOMOLORUME MIXED SECONDARY SCHOOL,Sub County,Mixed,
8757,44739107,KOGELO MIXED SECONDARY SCHOOL,Sub County,Mixed,
8758,44739110,PHARES OLUOCH KANINDO MIXED SECONDARY SCHOOL,Sub County,Mixed,
8759,44739112,ST. PAULINE MALUNGA MIXED SECONDARY SCHOOL,Sub County,Mixed,
8760,44739113,OGWAMRONDO HILL MIXED SECONDARY SCHOOL,Sub County,Mixed,
8761,44739114,RINYA MIXED SECONDARY SCHOOL,Sub County,Mixed,
8762,44739116,ST.MARK'S TOM MBOYA MIXED SECONDARY SCHOOL,Sub County,Mixed,
8763,44739117,ST.FRANCIS NG'ONGA SECONDARY SCHOOL,Sub County,Mixed,
8764,44739118,MICHELLE OBAMA KOGELO GIRLS SECONDARY SCHOOL,Sub County,Girls,
8765,44739119,RABUOR KOGELO MIXED SECONDARY SCHOOL,Sub County,Mixed,
8766,44739120,CANON APINDI MIXED DAY SECONDARY SCHOOL-AKOKO,Sub County,Mixed,
8767,44739121,ANGAGA MIXED DAY SCHOOL,Sub County,Mixed,
8768,44739122,RAYWER MIXED SECONDARY SCHOOL,Sub County,Mixed,
8769,44739123,ST JOSEPH'S BONGU MIXED SECONDARY SCHOOL,Sub County,Mixed,
8770,44739124,SONY SUGAR MIXED SECONDARY SCHOOL,Sub County,Mixed,
8771,44739203,GAMBA MIXED SECONDARY SCHOOL,Sub County,Mixed,
8772,44739204,YAGO MIXED SECONDARY SCHOOL,Sub County,Mixed,
8773,44739205,KANYASREGA NYOKAL SECONDARY SCHOOL,Sub County,Mixed,
8774,44739206,NYAKURU MIXED SECONDARY SCHOOL,Sub County,Mixed,
8775,44739208,KWOYO KODALO MIXED SECONDARY SCHOOL,Sub County,Mixed,
8776,44739210,BISHOP ODERA AGONGO SECONDARY SCHOOL,Sub County,Mixed,
8777,44739211,ST. MOURICE NYAROMBO MIXED SECONDARY SCHOOL,Sub County,Mixed,
8778,44739212,ST.GABRIEL SIRUTI SECONDARY SCHOOL,Sub County,Mixed,
8779,44739213,ST.NICHOLAS KOYIER MIXED SECONDARY SCHOOL,Sub County,Mixed,
8780,44739214,KWE MIXED SECONDARY SCHOOL,Sub County,Mixed,
8781,44739215,ST.PETER'S KODENY MIXED SECONDARY SCHOOL,Sub County,Mixed,
8782,44739216,RARUOWA KADERA MIXED SECONDARY SCHOOL,Sub County,Mixed,
8783,44739217,2 0O2M0B KACSPAE MSEIXCEODN SDEACROYN SDCAHROYO SLC CHHOOOICLES LIST,Sub County,Mixed,
8784,44739218,ST. MARY'S ANG'OGO MIXED SECONDARY SCHOOL,Sub County,Mixed,
8785,44744103,ST. ERIN RAHA MIXED SECONDARY SCHOOL,Sub County,Mixed,
8786,44744104,SAGERO MIXED SECONDARY SCHOOL,Sub County,Mixed,
8787,44744106,MAGONGO RIBE SECONDARY SCHOOL,Sub County,Mixed,
8788,44744109,BISHOP OKINDA HIGH SCHOOL,Sub County,Mixed,
8789,44744110,MASARA MIXED SECONDARY SCHOOL,Sub County,Mixed,
8790,44744111,BONDO NYIRONGE SECONDARY SCHOOL,Sub County,Mixed,
8791,44744112,MALERA MIXED SECONDARY SCHOOL,Sub County,Mixed,
8792,44744114,MIGORI TOWNSHIP COMPLEX SECONDARY SCHOOL,Sub County,Mixed,
8793,44744115,KITABAYE MIXED SECONDARY SCHOOL,Sub County,Mixed,
8794,44744116,RAMOYA MARANATHA MIXED SECONDARY SCHOOL,Sub County,Mixed,
8795,44744117,MACHICHA MIXED SECONDARY SCHOOL,Sub County,Mixed,
8796,44744119,LWALA GIRIBE MIXED SECONDARY SCHOOL,Sub County,Mixed,
8797,44744120,SIBUOCHE MIXED SECONDARY SCHOOL,Sub County,Mixed,
8798,44744122,NYASOKO SECONDARY SCHOOL,Sub County,Mixed,
8799,44744123,MUBACHI SECONDARY SCHOOL,Sub County,Mixed,
8800,44744126,MAGOTO MIXED SECONDARY SCHOOL,Sub County,Mixed,
8801,44744127,NYAMOME SECONDARY SCHOOL,Sub County,Mixed,
8802,44744128,ST CELESTINO NYANGUBO GIRLS SECONDARY SCHOOL,Sub County,Girls,
8803,44746102,ST. JOSEPH`S NTIMARU SECONDARY SCHOOL,Sub County,Mixed,
8804,44746103,KWIBANCHA GIRLS SECONDARY SCHOOL,Sub County,Girls,
8805,44746104,GWITEMBE MIXED SECONDARY SCHOOL,Sub County,Mixed,
8806,44746105,WANGIRABOSE MIXED SECONDARY SCHOOL,Sub County,Mixed,
8807,44746106,ST FRANCIS OF ASSIS SIABAI MIXED SECONDARY SCHOOL,Sub County,Mixed,
8808,44746107,MAKARARANGWE SECONDARY SCHOOL,Sub County,Mixed,
8809,44746108,ITONGO MIXED SECONDARY SCHOOL,Sub County,Mixed,
8810,44746109,KWIHO MIXED SECONDARY SCHOOL,Sub County,Mixed,
8811,44746110,2 0T2A0R AKGCPAEI MSEIXCEODN SDEACROYN SDCAHROYO SL CCHHOOOICLES LIST,Sub County,Mixed,
8812,44748001,NYANKORE SECONDARY SCHOOL,Sub County,Mixed,
8813,44748002,GETONG'ANYA MIXED SECONDARY SCHOOL,Sub County,Mixed,
8814,44748003,NYAMAGAGANA MIXED SECONDARY SCHOOL,Sub County,Mixed,
8815,44748005,KOMBE SECONDARY SCHOOL,Sub County,Mixed,
8816,44748006,ST. AUGUSTINE MOTEMORABU SECONDARY SCHOOL,Sub County,Mixed,
8817,44748007,NYANGOGE MIXED SECONDARY SCHOOL,Sub County,Mixed,
8818,44748008,NGISIRU MIXED SECONDARY SCHOOL,Sub County,Mixed,
8819,44748010,KUGISINGISI MIXED SECONDARY SCHOOL,Sub County,Mixed,
8820,44748012,DR. MACHAGE MOHETO MIXED SECONDARY SCHOOL,Sub County,Mixed,
8821,44748014,ST.THOMAS AQUINAS KOMOSOKO SECONDARY SCHOOL,Sub County,Mixed,
8822,44748017,KUBWEYE SECONDARY SCHOOL,Sub County,Mixed,
8823,44748019,IRAHA MIXED SECONDARY SCHOOL,Sub County,Mixed,
8824,44748020,MASABA BOYS SECONDARY SCHOOL,Sub County,Boys,
8825,44748022,MATHIAS NYANCHABO GIRLS SECONDARY SCHOOL,Sub County,Girls,
8826,44748081,ST. MATHIAS NYAMOSENSE MIXED SECONDARY SCHOOL,Sub County,Mixed,
8827,45801105,UMUSALAMA GIRLS' SECONDARY SCHOOL,Sub County,Girls,
8828,45801109,BOYS TOWN SECONDARY,Sub County,Boys,
8829,45801110,IFTIN GIRLS SECONDARY SCHOOL,Sub County,Girls,
8830,45801111,TETU SECONDARY SCHOOL,Sub County,Boys,
8831,45801127,YATHRIB GIRLS SECONDARY SCHOOL,Sub County,Girls,
8832,45801128,AL-RAWDAH HIGH SCHOOL,Sub County,Mixed,
8833,45801130,MUZDALIFA INTERGRATED GIRLS HIGH SCHOOL,Sub County,Girls,
8834,45801132,WORLDVIEW HIGH SCHOOL,Sub County,Mixed,
8835,45801139,TUMAINI SECONDARY SCHOOL,Sub County,Boys,
8836,45804102,YUSUF HAJI GIRLS SECONDARY SCHOOL,Sub County,Girls,
8837,45804103,COUNTY COUNCIL MIXED SECONDARY SCHOOL,Sub County,Mixed,
8838,45804201,IJARA SECONDARY SCHOOL,Sub County,Mixed,
8839,45805103,2 0S2H0A KNCTPAEB ASEQC SOENCDOANRDYA SRCYH SOCOHLO COHLOICES LIST,Sub County,Boys,
8840,45806104,SHILL SECONDARY SCHOOL,Sub County,Boys,
8841,45806301,GALMAGALA MIXED BOARDING SECONDARY SCHOOL,Sub County,Mixed,
8842,45815108,HAJI IDRIS GIRLS SECONDARY SCHOOL,Sub County,Girls,
8843,45816104,SANKURI GIRLS SECONDARY SCHOOL,Sub County,Girls,
8844,45816105,RAHOLE GIRLS SECONDARY SCHOOL,Sub County,Girls,
8845,46802012,MAKAROR MIXED DAY SECONDARY SCHOOL,Sub County,Mixed,
8846,46802013,SHALETEY MIXED DAY SECONDARY SCHOOL,Sub County,Mixed,
8847,46802014,BARWAQO MIXED DAY SECONDARY SCHOOL,Sub County,Mixed,
8848,46802104,FURAHA MIXED DAY SECONDARY SCHOOL,Sub County,Mixed,
8849,46802106,WABERI MIXED DAY SECONDARY SCHOOL,Sub County,Mixed,
8850,46802108,THE FAULU SECONDARY SCHOOL,Sub County,Mixed,
8851,46802109,AHMED LIBAN SECONDARY SCHOOL,Sub County,Mixed,
8852,46807103,BUTE MIXED DAY SECONDARY SCHOOL,Sub County,Mixed,
8853,46808103,HADADO SECONDARY SCHOOL,Sub County,Boys,
8854,46808104,ADEMASAJIDA MIXED DAY SECONDARY SCHOOL,Sub County,Mixed,
8855,46808106,LAGBOGOL SECONDARY SCHOOL,Sub County,Boys,
8856,46808107,ARBAJAHAN MIXED SECONDARY SCHOOL,Sub County,Mixed,
8857,46809101,LEHELEY SECONDARY SCHOOL,Sub County,Mixed,
8858,46809201,DIIF SECONDARY SCHOOL,Sub County,Mixed,
8859,46813101,ELDAS SECONDARY SCHOOL,Sub County,Boys,
8860,46813102,ELDAS GIRLS SECONDARY SCHOOL,Sub County,Girls,
8861,46813103,TULA TULA SECONDARY SCHOOL,Sub County,Boys,
8862,46813104,ELNUR MIXED SECONDARY SCHOOL,Sub County,Mixed,
8863,46819101,BUNA SECONDARY SCHOOL,Sub County,Boys,
8864,46819102,BUNA GIRLS SECONDARY SCHOOL,Sub County,Girls,
8865,46820103,HABASWEIN MIXED DAY SECONDARY SCHOOL,Sub County,Mixed,
8866,46820105,BIYAMATHOW MIXED DAY AND BOARDING SECONDARY SCHOOL,Sub County,Mixed,
8867,46820106,2 0IN2S0H KACAPLEL SAEHC HOINGDHA SRCYH SOCOHLOOL CHOICES LIST,Sub County,Mixed,
8868,46820107,ABAKORE MIXED DAY SECONDARY SCHOOL,Sub County,Mixed,
8869,46820108,SABULI MIXED DAY&BOARDING SECONDARY SCHOOL,Sub County,Mixed,
8870,47803107,BARWAQO BOYS DAY SECONDARY SCHOOL,Sub County,Boys,
8871,47803109,KHADIJA GIRLS DAY SECONDARY SCHOOL,Sub County,Girls,
8872,47803110,BURUBURU DAY BOYS SECONDARY SCHOOL,Sub County,Boys,
8873,47803115,KAMOR SECONDARY SCHOOL,Sub County,Mixed,
8874,47803117,DUSE BOYS SECONDARY SCHOOL,Sub County,Boys,
8875,47803121,MANDERA DIMTU GIRLS SECONDARY SCHOOL,Sub County,Girls,
8876,47803123,AL-BUKHARI MIXED SECONDARY SCHOOL,Sub County,Mixed,
8877,47810104,TAKABA DAY MIXED SECONDARY SCHOOL,Sub County,Mixed,
8878,47810107,DARWED MIXED SECONDARY SCHOOL,Sub County,Mixed,
8879,47811102,EL-HAGARSU MIXED DAY SECONDARY SCHOOL,Sub County,Mixed,
8880,47811105,DARUL HIKMA DAY HIGH SCHOOL,Sub County,Mixed,
8881,47811302,GOLOLBIA GIRLS SECONDARY SCHOOL,Sub County,Girls,
8882,47811401,SHIMBIR FATUMA MIXED SECONDARY SCHOOL,Sub County,Mixed,
8883,47812104,RHAMU DAY SECONDARY SCHOOL,Sub County,Mixed,
8884,47812205,OLLA BOYS SECONDARY SCHOOL,Sub County,Boys,
8885,47817102,BANISA MIXED SECONDARY,Sub County,Mixed,
8886,47817105,BANISA GIRLS SECONDARY SCHOOL,Sub County,Girls,
8887,47822102,BOREHOLE 11 SECONDARY SCHOOL,Sub County,Mixed,
8888,47823101,KILIWEHIRI BOYS SECONDARY SCHOOL,Sub County,Boys,
8889,03106102,KHAMIS SECONDARY SCHOOL,Sub County,Boys,
8890,03106104,COAST GIRLS HIGH SCHOOL,Sub County,Girls,
