County Name,Sub County Name,Institution Name
Baringo,BARINGO CENTRAL,AIC VISA OSHWAL
Baringo,BARINGO CENTRAL,BAKWANIN
Baringo,BARINGO CENTRAL,BEKIBON
Baringo,BARINGO CENTRAL,BOKORIN
Baringo,BARINGO CENTRAL,BOROWONIN
Baringo,BARINGO CENTRAL,BOSIN
Baringo,BARINGO CENTRAL,BUIWON
Baringo,BARINGO CENTRAL,Chebunyur Primary
Baringo,BARINGO CENTRAL,CHEPLONGON
Baringo,BARINGO CENTRAL,CHEPLONGON
Baringo,BARINGO CENTRAL,CHESONGO
Baringo,BARINGO CENTRAL,EITUI
Baringo,BARINGO CENTRAL,EMOM
Baringo,BARINGO CENTRAL,ERON
Baringo,BARINGO CENTRAL,ILLIAGAT
Baringo,BARINGO CENTRAL,KABARBARMA
Baringo,BARINGO CENTRAL,KABARNET DEAF BLIND SP
Baringo,BARINGO CENTRAL,KABASIS D B
Baringo,BARINGO CENTRAL,KABIRMET
Baringo,BARINGO CENTRAL,KABIRMOI
Baringo,BARINGO CENTRAL,KABOCHONY
Baringo,BARINGO CENTRAL,KAISO
Baringo,BARINGO CENTRAL,KAKWANE
Baringo,BARINGO CENTRAL,KAMGOIN
Baringo,BARINGO CENTRAL,KAMUMA
Baringo,BARINGO CENTRAL,KAMWEN
Baringo,BARINGO CENTRAL,KAPCHEMON
Baringo,BARINGO CENTRAL,KAPCHEREBET
Baringo,BARINGO CENTRAL,KAPCHOMUSO
Baringo,BARINGO CENTRAL,KAPKATIT
Baringo,BARINGO CENTRAL,KAPKELELWA
Baringo,BARINGO CENTRAL,KAPKENGELEL
Baringo,BARINGO CENTRAL,KAPKIAI
Baringo,BARINGO CENTRAL,KAPKOIBAI
Baringo,BARINGO CENTRAL,KAPKOKWON PRI
Baringo,BARINGO CENTRAL,KAPKOMOI
Baringo,BARINGO CENTRAL,KAPKONY
Baringo,BARINGO CENTRAL,KAPKUT
Baringo,BARINGO CENTRAL,KAPLEL
Baringo,BARINGO CENTRAL,KAPLOP
Baringo,BARINGO CENTRAL,KAPLOTEN
Baringo,BARINGO CENTRAL,Kaprogonya Primary School
Baringo,BARINGO CENTRAL,KAPROPITA
Baringo,BARINGO CENTRAL,KAPSIGORIAN
Baringo,BARINGO CENTRAL,KAPSOGO
Baringo,BARINGO CENTRAL,KAPSOO
Baringo,BARINGO CENTRAL,KAPTALAM
Baringo,BARINGO CENTRAL,KAPTARA
Baringo,BARINGO CENTRAL,KAPTENO PRIMARY
Baringo,BARINGO CENTRAL,KAPTICH
Baringo,BARINGO CENTRAL,KAPTIEN
Baringo,BARINGO CENTRAL,KAPTIMBOR
Baringo,BARINGO CENTRAL,KAPTOROKWO
Baringo,BARINGO CENTRAL,KAPTUMO
Baringo,BARINGO CENTRAL,KAPYEMIT
Baringo,BARINGO CENTRAL,KASERET PRIMARY SCHOOL
Baringo,BARINGO CENTRAL,KASORE
Baringo,BARINGO CENTRAL,Katkamuma Primary
Baringo,BARINGO CENTRAL,KATUNOI
Baringo,BARINGO CENTRAL,KESETAN
Baringo,BARINGO CENTRAL,KETINDUI
Baringo,BARINGO CENTRAL,KEWAMOI
Baringo,BARINGO CENTRAL,KIBOI
Baringo,BARINGO CENTRAL,KIBOINO
Baringo,BARINGO CENTRAL,KIMAGOK
Baringo,BARINGO CENTRAL,KIMOSO
Baringo,BARINGO CENTRAL,KIMOTANY
Baringo,BARINGO CENTRAL,KIPKAECH B D
Baringo,BARINGO CENTRAL,KIPKUTUNY
Baringo,BARINGO CENTRAL,KIPLABAL
Baringo,BARINGO CENTRAL,KIPONJOS
Baringo,BARINGO CENTRAL,KIPSOIT
Baringo,BARINGO CENTRAL,KIPTILIT
Baringo,BARINGO CENTRAL,KISOK
Baringo,BARINGO CENTRAL,KISONEI
Baringo,BARINGO CENTRAL,KITUMBEI
Baringo,BARINGO CENTRAL,KITURO D/B
Baringo,BARINGO CENTRAL,Koisomo Primary school
Baringo,BARINGO CENTRAL,KOKORWONIN
Baringo,BARINGO CENTRAL,KONOIYO
Baringo,BARINGO CENTRAL,KOYORUS
Baringo,BARINGO CENTRAL,KURUMBOPSOO
Baringo,BARINGO CENTRAL,LELBATAI
Baringo,BARINGO CENTRAL,LELGUT
Baringo,BARINGO CENTRAL,MAGONOI
Baringo,BARINGO CENTRAL,MANAACH
Baringo,BARINGO CENTRAL,MBECHOT
Baringo,BARINGO CENTRAL,MOGORWA
Baringo,BARINGO CENTRAL,MOI TEACHERS
Baringo,BARINGO CENTRAL,MOI TIMOWO
Baringo,BARINGO CENTRAL,MUMOL
Baringo,BARINGO CENTRAL,NGETMOI
Baringo,BARINGO CENTRAL,NGOLONG
Baringo,BARINGO CENTRAL,OCHII
Baringo,BARINGO CENTRAL,Ochii school for the H.I
Baringo,BARINGO CENTRAL,PEMWAI
Baringo,BARINGO CENTRAL,Pemwai Special School
Baringo,BARINGO CENTRAL,RIWO
Baringo,BARINGO CENTRAL,ROSOBET
Baringo,BARINGO CENTRAL,SAIMET
Baringo,BARINGO CENTRAL,SALAWA
Baringo,BARINGO CENTRAL,SANGARAU SEC
Baringo,BARINGO CENTRAL,SEGUTON HILL
Baringo,BARINGO CENTRAL,SENETWO
Baringo,BARINGO CENTRAL,SERETON
Baringo,BARINGO CENTRAL,SERETUNIN
Baringo,BARINGO CENTRAL,SESYA
Baringo,BARINGO CENTRAL,SIRONOI
Baringo,BARINGO CENTRAL,SOROK
Baringo,BARINGO CENTRAL,SOSION
Baringo,BARINGO CENTRAL,TABARIN
Baringo,BARINGO CENTRAL,TALAI
Baringo,BARINGO CENTRAL,TANDUI
Baringo,BARINGO CENTRAL,TARTAR
Baringo,BARINGO CENTRAL,TEBEI
Baringo,BARINGO CENTRAL,TENGES
Baringo,BARINGO CENTRAL,TEREBEN
Baringo,BARINGO CENTRAL,TINOMOI
Baringo,BARINGO CENTRAL,TURKWO
Baringo,BARINGO CENTRAL,YEMO
Baringo,BARINGO NORTH,AIC KAPKARANI
Baringo,BARINGO NORTH,AIYEBO
Baringo,BARINGO NORTH,AKOROYAN
Baringo,BARINGO NORTH,ATIAR
Baringo,BARINGO NORTH,AYATYA
Baringo,BARINGO NORTH,BARBARCHUN
Baringo,BARINGO NORTH,BARKEBO
Baringo,BARINGO NORTH,BARKETIEW
Baringo,BARINGO NORTH,BARSISO
Baringo,BARINGO NORTH,BARSISO PRY SCHOOL
Baringo,BARINGO NORTH,BARTABWA D&B
Baringo,BARINGO NORTH,BARTARAGON
Baringo,BARINGO NORTH,BARTOGO
Baringo,BARINGO NORTH,BARTOLIMO
Baringo,BARINGO NORTH,BARTUM
Baringo,BARINGO NORTH,BARWESSA
Baringo,BARINGO NORTH,BIRETWONIN
Baringo,BARINGO NORTH,BIRINGWENY
Baringo,BARINGO NORTH,BOIN
Baringo,BARINGO NORTH,BORUIYO
Baringo,BARINGO NORTH,BOSSEI
Baringo,BARINGO NORTH,BURBURET
Baringo,BARINGO NORTH,CHAMBAI
Baringo,BARINGO NORTH,CHAPIN
Baringo,BARINGO NORTH,CHEBARSIAT
Baringo,BARINGO NORTH,CHEBUGAR
Baringo,BARINGO NORTH,CHEMINTANY
Baringo,BARINGO NORTH,CHEMURA
Baringo,BARINGO NORTH,CHEPKESIN
Baringo,BARINGO NORTH,CHEPKEW
Baringo,BARINGO NORTH,CHEPKEWEL
Baringo,BARINGO NORTH,CHEPTIGIT
Baringo,BARINGO NORTH,CHESANGICH
Baringo,BARINGO NORTH,EMBO RUTTO
Baringo,BARINGO NORTH,KABARBET
Baringo,BARINGO NORTH,KABARGOGE PRIMARY SCHOOL
Baringo,BARINGO NORTH,KABILANY
Baringo,BARINGO NORTH,KABIYEWO
Baringo,BARINGO NORTH,KABORON
Baringo,BARINGO NORTH,KAGIR
Baringo,BARINGO NORTH,KAIMOGOL
Baringo,BARINGO NORTH,KALABATA
Baringo,BARINGO NORTH,KALEL
Baringo,BARINGO NORTH,KAMOGOI
Baringo,BARINGO NORTH,KAMOTIONY
Baringo,BARINGO NORTH,KAMPI NYASI
Baringo,BARINGO NORTH,KAMWETIO
Baringo,BARINGO NORTH,KAMWETON
Baringo,BARINGO NORTH,KAPCHEPKISA
Baringo,BARINGO NORTH,KAPCHEPKOR
Baringo,BARINGO NORTH,KAPCHEPKULEI
Baringo,BARINGO NORTH,KAPKIAMO
Baringo,BARINGO NORTH,KAPKIRWOK
Baringo,BARINGO NORTH,KAPKOIWO
Baringo,BARINGO NORTH,KAPKOLE
Baringo,BARINGO NORTH,KAPKOMBE
Baringo,BARINGO NORTH,KAPKOMON
Baringo,BARINGO NORTH,KAPKWANG
Baringo,BARINGO NORTH,KAPLUK
Baringo,BARINGO NORTH,KAPTERE
Baringo,BARINGO NORTH,KAPTIGIT
Baringo,BARINGO NORTH,KAPTILOMWO
Baringo,BARINGO NORTH,KAPTIONY D& B
Baringo,BARINGO NORTH,KAPTOIN
Baringo,BARINGO NORTH,KAPTOROT
Baringo,BARINGO NORTH,KAPTUM
Baringo,BARINGO NORTH,KAPTUMIN
Baringo,BARINGO NORTH,KAPTURO
Baringo,BARINGO NORTH,KARIMO
Baringo,BARINGO NORTH,KASAKA
Baringo,BARINGO NORTH,KASESYA
Baringo,BARINGO NORTH,KASIBER
Baringo,BARINGO NORTH,KASIRMA
Baringo,BARINGO NORTH,KASISIT
Baringo,BARINGO NORTH,KASOK
Baringo,BARINGO NORTH,KATIBEL
Baringo,BARINGO NORTH,KELWONDONIN
Baringo,BARINGO NORTH,KETURWO
Baringo,BARINGO NORTH,KIBIRIOKWONIN
Baringo,BARINGO NORTH,KILINGOT
Baringo,BARINGO NORTH,KIMUGUL
Baringo,BARINGO NORTH,KINYACH
Baringo,BARINGO NORTH,KIPCHERERE
Baringo,BARINGO NORTH,KIPKAREN
Baringo,BARINGO NORTH,KIPKOLONY
Baringo,BARINGO NORTH,KIPSARAMAN
Baringo,BARINGO NORTH,KIPTAIWA
Baringo,BARINGO NORTH,KIPTILINGON
Baringo,BARINGO NORTH,KIPTOLELYO
Baringo,BARINGO NORTH,KIRINY-GALIA
Baringo,BARINGO NORTH,KITIBEI
Baringo,BARINGO NORTH,KOIBOWARE
Baringo,BARINGO NORTH,KOINDUI
Baringo,BARINGO NORTH,KOISERAT
Baringo,BARINGO NORTH,KOMBOSANG
Baringo,BARINGO NORTH,KONOO
Baringo,BARINGO NORTH,KORMOR
Baringo,BARINGO NORTH,KOROSECHUN
Baringo,BARINGO NORTH,KOROTO DAY AND BOARDING
Baringo,BARINGO NORTH,KOSILE
Baringo,BARINGO NORTH,KUIKUI D&B
Baringo,BARINGO NORTH,KURESCHUN
Baringo,BARINGO NORTH,LAKE KAMNOROK
Baringo,BARINGO NORTH,LAWAN
Baringo,BARINGO NORTH,LEKEPCHUN
Baringo,BARINGO NORTH,LIKWON
Baringo,BARINGO NORTH,LITEIN
Baringo,BARINGO NORTH,MAREGUT
Baringo,BARINGO NORTH,MARMAR
Baringo,BARINGO NORTH,MOI KABARTONJO D&B
Baringo,BARINGO NORTH,MOI KABARTONJO V.I SPECIAL SCHOOL
Baringo,BARINGO NORTH,MOIGUTWO
Baringo,BARINGO NORTH,MOINONIN
Baringo,BARINGO NORTH,MONDOI
Baringo,BARINGO NORTH,MORMORIO
Baringo,BARINGO NORTH,MUCHUKWO
Baringo,BARINGO NORTH,MURTERIT
Baringo,BARINGO NORTH,NGARATUKO
Baringo,BARINGO NORTH,NGEIWAN
Baringo,BARINGO NORTH,NUREGOI
Baringo,BARINGO NORTH,OSSEN
Baringo,BARINGO NORTH,RIMO
Baringo,BARINGO NORTH,RONDININ
Baringo,BARINGO NORTH,ROOT
Baringo,BARINGO NORTH,RORMOCH PRI
Baringo,BARINGO NORTH,ROSONDONIN
Baringo,BARINGO NORTH,SENEBO
Baringo,BARINGO NORTH,SEREMWO
Baringo,BARINGO NORTH,SESOI
Baringo,BARINGO NORTH,SIBILO
Baringo,BARINGO NORTH,SIBOO
Baringo,BARINGO NORTH,SOGOM
Baringo,BARINGO NORTH,SUMEIYON
Baringo,BARINGO NORTH,SUTIECHUN
Baringo,BARINGO NORTH,TERENIN
Baringo,BARINGO NORTH,TERIK
Baringo,BARINGO NORTH,TERMET
Baringo,BARINGO NORTH,TIBINGAR
Baringo,BARINGO NORTH,TILOI
Baringo,BARINGO NORTH,TIRIMIONIN
Baringo,BARINGO NORTH,TIRIONDONIN
Baringo,BARINGO NORTH,TOBOROI
Baringo,BARINGO NORTH,TOROKWONIN PRIMARY SCHOOL
Baringo,BARINGO NORTH,TOROLOKWONIN DAY AND BORDING
Baringo,BARINGO NORTH,TULUK
Baringo,BARINGO NORTH,TUNOIWO
Baringo,BARINGO NORTH,TURBEI
Baringo,BARINGO NORTH,TURUTURU
Baringo,BARINGO NORTH,YATIA D&B
Baringo,EAST POKOT,ADICH PRIMARY
Baringo,EAST POKOT,AIC AMAYA
Baringo,EAST POKOT,AIC AMAYA LIGHT OF LIFE BOARDING
Baringo,EAST POKOT,AKWICHATIS
Baringo,EAST POKOT,APAKISO PRIMARY
Baringo,EAST POKOT,BARPELLO PRIMARY
Baringo,EAST POKOT,CHEMAYES PRY
Baringo,EAST POKOT,CHEMERIL
Baringo,EAST POKOT,CHEMISIK PRIMARY
Baringo,EAST POKOT,CHEMNGARUA
Baringo,EAST POKOT,CHEMOLINGOT B PRI
Baringo,EAST POKOT,CHEMUNGUNA
Baringo,EAST POKOT,CHEMURO
Baringo,EAST POKOT,CHEPELION PRI
Baringo,EAST POKOT,CHEPELOW
Baringo,EAST POKOT,CHEPILAT
Baringo,EAST POKOT,CHEPKALACHA
Baringo,EAST POKOT,CHEPKUTAN
Baringo,EAST POKOT,CHEPTUNOYO
Baringo,EAST POKOT,CHEPTURU
Baringo,EAST POKOT,CHERUMBO
Baringo,EAST POKOT,CHESAKAM PRI
Baringo,EAST POKOT,CHESANAYAN PRIMARY
Baringo,EAST POKOT,CHESERET PRIMARY
Baringo,EAST POKOT,CHESIRIMION
Baringo,EAST POKOT,CHESITET
Baringo,EAST POKOT,CHEWARA PRI
Baringo,EAST POKOT,CHURO
Baringo,EAST POKOT,DIRA PRI
Baringo,EAST POKOT,DONYASA PRY
Baringo,EAST POKOT,EMBOSISTIT PRIMARY
Baringo,EAST POKOT,KACHILITWA
Baringo,EAST POKOT,KADOKOI
Baringo,EAST POKOT,KAISAKAT PRI
Baringo,EAST POKOT,KAMKAN
Baringo,EAST POKOT,KAMRIO PRI
Baringo,EAST POKOT,KAMUSUK
Baringo,EAST POKOT,KANGIRURU PRIMARY
Baringo,EAST POKOT,KAPTUYA
Baringo,EAST POKOT,KAPUNYANY PRI
Baringo,EAST POKOT,KASHOKON
Baringo,EAST POKOT,KASILANGWA
Baringo,EAST POKOT,KASITET
Baringo,EAST POKOT,KATAKON
Baringo,EAST POKOT,KATIKIT PRI
Baringo,EAST POKOT,KATUIT
Baringo,EAST POKOT,KATUNGURA PRIM
Baringo,EAST POKOT,KERELON PRIMARY
Baringo,EAST POKOT,KIPNAI PRIMARY
Baringo,EAST POKOT,KIPNGAL
Baringo,EAST POKOT,KITAILEM
Baringo,EAST POKOT,KOKWOTOTO
Baringo,EAST POKOT,KOLOA PRI
Baringo,EAST POKOT,KOMOLION
Baringo,EAST POKOT,KORECACH PRIMARY
Baringo,EAST POKOT,KOSITEI
Baringo,EAST POKOT,KRESIA
Baringo,EAST POKOT,LEMUYEK
Baringo,EAST POKOT,LOIWAT BOARDING PRI
Baringo,EAST POKOT,LOMERIMERI
Baringo,EAST POKOT,LOMORTOU
Baringo,EAST POKOT,LOMUGE
Baringo,EAST POKOT,LORWATUM
Baringo,EAST POKOT,LOSIKIRIAMOI
Baringo,EAST POKOT,LOTITA
Baringo,EAST POKOT,LOYEYA
Baringo,EAST POKOT,LOYEYA PRI
Baringo,EAST POKOT,MAKANY
Baringo,EAST POKOT,MARRAM
Baringo,EAST POKOT,MATUNDA
Baringo,EAST POKOT,MENDERA
Baringo,EAST POKOT,MEVTO PRIMARY
Baringo,EAST POKOT,MURTENA
Baringo,EAST POKOT,NACHURUR
Baringo,EAST POKOT,NAKOKO
Baringo,EAST POKOT,NALEKAT PRIMARY
Baringo,EAST POKOT,NALUKULUONGIN PRI
Baringo,EAST POKOT,NANGARUA
Baringo,EAST POKOT,NAPEKORE
Baringo,EAST POKOT,NASOROT
Baringo,EAST POKOT,NASUR
Baringo,EAST POKOT,NATAN
Baringo,EAST POKOT,NGAINA
Baringo,EAST POKOT,NGAIWA PRI
Baringo,EAST POKOT,NGINYANG BOARDING
Baringo,EAST POKOT,NGORON BOARFDING PRI
Baringo,EAST POKOT,NYALILPICH
Baringo,EAST POKOT,NYAUNYAU
Baringo,EAST POKOT,ORUS PRI
Baringo,EAST POKOT,ORUSION
Baringo,EAST POKOT,PKAGHIT PRI
Baringo,EAST POKOT,PLESIAN B
Baringo,EAST POKOT,PTIKII PRIMARY
Baringo,EAST POKOT,PUTERO
Baringo,EAST POKOT,RIONGO
Baringo,EAST POKOT,ROTU PRI
Baringo,EAST POKOT,SERETION
Baringo,EAST POKOT,SERONU
Baringo,EAST POKOT,SILOLU
Baringo,EAST POKOT,SOSION
Baringo,EAST POKOT,ST MARY’S KAKAPUL PRI
Baringo,EAST POKOT,SUKUT PRIMARY
Baringo,EAST POKOT,SUNRISE
Baringo,EAST POKOT,TAMKAL PRY
Baringo,EAST POKOT,TEBELEKWO
Baringo,EAST POKOT,TUKOMOI PRI
Baringo,EAST POKOT,TUWO
Baringo,KOIBATEK,ARAMA
Baringo,KOIBATEK,BENONIN
Baringo,KOIBATEK,BIK KWEN
Baringo,KOIBATEK,BOITO
Baringo,KOIBATEK,CHEMESWON
Baringo,KOIBATEK,CHEMUSUSU
Baringo,KOIBATEK,CHEPTILILIK PRIMARY
Baringo,KOIBATEK,CHERAIK
Baringo,KOIBATEK,E/RAVINE BOARDING
Baringo,KOIBATEK,EMKWEN
Baringo,KOIBATEK,EMKWEN PRIMARY
Baringo,KOIBATEK,EQUATOR
Baringo,KOIBATEK,GITHIORO
Baringo,KOIBATEK,IGURE
Baringo,KOIBATEK,IGURE
Baringo,KOIBATEK,IGURE
Baringo,KOIBATEK,J K MOI KABURWO
Baringo,KOIBATEK,KABIMOI
Baringo,KOIBATEK,KABIYET
Baringo,KOIBATEK,KABOR
Baringo,KOIBATEK,KAMASABA
Baringo,KOIBATEK,KAMELILO
Baringo,KOIBATEK,KAMNGOECH
Baringo,KOIBATEK,KAMURA
Baringo,KOIBATEK,KANJULUL
Baringo,KOIBATEK,KAPCHOLOI
Baringo,KOIBATEK,KAPKITET
Baringo,KOIBATEK,KAPNGEMUI
Baringo,KOIBATEK,KAPROWA PRIMARY
Baringo,KOIBATEK,KAPSIGOT
Baringo,KOIBATEK,KAPSOIT
Baringo,KOIBATEK,KAPTIM
Baringo,KOIBATEK,KEWANGOI
Baringo,KOIBATEK,KIBA SISO SEC
Baringo,KOIBATEK,KIBARASOI
Baringo,KOIBATEK,KIBIAS
Baringo,KOIBATEK,KIBOBON PRI
Baringo,KOIBATEK,KILOMBE
Baringo,KOIBATEK,KIMAMOI PRI SCHOOL
Baringo,KOIBATEK,KIPKABER
Baringo,KOIBATEK,KIPKORIONY
Baringo,KOIBATEK,KIPKUYANG
Baringo,KOIBATEK,KIPLONGON
Baringo,KOIBATEK,KIPTUNO
Baringo,KOIBATEK,KIRIMA
Baringo,KOIBATEK,KOIBATEK
Baringo,KOIBATEK,KOKORWONIN
Baringo,KOIBATEK,KOKWOMOI
Baringo,KOIBATEK,LALUT
Baringo,KOIBATEK,LEBOLOS
Baringo,KOIBATEK,LELGEL
Baringo,KOIBATEK,MAJI MAZURI FOREST
Baringo,KOIBATEK,MAJI MAZURI RC
Baringo,KOIBATEK,MANDINA
Baringo,KOIBATEK,METIPSO
Baringo,KOIBATEK,MOCHONGOI
Baringo,KOIBATEK,MORINGWO
Baringo,KOIBATEK,MUMBERES
Baringo,KOIBATEK,MUSERECHI
Baringo,KOIBATEK,MWACHON
Baringo,KOIBATEK,NAITILI PRIMARY
Baringo,KOIBATEK,NAKURTAKWEI
Baringo,KOIBATEK,NERKWO
Baringo,KOIBATEK,NGARIE
Baringo,KOIBATEK,NYAKIO
Baringo,KOIBATEK,ORINIE
Baringo,KOIBATEK,POROR
Baringo,KOIBATEK,SABATIA
Baringo,KOIBATEK,SAGAT
Baringo,KOIBATEK,SAOS
Baringo,KOIBATEK,SEGUTON PRIMARY
Baringo,KOIBATEK,SIGORO
Baringo,KOIBATEK,SIGOWET
Baringo,KOIBATEK,SIMOTWET
Baringo,KOIBATEK,SINENDE
Baringo,KOIBATEK,SINONIN
Baringo,KOIBATEK,SOGONIN
Baringo,KOIBATEK,SOIBEI
Baringo,KOIBATEK,SOLIAN PRIMARY SCHOOL
Baringo,KOIBATEK,SOYMINING
Baringo,KOIBATEK,ST PATRICKS SHIMONI
Baringo,KOIBATEK,ST. JOSEPHS MAKUTANO
Baringo,KOIBATEK,TARIGO
Baringo,KOIBATEK,TEBESWET PRIMARY
Baringo,KOIBATEK,TINET
Baringo,KOIBATEK,TOLMO
Baringo,KOIBATEK,TONIOK
Baringo,KOIBATEK,TOROKWONIN
Baringo,KOIBATEK,TORONGO
Baringo,KOIBATEK,TULWAMOI
Baringo,MARIGAT,ALICE INGHAM
Baringo,MARIGAT,ARABAL
Baringo,MARIGAT,BARSEMOI
Baringo,MARIGAT,CHEBINYINY
Baringo,MARIGAT,CHEMORONGION
Baringo,MARIGAT,CHEPKOTOYAN
Baringo,MARIGAT,CHEPLOCH
Baringo,MARIGAT,ELDEPE OSINYA
Baringo,MARIGAT,ELDUME
Baringo,MARIGAT,ENDAO
Baringo,MARIGAT,ILINGARUA
Baringo,MARIGAT,ITI PRIMARY
Baringo,MARIGAT,KABEL
Baringo,MARIGAT,KABURWO
Baringo,MARIGAT,KAILER
Baringo,MARIGAT,KAMAILEL
Baringo,MARIGAT,KAMPI YA SAMAKI
Baringo,MARIGAT,KAMUGA
Baringo,MARIGAT,KAMUNGEI
Baringo,MARIGAT,KAPINDASUM
Baringo,MARIGAT,KAPKECHIR
Baringo,MARIGAT,KAPKOIBAI PRIMARY SCHOOL
Baringo,MARIGAT,KAPKUIKUI
Baringo,MARIGAT,KAPKUN
Baringo,MARIGAT,KAPRONGUNO
Baringo,MARIGAT,KAPSOI
Baringo,MARIGAT,KAPTOMBES
Baringo,MARIGAT,KARNEE
Baringo,MARIGAT,KASIELA
Baringo,MARIGAT,KENEROI PRIMARY
Baringo,MARIGAT,KEON
Baringo,MARIGAT,KIBAGENGE
Baringo,MARIGAT,KIBINGOR
Baringo,MARIGAT,KIMALEL
Baringo,MARIGAT,KIMAO
Baringo,MARIGAT,KIMOIGUT
Baringo,MARIGAT,KIMORIOT
Baringo,MARIGAT,KIMOROK
Baringo,MARIGAT,KIRIM PRIMARY
Baringo,MARIGAT,KOIMUGUL
Baringo,MARIGAT,KOITILIL PRI
Baringo,MARIGAT,KOITILION
Baringo,MARIGAT,KOKWA ISLAND
Baringo,MARIGAT,KOKWENBEI PRY
Baringo,MARIGAT,KONGASIS
Baringo,MARIGAT,KORIEMA
Baringo,MARIGAT,LABOS
Baringo,MARIGAT,LAMALOK
Baringo,MARIGAT,LATACHA
Baringo,MARIGAT,LEKETETWO
Baringo,MARIGAT,LESWAA
Baringo,MARIGAT,LOBEBER
Baringo,MARIGAT,LOBOI
Baringo,MARIGAT,LOGUMGUM
Baringo,MARIGAT,LOIMINANG
Baringo,MARIGAT,LOMAYANA
Baringo,MARIGAT,LONGEWAN
Baringo,MARIGAT,LOOSAMPURMPUR
Baringo,MARIGAT,LOROPIL
Baringo,MARIGAT,LORROK
Baringo,MARIGAT,LORUK
Baringo,MARIGAT,MAOI DAY AND BOARDING
Baringo,MARIGAT,MARIGAT BOARDING
Baringo,MARIGAT,MBECHOT
Baringo,MARIGAT,MEISORI
Baringo,MARIGAT,MOCHONGOI
Baringo,MARIGAT,MOKOBE
Baringo,MARIGAT,MWENGE
Baringo,MARIGAT,NGAMBO
Baringo,MARIGAT,NGARIE PRI
Baringo,MARIGAT,NGENYILEL
Baringo,MARIGAT,NGOLBELON
Baringo,MARIGAT,NTEPES PRY
Baringo,MARIGAT,NYIMBEI
Baringo,MARIGAT,parkerra primary school
Baringo,MARIGAT,POI HILL
Baringo,MARIGAT,ROROBAI PRIMARY
Baringo,MARIGAT,SABOR
Baringo,MARIGAT,SALABANI
Baringo,MARIGAT,SINENDET
Baringo,MARIGAT,SINONI
Baringo,MARIGAT,SINTAAN
Baringo,MARIGAT,SOKEE
Baringo,MARIGAT,SOKOTEI D&B
Baringo,MARIGAT,SOSIONTE PRY
Baringo,MARIGAT,SUKUTEK
Baringo,MARIGAT,TENDENBEI
Baringo,MARIGAT,TUIYOBEI
Baringo,MARIGAT,TUIYOTICH
Baringo,MARIGAT,TULWOBSOO
Baringo,MARIGAT,YEMIT PRIMARY
Baringo,MOGOTIO,AIC EBENEZER
Baringo,MOGOTIO,ARAM
Baringo,MOGOTIO,BENONGOI
Baringo,MOGOTIO,BIKWEN GOBAT
Baringo,MOGOTIO,BOROKWO
Baringo,MOGOTIO,CHEBAIBAI ECD
Baringo,MOGOTIO,Chebarer Primary School
Baringo,MOGOTIO,CHEBEREN
Baringo,MOGOTIO,CHEBIREBEI
Baringo,MOGOTIO,CHEMOGOCH
Baringo,MOGOTIO,CHEMOINOI
Baringo,MOGOTIO,CHEMORGONG
Baringo,MOGOTIO,CHEMUTUNG
Baringo,MOGOTIO,CHEPKOKON
Baringo,MOGOTIO,CHEPNYORGIN
Baringo,MOGOTIO,CHOMIEK
Baringo,MOGOTIO,EMBOGONG
Baringo,MOGOTIO,EMINING DAY AND BOARDING
Baringo,MOGOTIO,EMSOS
Baringo,MOGOTIO,ESAGERI AIC
Baringo,MOGOTIO,ESAGERI SCHOOL FOR THE DEAF
Baringo,MOGOTIO,KABARBESI
Baringo,MOGOTIO,KABERGEI
Baringo,MOGOTIO,KABOGOR
Baringo,MOGOTIO,KABURGEI
Baringo,MOGOTIO,KABUSWO
Baringo,MOGOTIO,KAMALANGET
Baringo,MOGOTIO,KAMAR
Baringo,MOGOTIO,KAMASAI
Baringo,MOGOTIO,KAPCHELUKUNY
Baringo,MOGOTIO,KAPKARARAM
Baringo,MOGOTIO,KAPKEIN
Baringo,MOGOTIO,KAPKUNDUL
Baringo,MOGOTIO,KAPLAIMOI
Baringo,MOGOTIO,KAPLELWO
Baringo,MOGOTIO,KAPLOGOS
Baringo,MOGOTIO,KAPNGEMUI
Baringo,MOGOTIO,KAPNOSGEI
Baringo,MOGOTIO,KAPSOK
Baringo,MOGOTIO,KAPYEMIT
Baringo,MOGOTIO,KATERIT PRIMTRY
Baringo,MOGOTIO,KELELWA
Baringo,MOGOTIO,KELELWA HILL
Baringo,MOGOTIO,KIBOTANY
Baringo,MOGOTIO,KIMNGOROM
Baringo,MOGOTIO,KIMOSE
Baringo,MOGOTIO,KIPCHOBET
Baringo,MOGOTIO,KIPKIGEI
Baringo,MOGOTIO,KIPKITUR
Baringo,MOGOTIO,KIPKUREGO ECD
Baringo,MOGOTIO,KIPNYUNGUNY
Baringo,MOGOTIO,KIPSOGON
Baringo,MOGOTIO,Kipteweret Primary
Baringo,MOGOTIO,KIPTOIM
Baringo,MOGOTIO,KIRIBOT
Baringo,MOGOTIO,KISANANA
Baringo,MOGOTIO,KISKIS
Baringo,MOGOTIO,Kitecho
Baringo,MOGOTIO,KOIBARAK PRIMARY
Baringo,MOGOTIO,KOISARAM
Baringo,MOGOTIO,KOITEBES
Baringo,MOGOTIO,KOKWENMOI
Baringo,MOGOTIO,KURES
Baringo,MOGOTIO,KWIRINDOCHE
Baringo,MOGOTIO,LEGETETWET
Baringo,MOGOTIO,LELEN
Baringo,MOGOTIO,LETOI
Baringo,MOGOTIO,LOGIRI
Baringo,MOGOTIO,LOLBUGO
Baringo,MOGOTIO,LOMANIRA
Baringo,MOGOTIO,LOMBALA
Baringo,MOGOTIO,LOMBOGISHU
Baringo,MOGOTIO,MAGOI
Baringo,MOGOTIO,MAJIMOTO DAY & BOARDING
Baringo,MOGOTIO,MATEBEI PRIMARY SCHOOL
Baringo,MOGOTIO,MOGOTIO
Baringo,MOGOTIO,MOLOK
Baringo,MOGOTIO,MOLOS
Baringo,MOGOTIO,MOLOSIRWE
Baringo,MOGOTIO,MUGURIN
Baringo,MOGOTIO,MUGUYUNI
Baringo,MOGOTIO,MUTARAN
Baringo,MOGOTIO,NATO
Baringo,MOGOTIO,NGEMBOMOI
Baringo,MOGOTIO,NGENDALEL PRIMARY SCHOOL
Baringo,MOGOTIO,NGENTUI
Baringo,MOGOTIO,NGUBERETI
Baringo,MOGOTIO,NGUSERO
Baringo,MOGOTIO,NOIWET DAY & BOARDING
Baringo,MOGOTIO,OINOPSOS
Baringo,MOGOTIO,OTERIT
Baringo,MOGOTIO,RADAD
Baringo,MOGOTIO,ROSOGA
Baringo,MOGOTIO,SAGASAGIK
Baringo,MOGOTIO,SIRWA
Baringo,MOGOTIO,SORE
Baringo,MOGOTIO,SORTI
Baringo,MOGOTIO,SOSION
Baringo,MOGOTIO,ST MARY’S
Baringo,MOGOTIO,ST MAXIMILLIAN KOLBES
Baringo,MOGOTIO,TIAN
Baringo,MOGOTIO,TINGTINGNYON
County,Sub County,School Name
Bomet,BOMET,AISAIK
Bomet,BOMET,BALEK B
Bomet,BOMET,BARAKA
Bomet,BOMET,BAREKEIYAT
Bomet,BOMET,BILELGA
Bomet,BOMET,BOMET TOWNSHIP
Bomet,BOMET,BONYORIOT
Bomet,BOMET,BOONGO
Bomet,BOMET,BOREIYWEK
Bomet,BOMET,BUKACHA
Bomet,BOMET,BUKUNYE
Bomet,BOMET,CENTRAL
Bomet,BOMET,CHAMBORI
Bomet,BOMET,CHANG CHEGO
Bomet,BOMET,CHANGINA
Bomet,BOMET,CHEBAMBAN
Bomet,BOMET,CHEBISIAN
Bomet,BOMET,CHEBITET
Bomet,BOMET,CHEBOINGONG
Bomet,BOMET,CHEBOROR
Bomet,BOMET,CHELEMEI PRIMARY SCHOOL
Bomet,BOMET,CHEMANER PRIMARY
Bomet,BOMET,CHEMATICH
Bomet,BOMET,CHEMORUT
Bomet,BOMET,CHEPKIRIB
Bomet,BOMET,CHEPKITWAL
Bomet,BOMET,CHEPKONGONY
Bomet,BOMET,CHEPKURBET
Bomet,BOMET,CHEPNGAINA PRI
Bomet,BOMET,CHEPTEMBE
Bomet,BOMET,CHEPTUIYET
Bomet,BOMET,CHESOEN
Bomet,BOMET,CHESWERTA
Bomet,BOMET,CHUIYAT
Bomet,BOMET,DR STEURY MEMORIAL
Bomet,BOMET,IRWAGA PRI
Bomet,BOMET,KABUNGUT
Bomet,BOMET,KABUSARE
Bomet,BOMET,KAKIMIRAI CENTRAL
Bomet,BOMET,KAMINJEIWET PRI
Bomet,BOMET,KAMOBIRIRI
Bomet,BOMET,KAMOGOSO
Bomet,BOMET,KAMOYO
Bomet,BOMET,KANUSIN
Bomet,BOMET,KAPCHELUCH
Bomet,BOMET,KAPCHELUCH” B” PRIM
Bomet,BOMET,KAPKESIEGO
Bomet,BOMET,KAPKIGORWET
Bomet,BOMET,KAPKIMOLWA
Bomet,BOMET,Kapkoros Primary
Bomet,BOMET,KAPLELACH B
Bomet,BOMET,KAPNARIET
Bomet,BOMET,KAPORUSO
Bomet,BOMET,KAPSANGARU
Bomet,BOMET,KAPSIGOWO
Bomet,BOMET,KAPSIMBIRI
Bomet,BOMET,KAPSIMOTWA
Bomet,BOMET,KAPSOIYO CENTRE
Bomet,BOMET,KAPTETGOT
Bomet,BOMET,KAPTILOLWO
Bomet,BOMET,KAPTORORGO
Bomet,BOMET,KECHEIYAT
Bomet,BOMET,KEERTA
Bomet,BOMET,KELYOT
Bomet,BOMET,KEMBU
Bomet,BOMET,KESEBEK
Bomet,BOMET,KIBISORONIK
Bomet,BOMET,KIBIWOT B
Bomet,BOMET,KIBOCHI
Bomet,BOMET,KIMANGORA
Bomet,BOMET,KIMARGIS
Bomet,BOMET,KIMUCHUL
Bomet,BOMET,KINYOSE
Bomet,BOMET,KIPKOLIGO
Bomet,BOMET,KIPKURION
Bomet,BOMET,KIPLABOTWA
Bomet,BOMET,KIPLELJI
Bomet,BOMET,KIPLOKYI
Bomet,BOMET,KIPSIWON
Bomet,BOMET,KIPTEWIT
Bomet,BOMET,KIPTOGOCH
Bomet,BOMET,KIPTULWA
Bomet,BOMET,KIPYOSIT
Bomet,BOMET,KIRAMWOK
Bomet,BOMET,KIRISWO
Bomet,BOMET,KITAIMA
Bomet,BOMET,KITOBEN
Bomet,BOMET,KOIMUGUL
Bomet,BOMET,KOITA
Bomet,BOMET,KOMA TENGECHA
Bomet,BOMET,KONGOTIK
Bomet,BOMET,KORARA
Bomet,BOMET,KWENIK AB ILET
Bomet,BOMET,LALAKIN
Bomet,BOMET,LEBEKWET
Bomet,BOMET,LEKETETIET
Bomet,BOMET,LELKATET
Bomet,BOMET,LOSWET PRI
Bomet,BOMET,MAASET
Bomet,BOMET,Magenji primary
Bomet,BOMET,MANGOITA
Bomet,BOMET,MANYATTA PRIMARY
Bomet,BOMET,MATAIMA
Bomet,BOMET,MATARMAT
Bomet,BOMET,MATECHA
Bomet,BOMET,MENET
Bomet,BOMET,MERIGI
Bomet,BOMET,MILLINGA PRIMARY
Bomet,BOMET,MOBURO
Bomet,BOMET,MOGINDO
Bomet,BOMET,MOGITUI
Bomet,BOMET,MOGOIYWET
Bomet,BOMET,MOGOMA
Bomet,BOMET,MONDOIYWET
Bomet,BOMET,MONONWET
Bomet,BOMET,MORIT
Bomet,BOMET,MOTIGO HILL PRIM
Bomet,BOMET,MOTOIMET
Bomet,BOMET,MT SUGUTEK
Bomet,BOMET,MUGANGO
Bomet,BOMET,MUIYWEK
Bomet,BOMET,MURWONGOI
Bomet,BOMET,NDARAWETA
Bomet,BOMET,NDERIAT
Bomet,BOMET,NDUBAI
Bomet,BOMET,NGOCHO
Bomet,BOMET,NGOMWET
Bomet,BOMET,NJERIAN
Bomet,BOMET,NJORWET primary
Bomet,BOMET,NORERA
Bomet,BOMET,NYABONGO
Bomet,BOMET,NYAURURU
Bomet,BOMET,NYONGORES
Bomet,BOMET,OLMOTONYI
Bomet,BOMET,RAIYA
Bomet,BOMET,SACHANGWAN
Bomet,BOMET,SALAIK
Bomet,BOMET,SAMARIA PRI
Bomet,BOMET,SAMOEI
Bomet,BOMET,SAOSET
Bomet,BOMET,SEGUTIET PRIMARY SCHOOL
Bomet,BOMET,SEMOI
Bomet,BOMET,SERGUTIET
Bomet,BOMET,SIBAIYAN
Bomet,BOMET,SIGOWET
Bomet,BOMET,SILIBWET
Bomet,BOMET,SINENDET
Bomet,BOMET,SINGORWET
Bomet,BOMET,SIWOT
Bomet,BOMET,SOGOET
Bomet,BOMET,SOLYOT
Bomet,BOMET,SONOIYA
Bomet,BOMET,SONOKWEK
Bomet,BOMET,ST CATHERINE TEGAT
Bomet,BOMET,SUSWONDO
Bomet,BOMET,TAABET
Bomet,BOMET,TAGARUTO
Bomet,BOMET,TANGUT
Bomet,BOMET,TEGANDA
Bomet,BOMET,TEGAT
Bomet,BOMET,TENWEK
Bomet,BOMET,TENWEK BOARDING
Bomet,BOMET,TIRGAGA
Bomet,BOMET,TIROTO
Bomet,BOMET,TOGOMDA
Bomet,BOMET,TORONIK
Bomet,BOMET,TUMOIYOT CENTRAL
Bomet,BOMET,TUMOIYOT PRY
Bomet,BOMET,WESEGA
Bomet,BOMET EAST,BELGUT
Bomet,BOMET EAST,CHEMOMUL
Bomet,BOMET EAST,CHEPKOLON PRIMARY SCHOOL
Bomet,BOMET EAST,EMITIOT PRIMARY SCHOOL
Bomet,BOMET EAST,GIKOE SECONDARY SCHOOL
Bomet,BOMET EAST,KALYET
Bomet,BOMET EAST,KIPRERES
Bomet,BOMET EAST,KIPTOBIT
Bomet,BOMET EAST,KOIBEIYON
Bomet,BOMET EAST,KOISOMOI
Bomet,BOMET EAST,Korara Special Primary
Bomet,BOMET EAST,KUGUNOI
Bomet,BOMET EAST,LEKIMBO
Bomet,BOMET EAST,LONGISA
Bomet,BOMET EAST,MASARE PRIMARY SCHOOL
Bomet,BOMET EAST,MATUMBORU PRIMARY SCHOOL
Bomet,BOMET EAST,MULOT PRIMARY SCHOOL
Bomet,BOMET EAST,MURANY
Bomet,BOMET EAST,NDABIBI
Bomet,BOMET EAST,OLBOBO
Bomet,BOMET EAST,OLNGOSWET
Bomet,BOMET EAST,SAPARET PRIMARY SCHOOL
Bomet,BOMET EAST,SIMOTWET PRIMARY SCHOOL
Bomet,BOMET EAST,TEBESWET IGOR
Bomet,CHEPALUNGU,ATEBWO
Bomet,CHEPALUNGU,BINGWA
Bomet,CHEPALUNGU,BORUT
Bomet,CHEPALUNGU,CHEBANYINY
Bomet,CHEPALUNGU,CHEBARAA
Bomet,CHEPALUNGU,CHEBELION
Bomet,CHEPALUNGU,CHEBIRIR
Bomet,CHEPALUNGU,CHEBOIS
Bomet,CHEPALUNGU,CHEBORIAN
Bomet,CHEPALUNGU,CHEBORIOT
Bomet,CHEPALUNGU,CHEBOYO
Bomet,CHEPALUNGU,CHEBUGON ‘B’ PRY
Bomet,CHEPALUNGU,CHEBUNYO
Bomet,CHEPALUNGU,CHELEGET
Bomet,CHEPALUNGU,CHELELACH
Bomet,CHEPALUNGU,CHELELAIBEI
Bomet,CHEPALUNGU,CHEMAETANY
Bomet,CHEPALUNGU,CHEMAGEL
Bomet,CHEPALUNGU,CHEMENGWA
Bomet,CHEPALUNGU,CHEMISIMGUT
Bomet,CHEPALUNGU,CHENIT
Bomet,CHEPALUNGU,CHEPKESUI
Bomet,CHEPALUNGU,CHEPKESWAET
Bomet,CHEPALUNGU,CHEPKORGONG
Bomet,CHEPALUNGU,CHEPKOSA
Bomet,CHEPALUNGU,CHEPLELIET PRI SCHOOL
Bomet,CHEPALUNGU,CHEPNGUNGUL
Bomet,CHEPALUNGU,CHEPNYALILIET
Bomet,CHEPALUNGU,CHEPNYALILIET CENTRAL
Bomet,CHEPALUNGU,CHEPONJIRIA
Bomet,CHEPALUNGU,CHEPTAGUM
Bomet,CHEPALUNGU,CHEPTUIYET NGENDA
Bomet,CHEPALUNGU,CHEPTUONIK
Bomet,CHEPALUNGU,CHEPWOSTUIYET PRIMARY SCHOOL
Bomet,CHEPALUNGU,CHESEGEM CENTRAL
Bomet,CHEPALUNGU,CHESERTON
Bomet,CHEPALUNGU,DONBOSCO SINENDET
Bomet,CHEPALUNGU,GELENGEI
Bomet,CHEPALUNGU,GOITABKALYET
Bomet,CHEPALUNGU,GOITABSILIBWET PRI
Bomet,CHEPALUNGU,HIGHLAND
Bomet,CHEPALUNGU,IMARA CHEBUNYO
Bomet,CHEPALUNGU,ITEMBE
Bomet,CHEPALUNGU,KABEMA
Bomet,CHEPALUNGU,KABISIMBA
Bomet,CHEPALUNGU,KABISOGE
Bomet,CHEPALUNGU,KABOLWO
Bomet,CHEPALUNGU,KABOSON
Bomet,CHEPALUNGU,KAGAWET
Bomet,CHEPALUNGU,KAMAGET
Bomet,CHEPALUNGU,KAMOGIBOI
Bomet,CHEPALUNGU,KAMONGIL PRI
Bomet,CHEPALUNGU,KAMORIR
Bomet,CHEPALUNGU,KAMORIT PRI
Bomet,CHEPALUNGU,KAMOSIRO
Bomet,CHEPALUNGU,KAMOSOS
Bomet,CHEPALUNGU,KAMOTYO
Bomet,CHEPALUNGU,KAMUNDUGI
Bomet,CHEPALUNGU,KAMUSANGA
Bomet,CHEPALUNGU,KAPAMBAN
Bomet,CHEPALUNGU,KAPCHERUSE PRI
Bomet,CHEPALUNGU,KAPCHERUSE SUGUTEK
Bomet,CHEPALUNGU,KAPCHUMBE
Bomet,CHEPALUNGU,KAPINDISIN PRY
Bomet,CHEPALUNGU,kapkemoi
Bomet,CHEPALUNGU,KAPKESOSIO
Bomet,CHEPALUNGU,KAPKULUMBEN
Bomet,CHEPALUNGU,KAPKWEN
Bomet,CHEPALUNGU,KAPLEKWA B pri
Bomet,CHEPALUNGU,KAPLELE
Bomet,CHEPALUNGU,KAPLEWA
Bomet,CHEPALUNGU,KAPNGETI PRI
Bomet,CHEPALUNGU,KAPNGETUNY
Bomet,CHEPALUNGU,KAPOLESERO PRIMARY
Bomet,CHEPALUNGU,KAPRORON
Bomet,CHEPALUNGU,KAPSABUL
Bomet,CHEPALUNGU,KAPSAIYALEL
Bomet,CHEPALUNGU,KAPSINENDET CENTRAL
Bomet,CHEPALUNGU,KAPSIO
Bomet,CHEPALUNGU,KAPSOMBER
Bomet,CHEPALUNGU,KAPTABULIET
Bomet,CHEPALUNGU,KAPTEMBWO
Bomet,CHEPALUNGU,KAPTEMBWO LELACH
Bomet,CHEPALUNGU,KAPTERER
Bomet,CHEPALUNGU,KAPTOROKWO
Bomet,CHEPALUNGU,KAPTUMOI
Bomet,CHEPALUNGU,KAPTWOLO
Bomet,CHEPALUNGU,KATARET
Bomet,CHEPALUNGU,KELICHEK
Bomet,CHEPALUNGU,KERUNDUT PRIMARY SCHOOL
Bomet,CHEPALUNGU,KESEGUT
Bomet,CHEPALUNGU,KESOSIO
Bomet,CHEPALUNGU,KIBEREISIT
Bomet,CHEPALUNGU,KIBOSON
Bomet,CHEPALUNGU,KIMANANGA
Bomet,CHEPALUNGU,KIMATISIO
Bomet,CHEPALUNGU,KIMAYA
Bomet,CHEPALUNGU,KIMENDERIT
Bomet,CHEPALUNGU,KIMINDILIL
Bomet,CHEPALUNGU,KIMUGUL
Bomet,CHEPALUNGU,KINYOGI
Bomet,CHEPALUNGU,KIOTA CENTRAL PRI
Bomet,CHEPALUNGU,KIPKEIGEI
Bomet,CHEPALUNGU,KIPKELAT
Bomet,CHEPALUNGU,KIPKUROR
Bomet,CHEPALUNGU,KIPLOMBE
Bomet,CHEPALUNGU,KIPRANYE PRIMARY
Bomet,CHEPALUNGU,KIPRICHEIT PRI
Bomet,CHEPALUNGU,KIPROROGET
Bomet,CHEPALUNGU,KIPSEGON
Bomet,CHEPALUNGU,KIPSIMBOL CENTRE
Bomet,CHEPALUNGU,KIPSIRAT
Bomet,CHEPALUNGU,KIPTAGE
Bomet,CHEPALUNGU,KIPTENDEN
Bomet,CHEPALUNGU,KIPTENDEN CENTRAL
Bomet,CHEPALUNGU,KIPTUNOI
Bomet,CHEPALUNGU,KIPTURGUT
Bomet,CHEPALUNGU,KIRIBA
Bomet,CHEPALUNGU,KISABITA
Bomet,CHEPALUNGU,KISIET
Bomet,CHEPALUNGU,KOSIA
Bomet,CHEPALUNGU,KOTOIBEK
Bomet,CHEPALUNGU,KYOGONG
Bomet,CHEPALUNGU,LABOTIET
Bomet,CHEPALUNGU,LALWAT
Bomet,CHEPALUNGU,LELAITICH
Bomet,CHEPALUNGU,LELBARAK
Bomet,CHEPALUNGU,LELECHONIK
Bomet,CHEPALUNGU,LELECHWET
Bomet,CHEPALUNGU,LUGUMEK
Bomet,CHEPALUNGU,MAKIMENY
Bomet,CHEPALUNGU,MAMBWO
Bomet,CHEPALUNGU,MARAIANGO
Bomet,CHEPALUNGU,MARANGETIT
Bomet,CHEPALUNGU,MASASABEI
Bomet,CHEPALUNGU,MASINDONI
Bomet,CHEPALUNGU,MATHEW MARITIM
Bomet,CHEPALUNGU,MENGWET
Bomet,CHEPALUNGU,MERRY MATUNDA
Bomet,CHEPALUNGU,METIPSO
Bomet,CHEPALUNGU,MOTIGERE PRI
Bomet,CHEPALUNGU,MUGANGET
Bomet,CHEPALUNGU,MWOKYOT
Bomet,CHEPALUNGU,NDAMICHONIK PRI
Bomet,CHEPALUNGU,NGENENET
Bomet,CHEPALUNGU,NGONYAT PRI
Bomet,CHEPALUNGU,NGWONET
Bomet,CHEPALUNGU,NOGIRWET
Bomet,CHEPALUNGU,NYAKICHIWA
Bomet,CHEPALUNGU,NYAMBUGO PRIMARY SCHOOL
Bomet,CHEPALUNGU,NYATEMBE
Bomet,CHEPALUNGU,OLESOI
Bomet,CHEPALUNGU,OREIYET
Bomet,CHEPALUNGU,REBERWET
Bomet,CHEPALUNGU,ROBORWO
Bomet,CHEPALUNGU,RONDA
Bomet,CHEPALUNGU,SAGENYA PRIMARY SCHOOL
Bomet,CHEPALUNGU,SARAMEK
Bomet,CHEPALUNGU,SAUNET
Bomet,CHEPALUNGU,SEGEMIK
Bomet,CHEPALUNGU,SIGOR
Bomet,CHEPALUNGU,SIGOR BOARDING
Bomet,CHEPALUNGU,SIMBEIWET
Bomet,CHEPALUNGU,SIMOTWET PRI
Bomet,CHEPALUNGU,SINGOIWEK
Bomet,CHEPALUNGU,SIONGIROI
Bomet,CHEPALUNGU,SOGORORBEI
Bomet,CHEPALUNGU,ST. SOFIA KAPCHEPOBKENY
Bomet,CHEPALUNGU,ST.JOSEPHS KAPSIRICH
Bomet,CHEPALUNGU,ST.MARY MISMIS
Bomet,CHEPALUNGU,ST.MICHAEL
Bomet,CHEPALUNGU,ST.PATRICK CHEPTOLELYOI
Bomet,CHEPALUNGU,ST.PETER KOIYET
Bomet,CHEPALUNGU,SUGUMERGA
Bomet,CHEPALUNGU,TAITA PRIMARY
Bomet,CHEPALUNGU,TAPAROSHO
Bomet,CHEPALUNGU,TARAKWET
Bomet,CHEPALUNGU,TEBESWET
Bomet,CHEPALUNGU,TILANGOK
Bomet,CHEPALUNGU,Tilyot Primary
Bomet,CHEPALUNGU,TIRIYTA
Bomet,CHEPALUNGU,TOLILET
Bomet,CHEPALUNGU,TUMOI
Bomet,CHEPALUNGU,UMOJA
Bomet,CHEPALUNGU,YOYWANA
Bomet,KONOIN,AREGERIOT
Bomet,KONOIN,BEEKAB ARWET
Bomet,KONOIN,BESIOBEI
Bomet,KONOIN,BOITO
Bomet,KONOIN,BOSTO
Bomet,KONOIN,CHANGANA
Bomet,KONOIN,CHANGOI
Bomet,KONOIN,CHEBABAI PRI
Bomet,KONOIN,CHEBANGANG
Bomet,KONOIN,CHEBUGEN
Bomet,KONOIN,CHEBWONGO
Bomet,KONOIN,CHEIBEI
Bomet,KONOIN,CHEMAAN
Bomet,KONOIN,CHEMALAL
Bomet,KONOIN,CHEMAMUL B
Bomet,KONOIN,CHEMASINGI
Bomet,KONOIN,CHEMELET
Bomet,KONOIN,CHEMOGO
Bomet,KONOIN,Chenacho
Bomet,KONOIN,CHEPCHABAS
Bomet,KONOIN,CHEPCHIRIK
Bomet,KONOIN,CHEPKOCHUN
Bomet,KONOIN,Chepkoin
Bomet,KONOIN,Chepnyoibek
Bomet,KONOIN,CHEPTABAACH
Bomet,KONOIN,CHEPTABES
Bomet,KONOIN,CHEPTALAL
Bomet,KONOIN,CHEPTINGTING
Bomet,KONOIN,CHONGENWO
Bomet,KONOIN,CHORWET
Bomet,KONOIN,Ckepkok primary
Bomet,KONOIN,EMBOMOS
Bomet,KONOIN,EMMANUEL A.I.C
Bomet,KONOIN,KABAIBAI PRIMARY
Bomet,KONOIN,KABIANGEK
Bomet,KONOIN,KABOISIO PRI
Bomet,KONOIN,KABOMOI
Bomet,KONOIN,KAMAGOMON
Bomet,KONOIN,KAPCHEPKOLE
Bomet,KONOIN,KAPCHEPROTWA
Bomet,KONOIN,KAPCHEPTINET BLUE MAN PRI
Bomet,KONOIN,Kapcheptuenik
Bomet,KONOIN,KAPKEN
Bomet,KONOIN,KAPKERONJO
Bomet,KONOIN,KAPKILAIBEI
Bomet,KONOIN,KAPKINARA PRIMARY SCHOOL
Bomet,KONOIN,Kapleleito
Bomet,KONOIN,KAPLETYO
Bomet,KONOIN,KAPRORET
Bomet,KONOIN,KAPSEBETET
Bomet,KONOIN,KAPSENGERE
Bomet,KONOIN,KAPSET
Bomet,KONOIN,KAPSIR
Bomet,KONOIN,Kapsiratet
Bomet,KONOIN,KAPTEBENGWET
Bomet,KONOIN,KAPTEBENGWO
Bomet,KONOIN,KAPTEMBWO
Bomet,KONOIN,KAPTIEN
Bomet,KONOIN,KEBUMBUR
Bomet,KONOIN,KENYAGORO
Bomet,KONOIN,KETIK SOMOK
Bomet,KONOIN,KIBANJALAL
Bomet,KONOIN,KIBIRIRI PRI
Bomet,KONOIN,KIBITGOI
Bomet,KONOIN,KIBOMUT PRIMARY SCHOOL
Bomet,KONOIN,KIMAECH
Bomet,KONOIN,KIMARI
Bomet,KONOIN,KIMARI GIRLS
Bomet,KONOIN,KIMARWANDI
Bomet,KONOIN,KIMORI AIC
Bomet,KONOIN,Kimugul
Bomet,KONOIN,KIMULOT
Bomet,KONOIN,Kimuta
Bomet,KONOIN,KIPKELOK
Bomet,KONOIN,KipKetii
Bomet,KONOIN,KIPRAISI
Bomet,KONOIN,KIPSEONOI
Bomet,KONOIN,KIPSIGIRIO
Bomet,KONOIN,KIPSINENDE
Bomet,KONOIN,KIPTEMENIO
Bomet,KONOIN,KIPTENDEN
Bomet,KONOIN,KIPTIGET
Bomet,KONOIN,KIPTIGET
Bomet,KONOIN,KIRIMOSE
Bomet,KONOIN,KITALA
Bomet,KONOIN,Kitumbe
Bomet,KONOIN,KOBEL PRI
Bomet,KONOIN,KOBOR
Bomet,KONOIN,KOITALEL
Bomet,KONOIN,KOIWA
Bomet,KONOIN,KOMIRMIR
Bomet,KONOIN,Konoitab Tegat
Bomet,KONOIN,KONOITO PRIMARY
Bomet,KONOIN,KOROITIK
Bomet,KONOIN,KORUMA
Bomet,KONOIN,KUGERWET
Bomet,KONOIN,LEBEKYET
Bomet,KONOIN,LELSA
Bomet,KONOIN,Lobokwo
Bomet,KONOIN,Marinyin
Bomet,KONOIN,MESWONDO
Bomet,KONOIN,MICHIRA
Bomet,KONOIN,MOGOGOSIEK T/SHIP
Bomet,KONOIN,MOGONJET
Bomet,KONOIN,MOROMBO
Bomet,KONOIN,Mosoriot
Bomet,KONOIN,MUGENYI
Bomet,KONOIN,MURAMET
Bomet,KONOIN,Mutereriet
Bomet,KONOIN,N. CHEBELYON
Bomet,KONOIN,NDALELAI
Bomet,KONOIN,NGERERIT
Bomet,KONOIN,NYEKESU
Bomet,KONOIN,NYOIKENO
Bomet,KONOIN,RERENDET
Bomet,KONOIN,RUSEYA
Bomet,KONOIN,SANGWA
Bomet,KONOIN,SASETA
Bomet,KONOIN,SATIET
Bomet,KONOIN,SEANIN
Bomet,KONOIN,Sepbet
Bomet,KONOIN,SIMOTWET DAY/ BOARDING PRI
Bomet,KONOIN,SINENDOIK
Bomet,KONOIN,SIOMO
Bomet,KONOIN,SITONIK
Bomet,KONOIN,SOTIT
Bomet,KONOIN,ST. PETERS BUSORETO
Bomet,KONOIN,SUGUTEK
Bomet,KONOIN,SUGUTEK B
Bomet,KONOIN,TAARUT
Bomet,KONOIN,TABAITA
Bomet,KONOIN,TABOINO
Bomet,KONOIN,TALALGA
Bomet,KONOIN,TEMBWET PRI
Bomet,KONOIN,TENDUET
Bomet,KONOIN,TEREK
Bomet,KONOIN,TUIYOBEI
Bomet,SOTIK,ABOSI HILLVIEW
Bomet,SOTIK,BALEK A
Bomet,SOTIK,BAMBANIK
Bomet,SOTIK,Boreito Primary
Bomet,SOTIK,BURGEI
Bomet,SOTIK,CHEBANGO
Bomet,SOTIK,CHEBEIYAN PRIMARY SCHOOL
Bomet,SOTIK,CHEBILAT
Bomet,SOTIK,CHEBIRBELEK
Bomet,SOTIK,CHEBOET
Bomet,SOTIK,CHEBOLE
Bomet,SOTIK,CHEBONGI
Bomet,SOTIK,CHEBUGON
Bomet,SOTIK,CHEBUI
Bomet,SOTIK,CHEBULU
Bomet,SOTIK,CHEMOBEI
Bomet,SOTIK,CHEMOGOI
Bomet,SOTIK,CHEPKALWAL
Bomet,SOTIK,CHEPKEBIT
Bomet,SOTIK,CHEPKEIGEI
Bomet,SOTIK,CHEPKOSIOM
Bomet,SOTIK,CHEPTANGULGEI
Bomet,SOTIK,CHEPTEBE
Bomet,SOTIK,CHERIBO
Bomet,SOTIK,CHERUMBAS PRIMARY
Bomet,SOTIK,CHESAMBAI
Bomet,SOTIK,CHESEGEM PRIMARY SCHOOL
Bomet,SOTIK,CHESERTON
Bomet,SOTIK,CHESILYOT
Bomet,SOTIK,CHESILYOT GIRLS
Bomet,SOTIK,CHILGOTWET
Bomet,SOTIK,CHINGONDI
Bomet,SOTIK,CHOROROITA
Bomet,SOTIK,GAA TUIYOBEI
Bomet,SOTIK,GELEGELE
Bomet,SOTIK,GORGOR
Bomet,SOTIK,Jubiliee Imani Primary
Bomet,SOTIK,KABORUSO KOLUU
Bomet,SOTIK,KABURGEI
Bomet,SOTIK,KAGASIK
Bomet,SOTIK,KAMABWAI
Bomet,SOTIK,KAMBIRA
Bomet,SOTIK,KAMEGUNYET
Bomet,SOTIK,KAMENES
Bomet,SOTIK,KAMESWON
Bomet,SOTIK,KAMIRAI
Bomet,SOTIK,KAMUGENO
Bomet,SOTIK,KAMUNGEI
Bomet,SOTIK,KAMUREITO
Bomet,SOTIK,KAPANGOROR
Bomet,SOTIK,KAPCHEMIBEI
Bomet,SOTIK,KAPCHEPKORO
Bomet,SOTIK,KAPCHEPKOSIOM
Bomet,SOTIK,KAPCHERIRE
Bomet,SOTIK,KAPCHOLYO
Bomet,SOTIK,KAPKELEI
Bomet,SOTIK,KAPKESEMBE
Bomet,SOTIK,KAPKOITIM
Bomet,SOTIK,KAPKURES
Bomet,SOTIK,KAPLEKWA
Bomet,SOTIK,KAPLELACH
Bomet,SOTIK,KAPLETUNDO
Bomet,SOTIK,KAPLOMBOI
Bomet,SOTIK,KAPLONG BOYS
Bomet,SOTIK,KAPLONG GIRLS
Bomet,SOTIK,KAPMAKITUI
Bomet,SOTIK,KAPNYASIMBA
Bomet,SOTIK,KAPOLESOBEI
Bomet,SOTIK,KAPSIONGO
Bomet,SOTIK,KAPSOSURWO
Bomet,SOTIK,KAPTAMUITA
Bomet,SOTIK,KAPTILOLWO
Bomet,SOTIK,KAPTULWA
Bomet,SOTIK,KELONGET VALLEY
Bomet,SOTIK,KENEGUT ‘B’
Bomet,SOTIK,KENENE
Bomet,SOTIK,KERONJO
Bomet,SOTIK,KESENGE
Bomet,SOTIK,KESOGORORET
Bomet,SOTIK,KIBIBO
Bomet,SOTIK,KIBORI
Bomet,SOTIK,KIMASE
Bomet,SOTIK,KIMAWIT
Bomet,SOTIK,KIMOLWET PRIMARY
Bomet,SOTIK,KIMOSO
Bomet,SOTIK,KINYELWET
Bomet,SOTIK,KIPAJIT
Bomet,SOTIK,KIPKETII
Bomet,SOTIK,KIPNGOSOS
Bomet,SOTIK,KIPNGOSOS SPECIAL
Bomet,SOTIK,KIPROBONYIT
Bomet,SOTIK,KIPSIMBOL
Bomet,SOTIK,KIPSINGEI
Bomet,SOTIK,KIPSONOI
Bomet,SOTIK,KIPTAPSIR
Bomet,SOTIK,KIPTENDEN
Bomet,SOTIK,KIPTENDEN TACH ASIS
Bomet,SOTIK,KIPTERGEKYAN
Bomet,SOTIK,KIPTORBEI
Bomet,SOTIK,KIRICHA
Bomet,SOTIK,KISABEI
Bomet,SOTIK,KOIYET
Bomet,SOTIK,KOKWON
Bomet,SOTIK,KORONGORO
Bomet,SOTIK,KURYOT PRIMARY SCHOOL
Bomet,SOTIK,LALWAT
Bomet,SOTIK,LELDAET
Bomet,SOTIK,LELDOK
Bomet,SOTIK,LELECHWET
Bomet,SOTIK,LULUSIK
Bomet,SOTIK,MABWAITA
Bomet,SOTIK,MANARET
Bomet,SOTIK,MOGOIYWEK
Bomet,SOTIK,MOITA
Bomet,SOTIK,MONIRE
Bomet,SOTIK,MORIKO
Bomet,SOTIK,MOSONIK
Bomet,SOTIK,MOTIRET
Bomet,SOTIK,MUNJAZZ
Bomet,SOTIK,NDANAI PRIMARY
Bomet,SOTIK,NGAMURIAN PRI.
Bomet,SOTIK,NGARIET
Bomet,SOTIK,NGENDALEL
Bomet,SOTIK,NGURWO
Bomet,SOTIK,NYAGAA
Bomet,SOTIK,OLDABACH
Bomet,SOTIK,OLDEBESI
Bomet,SOTIK,RONGENA
Bomet,SOTIK,ROTIK
Bomet,SOTIK,SARUCHAT
Bomet,SOTIK,SASITA
Bomet,SOTIK,SERTWET
Bomet,SOTIK,SIGORIAN
Bomet,SOTIK,SIROIN PRIMARY
Bomet,SOTIK,SIRONET
Bomet,SOTIK,SIRYAT
Bomet,SOTIK,SISEI
Bomet,SOTIK,SOGET PRI.
Bomet,SOTIK,SOIMET
Bomet,SOTIK,SOIMOSIEK
Bomet,SOTIK,SOIYOIT PRI
Bomet,SOTIK,SOMOE
Bomet,SOTIK,SOSIK
Bomet,SOTIK,SOSUR
Bomet,SOTIK,SOTIK PRIMARY
Bomet,SOTIK,SOYMET DAY SEC
Bomet,SOTIK,SUGURUSIEK
Bomet,SOTIK,SUGUTEK
Bomet,SOTIK,SUMONI
Bomet,SOTIK,TAABOK
Bomet,SOTIK,TABARIT
Bomet,SOTIK,TABEITUK
Bomet,SOTIK,TAKITECH PRIMARY SCHOOL
Bomet,SOTIK,TARAKWA
Bomet,SOTIK,TEMBWET
Bomet,SOTIK,TEMBWO
Bomet,SOTIK,TENDONOK
Bomet,SOTIK,TOGOMIN
Bomet,SOTIK,TONONGOI
Bomet,SOTIK,TUIYOGOK
Bomet,SOTIK,TUIYOTICH
Bomet,SOTIK,TUMBELYON
Bomet,SOTIK,USWET
Bomet,SOTIK,YAGANEK
County,Sub County,School Name
Bungoma,BUMULA,ACK KHASOKO
Bungoma,BUMULA,BILISO RC
Bungoma,BUMULA,BISUCHE ACK
Bungoma,BUMULA,BITOBO RC
Bungoma,BUMULA,BOSIO RC
Bungoma,BUMULA,BUKIRIMO RC PRIMARY
Bungoma,BUMULA,BUMULA FYM
Bungoma,BUMULA,BUNAMBOBI
Bungoma,BUMULA,BURANGASI RC
Bungoma,BUMULA,BWALIRO ACK
Bungoma,BUMULA,CHILIBA RC
Bungoma,BUMULA,ebenezer academynasyanda
Bungoma,BUMULA,JOYVALLEY SPECIAL
Bungoma,BUMULA,JUHUDI SECONDARY
Bungoma,BUMULA,KABUBERO RC
Bungoma,BUMULA,KABULA RC
Bungoma,BUMULA,KHABUSI S.A PRIMARY
Bungoma,BUMULA,KHASOKO SPECIAL FOR MH
Bungoma,BUMULA,KHASOLO RC
Bungoma,BUMULA,KHAYO MMK
Bungoma,BUMULA,KHELELA AC
Bungoma,BUMULA,KIBACHENJE COG
Bungoma,BUMULA,KIBUKE E R S F
Bungoma,BUMULA,KIMAETI RC MIXED DAY AND BOARDING
Bungoma,BUMULA,KIMATUNI RC
Bungoma,BUMULA,KIMATUNI SA
Bungoma,BUMULA,KIMWANGA RC
Bungoma,BUMULA,KIMWANGA SPECIAL SCHOOL
Bungoma,BUMULA,KISAWAYI SA PRIMARY
Bungoma,BUMULA,KISIOYI ERSF
Bungoma,BUMULA,KITABISI RC
Bungoma,BUMULA,KITINGIA SA
Bungoma,BUMULA,LIBOLINA SPECIAL SCH
Bungoma,BUMULA,LUBUNDA R C
Bungoma,BUMULA,LUMBOKA RC
Bungoma,BUMULA,LUNAO FYM PRIMARY SCHOOL
Bungoma,BUMULA,LUNAO RC
Bungoma,BUMULA,LWANJA RC
Bungoma,BUMULA,MACHWELE DEB
Bungoma,BUMULA,MALINDA RC
Bungoma,BUMULA,MANANI S A
Bungoma,BUMULA,MARABA ACK PRIMARY
Bungoma,BUMULA,MASIELO R C
Bungoma,BUMULA,MASUNO RC
Bungoma,BUMULA,MATEKA RC
Bungoma,BUMULA,MAYANJA R C
Bungoma,BUMULA,MIKOKWE
Bungoma,BUMULA,MILUKI RC
Bungoma,BUMULA,MUANDA RC
Bungoma,BUMULA,MUKHEKHE
Bungoma,BUMULA,MUKHUMA RC
Bungoma,BUMULA,MUKUYUNI RC
Bungoma,BUMULA,MUKWA RC
Bungoma,BUMULA,MULUKOBA RC
Bungoma,BUMULA,MUNGORE ACK
Bungoma,BUMULA,MUSAKASA RC
Bungoma,BUMULA,MUTUA R.C
Bungoma,BUMULA,MWIRUTI RC
Bungoma,BUMULA,MWIYENGA A C K
Bungoma,BUMULA,MWOMO DEB
Bungoma,BUMULA,MYANGA RC
Bungoma,BUMULA,NABUREREYA RC
Bungoma,BUMULA,NAKALILA RC
Bungoma,BUMULA,NAKHWANA R C
Bungoma,BUMULA,NAMANJE F Y M
Bungoma,BUMULA,NAMANZE RC
Bungoma,BUMULA,NAMATOTOA RC
Bungoma,BUMULA,NAMUNINGIE R C
Bungoma,BUMULA,NAMUSASI ACK
Bungoma,BUMULA,NANDIKA SA
Bungoma,BUMULA,NANDINGWA RC
Bungoma,BUMULA,Nandingwa RC Primary
Bungoma,BUMULA,NANGATA
Bungoma,BUMULA,NANGENI FYM
Bungoma,BUMULA,NAPARA ACK PRI
Bungoma,BUMULA,NAPARA RC
Bungoma,BUMULA,NASIMBO S A PRIMARY
Bungoma,BUMULA,NASYANDA BAHAI
Bungoma,BUMULA,NETIMA R C PRIMARY
Bungoma,BUMULA,NGOLI RC
Bungoma,BUMULA,REMWA RC
Bungoma,BUMULA,SANGO RC
Bungoma,BUMULA,SIBOTI RC
Bungoma,BUMULA,SIHILILA RC
Bungoma,BUMULA,SIKINGA FYM
Bungoma,BUMULA,SILOBA SHINE RC PRIMARY
Bungoma,BUMULA,SIRENDE SA
Bungoma,BUMULA,SIYOMBE AC
Bungoma,BUMULA,ST ELIZABETH WACHOLI RC PRIMARY
Bungoma,BUMULA,ST JUDE NABUYEYWE
Bungoma,BUMULA,ST JUDE SYOYA RC
Bungoma,BUMULA,ST MICHAEL BUKUMUMA PRIMARY
Bungoma,BUMULA,ST PETERS NAMAIKA RC
Bungoma,BUMULA,ST STEPHENS BULOSI RC
Bungoma,BUMULA,ST. STEPHENS MUNDAA ACK
Bungoma,BUMULA,SYEKUMULO RC
Bungoma,BUMULA,TABALA R C
Bungoma,BUMULA,TABUTI SUDI RC
Bungoma,BUMULA,TALITIA RC
Bungoma,BUMULA,TULUKUYI
Bungoma,BUMULA,TULUMBA RC
Bungoma,BUMULA,TUNYA RC
Bungoma,BUMULA,WAMUMALI RC
Bungoma,BUMULA,WESIMIKHA SA
Bungoma,BUNGOMA CENTRAL,BARAKI ERSF
Bungoma,BUNGOMA CENTRAL,BUSAKALA FYM
Bungoma,BUNGOMA CENTRAL,BWAKE RC
Bungoma,BUNGOMA CENTRAL,CHEBUKAKA BOYS
Bungoma,BUNGOMA CENTRAL,CHEBUKAKA GIRLS
Bungoma,BUNGOMA CENTRAL,CHEBUKWA DEB
Bungoma,BUNGOMA CENTRAL,CHEBUNYINYI ACK
Bungoma,BUNGOMA CENTRAL,CHEKULO BAPTIST
Bungoma,BUNGOMA CENTRAL,CHEKULO FYM
Bungoma,BUNGOMA CENTRAL,CHEKWANDA COC PRI
Bungoma,BUNGOMA CENTRAL,CHEMWA RC
Bungoma,BUNGOMA CENTRAL,CHENJENI ERSF
Bungoma,BUNGOMA CENTRAL,CHEPSITATI
Bungoma,BUNGOMA CENTRAL,HON WETANGULA SANGO PCU
Bungoma,BUNGOMA CENTRAL,KABUCHAI
Bungoma,BUNGOMA CENTRAL,KABUCHAI SA SPECIAL SCHOOL
Bungoma,BUNGOMA CENTRAL,KASOSI SA PRIMARY SCHOOL
Bungoma,BUNGOMA CENTRAL,KHACHONGE RC
Bungoma,BUNGOMA CENTRAL,KHALABA RC
Bungoma,BUNGOMA CENTRAL,KHATIRI SA PRI
Bungoma,BUNGOMA CENTRAL,KIBICHORI
Bungoma,BUNGOMA CENTRAL,KIBOOCHI
Bungoma,BUNGOMA CENTRAL,KIMALEWA
Bungoma,BUNGOMA CENTRAL,KISIWA
Bungoma,BUNGOMA CENTRAL,KUYWA
Bungoma,BUNGOMA CENTRAL,KUYWA SA SPECIAL FOR M HANDICAPPED
Bungoma,BUNGOMA CENTRAL,LUFUTU SA
Bungoma,BUNGOMA CENTRAL,LUKHOME ERSF
Bungoma,BUNGOMA CENTRAL,LUKHUNA ERSF
Bungoma,BUNGOMA CENTRAL,LUUCHO FYM
Bungoma,BUNGOMA CENTRAL,LUUYA R C
Bungoma,BUNGOMA CENTRAL,LWANJA PEFA
Bungoma,BUNGOMA CENTRAL,MABANGA RC
Bungoma,BUNGOMA CENTRAL,MADISI ERSF
Bungoma,BUNGOMA CENTRAL,MAKHONGE
Bungoma,BUNGOMA CENTRAL,MAKHONGE SA PRI
Bungoma,BUNGOMA CENTRAL,MAROBO
Bungoma,BUNGOMA CENTRAL,MATIBO R
Bungoma,BUNGOMA CENTRAL,MIKAYU FRIENDS
Bungoma,BUNGOMA CENTRAL,MILEMBE FYM
Bungoma,BUNGOMA CENTRAL,MISIRI RC
Bungoma,BUNGOMA CENTRAL,MUKHWEYA RC
Bungoma,BUNGOMA CENTRAL,MUSOKHO FYM
Bungoma,BUNGOMA CENTRAL,NAIRUMBI SA
Bungoma,BUNGOMA CENTRAL,NAKITUMBA SA
Bungoma,BUNGOMA CENTRAL,NALONDO CBM
Bungoma,BUNGOMA CENTRAL,NALONDO DEB
Bungoma,BUNGOMA CENTRAL,NALONDO R C
Bungoma,BUNGOMA CENTRAL,NAMAKHELE RC
Bungoma,BUNGOMA CENTRAL,NAMAONDO CBM
Bungoma,BUNGOMA CENTRAL,NAMILAMA
Bungoma,BUNGOMA CENTRAL,NAMOSI
Bungoma,BUNGOMA CENTRAL,namukongo admirals academy
Bungoma,BUNGOMA CENTRAL,NANGILI
Bungoma,BUNGOMA CENTRAL,NANGWE RC
Bungoma,BUNGOMA CENTRAL,NASAKA
Bungoma,BUNGOMA CENTRAL,NGALASIA ACK
Bungoma,BUNGOMA CENTRAL,PONGOLA
Bungoma,BUNGOMA CENTRAL,S A KHATIRI
Bungoma,BUNGOMA CENTRAL,SAMITA SA
Bungoma,BUNGOMA CENTRAL,SANANDIKI S.A
Bungoma,BUNGOMA CENTRAL,SANANDIKI FRIENDS
Bungoma,BUNGOMA CENTRAL,SAWALI FYM
Bungoma,BUNGOMA CENTRAL,SICHEI FYM
Bungoma,BUNGOMA CENTRAL,SICHEI R C
Bungoma,BUNGOMA CENTRAL,SIKULU
Bungoma,BUNGOMA CENTRAL,SIKUSI
Bungoma,BUNGOMA CENTRAL,SIRARE
Bungoma,BUNGOMA CENTRAL,SIRWA PRI
Bungoma,BUNGOMA CENTRAL,SITILA FYM
Bungoma,BUNGOMA CENTRAL,ST WALUMOLI M 1
Bungoma,BUNGOMA CENTRAL,TEREMI ERSF
Bungoma,BUNGOMA CENTRAL,WABUKHONYI
Bungoma,BUNGOMA CENTRAL,WALUKAYA DEB
Bungoma,BUNGOMA EAST,BAKISA D.E.B
Bungoma,BUNGOMA EAST,BAKISA SA
Bungoma,BUNGOMA EAST,BEN KAPTEN
Bungoma,BUNGOMA EAST,BENAAS VALLEY ACADEMY
Bungoma,BUNGOMA EAST,BITUYU D.E.B
Bungoma,BUNGOMA EAST,BOKOLI F Y M
Bungoma,BUNGOMA EAST,BOKOLI R.C
Bungoma,BUNGOMA EAST,CHEBINI PEFA PRIMARY
Bungoma,BUNGOMA EAST,CHENG’OLI PRIMARY
Bungoma,BUNGOMA EAST,FROI DEB
Bungoma,BUNGOMA EAST,HOLY FAMILY MISIKHU GIRLS
Bungoma,BUNGOMA EAST,KAKIMANYI E R S F
Bungoma,BUNGOMA EAST,KAKIMANYI SDA PRIMARY
Bungoma,BUNGOMA EAST,KHALALA RC
Bungoma,BUNGOMA EAST,KHAMOTO FYM
Bungoma,BUNGOMA EAST,KITUNI FYM
Bungoma,BUNGOMA EAST,KUYWA FYM PRIMARY
Bungoma,BUNGOMA EAST,KWENA SDA
Bungoma,BUNGOMA EAST,LUFWINDIRI DEB
Bungoma,BUNGOMA EAST,LUGULU DAY
Bungoma,BUNGOMA EAST,LUGULU MIXED BOARDING/DAY
Bungoma,BUNGOMA EAST,LUGULU PAG
Bungoma,BUNGOMA EAST,LUGUSI FYM
Bungoma,BUNGOMA EAST,LUKHUNA PRI
Bungoma,BUNGOMA EAST,LUMULI SDA
Bungoma,BUNGOMA EAST,LUTACHO FYM MIXED DAY AND BOARDING
Bungoma,BUNGOMA EAST,LUTASO RC
Bungoma,BUNGOMA EAST,LWILE SAMBU P A G PRIMARY
Bungoma,BUNGOMA EAST,MABELE BAPTIST
Bungoma,BUNGOMA EAST,MAGEMO FYM PRIMARY SCHOOL
Bungoma,BUNGOMA EAST,MAHANGA E R S F PRIMARY
Bungoma,BUNGOMA EAST,MAHANGA PEFA
Bungoma,BUNGOMA EAST,MAKEMO RC
Bungoma,BUNGOMA EAST,MAKHONGE FYM
Bungoma,BUNGOMA EAST,MAKUSELWA FYM
Bungoma,BUNGOMA EAST,MALAHA FYM
Bungoma,BUNGOMA EAST,MALOMONYE FYM
Bungoma,BUNGOMA EAST,MANAFWA F Y M
Bungoma,BUNGOMA EAST,MANG’ANA FYM
Bungoma,BUNGOMA EAST,MARAKA PEFA
Bungoma,BUNGOMA EAST,MASIBAI FYM
Bungoma,BUNGOMA EAST,MASINDU FYM
Bungoma,BUNGOMA EAST,MATISI S A
Bungoma,BUNGOMA EAST,MATULO FRIENDS
Bungoma,BUNGOMA EAST,MATULO RC
Bungoma,BUNGOMA EAST,MIENDO FYM
Bungoma,BUNGOMA EAST,MIHUU FYM
Bungoma,BUNGOMA EAST,MIKUVA FYM
Bungoma,BUNGOMA EAST,MILANI FYM
Bungoma,BUNGOMA EAST,MILO FYM
Bungoma,BUNGOMA EAST,MINYALI SA
Bungoma,BUNGOMA EAST,MISEMWA FYM
Bungoma,BUNGOMA EAST,MISIKHU FYM
Bungoma,BUNGOMA EAST,MISIKHU RC BOYS
Bungoma,BUNGOMA EAST,MISIMO FYM
Bungoma,BUNGOMA EAST,MITUKUYU FYM
Bungoma,BUNGOMA EAST,MOYOKWE
Bungoma,BUNGOMA EAST,MUJI FYM
Bungoma,BUNGOMA EAST,MUKHUYU FYM PRI
Bungoma,BUNGOMA EAST,MULACHI SA
Bungoma,BUNGOMA EAST,MUNGAKHA ACK
Bungoma,BUNGOMA EAST,MURUMBA R.C
Bungoma,BUNGOMA EAST,MURUMBA RC
Bungoma,BUNGOMA EAST,MUSA FYM
Bungoma,BUNGOMA EAST,MUTIKE DEB
Bungoma,BUNGOMA EAST,MWEMBULA DEB
Bungoma,BUNGOMA EAST,NABUYOLE FYM
Bungoma,BUNGOMA EAST,NABUYOLE PEFA
Bungoma,BUNGOMA EAST,NAMARAMBI FYM
Bungoma,BUNGOMA EAST,NAMBALAYI DEB
Bungoma,BUNGOMA EAST,NAMBAMI FYM
Bungoma,BUNGOMA EAST,NAMILIMO KETC PRIMARY
Bungoma,BUNGOMA EAST,NDIVISI FYM PRIMARY
Bungoma,BUNGOMA EAST,NDURUSIA PEFA PRIMARY
Bungoma,BUNGOMA EAST,NEEMA GOOD SHEPHERD E CENTRE
Bungoma,BUNGOMA EAST,NGACHI SA
Bungoma,BUNGOMA EAST,NGWELO FYM PRIMARY
Bungoma,BUNGOMA EAST,NZOIA RC
Bungoma,BUNGOMA EAST,ONDOTI ADC
Bungoma,BUNGOMA EAST,PEFA NZOIA
Bungoma,BUNGOMA EAST,SAMBU CENTRAL
Bungoma,BUNGOMA EAST,Sambu Central Primary
Bungoma,BUNGOMA EAST,SAMBU PAG
Bungoma,BUNGOMA EAST,SAMBU PEFA LUKUKU
Bungoma,BUNGOMA EAST,SANGO DEB
Bungoma,BUNGOMA EAST,SAWA PCU
Bungoma,BUNGOMA EAST,SIKIMBILO RC
Bungoma,BUNGOMA EAST,SILUNGAI FYM
Bungoma,BUNGOMA EAST,SINOKO FYM
Bungoma,BUNGOMA EAST,SINOKO PCU
Bungoma,BUNGOMA EAST,SIPALA fym
Bungoma,BUNGOMA EAST,SIRISIA BOK FYM
Bungoma,BUNGOMA EAST,SIYILILA D.E.B
Bungoma,BUNGOMA EAST,ST ANTONY FOR THE DEAF
Bungoma,BUNGOMA EAST,ST JOHN’S SAVANA
Bungoma,BUNGOMA EAST,ST JOSEPHS RC
Bungoma,BUNGOMA EAST,ST TERESAS SPECIAL FOR M H
Bungoma,BUNGOMA EAST,ST. ELIZABETH ACADEMY
Bungoma,BUNGOMA EAST,ST. MICHAEL NASAKA
Bungoma,BUNGOMA EAST,ST. PAULS KIBISI
Bungoma,BUNGOMA EAST,WABUKHONYI FYM
Bungoma,BUNGOMA EAST,WANDABWA FYM
Bungoma,BUNGOMA EAST,WEBUYE ACK
Bungoma,BUNGOMA EAST,WEBUYE MUSLIM
Bungoma,BUNGOMA EAST,WEBUYE PAG
Bungoma,BUNGOMA EAST,WEBUYE SA
Bungoma,BUNGOMA EAST,WENYILA ERSF
Bungoma,BUNGOMA EAST,YALUSI FYM
Bungoma,BUNGOMA NORTH,ARCHBISHOP WABUKALA
Bungoma,BUNGOMA NORTH,BILIBILI FYM
Bungoma,BUNGOMA NORTH,BILIBILI SPECIAL SCHOOL
Bungoma,BUNGOMA NORTH,BINYENYA RC
Bungoma,BUNGOMA NORTH,BIRUNDA PAG PRIMARY SCHOOL
Bungoma,BUNGOMA NORTH,BITUYU RC
Bungoma,BUNGOMA NORTH,BUNAMBO FRIENDS
Bungoma,BUNGOMA NORTH,BUYANZI PEFA
Bungoma,BUNGOMA NORTH,CHUMA PAG
Bungoma,BUNGOMA NORTH,DR ESELI RC
Bungoma,BUNGOMA NORTH,DR. REGINALDA NASIANDA
Bungoma,BUNGOMA NORTH,HAFOLAND
Bungoma,BUNGOMA NORTH,KAKAMWE RC
Bungoma,BUNGOMA NORTH,KANANACHI FYM
Bungoma,BUNGOMA NORTH,KAPCHONGE DEB
Bungoma,BUNGOMA NORTH,KAPTALELIO BAPTIST
Bungoma,BUNGOMA NORTH,KARIMA
Bungoma,BUNGOMA NORTH,KEWA DEB
Bungoma,BUNGOMA NORTH,KEWA S.A
Bungoma,BUNGOMA NORTH,KIBISI FYM
Bungoma,BUNGOMA NORTH,KIKWAMETI S.A
Bungoma,BUNGOMA NORTH,KIMININI FYM
Bungoma,BUNGOMA NORTH,LUKHOKHWE FYM
Bungoma,BUNGOMA NORTH,LUKHUNA FYM PRIMARY
Bungoma,BUNGOMA NORTH,LUMUKILE PEFA
Bungoma,BUNGOMA NORTH,LUNAO DEB
Bungoma,BUNGOMA NORTH,LUNGAI
Bungoma,BUNGOMA NORTH,LUNYU D E B PRIMARY
Bungoma,BUNGOMA NORTH,LUSOKHO PAG
Bungoma,BUNGOMA NORTH,LUUYA D E B
Bungoma,BUNGOMA NORTH,MACHAKHA DEB
Bungoma,BUNGOMA NORTH,MAINA P A G PRIMARY
Bungoma,BUNGOMA NORTH,MAKHANGA SA
Bungoma,BUNGOMA NORTH,MAKHONGE DEB
Bungoma,BUNGOMA NORTH,MAKOLOLWE P.A.G
Bungoma,BUNGOMA NORTH,MAKUNGA
Bungoma,BUNGOMA NORTH,MALIKI FYM
Bungoma,BUNGOMA NORTH,MANYASA FYM
Bungoma,BUNGOMA NORTH,MAPERA D E B
Bungoma,BUNGOMA NORTH,MARESI FYM
Bungoma,BUNGOMA NORTH,MARINDA FYM
Bungoma,BUNGOMA NORTH,MASHINANI FYM
Bungoma,BUNGOMA NORTH,MATISI PAG
Bungoma,BUNGOMA NORTH,MBAKALO ACK
Bungoma,BUNGOMA NORTH,MBAKALO DEB
Bungoma,BUNGOMA NORTH,MFUNJE ADC
Bungoma,BUNGOMA NORTH,MFUPI R.C
Bungoma,BUNGOMA NORTH,MILELE FRIENDS
Bungoma,BUNGOMA NORTH,MILIMA BOARDING PRIMARY
Bungoma,BUNGOMA NORTH,MILMA RIVERSIDE FYM
Bungoma,BUNGOMA NORTH,MINYALI FRIENDS PRIMARY SCHOOL
Bungoma,BUNGOMA NORTH,MITOTO ADC
Bungoma,BUNGOMA NORTH,MITUA FYM
Bungoma,BUNGOMA NORTH,MIYUKE SA
Bungoma,BUNGOMA NORTH,MUKHUYU R.C
Bungoma,BUNGOMA NORTH,MUKOMARI PEFA PRIM
Bungoma,BUNGOMA NORTH,MUKUYUNI FYM
Bungoma,BUNGOMA NORTH,MULIRO DEB
Bungoma,BUNGOMA NORTH,MUSANGURA FRIENDSS
Bungoma,BUNGOMA NORTH,MUSEMBE FYM PRIMARY SCHOOL
Bungoma,BUNGOMA NORTH,MUSEMBE PAG
Bungoma,BUNGOMA NORTH,MWAMBU PAG
Bungoma,BUNGOMA NORTH,MWIKHOPO DEB
Bungoma,BUNGOMA NORTH,MWIKHUPO RC
Bungoma,BUNGOMA NORTH,NABISWA FYM
Bungoma,BUNGOMA NORTH,NAITIRI FYM
Bungoma,BUNGOMA NORTH,NAITIRI RC
Bungoma,BUNGOMA NORTH,NAITIRI S.A TOWNSHIP
Bungoma,BUNGOMA NORTH,NAKOBA FYM
Bungoma,BUNGOMA NORTH,NAMATORE FPF
Bungoma,BUNGOMA NORTH,NAMAWANGA RGC
Bungoma,BUNGOMA NORTH,NAMBOKO RC
Bungoma,BUNGOMA NORTH,NAMUNYIRI RCEA
Bungoma,BUNGOMA NORTH,NANDOROBO FYM
Bungoma,BUNGOMA NORTH,NDALU RC
Bungoma,BUNGOMA NORTH,NDEGELWA SA
Bungoma,BUNGOMA NORTH,NDENGELWA S.A
Bungoma,BUNGOMA NORTH,NGOYA BUYOFU
Bungoma,BUNGOMA NORTH,NYANGE DEB
Bungoma,BUNGOMA NORTH,NYANGE PAG
Bungoma,BUNGOMA NORTH,NZOIA FYM
Bungoma,BUNGOMA NORTH,NZOIA R.C
Bungoma,BUNGOMA NORTH,SANGO PAG
Bungoma,BUNGOMA NORTH,SAWA DEB
Bungoma,BUNGOMA NORTH,SHIKUKU FYM
Bungoma,BUNGOMA NORTH,SIANGALAMWE RC
Bungoma,BUNGOMA NORTH,SIKULU FYM
Bungoma,BUNGOMA NORTH,SIRAKARU SA
Bungoma,BUNGOMA NORTH,SIRENDE RC
Bungoma,BUNGOMA NORTH,SIUMBWA RC
Bungoma,BUNGOMA NORTH,SOYSAMBU DEB
Bungoma,BUNGOMA NORTH,SOYSAMBU S.A
Bungoma,BUNGOMA NORTH,ST CHARLES LWANGA SINOKO R C
Bungoma,BUNGOMA NORTH,ST MARYS MABUSI RC MIXED
Bungoma,BUNGOMA NORTH,ST PETERS R.C MAKUMU PRIMARY
Bungoma,BUNGOMA NORTH,ST. JOAN SANGO R.C
Bungoma,BUNGOMA NORTH,ST. PAUL’S NARATI R.C
Bungoma,BUNGOMA NORTH,ST. PETER’S MAKUMU
Bungoma,BUNGOMA NORTH,TABANI FYM
Bungoma,BUNGOMA NORTH,TABANI RC
Bungoma,BUNGOMA NORTH,TONGAREN
Bungoma,BUNGOMA SOUTH,ACK The Good Shephard Kibabii
Bungoma,BUNGOMA SOUTH,BUEMA RC
Bungoma,BUNGOMA SOUTH,BUKANANACHI FYM
Bungoma,BUNGOMA SOUTH,BUKEMBE ERSF
Bungoma,BUNGOMA SOUTH,BUKUSU RC
Bungoma,BUNGOMA SOUTH,BULONDO RC
Bungoma,BUNGOMA SOUTH,BUNGOMA DEB
Bungoma,BUNGOMA SOUTH,BUNGOMA MUSLIM
Bungoma,BUNGOMA SOUTH,BUUMBA CCA
Bungoma,BUNGOMA SOUTH,CENTRAL BAPTIST
Bungoma,BUNGOMA SOUTH,CHEMCHE ACK
Bungoma,BUNGOMA SOUTH,CHENGWALI SA
Bungoma,BUNGOMA SOUTH,FUCHANI FRIENDS
Bungoma,BUNGOMA SOUTH,Hututu SDA PRIMARY
Bungoma,BUNGOMA SOUTH,JAMIA PRIMARY
Bungoma,BUNGOMA SOUTH,KAKICHUMA RC
Bungoma,BUNGOMA SOUTH,KAMBA RC
Bungoma,BUNGOMA SOUTH,KANDUYI DEB
Bungoma,BUNGOMA SOUTH,KHAKULA RCEA
Bungoma,BUNGOMA SOUTH,KHAOYA ERSF
Bungoma,BUNGOMA SOUTH,KHAWELI RC
Bungoma,BUNGOMA SOUTH,KIBABII MIXED
Bungoma,BUNGOMA SOUTH,KIKWECHI ACK
Bungoma,BUNGOMA SOUTH,KIMUGUI FYM
Bungoma,BUNGOMA SOUTH,KIMUKUNG’I RC
Bungoma,BUNGOMA SOUTH,KISULINI SA
Bungoma,BUNGOMA SOUTH,KITALE FYM
Bungoma,BUNGOMA SOUTH,KITINDA RC
Bungoma,BUNGOMA SOUTH,KOMBO
Bungoma,BUNGOMA SOUTH,KONGOLI RC
Bungoma,BUNGOMA SOUTH,LUMASA R.C PRY
Bungoma,BUNGOMA SOUTH,LUTUNGU RC
Bungoma,BUNGOMA SOUTH,LUYEKYE RC
Bungoma,BUNGOMA SOUTH,LWANDA FYM
Bungoma,BUNGOMA SOUTH,MABUUSI RCEA
Bungoma,BUNGOMA SOUTH,MAKUTANO SA
Bungoma,BUNGOMA SOUTH,MATONG’I SA
Bungoma,BUNGOMA SOUTH,MATUMBUFU BAPTIST
Bungoma,BUNGOMA SOUTH,MECHIMERU SA
Bungoma,BUNGOMA SOUTH,MISANGA FYM
Bungoma,BUNGOMA SOUTH,MOI DEB
Bungoma,BUNGOMA SOUTH,MUFULE FYM
Bungoma,BUNGOMA SOUTH,MUIKHUPO BAPTIST
Bungoma,BUNGOMA SOUTH,MUKHAWELI MMK
Bungoma,BUNGOMA SOUTH,MUKHOLI PRI
Bungoma,BUNGOMA SOUTH,MUNGETI RC
Bungoma,BUNGOMA SOUTH,MUPELI DEB
Bungoma,BUNGOMA SOUTH,MUSIKOMA RC
Bungoma,BUNGOMA SOUTH,MUYAYI RC
Bungoma,BUNGOMA SOUTH,MWIBALE RC
Bungoma,BUNGOMA SOUTH,NABUKHISA CC
Bungoma,BUNGOMA SOUTH,NABUTOLA FYM
Bungoma,BUNGOMA SOUTH,NAKOYONJO DEB
Bungoma,BUNGOMA SOUTH,NALUTIRI SA
Bungoma,BUNGOMA SOUTH,NAMAANGA FYM
Bungoma,BUNGOMA SOUTH,NAMAMUKA RC PRIMARY
Bungoma,BUNGOMA SOUTH,NAMASANDA RC
Bungoma,BUNGOMA SOUTH,NAMIKELO RC
Bungoma,BUNGOMA SOUTH,NAMIREMBE FRIENDS
Bungoma,BUNGOMA SOUTH,NAMISI CEB PRI
Bungoma,BUNGOMA SOUTH,NAMISI RC
Bungoma,BUNGOMA SOUTH,NAMWACHA FYM
Bungoma,BUNGOMA SOUTH,NDENGELWA RC
Bungoma,BUNGOMA SOUTH,NZOIA DOROFU TOWNSHIP
Bungoma,BUNGOMA SOUTH,NZOIA INDUSTRIAL
Bungoma,BUNGOMA SOUTH,NZOIA SUGAR
Bungoma,BUNGOMA SOUTH,RANJE DEB
Bungoma,BUNGOMA SOUTH,SAMOYA RC
Bungoma,BUNGOMA SOUTH,SANG’ALO RC
Bungoma,BUNGOMA SOUTH,SANGO FYM
Bungoma,BUNGOMA SOUTH,SIAKA DEB
Bungoma,BUNGOMA SOUTH,SIANGWE RC
Bungoma,BUNGOMA SOUTH,SIKALAME SA
Bungoma,BUNGOMA SOUTH,SILOBA RC
Bungoma,BUNGOMA SOUTH,SINOKO DEB
Bungoma,BUNGOMA SOUTH,SIO RC
Bungoma,BUNGOMA SOUTH,SIRENDE DEB
Bungoma,BUNGOMA SOUTH,SIRITANYI RC
Bungoma,BUNGOMA SOUTH,SITOMA SA
Bungoma,BUNGOMA SOUTH,ST CHARLES OKANYA
Bungoma,BUNGOMA SOUTH,ST ELIZABETH CHEMULULUCHI RC
Bungoma,BUNGOMA SOUTH,ST MARYS KIBABII GIRLS
Bungoma,BUNGOMA SOUTH,ST. MICHAEL NDAKARU
Bungoma,BUNGOMA SOUTH,TEMBELELA SA
Bungoma,BUNGOMA SOUTH,TULIENGE RC
Bungoma,BUNGOMA SOUTH,TUNGELELE COD
Bungoma,BUNGOMA SOUTH,WACHEKA ACK
Bungoma,BUNGOMA SOUTH,WALALA RC
Bungoma,BUNGOMA SOUTH,WATWANG’A COG
Bungoma,BUNGOMA SOUTH,WEKELEKHA RC
Bungoma,BUNGOMA WEST,ACK CHEBUKUYI
Bungoma,BUNGOMA WEST,BINYENYA SA
Bungoma,BUNGOMA WEST,BISUNU FYM
Bungoma,BUNGOMA WEST,BUKIABI SA
Bungoma,BUNGOMA WEST,BUKOKHOLO
Bungoma,BUNGOMA WEST,BUTONGE ACK
Bungoma,BUNGOMA WEST,BUTUNDE
Bungoma,BUNGOMA WEST,CHEBUKUTUMI ACK
Bungoma,BUNGOMA WEST,CHENJENI SA
Bungoma,BUNGOMA WEST,CHONGOYI RC
Bungoma,BUNGOMA WEST,CHWELE BOYS
Bungoma,BUNGOMA WEST,CHWELE GIRLS
Bungoma,BUNGOMA WEST,HON WATENGULA LURARE PEFA
Bungoma,BUNGOMA WEST,KABENDO SDA
Bungoma,BUNGOMA WEST,KABKARA SA
Bungoma,BUNGOMA WEST,KABURWET SA
Bungoma,BUNGOMA WEST,KAG NAMAWANGA
Bungoma,BUNGOMA WEST,KAMUNYONG OLE ACK
Bungoma,BUNGOMA WEST,KAPROT DEB
Bungoma,BUNGOMA WEST,KAPTANAI SA
Bungoma,BUNGOMA WEST,KASIAMO FYM
Bungoma,BUNGOMA WEST,KATOMEI
Bungoma,BUNGOMA WEST,KHABUKOYA DEB
Bungoma,BUNGOMA WEST,KIBEU SA
Bungoma,BUNGOMA WEST,KIBINDOI SA
Bungoma,BUNGOMA WEST,KIKAI FYM
Bungoma,BUNGOMA WEST,KOLANI FYM
Bungoma,BUNGOMA WEST,KOMIRIAI RC
Bungoma,BUNGOMA WEST,KOROSIONDET SA
Bungoma,BUNGOMA WEST,KUAFU RC
Bungoma,BUNGOMA WEST,KULISIRU FYM
Bungoma,BUNGOMA WEST,LONDO SA
Bungoma,BUNGOMA WEST,LUKAALA FYM
Bungoma,BUNGOMA WEST,LUTASO PEFA
Bungoma,BUNGOMA WEST,LWAKHAKHA SA
Bungoma,BUNGOMA WEST,LWANDANYI
Bungoma,BUNGOMA WEST,MACHAKHA RC
Bungoma,BUNGOMA WEST,MALAKISI
Bungoma,BUNGOMA WEST,MALAKISI MUSLIM
Bungoma,BUNGOMA WEST,MALINDA FYM
Bungoma,BUNGOMA WEST,MALINDA SA
Bungoma,BUNGOMA WEST,MASABA DEB
Bungoma,BUNGOMA WEST,MATIBO RC
Bungoma,BUNGOMA WEST,MATUMBAYI BLM
Bungoma,BUNGOMA WEST,MATUNDA ACK
Bungoma,BUNGOMA WEST,MENU FYM
Bungoma,BUNGOMA WEST,MUFUNGU SA
Bungoma,BUNGOMA WEST,MUNYANGANYI RC
Bungoma,BUNGOMA WEST,MUSIEBA SA
Bungoma,BUNGOMA WEST,MUTONYI ERSF
Bungoma,BUNGOMA WEST,MWANDA SA
Bungoma,BUNGOMA WEST,NABEKI RC
Bungoma,BUNGOMA WEST,NABULOOLI SA
Bungoma,BUNGOMA WEST,NAMANG OFULO DEB
Bungoma,BUNGOMA WEST,NAMAWANGA FYM
Bungoma,BUNGOMA WEST,NAMBUYA ACK
Bungoma,BUNGOMA WEST,NAMUBILA SA
Bungoma,BUNGOMA WEST,NAMUNDI FYM
Bungoma,BUNGOMA WEST,NAMUNYU SA
Bungoma,BUNGOMA WEST,NAMUTOKHOLO DEB
Bungoma,BUNGOMA WEST,NAMWESI
Bungoma,BUNGOMA WEST,NASALA SA
Bungoma,BUNGOMA WEST,NDAKARU SA
Bungoma,BUNGOMA WEST,SIBANGA SA
Bungoma,BUNGOMA WEST,SIRISIA MAL
Bungoma,BUNGOMA WEST,SIRISIA SPECIAL (MH)
Bungoma,BUNGOMA WEST,SIRISIA TOWNSHIP
Bungoma,BUNGOMA WEST,SITABICHA RC
Bungoma,BUNGOMA WEST,ST GABRIEL MAYEKWE
Bungoma,BUNGOMA WEST,ST JOSEPHS KAKALA RC
Bungoma,BUNGOMA WEST,TAMULEGA ACK
Bungoma,BUNGOMA WEST,TULIENGE ACK
Bungoma,BUNGOMA WEST,WANJOYA SA PRIMARY
Bungoma,BUNGOMA WEST,WAPUKHA FYM
Bungoma,BUNGOMA WEST,YABEKO SA
Bungoma,CHEPTAIS,BANAN-TEGA
Bungoma,CHEPTAIS,BIKHUTU SDA
Bungoma,CHEPTAIS,BUKONOI
Bungoma,CHEPTAIS,Bulukha ACK
Bungoma,CHEPTAIS,BURKENWO
Bungoma,CHEPTAIS,BUSANJA FYM
Bungoma,CHEPTAIS,CHEBICH R. C
Bungoma,CHEPTAIS,CHEBIN D.E.B
Bungoma,CHEPTAIS,CHEBINYINY C.O.C
Bungoma,CHEPTAIS,CHEBWEK S.A.
Bungoma,CHEPTAIS,CHELEBEI FYM
Bungoma,CHEPTAIS,Chemeker SDA
Bungoma,CHEPTAIS,CHEMOIKUUT
Bungoma,CHEPTAIS,CHEMONDI S. A.
Bungoma,CHEPTAIS,CHEMUTA
Bungoma,CHEPTAIS,CHEPCHABAI A.I.C
Bungoma,CHEPTAIS,CHEPKOWO R.C.E.A
Bungoma,CHEPTAIS,CHEPKUBE ACK
Bungoma,CHEPTAIS,CHEPKUBE S.A
Bungoma,CHEPTAIS,CHEPKURKUR S. A.
Bungoma,CHEPTAIS,CHEPTAIS S.A.
Bungoma,CHEPTAIS,CHEPTAIS SDA
Bungoma,CHEPTAIS,CHEPTOROR R.C
Bungoma,CHEPTAIS,CHEPYUK R.C
Bungoma,CHEPTAIS,CHERENDIO S.D.A
Bungoma,CHEPTAIS,CHESIKAKI F.Y.M
Bungoma,CHEPTAIS,CHESIKAKI R.C
Bungoma,CHEPTAIS,CHESIRO SA
Bungoma,CHEPTAIS,CHESIYWO SA
Bungoma,CHEPTAIS,CHONGEYWO SA
Bungoma,CHEPTAIS,Coneratone educationa centre
Bungoma,CHEPTAIS,KABORIOT SA
Bungoma,CHEPTAIS,KABUKWO SA
Bungoma,CHEPTAIS,KAMABUS
Bungoma,CHEPTAIS,KAMACHEI
Bungoma,CHEPTAIS,KAMARANG DEB
Bungoma,CHEPTAIS,KAMOSONG SA
Bungoma,CHEPTAIS,KAPCHEBUK
Bungoma,CHEPTAIS,KAPKATENY ACK
Bungoma,CHEPTAIS,KAPKEKE ACK
Bungoma,CHEPTAIS,KAPKERWA
Bungoma,CHEPTAIS,KAPKIRWOK
Bungoma,CHEPTAIS,KAPKISEI AIC
Bungoma,CHEPTAIS,KAPKOTO ACK
Bungoma,CHEPTAIS,KAPKURONGO FYM
Bungoma,CHEPTAIS,KAPONDI PRIMARY
Bungoma,CHEPTAIS,KAPROBOI RC PRIMARY
Bungoma,CHEPTAIS,KAPSAMBU
Bungoma,CHEPTAIS,KAPSESOI SA
Bungoma,CHEPTAIS,KAPSIKA PEFA
Bungoma,CHEPTAIS,KAPSOGOM
Bungoma,CHEPTAIS,KAPSOROMET ADC
Bungoma,CHEPTAIS,KAPTUM
Bungoma,CHEPTAIS,KEBEE S.A. PRIMARY SCHOOL
Bungoma,CHEPTAIS,KEWAANI-KOOY
Bungoma,CHEPTAIS,KIBUMET KCC
Bungoma,CHEPTAIS,KIMABOLE FYM
Bungoma,CHEPTAIS,KIMAMA RC
Bungoma,CHEPTAIS,KIMASWA SA
Bungoma,CHEPTAIS,KIMERIN
Bungoma,CHEPTAIS,KIMORONG PRIMARY
Bungoma,CHEPTAIS,KIMURIO RCEA
Bungoma,CHEPTAIS,KIPSABULA SA
Bungoma,CHEPTAIS,KIPSIGON
Bungoma,CHEPTAIS,KIPSIKROK ACK
Bungoma,CHEPTAIS,KIPSIS SA
Bungoma,CHEPTAIS,KIPTEKA SA
Bungoma,CHEPTAIS,KIPTII SDA
Bungoma,CHEPTAIS,KIPTUNGURWO SA
Bungoma,CHEPTAIS,KOPSIRO SA
Bungoma,CHEPTAIS,KORNG’OTUNY
Bungoma,CHEPTAIS,KUBURA SA
Bungoma,CHEPTAIS,MARIGO SDA
Bungoma,CHEPTAIS,MASAEK SA
Bungoma,CHEPTAIS,MULATIWA SA
Bungoma,CHEPTAIS,MULUKHU FRIENDS
Bungoma,CHEPTAIS,MURWANI DEB
Bungoma,CHEPTAIS,NALONDO SA
Bungoma,CHEPTAIS,NDARET ACK
Bungoma,CHEPTAIS,PANDAP-TAY
Bungoma,CHEPTAIS,PERESTEN ACK
Bungoma,CHEPTAIS,RAMA SDA
Bungoma,CHEPTAIS,ROCK PRIMARY
Bungoma,CHEPTAIS,RWANDA SA
Bungoma,CHEPTAIS,SARIA
Bungoma,CHEPTAIS,SEREK
Bungoma,CHEPTAIS,SESIK DEB
Bungoma,CHEPTAIS,SIMOTWET PRI
Bungoma,CHEPTAIS,SOET AIM PRIMARY
Bungoma,CHEPTAIS,SOSAPLEL ACK
Bungoma,CHEPTAIS,ST ANDREWS NAMATOTOA
Bungoma,CHEPTAIS,ST JOSEPHS CHEMUSES
Bungoma,CHEPTAIS,ST. JUDE KAIMUGUL
Bungoma,CHEPTAIS,ST.PETERS CHEPTONON
Bungoma,CHEPTAIS,STREAM FIELD ACADEMY
Bungoma,CHEPTAIS,TEREM SA
Bungoma,CHEPTAIS,TOROSO SA
Bungoma,CHEPTAIS,TOYWONDET DEB
Bungoma,CHEPTAIS,TUIKUT COG
Bungoma,CHEPTAIS,TUUYO BEI
Bungoma,CHEPTAIS,WALANGA
Bungoma,CHEPTAIS,WASIO ACK
Bungoma,KIMILILI,ST JOSEPHS’ KAMUSINDE R C
Bungoma,KIMILILI,ALLAN BRADLEY KAMUSINGA
Bungoma,KIMILILI,BITUYU FYM
Bungoma,KIMILILI,BUKO
Bungoma,KIMILILI,CHEBUKWABI FYM
Bungoma,KIMILILI,CHELEKEI BAHAI
Bungoma,KIMILILI,CHESAMISI FYM
Bungoma,KIMILILI,FRIENDS SCHOOL KAMUSINGA
Bungoma,KIMILILI,KAMASIELO
Bungoma,KIMILILI,KAMBINI C C
Bungoma,KIMILILI,KAMUKUYWA A C
Bungoma,KIMILILI,KAMUKUYWA F Y M
Bungoma,KIMILILI,KAMUSINDE FYM
Bungoma,KIMILILI,KAMUSINGA AC
Bungoma,KIMILILI,KHAMULATI DEB PRI
Bungoma,KIMILILI,KHWIRORO AC
Bungoma,KIMILILI,KIBINGEI FYM
Bungoma,KIMILILI,KIBUNDE FYM
Bungoma,KIMILILI,KIKWECHI ASEM PRI
Bungoma,KIMILILI,KIMILILI ADULT SEC
Bungoma,KIMILILI,KIMILILI DEB
Bungoma,KIMILILI,KIMILILI FYM
Bungoma,KIMILILI,KIMILILI RC GIRLS
Bungoma,KIMILILI,KIMINGICHI AIC
Bungoma,KIMILILI,KITAYI R C
Bungoma,KIMILILI,LUBOKHA
Bungoma,KIMILILI,LUKHOME BAPTIST
Bungoma,KIMILILI,LURARE BAPTIST
Bungoma,KIMILILI,LUTONYI
Bungoma,KIMILILI,LWANDA SA
Bungoma,KIMILILI,MAENI FYM
Bungoma,KIMILILI,MAKHONGE FYM
Bungoma,KIMILILI,MATILI FYM
Bungoma,KIMILILI,MATILI RC
Bungoma,KIMILILI,MISIKHU MAIN PRI
Bungoma,KIMILILI,MITISI FYM PRIMARY
Bungoma,KIMILILI,MURUNGA SA DARAJA MUNGU
Bungoma,KIMILILI,MUSEMBE DEB
Bungoma,KIMILILI,MWANGALE DEB
Bungoma,KIMILILI,NAKALIRA RC
Bungoma,KIMILILI,NAMAKHELE ACK
Bungoma,KIMILILI,NAMAWANGA DEB
Bungoma,KIMILILI,NAMBOANI FYM
Bungoma,KIMILILI,NAMBOANI RC
Bungoma,KIMILILI,NASIANDA SA
Bungoma,KIMILILI,NG’OLI PRI
Bungoma,KIMILILI,SANGO BAPTIST
Bungoma,KIMILILI,SIBAKALA RC
Bungoma,KIMILILI,SIUNA SA
Bungoma,KIMILILI,SOSIO RC PRIMARY SCHOOL
Bungoma,KIMILILI,ST JOHNS MIRURI RC
Bungoma,KIMILILI,ST. JOHN’S RC MIRURI
Bungoma,KIMILILI,SULEIMAN MURUNGA
Bungoma,KIMILILI,SULWE JUDAH ISRAEL
Bungoma,MT ELGON,ABURI ACK PRI
Bungoma,MT ELGON,BUGAA
Bungoma,MT ELGON,CHEBOMBAI DEB
Bungoma,MT ELGON,CHEBUKAT ACK
Bungoma,MT ELGON,CHELILDE RC
Bungoma,MT ELGON,CHEMOGE
Bungoma,MT ELGON,CHEMOREMWO
Bungoma,MT ELGON,CHEMOSITET SDA PRI
Bungoma,MT ELGON,CHEMSES RC
Bungoma,MT ELGON,CHEMWEISUS
Bungoma,MT ELGON,CHEPKERER
Bungoma,MT ELGON,CHEPKOYA
Bungoma,MT ELGON,CHEPSOIKEI KETC PRI
Bungoma,MT ELGON,CHEPUKAI
Bungoma,MT ELGON,CHEROMIS
Bungoma,MT ELGON,CHERONGOS DEB
Bungoma,MT ELGON,CHESINENDE FYM PRIMARY SCHOOL
Bungoma,MT ELGON,CHESITO
Bungoma,MT ELGON,IYAA
Bungoma,MT ELGON,KABERWA DEB
Bungoma,MT ELGON,KABOIOM ACK
Bungoma,MT ELGON,KABOROM
Bungoma,MT ELGON,KABOYWO
Bungoma,MT ELGON,KAMENJO ACK
Bungoma,MT ELGON,KAMKATA ACK
Bungoma,MT ELGON,KAMUNERU ACK
Bungoma,MT ELGON,KAPCHEBON
Bungoma,MT ELGON,KAPCHOYWO S.A PRIMARY
Bungoma,MT ELGON,KAPKUSENG
Bungoma,MT ELGON,KAPSOKWONY DEB
Bungoma,MT ELGON,KAPTALEIO BAPTIST PRI
Bungoma,MT ELGON,KAPTALELIO RC
Bungoma,MT ELGON,KAPTAMA FYM
Bungoma,MT ELGON,KAPTEGANDET
Bungoma,MT ELGON,KAPTOLA
Bungoma,MT ELGON,KAPTOLA FYM SPECIAL SCHOOL
Bungoma,MT ELGON,KEWABRANG
Bungoma,MT ELGON,KEWOOY
Bungoma,MT ELGON,KIBEI
Bungoma,MT ELGON,KIBUK
Bungoma,MT ELGON,KIMKUNG SDA
Bungoma,MT ELGON,KIMOBO
Bungoma,MT ELGON,KIPCHIRIA ACK
Bungoma,MT ELGON,KIPSOEN SDA
Bungoma,MT ELGON,KIPTIROKO
Bungoma,MT ELGON,KIPYETO
Bungoma,MT ELGON,KONGT RC
Bungoma,MT ELGON,KOSHOK RC
Bungoma,MT ELGON,KOSTOI
Bungoma,MT ELGON,MAKUNGA SDA
Bungoma,MT ELGON,MILIMANI SDA
Bungoma,MT ELGON,MULATIWA
Bungoma,MT ELGON,NOMORIO
Bungoma,MT ELGON,SACHO RC
Bungoma,MT ELGON,SAMBOCHO
Bungoma,MT ELGON,SANGO
Bungoma,MT ELGON,SENDERA S.A
Bungoma,MT ELGON,SIRGOI
Bungoma,MT ELGON,ST JOHNS CHEPYUK
Bungoma,MT ELGON,TENDET RC
Bungoma,MT ELGON,THE SALVATION ARMY KAPCHOYWO
Bungoma,MT ELGON,TOBOO
Bungoma,MT ELGON,TOMOI PRI
Bungoma,MT ELGON,TOMOOY F.P.F.K
Bungoma,MT ELGON,TULWO CEC
Bungoma,WEBUYE WEST,BUKUNJANGABO SA
Bungoma,WEBUYE WEST,BUNANGENI FYM
Bungoma,WEBUYE WEST,BUNJOSI FYM
Bungoma,WEBUYE WEST,CHEBOSI S A PRIMARY
Bungoma,WEBUYE WEST,CHENG’OLI PRIMARY
Bungoma,WEBUYE WEST,KHALUMULI FYM
Bungoma,WEBUYE WEST,MALOHO RC
Bungoma,WEBUYE WEST,NAMAWANGA FYM
Bungoma,WEBUYE WEST,SIRENDE AC
Bungoma,WEBUYE WEST,SITIKHO ERSF
County,Sub County,School Name
Busia,BUNYALA,BUBAMBA
Busia,BUNYALA,BUBANGO
Busia,BUNYALA,BUDALA
Busia,BUNYALA,BUDALANGI
Busia,BUNYALA,BUDUBUSI
Busia,BUNYALA,BUKOMA
Busia,BUNYALA,BULEMIA
Busia,BUNYALA,BULWANI AC
Busia,BUNYALA,BUMADEYA
Busia,BUNYALA,BUONGO
Busia,BUNYALA,BUSAGWA
Busia,BUNYALA,IGIGO
Busia,BUNYALA,KENYA GAUZE
Busia,BUNYALA,LAKEVIEW
Busia,BUNYALA,LUGALE
Busia,BUNYALA,LUNYOFU
Busia,BUNYALA,MADUWA
Busia,BUNYALA,MAKUNDA
Busia,BUNYALA,MUBWAYO
Busia,BUNYALA,MUDEMBI
Busia,BUNYALA,MUKHOBOLA
Busia,BUNYALA,MUNDERE PRIMARY
Busia,BUNYALA,MUNDERE SPECIAL SCHOOL
Busia,BUNYALA,MUNDIKA B’
Busia,BUNYALA,MUSOMA AC.
Busia,BUNYALA,NABUTSWI
Busia,BUNYALA,NAMALO
Busia,BUNYALA,NANJOMI
Busia,BUNYALA,OSIEKO
Busia,BUNYALA,PORT VICTORIA MIXED
Busia,BUNYALA,RUAMBWA
Busia,BUNYALA,RUGUNGA PRIMARY SCHOOL
Busia,BUNYALA,RUGUNGA SPECIAL FOR THE MENTALLY
Busia,BUNYALA,RUGUNGA SPECIAL SCHOOL FOR THE H.C
Busia,BUNYALA,RUNYU
Busia,BUNYALA,SIBUKA
Busia,BUNYALA,SIFUGWE
Busia,BUNYALA,SIRIMBA
Busia,BUNYALA,SISENYE
Busia,BUNYALA,ST.CECILIA GIRLS
Busia,BUSIA,ALUNGOLI
Busia,BUSIA,BUGENGI
Busia,BUSIA,BUKALAMA
Busia,BUSIA,BULANDA
Busia,BUSIA,BURINGALA
Busia,BUSIA,BURUMBA
Busia,BUSIA,BUSABAKHWA
Busia,BUSIA,BUSENDE
Busia,BUSIA,BUSIBWABO
Busia,BUSIA,BUSIDIBU
Busia,BUSIA,BUYAMA
Busia,BUSIA,BUYENDE
Busia,BUSIA,BWAMANI
Busia,BUSIA,DULIENGE
Busia,BUSIA,ESIKULU
Busia,BUSIA,ESIRISIA
Busia,BUSIA,IGERO
Busia,BUSIA,INDOLI
Busia,BUSIA,KANGELEMUGE
Busia,BUSIA,LUKONYI PRIMARY (BOYS)
Busia,BUSIA,LULIBA
Busia,BUSIA,LUNG’A
Busia,BUSIA,LWANYA
Busia,BUSIA,LWANYA SPECIAL
Busia,BUSIA,MABUNGE A.C
Busia,BUSIA,MAYENJE
Busia,BUSIA,MORUKEYAN
Busia,BUSIA,MUJURU
Busia,BUSIA,MUNDIKA BOYS
Busia,BUSIA,MUNDIKA GIRLS
Busia,BUSIA,MUNDIKA SPECIAL FOR HI
Busia,BUSIA,MUNDULUSIA
Busia,BUSIA,MUNONGO
Busia,BUSIA,MURENDE
Busia,BUSIA,MURENDE MIXED SEC
Busia,BUSIA,MUYAFWA
Busia,BUSIA,NANGOMA
Busia,BUSIA,NASEWA AC
Busia,BUSIA,NASIRA AC
Busia,BUSIA,NASIRA R.C.
Busia,BUSIA,SITEKO
Busia,BUSIA,SIWONGO PRIMARY
Busia,BUSIA,ST MOSES SIGWATA FUNCTIONL
Busia,BUSIA,St Peter’s Budokomi primary school
Busia,BUSIA,ST ROSE MABALE PRI
Busia,BUSIA,ST TERESA’S GIRLS
Busia,BUSIA,ST. EUGENE’S
Busia,BUSIA,ST. PETER’S BURIANGI
Busia,BUSIA,ST. TERESA’S NAMBERE R.C
Busia,BUSIA,ST.JOSEPH’S BUSIA GIRLS
Busia,BUSIA,ST.PAULS BUDERIE
Busia,BUSIA,YMCA BUSIA
Busia,BUTULA,BISHOP L. ATUNDO MUNG’AMBWA
Busia,BUTULA,BUDUMA ACK
Busia,BUTULA,BUHUYI
Busia,BUTULA,BUJUMBA
Busia,BUTULA,BUKATI
Busia,BUTULA,BUKHAKHALA
Busia,BUTULA,BUKHALALIRE
Busia,BUTULA,BUKHUMA
Busia,BUTULA,BUKHWAKU
Busia,BUTULA,BULWANI
Busia,BUTULA,BUMALA AC
Busia,BUTULA,BUMALA RC
Busia,BUTULA,BUMUTIRU RC
Busia,BUTULA,BURINDA
Busia,BUTULA,BURIYA
Busia,BUTULA,BUSIADA
Busia,BUTULA,BUSIBI
Busia,BUTULA,BUSIBULA
Busia,BUTULA,BUSIRE
Busia,BUTULA,BUTULA BOYS
Busia,BUTULA,BUTUNYI MIXED
Busia,BUTULA,BWALIRO
Busia,BUTULA,DADIRA
Busia,BUTULA,ELUKHARI
Busia,BUTULA,EMAGOMBE
Busia,BUTULA,ENAKAYWA
Busia,BUTULA,ESIBEMBE A.C
Busia,BUTULA,ESIBINA
Busia,BUTULA,IGULA DEB
Busia,BUTULA,IKONZO
Busia,BUTULA,ISONGO
Busia,BUTULA,KALALANI
Busia,BUTULA,KANJALA
Busia,BUTULA,KANJALA MIXED SECONDARY
Busia,BUTULA,KHUNYANGU
Busia,BUTULA,KINGANDOLE
Busia,BUTULA,LUGULU AC
Busia,BUTULA,MADOLA
Busia,BUTULA,MAKWARA
Busia,BUTULA,MASEBULA
Busia,BUTULA,MASENDEBALE
Busia,BUTULA,MAUKO DEB
Busia,BUTULA,MUNGABO
Busia,BUTULA,MUSIBIRIRI
Busia,BUTULA,MUSOMA RC
Busia,BUTULA,NANGO
Busia,BUTULA,"NEELA , PRIMARY ST. TERESA"
Busia,BUTULA,NYAMWANGA
Busia,BUTULA,SIKARIRA
Busia,BUTULA,SIKOMA
Busia,BUTULA,SIKURA
Busia,BUTULA,SIMULI
Busia,BUTULA,SIRIBO
Busia,BUTULA,SIUNGA
Busia,BUTULA,SOMABASE PREPARATORY
Busia,BUTULA,ST CATHERINE’S PRIMARY AND TECHNICAL
Busia,BUTULA,ST. MARY’S BUTULA GIRLS
Busia,BUTULA,ST. MELTUS SAKA
Busia,BUTULA,ST. SIMON ELUNYIKO
Busia,BUTULA,ST. THOMAS MORE NAMWITSULA
Busia,BUTULA,STAUGUSTINE BOYS
Busia,BUTULA,TINGOLO
Busia,NAMBALE,BUYOFU
Busia,NAMBALE,EKISUMO
Busia,NAMBALE,ELWANIKHA
Busia,NAMBALE,EMAKINA
Busia,NAMBALE,EMUKHUYU
Busia,NAMBALE,ESIDENDE
Busia,NAMBALE,HARAMBEE PRI
Busia,NAMBALE,IGARA
Busia,NAMBALE,KAJORO
Busia,NAMBALE,KAPINA ST. JUDE
Busia,NAMBALE,KATIRA
Busia,NAMBALE,KHAYO
Busia,NAMBALE,KHULWANDA
Busia,NAMBALE,KHWIRALE CENTRE
Busia,NAMBALE,KISOKO GIRLS
Busia,NAMBALE,KOSHALAI
Busia,NAMBALE,LUPIDA
Busia,NAMBALE,MABUNGE RC
Busia,NAMBALE,MADENDE
Busia,NAMBALE,MADIBO
Busia,NAMBALE,MAIRA RC PRIMARY
Busia,NAMBALE,MALANGA ACK
Busia,NAMBALE,MANYOLE
Busia,NAMBALE,MAOLO
Busia,NAMBALE,MATILI
Busia,NAMBALE,MUNGATSI
Busia,NAMBALE,MUSOKOTO B
Busia,NAMBALE,MUSOKOTO DEB
Busia,NAMBALE,MWANGAZA ACK
Busia,NAMBALE,MWENGE
Busia,NAMBALE,NAMAHINDI
Busia,NAMBALE,NAMBALE AC
Busia,NAMBALE,NAMBALE BAPTIST
Busia,NAMBALE,NAMBALE URBAN
Busia,NAMBALE,NAMISI
Busia,NAMBALE,NANGENI
Busia,NAMBALE,OTIIRI
Busia,NAMBALE,SANGO
Busia,NAMBALE,SEGERO
Busia,NAMBALE,SIANDA
Busia,NAMBALE,SIBEMBE
Busia,NAMBALE,SIERA
Busia,NAMBALE,SIKINGA
Busia,NAMBALE,ST MARTINS KISOKO SPECIAL
Busia,NAMBALE,ST MARYS NAMBALE
Busia,NAMBALE,ST. ELIZABETH OPEDUR RC
Busia,NAMBALE,ST. FRANCIS MAKONGENI
Busia,NAMBALE,ST. JOSEPH’S KISOKO BOYS
Busia,NAMBALE,ST. MARK’S MUSOMA
Busia,NAMBALE,ST. MATHEWS LWANYANGE
Busia,NAMBALE,ST. PETERS KHWIRALE
Busia,NAMBALE,ST. PHILLIP KALUDEKA
Busia,NAMBALE,WAMBA EDU CENTRE
Busia,SAMIA,ACK HAKATI
Busia,SAMIA,AGENG’A
Busia,SAMIA,BUBURI
Busia,SAMIA,BUDUTA
Busia,SAMIA,BUJWANGA
Busia,SAMIA,BUKEKO
Busia,SAMIA,BUKHWAMBA
Busia,SAMIA,BUKIRI
Busia,SAMIA,BULOMA
Busia,SAMIA,BUMAYENGA
Busia,SAMIA,BUMBE
Busia,SAMIA,BUMULIMBA
Busia,SAMIA,BURADI
Busia,SAMIA,BURUDU
Busia,SAMIA,BUSEMBE
Busia,SAMIA,BUSIBI INTERGRATED
Busia,SAMIA,BUSULERE
Busia,SAMIA,BWANGANGI
Busia,SAMIA,EUGINE MASOMBO
Busia,SAMIA,GANJALA
Busia,SAMIA,KABWODO PRIMARY
Busia,SAMIA,LUCHULULO
Busia,SAMIA,LUGALA
Busia,SAMIA,MALANGA
Busia,SAMIA,MOODY AWORI INTEGRATED
Busia,SAMIA,MUDOMA
Busia,SAMIA,MUGASA
Busia,SAMIA,MUKONJO
Busia,SAMIA,MUNDAYA
Busia,SAMIA,MUNYANJA
Busia,SAMIA,NABALAKI
Busia,SAMIA,NABUGANDA
Busia,SAMIA,NABUTUKI
Busia,SAMIA,NAKHASIKO
Busia,SAMIA,NAMASALI
Busia,SAMIA,NANDEREKA
Busia,SAMIA,NANGINA MIXED
Busia,SAMIA,NEROBIA
Busia,SAMIA,NYAKHOBI PRIMARY SCHOOL
Busia,SAMIA,SIBALE
Busia,SAMIA,SIBINGA PRIMARY
Busia,SAMIA,SICHEKHE
Busia,SAMIA,SIDONGE
Busia,SAMIA,SIFUYO
Busia,SAMIA,SIGALAME
Busia,SAMIA,SIGULU
Busia,SAMIA,SIJOWA
Busia,SAMIA,ST. CATHERINE NANGINA GIRLS
Busia,SAMIA,ST. JOHN’S BUSIJO INTERGRATED
Busia,SAMIA,ST. JOSEPH’S GANYALA SECONDARY SCHOOL WEDL
Busia,SAMIA,ST. KIZITO MURAMBA
Busia,SAMIA,ST. LEAH BUNANDI
Busia,SAMIA,ST. PATRICK NANDEREMA
Busia,SAMIA,ST. PAUL’S BUKHULUNGU
Busia,SAMIA,WAKHUNGU
Busia,TESO NORTH,AKADOOT ACK
Busia,TESO NORTH,ACK AKIRIAMET
Busia,TESO NORTH,ACK CHAMASIRI
Busia,TESO NORTH,ACK KOPIYA
Busia,TESO NORTH,ACK OBURI KODE
Busia,TESO NORTH,ADANYA
Busia,TESO NORTH,ADURUKOIT
Busia,TESO NORTH,AEDOMORU
Busia,TESO NORTH,AGONGET
Busia,TESO NORTH,AKAPIJAN
Busia,TESO NORTH,AKIBUI ACK
Busia,TESO NORTH,AKICHELESIT
Busia,TESO NORTH,AKOBWAIT ‘CHA’ RC
Busia,TESO NORTH,AKOLONG
Busia,TESO NORTH,AKULONY
Busia,TESO NORTH,ALOETE
Busia,TESO NORTH,AMAGORO
Busia,TESO NORTH,AMONI
Busia,TESO NORTH,ANGARO SA
Busia,TESO NORTH,ANGURAI
Busia,TESO NORTH,ATABA OBURI
Busia,TESO NORTH,CHANGARA ACK
Busia,TESO NORTH,CHELELEMUK BOYS
Busia,TESO NORTH,CHELELEMUK GIRLS BOARDING
Busia,TESO NORTH,EKISEGERE
Busia,TESO NORTH,ELALAI
Busia,TESO NORTH,GARA PRIMARY SCHOOL
Busia,TESO NORTH,GOROMAIT SA
Busia,TESO NORTH,IKAPOLOK
Busia,TESO NORTH,KABUKUI
Busia,TESO NORTH,KAEJO
Busia,TESO NORTH,KAESET
Busia,TESO NORTH,KAGUTIO ECD
Busia,TESO NORTH,KAJEI
Busia,TESO NORTH,KAKAPEL SPECIAL
Busia,TESO NORTH,KAKEMER
Busia,TESO NORTH,KAKERIAUT
Busia,TESO NORTH,KAKOIT
Busia,TESO NORTH,KAKOLI
Busia,TESO NORTH,KAKURIKIT
Busia,TESO NORTH,KAMOLO
Busia,TESO NORTH,KAMUNYELE
Busia,TESO NORTH,KAMURIAI
Busia,TESO NORTH,KANDELEMUGE
Busia,TESO NORTH,KANDELEMUGE
Busia,TESO NORTH,KANGELEMUGE
Busia,TESO NORTH,KAPESUR ACK
Busia,TESO NORTH,KASINGE
Busia,TESO NORTH,KASOGOL KAPEL
Busia,TESO NORTH,KATAKWA
Busia,TESO NORTH,KATANYU
Busia,TESO NORTH,KATOTOI
Busia,TESO NORTH,KAWALUN
Busia,TESO NORTH,KEKALET
Busia,TESO NORTH,KENGATUNY
Busia,TESO NORTH,KETEBAT
Busia,TESO NORTH,KIRIKO (A.C.K)
Busia,TESO NORTH,KISIOMBE
Busia,TESO NORTH,KOCHOLYA
Busia,TESO NORTH,KOKARE
Busia,TESO NORTH,KOLAIT BOYS BOARDING PRIMARY SCHOOL
Busia,TESO NORTH,KOLAIT GIRLS PRIMARY SCHOOL
Busia,TESO NORTH,KOLANYA BOYS
Busia,TESO NORTH,KOLANYA GIRLS
Busia,TESO NORTH,KONGOLOLO
Busia,TESO NORTH,KONGURAKOL
Busia,TESO NORTH,KORISAI
Busia,TESO NORTH,KORURUMA
Busia,TESO NORTH,MALABA TOWNSHIP
Busia,TESO NORTH,MATUMBAI S.A
Busia,TESO NORTH,MODING
Busia,TESO NORTH,MWARI RC
Busia,TESO NORTH,OKIMARU ACK
Busia,TESO NORTH,OKULEU
Busia,TESO NORTH,ONYUNYUR
Busia,TESO NORTH,OPAARE R.C PRIMARY
Busia,TESO NORTH,OSASAME RC
Busia,TESO NORTH,OSOPOTOIT PRIMARY
Busia,TESO NORTH,RWATAMA
Busia,TESO NORTH,S. A. ABOLOI
Busia,TESO NORTH,SA ABOLOI SEC
Busia,TESO NORTH,SA KOSENYI
Busia,TESO NORTH,SDA KAUJAKITO
Busia,TESO NORTH,ST BARNABAS KATELENYANG
Busia,TESO NORTH,ST JAMES KOTEKO
Busia,TESO NORTH,ST JAMES OSIA
Busia,TESO NORTH,ST LUKES KAKEMER SPECIAL
Busia,TESO NORTH,ST MARY’S AKIRIAMASIT RC
Busia,TESO NORTH,ST MARY’S OSAJAI R.C
Busia,TESO NORTH,ST PAULS ACHUNET
Busia,TESO NORTH,ST. ANN KAKAPEL PRIMARY
Busia,TESO SOUTH,ACIIT PRIMARY
Busia,TESO SOUTH,ACUNET PRIMARY
Busia,TESO SOUTH,ADEREMA
Busia,TESO SOUTH,AKATAGOROIT
Busia,TESO SOUTH,AKITES PRIMARY
Busia,TESO SOUTH,AKOBWAIT
Busia,TESO SOUTH,AKOREET
Busia,TESO SOUTH,ALOMODOI primary school
Busia,TESO SOUTH,ALUPE
Busia,TESO SOUTH,ALUPE SPECIAL FOR THE HEARING
Busia,TESO SOUTH,AMAASE
Busia,TESO SOUTH,AMONGURA
Busia,TESO SOUTH,ANGOROM
Busia,TESO SOUTH,APATIT
Busia,TESO SOUTH,APEGEI
Busia,TESO SOUTH,APEGEI SPECIAL SCHOOL FOR PHYSICALLY
Busia,TESO SOUTH,APOKOR
Busia,TESO SOUTH,APOKOR SPECIAL SCHOOL
Busia,TESO SOUTH,ASIRIAM
Busia,TESO SOUTH,ATERAIT
Busia,TESO SOUTH,BUSIA AIR STRIP
Busia,TESO SOUTH,busia precious vision academy
Busia,TESO SOUTH,BUSIA TOWNSHIP
Busia,TESO SOUTH,CHAKOL BOYS
Busia,TESO SOUTH,CHAKOL GIRLS BOARDING
Busia,TESO SOUTH,goria primary
Busia,TESO SOUTH,KABOSOKIPI
Busia,TESO SOUTH,KALIWA
Busia,TESO SOUTH,KAMARINYANG
Busia,TESO SOUTH,KAMUNUOIT
Busia,TESO SOUTH,KARISA
Busia,TESO SOUTH,KATELENYANG
Busia,TESO SOUTH,KERIAMATA
Busia,TESO SOUTH,KIDERA
Busia,TESO SOUTH,KOCHEK
Busia,TESO SOUTH,KODEDEMA
Busia,TESO SOUTH,KOSERA
Busia,TESO SOUTH,KOTUR
Busia,TESO SOUTH,KWANGAMOR
Busia,TESO SOUTH,MACHAKUSI
Busia,TESO SOUTH,MORUKAMOSING
Busia,TESO SOUTH,OBEKAI
Busia,TESO SOUTH,OBUCUUN
Busia,TESO SOUTH,OBURI
Busia,TESO SOUTH,OCHUDE
Busia,TESO SOUTH,ODIOI
Busia,TESO SOUTH,OJAAMONG
Busia,TESO SOUTH,OJAMII
Busia,TESO SOUTH,OKAME
Busia,TESO SOUTH,OKATEKOK
Busia,TESO SOUTH,OKEREBWA
Busia,TESO SOUTH,OKOKORU
Busia,TESO SOUTH,OKWATA
Busia,TESO SOUTH,OLEPITO
Busia,TESO SOUTH,OMOLOI
Busia,TESO SOUTH,ONGARIAMA
Busia,TESO SOUTH,ONGAROI
Busia,TESO SOUTH,OPOKOTO ACK
Busia,TESO SOUTH,OTIMONG
Busia,TESO SOUTH,palama primary
Busia,TESO SOUTH,PAPA PRIMARY SCHOOL
Busia,TESO SOUTH,PARATER
Busia,TESO SOUTH,ST ANNES OKIPORO
Busia,TESO SOUTH,ST PAULS AMERIKWAI
Busia,TESO SOUTH,ST PETERS AKIRIAMAS
Busia,TESO SOUTH,ST PETER’S OSURET
Busia,TESO SOUTH,ST. ANNE SIDELEWA
Busia,TESO SOUTH,ST. JOSEPH’S AMUKURA GIRLS
Busia,TESO SOUTH,ST. LUKES AMONI
Busia,TESO SOUTH,ST. MARY’S ASINGE
Busia,TESO SOUTH,ST. PETER’S OSIPATA
Busia,TESO SOUTH,ST. SIMON ABURI
County Name,Sub County Name,Institution Name
Baringo,BARINGO CENTRAL,AIC VISA OSHWAL
Baringo,BARINGO CENTRAL,BAKWANIN
Baringo,BARINGO CENTRAL,BEKIBON
Baringo,BARINGO CENTRAL,BOKORIN
Baringo,BARINGO CENTRAL,BOROWONIN
Baringo,BARINGO CENTRAL,BOSIN
Baringo,BARINGO CENTRAL,BUIWON
Baringo,BARINGO CENTRAL,Chebunyur Primary
Baringo,BARINGO CENTRAL,CHEPLONGON
Baringo,BARINGO CENTRAL,CHEPLONGON
Baringo,BARINGO CENTRAL,CHESONGO
Baringo,BARINGO CENTRAL,EITUI
Baringo,BARINGO CENTRAL,EMOM
Baringo,BARINGO CENTRAL,ERON
Baringo,BARINGO CENTRAL,ILLIAGAT
Baringo,BARINGO CENTRAL,KABARBARMA
Baringo,BARINGO CENTRAL,KABARNET DEAF BLIND SP
Baringo,BARINGO CENTRAL,KABASIS D B
Baringo,BARINGO CENTRAL,KABIRMET
Baringo,BARINGO CENTRAL,KABIRMOI
Baringo,BARINGO CENTRAL,KABOCHONY
Baringo,BARINGO CENTRAL,KAISO
Baringo,BARINGO CENTRAL,KAKWANE
Baringo,BARINGO CENTRAL,KAMGOIN
Baringo,BARINGO CENTRAL,KAMUMA
Baringo,BARINGO CENTRAL,KAMWEN
Baringo,BARINGO CENTRAL,KAPCHEMON
Baringo,BARINGO CENTRAL,KAPCHEREBET
Baringo,BARINGO CENTRAL,KAPCHOMUSO
Baringo,BARINGO CENTRAL,KAPKATIT
Baringo,BARINGO CENTRAL,KAPKELELWA
Baringo,BARINGO CENTRAL,KAPKENGELEL
Baringo,BARINGO CENTRAL,KAPKIAI
Baringo,BARINGO CENTRAL,KAPKOIBAI
Baringo,BARINGO CENTRAL,KAPKOKWON PRI
Baringo,BARINGO CENTRAL,KAPKOMOI
Baringo,BARINGO CENTRAL,KAPKONY
Baringo,BARINGO CENTRAL,KAPKUT
Baringo,BARINGO CENTRAL,KAPLEL
Baringo,BARINGO CENTRAL,KAPLOP
Baringo,BARINGO CENTRAL,KAPLOTEN
Baringo,BARINGO CENTRAL,Kaprogonya Primary School
Baringo,BARINGO CENTRAL,KAPROPITA
Baringo,BARINGO CENTRAL,KAPSIGORIAN
Baringo,BARINGO CENTRAL,KAPSOGO
Baringo,BARINGO CENTRAL,KAPSOO
Baringo,BARINGO CENTRAL,KAPTALAM
Baringo,BARINGO CENTRAL,KAPTARA
Baringo,BARINGO CENTRAL,KAPTENO PRIMARY
Baringo,BARINGO CENTRAL,KAPTICH
Baringo,BARINGO CENTRAL,KAPTIEN
Baringo,BARINGO CENTRAL,KAPTIMBOR
Baringo,BARINGO CENTRAL,KAPTOROKWO
Baringo,BARINGO CENTRAL,KAPTUMO
Baringo,BARINGO CENTRAL,KAPYEMIT
Baringo,BARINGO CENTRAL,KASERET PRIMARY SCHOOL
Baringo,BARINGO CENTRAL,KASORE
Baringo,BARINGO CENTRAL,Katkamuma Primary
Baringo,BARINGO CENTRAL,KATUNOI
Baringo,BARINGO CENTRAL,KESETAN
Baringo,BARINGO CENTRAL,KETINDUI
Baringo,BARINGO CENTRAL,KEWAMOI
Baringo,BARINGO CENTRAL,KIBOI
Baringo,BARINGO CENTRAL,KIBOINO
Baringo,BARINGO CENTRAL,KIMAGOK
Baringo,BARINGO CENTRAL,KIMOSO
Baringo,BARINGO CENTRAL,KIMOTANY
Baringo,BARINGO CENTRAL,KIPKAECH B D
Baringo,BARINGO CENTRAL,KIPKUTUNY
Baringo,BARINGO CENTRAL,KIPLABAL
Baringo,BARINGO CENTRAL,KIPONJOS
Baringo,BARINGO CENTRAL,KIPSOIT
Baringo,BARINGO CENTRAL,KIPTILIT
Baringo,BARINGO CENTRAL,KISOK
Baringo,BARINGO CENTRAL,KISONEI
Baringo,BARINGO CENTRAL,KITUMBEI
Baringo,BARINGO CENTRAL,KITURO D/B
Baringo,BARINGO CENTRAL,Koisomo Primary school
Baringo,BARINGO CENTRAL,KOKORWONIN
Baringo,BARINGO CENTRAL,KONOIYO
Baringo,BARINGO CENTRAL,KOYORUS
Baringo,BARINGO CENTRAL,KURUMBOPSOO
Baringo,BARINGO CENTRAL,LELBATAI
Baringo,BARINGO CENTRAL,LELGUT
Baringo,BARINGO CENTRAL,MAGONOI
Baringo,BARINGO CENTRAL,MANAACH
Baringo,BARINGO CENTRAL,MBECHOT
Baringo,BARINGO CENTRAL,MOGORWA
Baringo,BARINGO CENTRAL,MOI TEACHERS
Baringo,BARINGO CENTRAL,MOI TIMOWO
Baringo,BARINGO CENTRAL,MUMOL
Baringo,BARINGO CENTRAL,NGETMOI
Baringo,BARINGO CENTRAL,NGOLONG
Baringo,BARINGO CENTRAL,OCHII
Baringo,BARINGO CENTRAL,Ochii school for the H.I
Baringo,BARINGO CENTRAL,PEMWAI
Baringo,BARINGO CENTRAL,Pemwai Special School
Baringo,BARINGO CENTRAL,RIWO
Baringo,BARINGO CENTRAL,ROSOBET
Baringo,BARINGO CENTRAL,SAIMET
Baringo,BARINGO CENTRAL,SALAWA
Baringo,BARINGO CENTRAL,SANGARAU SEC
Baringo,BARINGO CENTRAL,SEGUTON HILL
Baringo,BARINGO CENTRAL,SENETWO
Baringo,BARINGO CENTRAL,SERETON
Baringo,BARINGO CENTRAL,SERETUNIN
Baringo,BARINGO CENTRAL,SESYA
Baringo,BARINGO CENTRAL,SIRONOI
Baringo,BARINGO CENTRAL,SOROK
Baringo,BARINGO CENTRAL,SOSION
Baringo,BARINGO CENTRAL,TABARIN
Baringo,BARINGO CENTRAL,TALAI
Baringo,BARINGO CENTRAL,TANDUI
Baringo,BARINGO CENTRAL,TARTAR
Baringo,BARINGO CENTRAL,TEBEI
Baringo,BARINGO CENTRAL,TENGES
Baringo,BARINGO CENTRAL,TEREBEN
Baringo,BARINGO CENTRAL,TINOMOI
Baringo,BARINGO CENTRAL,TURKWO
Baringo,BARINGO CENTRAL,YEMO
Baringo,BARINGO NORTH,AIC KAPKARANI
Baringo,BARINGO NORTH,AIYEBO
Baringo,BARINGO NORTH,AKOROYAN
Baringo,BARINGO NORTH,ATIAR
Baringo,BARINGO NORTH,AYATYA
Baringo,BARINGO NORTH,BARBARCHUN
Baringo,BARINGO NORTH,BARKEBO
Baringo,BARINGO NORTH,BARKETIEW
Baringo,BARINGO NORTH,BARSISO
Baringo,BARINGO NORTH,BARSISO PRY SCHOOL
Baringo,BARINGO NORTH,BARTABWA D&B
Baringo,BARINGO NORTH,BARTARAGON
Baringo,BARINGO NORTH,BARTOGO
Baringo,BARINGO NORTH,BARTOLIMO
Baringo,BARINGO NORTH,BARTUM
Baringo,BARINGO NORTH,BARWESSA
Baringo,BARINGO NORTH,BIRETWONIN
Baringo,BARINGO NORTH,BIRINGWENY
Baringo,BARINGO NORTH,BOIN
Baringo,BARINGO NORTH,BORUIYO
Baringo,BARINGO NORTH,BOSSEI
Baringo,BARINGO NORTH,BURBURET
Baringo,BARINGO NORTH,CHAMBAI
Baringo,BARINGO NORTH,CHAPIN
Baringo,BARINGO NORTH,CHEBARSIAT
Baringo,BARINGO NORTH,CHEBUGAR
Baringo,BARINGO NORTH,CHEMINTANY
Baringo,BARINGO NORTH,CHEMURA
Baringo,BARINGO NORTH,CHEPKESIN
Baringo,BARINGO NORTH,CHEPKEW
Baringo,BARINGO NORTH,CHEPKEWEL
Baringo,BARINGO NORTH,CHEPTIGIT
Baringo,BARINGO NORTH,CHESANGICH
Baringo,BARINGO NORTH,EMBO RUTTO
Baringo,BARINGO NORTH,KABARBET
Baringo,BARINGO NORTH,KABARGOGE PRIMARY SCHOOL
Baringo,BARINGO NORTH,KABILANY
Baringo,BARINGO NORTH,KABIYEWO
Baringo,BARINGO NORTH,KABORON
Baringo,BARINGO NORTH,KAGIR
Baringo,BARINGO NORTH,KAIMOGOL
Baringo,BARINGO NORTH,KALABATA
Baringo,BARINGO NORTH,KALEL
Baringo,BARINGO NORTH,KAMOGOI
Baringo,BARINGO NORTH,KAMOTIONY
Baringo,BARINGO NORTH,KAMPI NYASI
Baringo,BARINGO NORTH,KAMWETIO
Baringo,BARINGO NORTH,KAMWETON
Baringo,BARINGO NORTH,KAPCHEPKISA
Baringo,BARINGO NORTH,KAPCHEPKOR
Baringo,BARINGO NORTH,KAPCHEPKULEI
Baringo,BARINGO NORTH,KAPKIAMO
Baringo,BARINGO NORTH,KAPKIRWOK
Baringo,BARINGO NORTH,KAPKOIWO
Baringo,BARINGO NORTH,KAPKOLE
Baringo,BARINGO NORTH,KAPKOMBE
Baringo,BARINGO NORTH,KAPKOMON
Baringo,BARINGO NORTH,KAPKWANG
Baringo,BARINGO NORTH,KAPLUK
Baringo,BARINGO NORTH,KAPTERE
Baringo,BARINGO NORTH,KAPTIGIT
Baringo,BARINGO NORTH,KAPTILOMWO
Baringo,BARINGO NORTH,KAPTIONY D& B
Baringo,BARINGO NORTH,KAPTOIN
Baringo,BARINGO NORTH,KAPTOROT
Baringo,BARINGO NORTH,KAPTUM
Baringo,BARINGO NORTH,KAPTUMIN
Baringo,BARINGO NORTH,KAPTURO
Baringo,BARINGO NORTH,KARIMO
Baringo,BARINGO NORTH,KASAKA
Baringo,BARINGO NORTH,KASESYA
Baringo,BARINGO NORTH,KASIBER
Baringo,BARINGO NORTH,KASIRMA
Baringo,BARINGO NORTH,KASISIT
Baringo,BARINGO NORTH,KASOK
Baringo,BARINGO NORTH,KATIBEL
Baringo,BARINGO NORTH,KELWONDONIN
Baringo,BARINGO NORTH,KETURWO
Baringo,BARINGO NORTH,KIBIRIOKWONIN
Baringo,BARINGO NORTH,KILINGOT
Baringo,BARINGO NORTH,KIMUGUL
Baringo,BARINGO NORTH,KINYACH
Baringo,BARINGO NORTH,KIPCHERERE
Baringo,BARINGO NORTH,KIPKAREN
Baringo,BARINGO NORTH,KIPKOLONY
Baringo,BARINGO NORTH,KIPSARAMAN
Baringo,BARINGO NORTH,KIPTAIWA
Baringo,BARINGO NORTH,KIPTILINGON
Baringo,BARINGO NORTH,KIPTOLELYO
Baringo,BARINGO NORTH,KIRINY-GALIA
Baringo,BARINGO NORTH,KITIBEI
Baringo,BARINGO NORTH,KOIBOWARE
Baringo,BARINGO NORTH,KOINDUI
Baringo,BARINGO NORTH,KOISERAT
Baringo,BARINGO NORTH,KOMBOSANG
Baringo,BARINGO NORTH,KONOO
Baringo,BARINGO NORTH,KORMOR
Baringo,BARINGO NORTH,KOROSECHUN
Baringo,BARINGO NORTH,KOROTO DAY AND BOARDING
Baringo,BARINGO NORTH,KOSILE
Baringo,BARINGO NORTH,KUIKUI D&B
Baringo,BARINGO NORTH,KURESCHUN
Baringo,BARINGO NORTH,LAKE KAMNOROK
Baringo,BARINGO NORTH,LAWAN
Baringo,BARINGO NORTH,LEKEPCHUN
Baringo,BARINGO NORTH,LIKWON
Baringo,BARINGO NORTH,LITEIN
Baringo,BARINGO NORTH,MAREGUT
Baringo,BARINGO NORTH,MARMAR
Baringo,BARINGO NORTH,MOI KABARTONJO D&B
Baringo,BARINGO NORTH,MOI KABARTONJO V.I SPECIAL SCHOOL
Baringo,BARINGO NORTH,MOIGUTWO
Baringo,BARINGO NORTH,MOINONIN
Baringo,BARINGO NORTH,MONDOI
Baringo,BARINGO NORTH,MORMORIO
Baringo,BARINGO NORTH,MUCHUKWO
Baringo,BARINGO NORTH,MURTERIT
Baringo,BARINGO NORTH,NGARATUKO
Baringo,BARINGO NORTH,NGEIWAN
Baringo,BARINGO NORTH,NUREGOI
Baringo,BARINGO NORTH,OSSEN
Baringo,BARINGO NORTH,RIMO
Baringo,BARINGO NORTH,RONDININ
Baringo,BARINGO NORTH,ROOT
Baringo,BARINGO NORTH,RORMOCH PRI
Baringo,BARINGO NORTH,ROSONDONIN
Baringo,BARINGO NORTH,SENEBO
Baringo,BARINGO NORTH,SEREMWO
Baringo,BARINGO NORTH,SESOI
Baringo,BARINGO NORTH,SIBILO
Baringo,BARINGO NORTH,SIBOO
Baringo,BARINGO NORTH,SOGOM
Baringo,BARINGO NORTH,SUMEIYON
Baringo,BARINGO NORTH,SUTIECHUN
Baringo,BARINGO NORTH,TERENIN
Baringo,BARINGO NORTH,TERIK
Baringo,BARINGO NORTH,TERMET
Baringo,BARINGO NORTH,TIBINGAR
Baringo,BARINGO NORTH,TILOI
Baringo,BARINGO NORTH,TIRIMIONIN
Baringo,BARINGO NORTH,TIRIONDONIN
Baringo,BARINGO NORTH,TOBOROI
Baringo,BARINGO NORTH,TOROKWONIN PRIMARY SCHOOL
Baringo,BARINGO NORTH,TOROLOKWONIN DAY AND BORDING
Baringo,BARINGO NORTH,TULUK
Baringo,BARINGO NORTH,TUNOIWO
Baringo,BARINGO NORTH,TURBEI
Baringo,BARINGO NORTH,TURUTURU
Baringo,BARINGO NORTH,YATIA D&B
Baringo,EAST POKOT,ADICH PRIMARY
Baringo,EAST POKOT,AIC AMAYA
Baringo,EAST POKOT,AIC AMAYA LIGHT OF LIFE BOARDING
Baringo,EAST POKOT,AKWICHATIS
Baringo,EAST POKOT,APAKISO PRIMARY
Baringo,EAST POKOT,BARPELLO PRIMARY
Baringo,EAST POKOT,CHEMAYES PRY
Baringo,EAST POKOT,CHEMERIL
Baringo,EAST POKOT,CHEMISIK PRIMARY
Baringo,EAST POKOT,CHEMNGARUA
Baringo,EAST POKOT,CHEMOLINGOT B PRI
Baringo,EAST POKOT,CHEMUNGUNA
Baringo,EAST POKOT,CHEMURO
Baringo,EAST POKOT,CHEPELION PRI
Baringo,EAST POKOT,CHEPELOW
Baringo,EAST POKOT,CHEPILAT
Baringo,EAST POKOT,CHEPKALACHA
Baringo,EAST POKOT,CHEPKUTAN
Baringo,EAST POKOT,CHEPTUNOYO
Baringo,EAST POKOT,CHEPTURU
Baringo,EAST POKOT,CHERUMBO
Baringo,EAST POKOT,CHESAKAM PRI
Baringo,EAST POKOT,CHESANAYAN PRIMARY
Baringo,EAST POKOT,CHESERET PRIMARY
Baringo,EAST POKOT,CHESIRIMION
Baringo,EAST POKOT,CHESITET
Baringo,EAST POKOT,CHEWARA PRI
Baringo,EAST POKOT,CHURO
Baringo,EAST POKOT,DIRA PRI
Baringo,EAST POKOT,DONYASA PRY
Baringo,EAST POKOT,EMBOSISTIT PRIMARY
Baringo,EAST POKOT,KACHILITWA
Baringo,EAST POKOT,KADOKOI
Baringo,EAST POKOT,KAISAKAT PRI
Baringo,EAST POKOT,KAMKAN
Baringo,EAST POKOT,KAMRIO PRI
Baringo,EAST POKOT,KAMUSUK
Baringo,EAST POKOT,KANGIRURU PRIMARY
Baringo,EAST POKOT,KAPTUYA
Baringo,EAST POKOT,KAPUNYANY PRI
Baringo,EAST POKOT,KASHOKON
Baringo,EAST POKOT,KASILANGWA
Baringo,EAST POKOT,KASITET
Baringo,EAST POKOT,KATAKON
Baringo,EAST POKOT,KATIKIT PRI
Baringo,EAST POKOT,KATUIT
Baringo,EAST POKOT,KATUNGURA PRIM
Baringo,EAST POKOT,KERELON PRIMARY
Baringo,EAST POKOT,KIPNAI PRIMARY
Baringo,EAST POKOT,KIPNGAL
Baringo,EAST POKOT,KITAILEM
Baringo,EAST POKOT,KOKWOTOTO
Baringo,EAST POKOT,KOLOA PRI
Baringo,EAST POKOT,KOMOLION
Baringo,EAST POKOT,KORECACH PRIMARY
Baringo,EAST POKOT,KOSITEI
Baringo,EAST POKOT,KRESIA
Baringo,EAST POKOT,LEMUYEK
Baringo,EAST POKOT,LOIWAT BOARDING PRI
Baringo,EAST POKOT,LOMERIMERI
Baringo,EAST POKOT,LOMORTOU
Baringo,EAST POKOT,LOMUGE
Baringo,EAST POKOT,LORWATUM
Baringo,EAST POKOT,LOSIKIRIAMOI
Baringo,EAST POKOT,LOTITA
Baringo,EAST POKOT,LOYEYA
Baringo,EAST POKOT,LOYEYA PRI
Baringo,EAST POKOT,MAKANY
Baringo,EAST POKOT,MARRAM
Baringo,EAST POKOT,MATUNDA
Baringo,EAST POKOT,MENDERA
Baringo,EAST POKOT,MEVTO PRIMARY
Baringo,EAST POKOT,MURTENA
Baringo,EAST POKOT,NACHURUR
Baringo,EAST POKOT,NAKOKO
Baringo,EAST POKOT,NALEKAT PRIMARY
Baringo,EAST POKOT,NALUKULUONGIN PRI
Baringo,EAST POKOT,NANGARUA
Baringo,EAST POKOT,NAPEKORE
Baringo,EAST POKOT,NASOROT
Baringo,EAST POKOT,NASUR
Baringo,EAST POKOT,NATAN
Baringo,EAST POKOT,NGAINA
Baringo,EAST POKOT,NGAIWA PRI
Baringo,EAST POKOT,NGINYANG BOARDING
Baringo,EAST POKOT,NGORON BOARFDING PRI
Baringo,EAST POKOT,NYALILPICH
Baringo,EAST POKOT,NYAUNYAU
Baringo,EAST POKOT,ORUS PRI
Baringo,EAST POKOT,ORUSION
Baringo,EAST POKOT,PKAGHIT PRI
Baringo,EAST POKOT,PLESIAN B
Baringo,EAST POKOT,PTIKII PRIMARY
Baringo,EAST POKOT,PUTERO
Baringo,EAST POKOT,RIONGO
Baringo,EAST POKOT,ROTU PRI
Baringo,EAST POKOT,SERETION
Baringo,EAST POKOT,SERONU
Baringo,EAST POKOT,SILOLU
Baringo,EAST POKOT,SOSION
Baringo,EAST POKOT,ST MARY’S KAKAPUL PRI
Baringo,EAST POKOT,SUKUT PRIMARY
Baringo,EAST POKOT,SUNRISE
Baringo,EAST POKOT,TAMKAL PRY
Baringo,EAST POKOT,TEBELEKWO
Baringo,EAST POKOT,TUKOMOI PRI
Baringo,EAST POKOT,TUWO
Baringo,KOIBATEK,ARAMA
Baringo,KOIBATEK,BENONIN
Baringo,KOIBATEK,BIK KWEN
Baringo,KOIBATEK,BOITO
Baringo,KOIBATEK,CHEMESWON
Baringo,KOIBATEK,CHEMUSUSU
Baringo,KOIBATEK,CHEPTILILIK PRIMARY
Baringo,KOIBATEK,CHERAIK
Baringo,KOIBATEK,E/RAVINE BOARDING
Baringo,KOIBATEK,EMKWEN
Baringo,KOIBATEK,EMKWEN PRIMARY
Baringo,KOIBATEK,EQUATOR
Baringo,KOIBATEK,GITHIORO
Baringo,KOIBATEK,IGURE
Baringo,KOIBATEK,IGURE
Baringo,KOIBATEK,IGURE
Baringo,KOIBATEK,J K MOI KABURWO
Baringo,KOIBATEK,KABIMOI
Baringo,KOIBATEK,KABIYET
Baringo,KOIBATEK,KABOR
Baringo,KOIBATEK,KAMASABA
Baringo,KOIBATEK,KAMELILO
Baringo,KOIBATEK,KAMNGOECH
Baringo,KOIBATEK,KAMURA
Baringo,KOIBATEK,KANJULUL
Baringo,KOIBATEK,KAPCHOLOI
Baringo,KOIBATEK,KAPKITET
Baringo,KOIBATEK,KAPNGEMUI
Baringo,KOIBATEK,KAPROWA PRIMARY
Baringo,KOIBATEK,KAPSIGOT
Baringo,KOIBATEK,KAPSOIT
Baringo,KOIBATEK,KAPTIM
Baringo,KOIBATEK,KEWANGOI
Baringo,KOIBATEK,KIBA SISO SEC
Baringo,KOIBATEK,KIBARASOI
Baringo,KOIBATEK,KIBIAS
Baringo,KOIBATEK,KIBOBON PRI
Baringo,KOIBATEK,KILOMBE
Baringo,KOIBATEK,KIMAMOI PRI SCHOOL
Baringo,KOIBATEK,KIPKABER
Baringo,KOIBATEK,KIPKORIONY
Baringo,KOIBATEK,KIPKUYANG
Baringo,KOIBATEK,KIPLONGON
Baringo,KOIBATEK,KIPTUNO
Baringo,KOIBATEK,KIRIMA
Baringo,KOIBATEK,KOIBATEK
Baringo,KOIBATEK,KOKORWONIN
Baringo,KOIBATEK,KOKWOMOI
Baringo,KOIBATEK,LALUT
Baringo,KOIBATEK,LEBOLOS
Baringo,KOIBATEK,LELGEL
Baringo,KOIBATEK,MAJI MAZURI FOREST
Baringo,KOIBATEK,MAJI MAZURI RC
Baringo,KOIBATEK,MANDINA
Baringo,KOIBATEK,METIPSO
Baringo,KOIBATEK,MOCHONGOI
Baringo,KOIBATEK,MORINGWO
Baringo,KOIBATEK,MUMBERES
Baringo,KOIBATEK,MUSERECHI
Baringo,KOIBATEK,MWACHON
Baringo,KOIBATEK,NAITILI PRIMARY
Baringo,KOIBATEK,NAKURTAKWEI
Baringo,KOIBATEK,NERKWO
Baringo,KOIBATEK,NGARIE
Baringo,KOIBATEK,NYAKIO
Baringo,KOIBATEK,ORINIE
Baringo,KOIBATEK,POROR
Baringo,KOIBATEK,SABATIA
Baringo,KOIBATEK,SAGAT
Baringo,KOIBATEK,SAOS
Baringo,KOIBATEK,SEGUTON PRIMARY
Baringo,KOIBATEK,SIGORO
Baringo,KOIBATEK,SIGOWET
Baringo,KOIBATEK,SIMOTWET
Baringo,KOIBATEK,SINENDE
Baringo,KOIBATEK,SINONIN
Baringo,KOIBATEK,SOGONIN
Baringo,KOIBATEK,SOIBEI
Baringo,KOIBATEK,SOLIAN PRIMARY SCHOOL
Baringo,KOIBATEK,SOYMINING
Baringo,KOIBATEK,ST PATRICKS SHIMONI
Baringo,KOIBATEK,ST. JOSEPHS MAKUTANO
Baringo,KOIBATEK,TARIGO
Baringo,KOIBATEK,TEBESWET PRIMARY
Baringo,KOIBATEK,TINET
Baringo,KOIBATEK,TOLMO
Baringo,KOIBATEK,TONIOK
Baringo,KOIBATEK,TOROKWONIN
Baringo,KOIBATEK,TORONGO
Baringo,KOIBATEK,TULWAMOI
Baringo,MARIGAT,ALICE INGHAM
Baringo,MARIGAT,ARABAL
Baringo,MARIGAT,BARSEMOI
Baringo,MARIGAT,CHEBINYINY
Baringo,MARIGAT,CHEMORONGION
Baringo,MARIGAT,CHEPKOTOYAN
Baringo,MARIGAT,CHEPLOCH
Baringo,MARIGAT,ELDEPE OSINYA
Baringo,MARIGAT,ELDUME
Baringo,MARIGAT,ENDAO
Baringo,MARIGAT,ILINGARUA
Baringo,MARIGAT,ITI PRIMARY
Baringo,MARIGAT,KABEL
Baringo,MARIGAT,KABURWO
Baringo,MARIGAT,KAILER
Baringo,MARIGAT,KAMAILEL
Baringo,MARIGAT,KAMPI YA SAMAKI
Baringo,MARIGAT,KAMUGA
Baringo,MARIGAT,KAMUNGEI
Baringo,MARIGAT,KAPINDASUM
Baringo,MARIGAT,KAPKECHIR
Baringo,MARIGAT,KAPKOIBAI PRIMARY SCHOOL
Baringo,MARIGAT,KAPKUIKUI
Baringo,MARIGAT,KAPKUN
Baringo,MARIGAT,KAPRONGUNO
Baringo,MARIGAT,KAPSOI
Baringo,MARIGAT,KAPTOMBES
Baringo,MARIGAT,KARNEE
Baringo,MARIGAT,KASIELA
Baringo,MARIGAT,KENEROI PRIMARY
Baringo,MARIGAT,KEON
Baringo,MARIGAT,KIBAGENGE
Baringo,MARIGAT,KIBINGOR
Baringo,MARIGAT,KIMALEL
Baringo,MARIGAT,KIMAO
Baringo,MARIGAT,KIMOIGUT
Baringo,MARIGAT,KIMORIOT
Baringo,MARIGAT,KIMOROK
Baringo,MARIGAT,KIRIM PRIMARY
Baringo,MARIGAT,KOIMUGUL
Baringo,MARIGAT,KOITILIL PRI
Baringo,MARIGAT,KOITILION
Baringo,MARIGAT,KOKWA ISLAND
Baringo,MARIGAT,KOKWENBEI PRY
Baringo,MARIGAT,KONGASIS
Baringo,MARIGAT,KORIEMA
Baringo,MARIGAT,LABOS
Baringo,MARIGAT,LAMALOK
Baringo,MARIGAT,LATACHA
Baringo,MARIGAT,LEKETETWO
Baringo,MARIGAT,LESWAA
Baringo,MARIGAT,LOBEBER
Baringo,MARIGAT,LOBOI
Baringo,MARIGAT,LOGUMGUM
Baringo,MARIGAT,LOIMINANG
Baringo,MARIGAT,LOMAYANA
Baringo,MARIGAT,LONGEWAN
Baringo,MARIGAT,LOOSAMPURMPUR
Baringo,MARIGAT,LOROPIL
Baringo,MARIGAT,LORROK
Baringo,MARIGAT,LORUK
Baringo,MARIGAT,MAOI DAY AND BOARDING
Baringo,MARIGAT,MARIGAT BOARDING
Baringo,MARIGAT,MBECHOT
Baringo,MARIGAT,MEISORI
Baringo,MARIGAT,MOCHONGOI
Baringo,MARIGAT,MOKOBE
Baringo,MARIGAT,MWENGE
Baringo,MARIGAT,NGAMBO
Baringo,MARIGAT,NGARIE PRI
Baringo,MARIGAT,NGENYILEL
Baringo,MARIGAT,NGOLBELON
Baringo,MARIGAT,NTEPES PRY
Baringo,MARIGAT,NYIMBEI
Baringo,MARIGAT,parkerra primary school
Baringo,MARIGAT,POI HILL
Baringo,MARIGAT,ROROBAI PRIMARY
Baringo,MARIGAT,SABOR
Baringo,MARIGAT,SALABANI
Baringo,MARIGAT,SINENDET
Baringo,MARIGAT,SINONI
Baringo,MARIGAT,SINTAAN
Baringo,MARIGAT,SOKEE
Baringo,MARIGAT,SOKOTEI D&B
Baringo,MARIGAT,SOSIONTE PRY
Baringo,MARIGAT,SUKUTEK
Baringo,MARIGAT,TENDENBEI
Baringo,MARIGAT,TUIYOBEI
Baringo,MARIGAT,TUIYOTICH
Baringo,MARIGAT,TULWOBSOO
Baringo,MARIGAT,YEMIT PRIMARY
Baringo,MOGOTIO,AIC EBENEZER
Baringo,MOGOTIO,ARAM
Baringo,MOGOTIO,BENONGOI
Baringo,MOGOTIO,BIKWEN GOBAT
Baringo,MOGOTIO,BOROKWO
Baringo,MOGOTIO,CHEBAIBAI ECD
Baringo,MOGOTIO,Chebarer Primary School
Baringo,MOGOTIO,CHEBEREN
Baringo,MOGOTIO,CHEBIREBEI
Baringo,MOGOTIO,CHEMOGOCH
Baringo,MOGOTIO,CHEMOINOI
Baringo,MOGOTIO,CHEMORGONG
Baringo,MOGOTIO,CHEMUTUNG
Baringo,MOGOTIO,CHEPKOKON
Baringo,MOGOTIO,CHEPNYORGIN
Baringo,MOGOTIO,CHOMIEK
Baringo,MOGOTIO,EMBOGONG
Baringo,MOGOTIO,EMINING DAY AND BOARDING
Baringo,MOGOTIO,EMSOS
Baringo,MOGOTIO,ESAGERI AIC
Baringo,MOGOTIO,ESAGERI SCHOOL FOR THE DEAF
Baringo,MOGOTIO,KABARBESI
Baringo,MOGOTIO,KABERGEI
Baringo,MOGOTIO,KABOGOR
Baringo,MOGOTIO,KABURGEI
Baringo,MOGOTIO,KABUSWO
Baringo,MOGOTIO,KAMALANGET
Baringo,MOGOTIO,KAMAR
Baringo,MOGOTIO,KAMASAI
Baringo,MOGOTIO,KAPCHELUKUNY
Baringo,MOGOTIO,KAPKARARAM
Baringo,MOGOTIO,KAPKEIN
Baringo,MOGOTIO,KAPKUNDUL
Baringo,MOGOTIO,KAPLAIMOI
Baringo,MOGOTIO,KAPLELWO
Baringo,MOGOTIO,KAPLOGOS
Baringo,MOGOTIO,KAPNGEMUI
Baringo,MOGOTIO,KAPNOSGEI
Baringo,MOGOTIO,KAPSOK
Baringo,MOGOTIO,KAPYEMIT
Baringo,MOGOTIO,KATERIT PRIMTRY
Baringo,MOGOTIO,KELELWA
Baringo,MOGOTIO,KELELWA HILL
Baringo,MOGOTIO,KIBOTANY
Baringo,MOGOTIO,KIMNGOROM
Baringo,MOGOTIO,KIMOSE
Baringo,MOGOTIO,KIPCHOBET
Baringo,MOGOTIO,KIPKIGEI
Baringo,MOGOTIO,KIPKITUR
Baringo,MOGOTIO,KIPKUREGO ECD
Baringo,MOGOTIO,KIPNYUNGUNY
Baringo,MOGOTIO,KIPSOGON
Baringo,MOGOTIO,Kipteweret Primary
Baringo,MOGOTIO,KIPTOIM
Baringo,MOGOTIO,KIRIBOT
Baringo,MOGOTIO,KISANANA
Baringo,MOGOTIO,KISKIS
Baringo,MOGOTIO,Kitecho
Baringo,MOGOTIO,KOIBARAK PRIMARY
Baringo,MOGOTIO,KOISARAM
Baringo,MOGOTIO,KOITEBES
Baringo,MOGOTIO,KOKWENMOI
Baringo,MOGOTIO,KURES
Baringo,MOGOTIO,KWIRINDOCHE
Baringo,MOGOTIO,LEGETETWET
Baringo,MOGOTIO,LELEN
Baringo,MOGOTIO,LETOI
Baringo,MOGOTIO,LOGIRI
Baringo,MOGOTIO,LOLBUGO
Baringo,MOGOTIO,LOMANIRA
Baringo,MOGOTIO,LOMBALA
Baringo,MOGOTIO,LOMBOGISHU
Baringo,MOGOTIO,MAGOI
Baringo,MOGOTIO,MAJIMOTO DAY & BOARDING
Baringo,MOGOTIO,MATEBEI PRIMARY SCHOOL
Baringo,MOGOTIO,MOGOTIO
Baringo,MOGOTIO,MOLOK
Baringo,MOGOTIO,MOLOS
Baringo,MOGOTIO,MOLOSIRWE
Baringo,MOGOTIO,MUGURIN
Baringo,MOGOTIO,MUGUYUNI
Baringo,MOGOTIO,MUTARAN
Baringo,MOGOTIO,NATO
Baringo,MOGOTIO,NGEMBOMOI
Baringo,MOGOTIO,NGENDALEL PRIMARY SCHOOL
Baringo,MOGOTIO,NGENTUI
Baringo,MOGOTIO,NGUBERETI
Baringo,MOGOTIO,NGUSERO
Baringo,MOGOTIO,NOIWET DAY & BOARDING
Baringo,MOGOTIO,OINOPSOS
Baringo,MOGOTIO,OTERIT
Baringo,MOGOTIO,RADAD
Baringo,MOGOTIO,ROSOGA
Baringo,MOGOTIO,SAGASAGIK
Baringo,MOGOTIO,SIRWA
Baringo,MOGOTIO,SORE
Baringo,MOGOTIO,SORTI
Baringo,MOGOTIO,SOSION
Baringo,MOGOTIO,ST MARY’S
Baringo,MOGOTIO,ST MAXIMILLIAN KOLBES
Baringo,MOGOTIO,TIAN
Baringo,MOGOTIO,TINGTINGNYON
County,Sub County,School Name
Bomet,BOMET,AISAIK
Bomet,BOMET,BALEK B
Bomet,BOMET,BARAKA
Bomet,BOMET,BAREKEIYAT
Bomet,BOMET,BILELGA
Bomet,BOMET,BOMET TOWNSHIP
Bomet,BOMET,BONYORIOT
Bomet,BOMET,BOONGO
Bomet,BOMET,BOREIYWEK
Bomet,BOMET,BUKACHA
Bomet,BOMET,BUKUNYE
Bomet,BOMET,CENTRAL
Bomet,BOMET,CHAMBORI
Bomet,BOMET,CHANG CHEGO
Bomet,BOMET,CHANGINA
Bomet,BOMET,CHEBAMBAN
Bomet,BOMET,CHEBISIAN
Bomet,BOMET,CHEBITET
Bomet,BOMET,CHEBOINGONG
Bomet,BOMET,CHEBOROR
Bomet,BOMET,CHELEMEI PRIMARY SCHOOL
Bomet,BOMET,CHEMANER PRIMARY
Bomet,BOMET,CHEMATICH
Bomet,BOMET,CHEMORUT
Bomet,BOMET,CHEPKIRIB
Bomet,BOMET,CHEPKITWAL
Bomet,BOMET,CHEPKONGONY
Bomet,BOMET,CHEPKURBET
Bomet,BOMET,CHEPNGAINA PRI
Bomet,BOMET,CHEPTEMBE
Bomet,BOMET,CHEPTUIYET
Bomet,BOMET,CHESOEN
Bomet,BOMET,CHESWERTA
Bomet,BOMET,CHUIYAT
Bomet,BOMET,DR STEURY MEMORIAL
Bomet,BOMET,IRWAGA PRI
Bomet,BOMET,KABUNGUT
Bomet,BOMET,KABUSARE
Bomet,BOMET,KAKIMIRAI CENTRAL
Bomet,BOMET,KAMINJEIWET PRI
Bomet,BOMET,KAMOBIRIRI
Bomet,BOMET,KAMOGOSO
Bomet,BOMET,KAMOYO
Bomet,BOMET,KANUSIN
Bomet,BOMET,KAPCHELUCH
Bomet,BOMET,KAPCHELUCH” B” PRIM
Bomet,BOMET,KAPKESIEGO
Bomet,BOMET,KAPKIGORWET
Bomet,BOMET,KAPKIMOLWA
Bomet,BOMET,Kapkoros Primary
Bomet,BOMET,KAPLELACH B
Bomet,BOMET,KAPNARIET
Bomet,BOMET,KAPORUSO
Bomet,BOMET,KAPSANGARU
Bomet,BOMET,KAPSIGOWO
Bomet,BOMET,KAPSIMBIRI
Bomet,BOMET,KAPSIMOTWA
Bomet,BOMET,KAPSOIYO CENTRE
Bomet,BOMET,KAPTETGOT
Bomet,BOMET,KAPTILOLWO
Bomet,BOMET,KAPTORORGO
Bomet,BOMET,KECHEIYAT
Bomet,BOMET,KEERTA
Bomet,BOMET,KELYOT
Bomet,BOMET,KEMBU
Bomet,BOMET,KESEBEK
Bomet,BOMET,KIBISORONIK
Bomet,BOMET,KIBIWOT B
Bomet,BOMET,KIBOCHI
Bomet,BOMET,KIMANGORA
Bomet,BOMET,KIMARGIS
Bomet,BOMET,KIMUCHUL
Bomet,BOMET,KINYOSE
Bomet,BOMET,KIPKOLIGO
Bomet,BOMET,KIPKURION
Bomet,BOMET,KIPLABOTWA
Bomet,BOMET,KIPLELJI
Bomet,BOMET,KIPLOKYI
Bomet,BOMET,KIPSIWON
Bomet,BOMET,KIPTEWIT
Bomet,BOMET,KIPTOGOCH
Bomet,BOMET,KIPTULWA
Bomet,BOMET,KIPYOSIT
Bomet,BOMET,KIRAMWOK
Bomet,BOMET,KIRISWO
Bomet,BOMET,KITAIMA
Bomet,BOMET,KITOBEN
Bomet,BOMET,KOIMUGUL
Bomet,BOMET,KOITA
Bomet,BOMET,KOMA TENGECHA
Bomet,BOMET,KONGOTIK
Bomet,BOMET,KORARA
Bomet,BOMET,KWENIK AB ILET
Bomet,BOMET,LALAKIN
Bomet,BOMET,LEBEKWET
Bomet,BOMET,LEKETETIET
Bomet,BOMET,LELKATET
Bomet,BOMET,LOSWET PRI
Bomet,BOMET,MAASET
Bomet,BOMET,Magenji primary
Bomet,BOMET,MANGOITA
Bomet,BOMET,MANYATTA PRIMARY
Bomet,BOMET,MATAIMA
Bomet,BOMET,MATARMAT
Bomet,BOMET,MATECHA
Bomet,BOMET,MENET
Bomet,BOMET,MERIGI
Bomet,BOMET,MILLINGA PRIMARY
Bomet,BOMET,MOBURO
Bomet,BOMET,MOGINDO
Bomet,BOMET,MOGITUI
Bomet,BOMET,MOGOIYWET
Bomet,BOMET,MOGOMA
Bomet,BOMET,MONDOIYWET
Bomet,BOMET,MONONWET
Bomet,BOMET,MORIT
Bomet,BOMET,MOTIGO HILL PRIM
Bomet,BOMET,MOTOIMET
Bomet,BOMET,MT SUGUTEK
Bomet,BOMET,MUGANGO
Bomet,BOMET,MUIYWEK
Bomet,BOMET,MURWONGOI
Bomet,BOMET,NDARAWETA
Bomet,BOMET,NDERIAT
Bomet,BOMET,NDUBAI
Bomet,BOMET,NGOCHO
Bomet,BOMET,NGOMWET
Bomet,BOMET,NJERIAN
Bomet,BOMET,NJORWET primary
Bomet,BOMET,NORERA
Bomet,BOMET,NYABONGO
Bomet,BOMET,NYAURURU
Bomet,BOMET,NYONGORES
Bomet,BOMET,OLMOTONYI
Bomet,BOMET,RAIYA
Bomet,BOMET,SACHANGWAN
Bomet,BOMET,SALAIK
Bomet,BOMET,SAMARIA PRI
Bomet,BOMET,SAMOEI
Bomet,BOMET,SAOSET
Bomet,BOMET,SEGUTIET PRIMARY SCHOOL
Bomet,BOMET,SEMOI
Bomet,BOMET,SERGUTIET
Bomet,BOMET,SIBAIYAN
Bomet,BOMET,SIGOWET
Bomet,BOMET,SILIBWET
Bomet,BOMET,SINENDET
Bomet,BOMET,SINGORWET
Bomet,BOMET,SIWOT
Bomet,BOMET,SOGOET
Bomet,BOMET,SOLYOT
Bomet,BOMET,SONOIYA
Bomet,BOMET,SONOKWEK
Bomet,BOMET,ST CATHERINE TEGAT
Bomet,BOMET,SUSWONDO
Bomet,BOMET,TAABET
Bomet,BOMET,TAGARUTO
Bomet,BOMET,TANGUT
Bomet,BOMET,TEGANDA
Bomet,BOMET,TEGAT
Bomet,BOMET,TENWEK
Bomet,BOMET,TENWEK BOARDING
Bomet,BOMET,TIRGAGA
Bomet,BOMET,TIROTO
Bomet,BOMET,TOGOMDA
Bomet,BOMET,TORONIK
Bomet,BOMET,TUMOIYOT CENTRAL
Bomet,BOMET,TUMOIYOT PRY
Bomet,BOMET,WESEGA
Bomet,BOMET EAST,BELGUT
Bomet,BOMET EAST,CHEMOMUL
Bomet,BOMET EAST,CHEPKOLON PRIMARY SCHOOL
Bomet,BOMET EAST,EMITIOT PRIMARY SCHOOL
Bomet,BOMET EAST,GIKOE SECONDARY SCHOOL
Bomet,BOMET EAST,KALYET
Bomet,BOMET EAST,KIPRERES
Bomet,BOMET EAST,KIPTOBIT
Bomet,BOMET EAST,KOIBEIYON
Bomet,BOMET EAST,KOISOMOI
Bomet,BOMET EAST,Korara Special Primary
Bomet,BOMET EAST,KUGUNOI
Bomet,BOMET EAST,LEKIMBO
Bomet,BOMET EAST,LONGISA
Bomet,BOMET EAST,MASARE PRIMARY SCHOOL
Bomet,BOMET EAST,MATUMBORU PRIMARY SCHOOL
Bomet,BOMET EAST,MULOT PRIMARY SCHOOL
Bomet,BOMET EAST,MURANY
Bomet,BOMET EAST,NDABIBI
Bomet,BOMET EAST,OLBOBO
Bomet,BOMET EAST,OLNGOSWET
Bomet,BOMET EAST,SAPARET PRIMARY SCHOOL
Bomet,BOMET EAST,SIMOTWET PRIMARY SCHOOL
Bomet,BOMET EAST,TEBESWET IGOR
Bomet,CHEPALUNGU,ATEBWO
Bomet,CHEPALUNGU,BINGWA
Bomet,CHEPALUNGU,BORUT
Bomet,CHEPALUNGU,CHEBANYINY
Bomet,CHEPALUNGU,CHEBARAA
Bomet,CHEPALUNGU,CHEBELION
Bomet,CHEPALUNGU,CHEBIRIR
Bomet,CHEPALUNGU,CHEBOIS
Bomet,CHEPALUNGU,CHEBORIAN
Bomet,CHEPALUNGU,CHEBORIOT
Bomet,CHEPALUNGU,CHEBOYO
Bomet,CHEPALUNGU,CHEBUGON ‘B’ PRY
Bomet,CHEPALUNGU,CHEBUNYO
Bomet,CHEPALUNGU,CHELEGET
Bomet,CHEPALUNGU,CHELELACH
Bomet,CHEPALUNGU,CHELELAIBEI
Bomet,CHEPALUNGU,CHEMAETANY
Bomet,CHEPALUNGU,CHEMAGEL
Bomet,CHEPALUNGU,CHEMENGWA
Bomet,CHEPALUNGU,CHEMISIMGUT
Bomet,CHEPALUNGU,CHENIT
Bomet,CHEPALUNGU,CHEPKESUI
Bomet,CHEPALUNGU,CHEPKESWAET
Bomet,CHEPALUNGU,CHEPKORGONG
Bomet,CHEPALUNGU,CHEPKOSA
Bomet,CHEPALUNGU,CHEPLELIET PRI SCHOOL
Bomet,CHEPALUNGU,CHEPNGUNGUL
Bomet,CHEPALUNGU,CHEPNYALILIET
Bomet,CHEPALUNGU,CHEPNYALILIET CENTRAL
Bomet,CHEPALUNGU,CHEPONJIRIA
Bomet,CHEPALUNGU,CHEPTAGUM
Bomet,CHEPALUNGU,CHEPTUIYET NGENDA
Bomet,CHEPALUNGU,CHEPTUONIK
Bomet,CHEPALUNGU,CHEPWOSTUIYET PRIMARY SCHOOL
Bomet,CHEPALUNGU,CHESEGEM CENTRAL
Bomet,CHEPALUNGU,CHESERTON
Bomet,CHEPALUNGU,DONBOSCO SINENDET
Bomet,CHEPALUNGU,GELENGEI
Bomet,CHEPALUNGU,GOITABKALYET
Bomet,CHEPALUNGU,GOITABSILIBWET PRI
Bomet,CHEPALUNGU,HIGHLAND
Bomet,CHEPALUNGU,IMARA CHEBUNYO
Bomet,CHEPALUNGU,ITEMBE
Bomet,CHEPALUNGU,KABEMA
Bomet,CHEPALUNGU,KABISIMBA
Bomet,CHEPALUNGU,KABISOGE
Bomet,CHEPALUNGU,KABOLWO
Bomet,CHEPALUNGU,KABOSON
Bomet,CHEPALUNGU,KAGAWET
Bomet,CHEPALUNGU,KAMAGET
Bomet,CHEPALUNGU,KAMOGIBOI
Bomet,CHEPALUNGU,KAMONGIL PRI
Bomet,CHEPALUNGU,KAMORIR
Bomet,CHEPALUNGU,KAMORIT PRI
Bomet,CHEPALUNGU,KAMOSIRO
Bomet,CHEPALUNGU,KAMOSOS
Bomet,CHEPALUNGU,KAMOTYO
Bomet,CHEPALUNGU,KAMUNDUGI
Bomet,CHEPALUNGU,KAMUSANGA
Bomet,CHEPALUNGU,KAPAMBAN
Bomet,CHEPALUNGU,KAPCHERUSE PRI
Bomet,CHEPALUNGU,KAPCHERUSE SUGUTEK
Bomet,CHEPALUNGU,KAPCHUMBE
Bomet,CHEPALUNGU,KAPINDISIN PRY
Bomet,CHEPALUNGU,kapkemoi
Bomet,CHEPALUNGU,KAPKESOSIO
Bomet,CHEPALUNGU,KAPKULUMBEN
Bomet,CHEPALUNGU,KAPKWEN
Bomet,CHEPALUNGU,KAPLEKWA B pri
Bomet,CHEPALUNGU,KAPLELE
Bomet,CHEPALUNGU,KAPLEWA
Bomet,CHEPALUNGU,KAPNGETI PRI
Bomet,CHEPALUNGU,KAPNGETUNY
Bomet,CHEPALUNGU,KAPOLESERO PRIMARY
Bomet,CHEPALUNGU,KAPRORON
Bomet,CHEPALUNGU,KAPSABUL
Bomet,CHEPALUNGU,KAPSAIYALEL
Bomet,CHEPALUNGU,KAPSINENDET CENTRAL
Bomet,CHEPALUNGU,KAPSIO
Bomet,CHEPALUNGU,KAPSOMBER
Bomet,CHEPALUNGU,KAPTABULIET
Bomet,CHEPALUNGU,KAPTEMBWO
Bomet,CHEPALUNGU,KAPTEMBWO LELACH
Bomet,CHEPALUNGU,KAPTERER
Bomet,CHEPALUNGU,KAPTOROKWO
Bomet,CHEPALUNGU,KAPTUMOI
Bomet,CHEPALUNGU,KAPTWOLO
Bomet,CHEPALUNGU,KATARET
Bomet,CHEPALUNGU,KELICHEK
Bomet,CHEPALUNGU,KERUNDUT PRIMARY SCHOOL
Bomet,CHEPALUNGU,KESEGUT
Bomet,CHEPALUNGU,KESOSIO
Bomet,CHEPALUNGU,KIBEREISIT
Bomet,CHEPALUNGU,KIBOSON
Bomet,CHEPALUNGU,KIMANANGA
Bomet,CHEPALUNGU,KIMATISIO
Bomet,CHEPALUNGU,KIMAYA
Bomet,CHEPALUNGU,KIMENDERIT
Bomet,CHEPALUNGU,KIMINDILIL
Bomet,CHEPALUNGU,KIMUGUL
Bomet,CHEPALUNGU,KINYOGI
Bomet,CHEPALUNGU,KIOTA CENTRAL PRI
Bomet,CHEPALUNGU,KIPKEIGEI
Bomet,CHEPALUNGU,KIPKELAT
Bomet,CHEPALUNGU,KIPKUROR
Bomet,CHEPALUNGU,KIPLOMBE
Bomet,CHEPALUNGU,KIPRANYE PRIMARY
Bomet,CHEPALUNGU,KIPRICHEIT PRI
Bomet,CHEPALUNGU,KIPROROGET
Bomet,CHEPALUNGU,KIPSEGON
Bomet,CHEPALUNGU,KIPSIMBOL CENTRE
Bomet,CHEPALUNGU,KIPSIRAT
Bomet,CHEPALUNGU,KIPTAGE
Bomet,CHEPALUNGU,KIPTENDEN
Bomet,CHEPALUNGU,KIPTENDEN CENTRAL
Bomet,CHEPALUNGU,KIPTUNOI
Bomet,CHEPALUNGU,KIPTURGUT
Bomet,CHEPALUNGU,KIRIBA
Bomet,CHEPALUNGU,KISABITA
Bomet,CHEPALUNGU,KISIET
Bomet,CHEPALUNGU,KOSIA
Bomet,CHEPALUNGU,KOTOIBEK
Bomet,CHEPALUNGU,KYOGONG
Bomet,CHEPALUNGU,LABOTIET
Bomet,CHEPALUNGU,LALWAT
Bomet,CHEPALUNGU,LELAITICH
Bomet,CHEPALUNGU,LELBARAK
Bomet,CHEPALUNGU,LELECHONIK
Bomet,CHEPALUNGU,LELECHWET
Bomet,CHEPALUNGU,LUGUMEK
Bomet,CHEPALUNGU,MAKIMENY
Bomet,CHEPALUNGU,MAMBWO
Bomet,CHEPALUNGU,MARAIANGO
Bomet,CHEPALUNGU,MARANGETIT
Bomet,CHEPALUNGU,MASASABEI
Bomet,CHEPALUNGU,MASINDONI
Bomet,CHEPALUNGU,MATHEW MARITIM
Bomet,CHEPALUNGU,MENGWET
Bomet,CHEPALUNGU,MERRY MATUNDA
Bomet,CHEPALUNGU,METIPSO
Bomet,CHEPALUNGU,MOTIGERE PRI
Bomet,CHEPALUNGU,MUGANGET
Bomet,CHEPALUNGU,MWOKYOT
Bomet,CHEPALUNGU,NDAMICHONIK PRI
Bomet,CHEPALUNGU,NGENENET
Bomet,CHEPALUNGU,NGONYAT PRI
Bomet,CHEPALUNGU,NGWONET
Bomet,CHEPALUNGU,NOGIRWET
Bomet,CHEPALUNGU,NYAKICHIWA
Bomet,CHEPALUNGU,NYAMBUGO PRIMARY SCHOOL
Bomet,CHEPALUNGU,NYATEMBE
Bomet,CHEPALUNGU,OLESOI
Bomet,CHEPALUNGU,OREIYET
Bomet,CHEPALUNGU,REBERWET
Bomet,CHEPALUNGU,ROBORWO
Bomet,CHEPALUNGU,RONDA
Bomet,CHEPALUNGU,SAGENYA PRIMARY SCHOOL
Bomet,CHEPALUNGU,SARAMEK
Bomet,CHEPALUNGU,SAUNET
Bomet,CHEPALUNGU,SEGEMIK
Bomet,CHEPALUNGU,SIGOR
Bomet,CHEPALUNGU,SIGOR BOARDING
Bomet,CHEPALUNGU,SIMBEIWET
Bomet,CHEPALUNGU,SIMOTWET PRI
Bomet,CHEPALUNGU,SINGOIWEK
Bomet,CHEPALUNGU,SIONGIROI
Bomet,CHEPALUNGU,SOGORORBEI
Bomet,CHEPALUNGU,ST. SOFIA KAPCHEPOBKENY
Bomet,CHEPALUNGU,ST.JOSEPHS KAPSIRICH
Bomet,CHEPALUNGU,ST.MARY MISMIS
Bomet,CHEPALUNGU,ST.MICHAEL
Bomet,CHEPALUNGU,ST.PATRICK CHEPTOLELYOI
Bomet,CHEPALUNGU,ST.PETER KOIYET
Bomet,CHEPALUNGU,SUGUMERGA
Bomet,CHEPALUNGU,TAITA PRIMARY
Bomet,CHEPALUNGU,TAPAROSHO
Bomet,CHEPALUNGU,TARAKWET
Bomet,CHEPALUNGU,TEBESWET
Bomet,CHEPALUNGU,TILANGOK
Bomet,CHEPALUNGU,Tilyot Primary
Bomet,CHEPALUNGU,TIRIYTA
Bomet,CHEPALUNGU,TOLILET
Bomet,CHEPALUNGU,TUMOI
Bomet,CHEPALUNGU,UMOJA
Bomet,CHEPALUNGU,YOYWANA
Bomet,KONOIN,AREGERIOT
Bomet,KONOIN,BEEKAB ARWET
Bomet,KONOIN,BESIOBEI
Bomet,KONOIN,BOITO
Bomet,KONOIN,BOSTO
Bomet,KONOIN,CHANGANA
Bomet,KONOIN,CHANGOI
Bomet,KONOIN,CHEBABAI PRI
Bomet,KONOIN,CHEBANGANG
Bomet,KONOIN,CHEBUGEN
Bomet,KONOIN,CHEBWONGO
Bomet,KONOIN,CHEIBEI
Bomet,KONOIN,CHEMAAN
Bomet,KONOIN,CHEMALAL
Bomet,KONOIN,CHEMAMUL B
Bomet,KONOIN,CHEMASINGI
Bomet,KONOIN,CHEMELET
Bomet,KONOIN,CHEMOGO
Bomet,KONOIN,Chenacho
Bomet,KONOIN,CHEPCHABAS
Bomet,KONOIN,CHEPCHIRIK
Bomet,KONOIN,CHEPKOCHUN
Bomet,KONOIN,Chepkoin
Bomet,KONOIN,Chepnyoibek
Bomet,KONOIN,CHEPTABAACH
Bomet,KONOIN,CHEPTABES
Bomet,KONOIN,CHEPTALAL
Bomet,KONOIN,CHEPTINGTING
Bomet,KONOIN,CHONGENWO
Bomet,KONOIN,CHORWET
Bomet,KONOIN,Ckepkok primary
Bomet,KONOIN,EMBOMOS
Bomet,KONOIN,EMMANUEL A.I.C
Bomet,KONOIN,KABAIBAI PRIMARY
Bomet,KONOIN,KABIANGEK
Bomet,KONOIN,KABOISIO PRI
Bomet,KONOIN,KABOMOI
Bomet,KONOIN,KAMAGOMON
Bomet,KONOIN,KAPCHEPKOLE
Bomet,KONOIN,KAPCHEPROTWA
Bomet,KONOIN,KAPCHEPTINET BLUE MAN PRI
Bomet,KONOIN,Kapcheptuenik
Bomet,KONOIN,KAPKEN
Bomet,KONOIN,KAPKERONJO
Bomet,KONOIN,KAPKILAIBEI
Bomet,KONOIN,KAPKINARA PRIMARY SCHOOL
Bomet,KONOIN,Kapleleito
Bomet,KONOIN,KAPLETYO
Bomet,KONOIN,KAPRORET
Bomet,KONOIN,KAPSEBETET
Bomet,KONOIN,KAPSENGERE
Bomet,KONOIN,KAPSET
Bomet,KONOIN,KAPSIR
Bomet,KONOIN,Kapsiratet
Bomet,KONOIN,KAPTEBENGWET
Bomet,KONOIN,KAPTEBENGWO
Bomet,KONOIN,KAPTEMBWO
Bomet,KONOIN,KAPTIEN
Bomet,KONOIN,KEBUMBUR
Bomet,KONOIN,KENYAGORO
Bomet,KONOIN,KETIK SOMOK
Bomet,KONOIN,KIBANJALAL
Bomet,KONOIN,KIBIRIRI PRI
Bomet,KONOIN,KIBITGOI
Bomet,KONOIN,KIBOMUT PRIMARY SCHOOL
Bomet,KONOIN,KIMAECH
Bomet,KONOIN,KIMARI
Bomet,KONOIN,KIMARI GIRLS
Bomet,KONOIN,KIMARWANDI
Bomet,KONOIN,KIMORI AIC
Bomet,KONOIN,Kimugul
Bomet,KONOIN,KIMULOT
Bomet,KONOIN,Kimuta
Bomet,KONOIN,KIPKELOK
Bomet,KONOIN,KipKetii
Bomet,KONOIN,KIPRAISI
Bomet,KONOIN,KIPSEONOI
Bomet,KONOIN,KIPSIGIRIO
Bomet,KONOIN,KIPSINENDE
Bomet,KONOIN,KIPTEMENIO
Bomet,KONOIN,KIPTENDEN
Bomet,KONOIN,KIPTIGET
Bomet,KONOIN,KIPTIGET
Bomet,KONOIN,KIRIMOSE
Bomet,KONOIN,KITALA
Bomet,KONOIN,Kitumbe
Bomet,KONOIN,KOBEL PRI
Bomet,KONOIN,KOBOR
Bomet,KONOIN,KOITALEL
Bomet,KONOIN,KOIWA
Bomet,KONOIN,KOMIRMIR
Bomet,KONOIN,Konoitab Tegat
Bomet,KONOIN,KONOITO PRIMARY
Bomet,KONOIN,KOROITIK
Bomet,KONOIN,KORUMA
Bomet,KONOIN,KUGERWET
Bomet,KONOIN,LEBEKYET
Bomet,KONOIN,LELSA
Bomet,KONOIN,Lobokwo
Bomet,KONOIN,Marinyin
Bomet,KONOIN,MESWONDO
Bomet,KONOIN,MICHIRA
Bomet,KONOIN,MOGOGOSIEK T/SHIP
Bomet,KONOIN,MOGONJET
Bomet,KONOIN,MOROMBO
Bomet,KONOIN,Mosoriot
Bomet,KONOIN,MUGENYI
Bomet,KONOIN,MURAMET
Bomet,KONOIN,Mutereriet
Bomet,KONOIN,N. CHEBELYON
Bomet,KONOIN,NDALELAI
Bomet,KONOIN,NGERERIT
Bomet,KONOIN,NYEKESU
Bomet,KONOIN,NYOIKENO
Bomet,KONOIN,RERENDET
Bomet,KONOIN,RUSEYA
Bomet,KONOIN,SANGWA
Bomet,KONOIN,SASETA
Bomet,KONOIN,SATIET
Bomet,KONOIN,SEANIN
Bomet,KONOIN,Sepbet
Bomet,KONOIN,SIMOTWET DAY/ BOARDING PRI
Bomet,KONOIN,SINENDOIK
Bomet,KONOIN,SIOMO
Bomet,KONOIN,SITONIK
Bomet,KONOIN,SOTIT
Bomet,KONOIN,ST. PETERS BUSORETO
Bomet,KONOIN,SUGUTEK
Bomet,KONOIN,SUGUTEK B
Bomet,KONOIN,TAARUT
Bomet,KONOIN,TABAITA
Bomet,KONOIN,TABOINO
Bomet,KONOIN,TALALGA
Bomet,KONOIN,TEMBWET PRI
Bomet,KONOIN,TENDUET
Bomet,KONOIN,TEREK
Bomet,KONOIN,TUIYOBEI
Bomet,SOTIK,ABOSI HILLVIEW
Bomet,SOTIK,BALEK A
Bomet,SOTIK,BAMBANIK
Bomet,SOTIK,Boreito Primary
Bomet,SOTIK,BURGEI
Bomet,SOTIK,CHEBANGO
Bomet,SOTIK,CHEBEIYAN PRIMARY SCHOOL
Bomet,SOTIK,CHEBILAT
Bomet,SOTIK,CHEBIRBELEK
Bomet,SOTIK,CHEBOET
Bomet,SOTIK,CHEBOLE
Bomet,SOTIK,CHEBONGI
Bomet,SOTIK,CHEBUGON
Bomet,SOTIK,CHEBUI
Bomet,SOTIK,CHEBULU
Bomet,SOTIK,CHEMOBEI
Bomet,SOTIK,CHEMOGOI
Bomet,SOTIK,CHEPKALWAL
Bomet,SOTIK,CHEPKEBIT
Bomet,SOTIK,CHEPKEIGEI
Bomet,SOTIK,CHEPKOSIOM
Bomet,SOTIK,CHEPTANGULGEI
Bomet,SOTIK,CHEPTEBE
Bomet,SOTIK,CHERIBO
Bomet,SOTIK,CHERUMBAS PRIMARY
Bomet,SOTIK,CHESAMBAI
Bomet,SOTIK,CHESEGEM PRIMARY SCHOOL
Bomet,SOTIK,CHESERTON
Bomet,SOTIK,CHESILYOT
Bomet,SOTIK,CHESILYOT GIRLS
Bomet,SOTIK,CHILGOTWET
Bomet,SOTIK,CHINGONDI
Bomet,SOTIK,CHOROROITA
Bomet,SOTIK,GAA TUIYOBEI
Bomet,SOTIK,GELEGELE
Bomet,SOTIK,GORGOR
Bomet,SOTIK,Jubiliee Imani Primary
Bomet,SOTIK,KABORUSO KOLUU
Bomet,SOTIK,KABURGEI
Bomet,SOTIK,KAGASIK
Bomet,SOTIK,KAMABWAI
Bomet,SOTIK,KAMBIRA
Bomet,SOTIK,KAMEGUNYET
Bomet,SOTIK,KAMENES
Bomet,SOTIK,KAMESWON
Bomet,SOTIK,KAMIRAI
Bomet,SOTIK,KAMUGENO
Bomet,SOTIK,KAMUNGEI
Bomet,SOTIK,KAMUREITO
Bomet,SOTIK,KAPANGOROR
Bomet,SOTIK,KAPCHEMIBEI
Bomet,SOTIK,KAPCHEPKORO
Bomet,SOTIK,KAPCHEPKOSIOM
Bomet,SOTIK,KAPCHERIRE
Bomet,SOTIK,KAPCHOLYO
Bomet,SOTIK,KAPKELEI
Bomet,SOTIK,KAPKESEMBE
Bomet,SOTIK,KAPKOITIM
Bomet,SOTIK,KAPKURES
Bomet,SOTIK,KAPLEKWA
Bomet,SOTIK,KAPLELACH
Bomet,SOTIK,KAPLETUNDO
Bomet,SOTIK,KAPLOMBOI
Bomet,SOTIK,KAPLONG BOYS
Bomet,SOTIK,KAPLONG GIRLS
Bomet,SOTIK,KAPMAKITUI
Bomet,SOTIK,KAPNYASIMBA
Bomet,SOTIK,KAPOLESOBEI
Bomet,SOTIK,KAPSIONGO
Bomet,SOTIK,KAPSOSURWO
Bomet,SOTIK,KAPTAMUITA
Bomet,SOTIK,KAPTILOLWO
Bomet,SOTIK,KAPTULWA
Bomet,SOTIK,KELONGET VALLEY
Bomet,SOTIK,KENEGUT ‘B’
Bomet,SOTIK,KENENE
Bomet,SOTIK,KERONJO
Bomet,SOTIK,KESENGE
Bomet,SOTIK,KESOGORORET
Bomet,SOTIK,KIBIBO
Bomet,SOTIK,KIBORI
Bomet,SOTIK,KIMASE
Bomet,SOTIK,KIMAWIT
Bomet,SOTIK,KIMOLWET PRIMARY
Bomet,SOTIK,KIMOSO
Bomet,SOTIK,KINYELWET
Bomet,SOTIK,KIPAJIT
Bomet,SOTIK,KIPKETII
Bomet,SOTIK,KIPNGOSOS
Bomet,SOTIK,KIPNGOSOS SPECIAL
Bomet,SOTIK,KIPROBONYIT
Bomet,SOTIK,KIPSIMBOL
Bomet,SOTIK,KIPSINGEI
Bomet,SOTIK,KIPSONOI
Bomet,SOTIK,KIPTAPSIR
Bomet,SOTIK,KIPTENDEN
Bomet,SOTIK,KIPTENDEN TACH ASIS
Bomet,SOTIK,KIPTERGEKYAN
Bomet,SOTIK,KIPTORBEI
Bomet,SOTIK,KIRICHA
Bomet,SOTIK,KISABEI
Bomet,SOTIK,KOIYET
Bomet,SOTIK,KOKWON
Bomet,SOTIK,KORONGORO
Bomet,SOTIK,KURYOT PRIMARY SCHOOL
Bomet,SOTIK,LALWAT
Bomet,SOTIK,LELDAET
Bomet,SOTIK,LELDOK
Bomet,SOTIK,LELECHWET
Bomet,SOTIK,LULUSIK
Bomet,SOTIK,MABWAITA
Bomet,SOTIK,MANARET
Bomet,SOTIK,MOGOIYWEK
Bomet,SOTIK,MOITA
Bomet,SOTIK,MONIRE
Bomet,SOTIK,MORIKO
Bomet,SOTIK,MOSONIK
Bomet,SOTIK,MOTIRET
Bomet,SOTIK,MUNJAZZ
Bomet,SOTIK,NDANAI PRIMARY
Bomet,SOTIK,NGAMURIAN PRI.
Bomet,SOTIK,NGARIET
Bomet,SOTIK,NGENDALEL
Bomet,SOTIK,NGURWO
Bomet,SOTIK,NYAGAA
Bomet,SOTIK,OLDABACH
Bomet,SOTIK,OLDEBESI
Bomet,SOTIK,RONGENA
Bomet,SOTIK,ROTIK
Bomet,SOTIK,SARUCHAT
Bomet,SOTIK,SASITA
Bomet,SOTIK,SERTWET
Bomet,SOTIK,SIGORIAN
Bomet,SOTIK,SIROIN PRIMARY
Bomet,SOTIK,SIRONET
Bomet,SOTIK,SIRYAT
Bomet,SOTIK,SISEI
Bomet,SOTIK,SOGET PRI.
Bomet,SOTIK,SOIMET
Bomet,SOTIK,SOIMOSIEK
Bomet,SOTIK,SOIYOIT PRI
Bomet,SOTIK,SOMOE
Bomet,SOTIK,SOSIK
Bomet,SOTIK,SOSUR
Bomet,SOTIK,SOTIK PRIMARY
Bomet,SOTIK,SOYMET DAY SEC
Bomet,SOTIK,SUGURUSIEK
Bomet,SOTIK,SUGUTEK
Bomet,SOTIK,SUMONI
Bomet,SOTIK,TAABOK
Bomet,SOTIK,TABARIT
Bomet,SOTIK,TABEITUK
Bomet,SOTIK,TAKITECH PRIMARY SCHOOL
Bomet,SOTIK,TARAKWA
Bomet,SOTIK,TEMBWET
Bomet,SOTIK,TEMBWO
Bomet,SOTIK,TENDONOK
Bomet,SOTIK,TOGOMIN
Bomet,SOTIK,TONONGOI
Bomet,SOTIK,TUIYOGOK
Bomet,SOTIK,TUIYOTICH
Bomet,SOTIK,TUMBELYON
Bomet,SOTIK,USWET
Bomet,SOTIK,YAGANEK
County,Sub County,School Name
Bungoma,BUMULA,ACK KHASOKO
Bungoma,BUMULA,BILISO RC
Bungoma,BUMULA,BISUCHE ACK
Bungoma,BUMULA,BITOBO RC
Bungoma,BUMULA,BOSIO RC
Bungoma,BUMULA,BUKIRIMO RC PRIMARY
Bungoma,BUMULA,BUMULA FYM
Bungoma,BUMULA,BUNAMBOBI
Bungoma,BUMULA,BURANGASI RC
Bungoma,BUMULA,BWALIRO ACK
Bungoma,BUMULA,CHILIBA RC
Bungoma,BUMULA,ebenezer academynasyanda
Bungoma,BUMULA,JOYVALLEY SPECIAL
Bungoma,BUMULA,JUHUDI SECONDARY
Bungoma,BUMULA,KABUBERO RC
Bungoma,BUMULA,KABULA RC
Bungoma,BUMULA,KHABUSI S.A PRIMARY
Bungoma,BUMULA,KHASOKO SPECIAL FOR MH
Bungoma,BUMULA,KHASOLO RC
Bungoma,BUMULA,KHAYO MMK
Bungoma,BUMULA,KHELELA AC
Bungoma,BUMULA,KIBACHENJE COG
Bungoma,BUMULA,KIBUKE E R S F
Bungoma,BUMULA,KIMAETI RC MIXED DAY AND BOARDING
Bungoma,BUMULA,KIMATUNI RC
Bungoma,BUMULA,KIMATUNI SA
Bungoma,BUMULA,KIMWANGA RC
Bungoma,BUMULA,KIMWANGA SPECIAL SCHOOL
Bungoma,BUMULA,KISAWAYI SA PRIMARY
Bungoma,BUMULA,KISIOYI ERSF
Bungoma,BUMULA,KITABISI RC
Bungoma,BUMULA,KITINGIA SA
Bungoma,BUMULA,LIBOLINA SPECIAL SCH
Bungoma,BUMULA,LUBUNDA R C
Bungoma,BUMULA,LUMBOKA RC
Bungoma,BUMULA,LUNAO FYM PRIMARY SCHOOL
Bungoma,BUMULA,LUNAO RC
Bungoma,BUMULA,LWANJA RC
Bungoma,BUMULA,MACHWELE DEB
Bungoma,BUMULA,MALINDA RC
Bungoma,BUMULA,MANANI S A
Bungoma,BUMULA,MARABA ACK PRIMARY
Bungoma,BUMULA,MASIELO R C
Bungoma,BUMULA,MASUNO RC
Bungoma,BUMULA,MATEKA RC
Bungoma,BUMULA,MAYANJA R C
Bungoma,BUMULA,MIKOKWE
Bungoma,BUMULA,MILUKI RC
Bungoma,BUMULA,MUANDA RC
Bungoma,BUMULA,MUKHEKHE
Bungoma,BUMULA,MUKHUMA RC
Bungoma,BUMULA,MUKUYUNI RC
Bungoma,BUMULA,MUKWA RC
Bungoma,BUMULA,MULUKOBA RC
Bungoma,BUMULA,MUNGORE ACK
Bungoma,BUMULA,MUSAKASA RC
Bungoma,BUMULA,MUTUA R.C
Bungoma,BUMULA,MWIRUTI RC
Bungoma,BUMULA,MWIYENGA A C K
Bungoma,BUMULA,MWOMO DEB
Bungoma,BUMULA,MYANGA RC
Bungoma,BUMULA,NABUREREYA RC
Bungoma,BUMULA,NAKALILA RC
Bungoma,BUMULA,NAKHWANA R C
Bungoma,BUMULA,NAMANJE F Y M
Bungoma,BUMULA,NAMANZE RC
Bungoma,BUMULA,NAMATOTOA RC
Bungoma,BUMULA,NAMUNINGIE R C
Bungoma,BUMULA,NAMUSASI ACK
Bungoma,BUMULA,NANDIKA SA
Bungoma,BUMULA,NANDINGWA RC
Bungoma,BUMULA,Nandingwa RC Primary
Bungoma,BUMULA,NANGATA
Bungoma,BUMULA,NANGENI FYM
Bungoma,BUMULA,NAPARA ACK PRI
Bungoma,BUMULA,NAPARA RC
Bungoma,BUMULA,NASIMBO S A PRIMARY
Bungoma,BUMULA,NASYANDA BAHAI
Bungoma,BUMULA,NETIMA R C PRIMARY
Bungoma,BUMULA,NGOLI RC
Bungoma,BUMULA,REMWA RC
Bungoma,BUMULA,SANGO RC
Bungoma,BUMULA,SIBOTI RC
Bungoma,BUMULA,SIHILILA RC
Bungoma,BUMULA,SIKINGA FYM
Bungoma,BUMULA,SILOBA SHINE RC PRIMARY
Bungoma,BUMULA,SIRENDE SA
Bungoma,BUMULA,SIYOMBE AC
Bungoma,BUMULA,ST ELIZABETH WACHOLI RC PRIMARY
Bungoma,BUMULA,ST JUDE NABUYEYWE
Bungoma,BUMULA,ST JUDE SYOYA RC
Bungoma,BUMULA,ST MICHAEL BUKUMUMA PRIMARY
Bungoma,BUMULA,ST PETERS NAMAIKA RC
Bungoma,BUMULA,ST STEPHENS BULOSI RC
Bungoma,BUMULA,ST. STEPHENS MUNDAA ACK
Bungoma,BUMULA,SYEKUMULO RC
Bungoma,BUMULA,TABALA R C
Bungoma,BUMULA,TABUTI SUDI RC
Bungoma,BUMULA,TALITIA RC
Bungoma,BUMULA,TULUKUYI
Bungoma,BUMULA,TULUMBA RC
Bungoma,BUMULA,TUNYA RC
Bungoma,BUMULA,WAMUMALI RC
Bungoma,BUMULA,WESIMIKHA SA
Bungoma,BUNGOMA CENTRAL,BARAKI ERSF
Bungoma,BUNGOMA CENTRAL,BUSAKALA FYM
Bungoma,BUNGOMA CENTRAL,BWAKE RC
Bungoma,BUNGOMA CENTRAL,CHEBUKAKA BOYS
Bungoma,BUNGOMA CENTRAL,CHEBUKAKA GIRLS
Bungoma,BUNGOMA CENTRAL,CHEBUKWA DEB
Bungoma,BUNGOMA CENTRAL,CHEBUNYINYI ACK
Bungoma,BUNGOMA CENTRAL,CHEKULO BAPTIST
Bungoma,BUNGOMA CENTRAL,CHEKULO FYM
Bungoma,BUNGOMA CENTRAL,CHEKWANDA COC PRI
Bungoma,BUNGOMA CENTRAL,CHEMWA RC
Bungoma,BUNGOMA CENTRAL,CHENJENI ERSF
Bungoma,BUNGOMA CENTRAL,CHEPSITATI
Bungoma,BUNGOMA CENTRAL,HON WETANGULA SANGO PCU
Bungoma,BUNGOMA CENTRAL,KABUCHAI
Bungoma,BUNGOMA CENTRAL,KABUCHAI SA SPECIAL SCHOOL
Bungoma,BUNGOMA CENTRAL,KASOSI SA PRIMARY SCHOOL
Bungoma,BUNGOMA CENTRAL,KHACHONGE RC
Bungoma,BUNGOMA CENTRAL,KHALABA RC
Bungoma,BUNGOMA CENTRAL,KHATIRI SA PRI
Bungoma,BUNGOMA CENTRAL,KIBICHORI
Bungoma,BUNGOMA CENTRAL,KIBOOCHI
Bungoma,BUNGOMA CENTRAL,KIMALEWA
Bungoma,BUNGOMA CENTRAL,KISIWA
Bungoma,BUNGOMA CENTRAL,KUYWA
Bungoma,BUNGOMA CENTRAL,KUYWA SA SPECIAL FOR M HANDICAPPED
Bungoma,BUNGOMA CENTRAL,LUFUTU SA
Bungoma,BUNGOMA CENTRAL,LUKHOME ERSF
Bungoma,BUNGOMA CENTRAL,LUKHUNA ERSF
Bungoma,BUNGOMA CENTRAL,LUUCHO FYM
Bungoma,BUNGOMA CENTRAL,LUUYA R C
Bungoma,BUNGOMA CENTRAL,LWANJA PEFA
Bungoma,BUNGOMA CENTRAL,MABANGA RC
Bungoma,BUNGOMA CENTRAL,MADISI ERSF
Bungoma,BUNGOMA CENTRAL,MAKHONGE
Bungoma,BUNGOMA CENTRAL,MAKHONGE SA PRI
Bungoma,BUNGOMA CENTRAL,MAROBO
Bungoma,BUNGOMA CENTRAL,MATIBO R
Bungoma,BUNGOMA CENTRAL,MIKAYU FRIENDS
Bungoma,BUNGOMA CENTRAL,MILEMBE FYM
Bungoma,BUNGOMA CENTRAL,MISIRI RC
Bungoma,BUNGOMA CENTRAL,MUKHWEYA RC
Bungoma,BUNGOMA CENTRAL,MUSOKHO FYM
Bungoma,BUNGOMA CENTRAL,NAIRUMBI SA
Bungoma,BUNGOMA CENTRAL,NAKITUMBA SA
Bungoma,BUNGOMA CENTRAL,NALONDO CBM
Bungoma,BUNGOMA CENTRAL,NALONDO DEB
Bungoma,BUNGOMA CENTRAL,NALONDO R C
Bungoma,BUNGOMA CENTRAL,NAMAKHELE RC
Bungoma,BUNGOMA CENTRAL,NAMAONDO CBM
Bungoma,BUNGOMA CENTRAL,NAMILAMA
Bungoma,BUNGOMA CENTRAL,NAMOSI
Bungoma,BUNGOMA CENTRAL,namukongo admirals academy
Bungoma,BUNGOMA CENTRAL,NANGILI
Bungoma,BUNGOMA CENTRAL,NANGWE RC
Bungoma,BUNGOMA CENTRAL,NASAKA
Bungoma,BUNGOMA CENTRAL,NGALASIA ACK
Bungoma,BUNGOMA CENTRAL,PONGOLA
Bungoma,BUNGOMA CENTRAL,S A KHATIRI
Bungoma,BUNGOMA CENTRAL,SAMITA SA
Bungoma,BUNGOMA CENTRAL,SANANDIKI S.A
Bungoma,BUNGOMA CENTRAL,SANANDIKI FRIENDS
Bungoma,BUNGOMA CENTRAL,SAWALI FYM
Bungoma,BUNGOMA CENTRAL,SICHEI FYM
Bungoma,BUNGOMA CENTRAL,SICHEI R C
Bungoma,BUNGOMA CENTRAL,SIKULU
Bungoma,BUNGOMA CENTRAL,SIKUSI
Bungoma,BUNGOMA CENTRAL,SIRARE
Bungoma,BUNGOMA CENTRAL,SIRWA PRI
Bungoma,BUNGOMA CENTRAL,SITILA FYM
Bungoma,BUNGOMA CENTRAL,ST WALUMOLI M 1
Bungoma,BUNGOMA CENTRAL,TEREMI ERSF
Bungoma,BUNGOMA CENTRAL,WABUKHONYI
Bungoma,BUNGOMA CENTRAL,WALUKAYA DEB
Bungoma,BUNGOMA EAST,BAKISA D.E.B
Bungoma,BUNGOMA EAST,BAKISA SA
Bungoma,BUNGOMA EAST,BEN KAPTEN
Bungoma,BUNGOMA EAST,BENAAS VALLEY ACADEMY
Bungoma,BUNGOMA EAST,BITUYU D.E.B
Bungoma,BUNGOMA EAST,BOKOLI F Y M
Bungoma,BUNGOMA EAST,BOKOLI R.C
Bungoma,BUNGOMA EAST,CHEBINI PEFA PRIMARY
Bungoma,BUNGOMA EAST,CHENG’OLI PRIMARY
Bungoma,BUNGOMA EAST,FROI DEB
Bungoma,BUNGOMA EAST,HOLY FAMILY MISIKHU GIRLS
Bungoma,BUNGOMA EAST,KAKIMANYI E R S F
Bungoma,BUNGOMA EAST,KAKIMANYI SDA PRIMARY
Bungoma,BUNGOMA EAST,KHALALA RC
Bungoma,BUNGOMA EAST,KHAMOTO FYM
Bungoma,BUNGOMA EAST,KITUNI FYM
Bungoma,BUNGOMA EAST,KUYWA FYM PRIMARY
Bungoma,BUNGOMA EAST,KWENA SDA
Bungoma,BUNGOMA EAST,LUFWINDIRI DEB
Bungoma,BUNGOMA EAST,LUGULU DAY
Bungoma,BUNGOMA EAST,LUGULU MIXED BOARDING/DAY
Bungoma,BUNGOMA EAST,LUGULU PAG
Bungoma,BUNGOMA EAST,LUGUSI FYM
Bungoma,BUNGOMA EAST,LUKHUNA PRI
Bungoma,BUNGOMA EAST,LUMULI SDA
Bungoma,BUNGOMA EAST,LUTACHO FYM MIXED DAY AND BOARDING
Bungoma,BUNGOMA EAST,LUTASO RC
Bungoma,BUNGOMA EAST,LWILE SAMBU P A G PRIMARY
Bungoma,BUNGOMA EAST,MABELE BAPTIST
Bungoma,BUNGOMA EAST,MAGEMO FYM PRIMARY SCHOOL
Bungoma,BUNGOMA EAST,MAHANGA E R S F PRIMARY
Bungoma,BUNGOMA EAST,MAHANGA PEFA
Bungoma,BUNGOMA EAST,MAKEMO RC
Bungoma,BUNGOMA EAST,MAKHONGE FYM
Bungoma,BUNGOMA EAST,MAKUSELWA FYM
Bungoma,BUNGOMA EAST,MALAHA FYM
Bungoma,BUNGOMA EAST,MALOMONYE FYM
Bungoma,BUNGOMA EAST,MANAFWA F Y M
Bungoma,BUNGOMA EAST,MANG’ANA FYM
Bungoma,BUNGOMA EAST,MARAKA PEFA
Bungoma,BUNGOMA EAST,MASIBAI FYM
Bungoma,BUNGOMA EAST,MASINDU FYM
Bungoma,BUNGOMA EAST,MATISI S A
Bungoma,BUNGOMA EAST,MATULO FRIENDS
Bungoma,BUNGOMA EAST,MATULO RC
Bungoma,BUNGOMA EAST,MIENDO FYM
Bungoma,BUNGOMA EAST,MIHUU FYM
Bungoma,BUNGOMA EAST,MIKUVA FYM
Bungoma,BUNGOMA EAST,MILANI FYM
Bungoma,BUNGOMA EAST,MILO FYM
Bungoma,BUNGOMA EAST,MINYALI SA
Bungoma,BUNGOMA EAST,MISEMWA FYM
Bungoma,BUNGOMA EAST,MISIKHU FYM
Bungoma,BUNGOMA EAST,MISIKHU RC BOYS
Bungoma,BUNGOMA EAST,MISIMO FYM
Bungoma,BUNGOMA EAST,MITUKUYU FYM
Bungoma,BUNGOMA EAST,MOYOKWE
Bungoma,BUNGOMA EAST,MUJI FYM
Bungoma,BUNGOMA EAST,MUKHUYU FYM PRI
Bungoma,BUNGOMA EAST,MULACHI SA
Bungoma,BUNGOMA EAST,MUNGAKHA ACK
Bungoma,BUNGOMA EAST,MURUMBA R.C
Bungoma,BUNGOMA EAST,MURUMBA RC
Bungoma,BUNGOMA EAST,MUSA FYM
Bungoma,BUNGOMA EAST,MUTIKE DEB
Bungoma,BUNGOMA EAST,MWEMBULA DEB
Bungoma,BUNGOMA EAST,NABUYOLE FYM
Bungoma,BUNGOMA EAST,NABUYOLE PEFA
Bungoma,BUNGOMA EAST,NAMARAMBI FYM
Bungoma,BUNGOMA EAST,NAMBALAYI DEB
Bungoma,BUNGOMA EAST,NAMBAMI FYM
Bungoma,BUNGOMA EAST,NAMILIMO KETC PRIMARY
Bungoma,BUNGOMA EAST,NDIVISI FYM PRIMARY
Bungoma,BUNGOMA EAST,NDURUSIA PEFA PRIMARY
Bungoma,BUNGOMA EAST,NEEMA GOOD SHEPHERD E CENTRE
Bungoma,BUNGOMA EAST,NGACHI SA
Bungoma,BUNGOMA EAST,NGWELO FYM PRIMARY
Bungoma,BUNGOMA EAST,NZOIA RC
Bungoma,BUNGOMA EAST,ONDOTI ADC
Bungoma,BUNGOMA EAST,PEFA NZOIA
Bungoma,BUNGOMA EAST,SAMBU CENTRAL
Bungoma,BUNGOMA EAST,Sambu Central Primary
Bungoma,BUNGOMA EAST,SAMBU PAG
Bungoma,BUNGOMA EAST,SAMBU PEFA LUKUKU
Bungoma,BUNGOMA EAST,SANGO DEB
Bungoma,BUNGOMA EAST,SAWA PCU
Bungoma,BUNGOMA EAST,SIKIMBILO RC
Bungoma,BUNGOMA EAST,SILUNGAI FYM
Bungoma,BUNGOMA EAST,SINOKO FYM
Bungoma,BUNGOMA EAST,SINOKO PCU
Bungoma,BUNGOMA EAST,SIPALA fym
Bungoma,BUNGOMA EAST,SIRISIA BOK FYM
Bungoma,BUNGOMA EAST,SIYILILA D.E.B
Bungoma,BUNGOMA EAST,ST ANTONY FOR THE DEAF
Bungoma,BUNGOMA EAST,ST JOHN’S SAVANA
Bungoma,BUNGOMA EAST,ST JOSEPHS RC
Bungoma,BUNGOMA EAST,ST TERESAS SPECIAL FOR M H
Bungoma,BUNGOMA EAST,ST. ELIZABETH ACADEMY
Bungoma,BUNGOMA EAST,ST. MICHAEL NASAKA
Bungoma,BUNGOMA EAST,ST. PAULS KIBISI
Bungoma,BUNGOMA EAST,WABUKHONYI FYM
Bungoma,BUNGOMA EAST,WANDABWA FYM
Bungoma,BUNGOMA EAST,WEBUYE ACK
Bungoma,BUNGOMA EAST,WEBUYE MUSLIM
Bungoma,BUNGOMA EAST,WEBUYE PAG
Bungoma,BUNGOMA EAST,WEBUYE SA
Bungoma,BUNGOMA EAST,WENYILA ERSF
Bungoma,BUNGOMA EAST,YALUSI FYM
Bungoma,BUNGOMA NORTH,ARCHBISHOP WABUKALA
Bungoma,BUNGOMA NORTH,BILIBILI FYM
Bungoma,BUNGOMA NORTH,BILIBILI SPECIAL SCHOOL
Bungoma,BUNGOMA NORTH,BINYENYA RC
Bungoma,BUNGOMA NORTH,BIRUNDA PAG PRIMARY SCHOOL
Bungoma,BUNGOMA NORTH,BITUYU RC
Bungoma,BUNGOMA NORTH,BUNAMBO FRIENDS
Bungoma,BUNGOMA NORTH,BUYANZI PEFA
Bungoma,BUNGOMA NORTH,CHUMA PAG
Bungoma,BUNGOMA NORTH,DR ESELI RC
Bungoma,BUNGOMA NORTH,DR. REGINALDA NASIANDA
Bungoma,BUNGOMA NORTH,HAFOLAND
Bungoma,BUNGOMA NORTH,KAKAMWE RC
Bungoma,BUNGOMA NORTH,KANANACHI FYM
Bungoma,BUNGOMA NORTH,KAPCHONGE DEB
Bungoma,BUNGOMA NORTH,KAPTALELIO BAPTIST
Bungoma,BUNGOMA NORTH,KARIMA
Bungoma,BUNGOMA NORTH,KEWA DEB
Bungoma,BUNGOMA NORTH,KEWA S.A
Bungoma,BUNGOMA NORTH,KIBISI FYM
Bungoma,BUNGOMA NORTH,KIKWAMETI S.A
Bungoma,BUNGOMA NORTH,KIMININI FYM
Bungoma,BUNGOMA NORTH,LUKHOKHWE FYM
Bungoma,BUNGOMA NORTH,LUKHUNA FYM PRIMARY
Bungoma,BUNGOMA NORTH,LUMUKILE PEFA
Bungoma,BUNGOMA NORTH,LUNAO DEB
Bungoma,BUNGOMA NORTH,LUNGAI
Bungoma,BUNGOMA NORTH,LUNYU D E B PRIMARY
Bungoma,BUNGOMA NORTH,LUSOKHO PAG
Bungoma,BUNGOMA NORTH,LUUYA D E B
Bungoma,BUNGOMA NORTH,MACHAKHA DEB
Bungoma,BUNGOMA NORTH,MAINA P A G PRIMARY
Bungoma,BUNGOMA NORTH,MAKHANGA SA
Bungoma,BUNGOMA NORTH,MAKHONGE DEB
Bungoma,BUNGOMA NORTH,MAKOLOLWE P.A.G
Bungoma,BUNGOMA NORTH,MAKUNGA
Bungoma,BUNGOMA NORTH,MALIKI FYM
Bungoma,BUNGOMA NORTH,MANYASA FYM
Bungoma,BUNGOMA NORTH,MAPERA D E B
Bungoma,BUNGOMA NORTH,MARESI FYM
Bungoma,BUNGOMA NORTH,MARINDA FYM
Bungoma,BUNGOMA NORTH,MASHINANI FYM
Bungoma,BUNGOMA NORTH,MATISI PAG
Bungoma,BUNGOMA NORTH,MBAKALO ACK
Bungoma,BUNGOMA NORTH,MBAKALO DEB
Bungoma,BUNGOMA NORTH,MFUNJE ADC
Bungoma,BUNGOMA NORTH,MFUPI R.C
Bungoma,BUNGOMA NORTH,MILELE FRIENDS
Bungoma,BUNGOMA NORTH,MILIMA BOARDING PRIMARY
Bungoma,BUNGOMA NORTH,MILMA RIVERSIDE FYM
Bungoma,BUNGOMA NORTH,MINYALI FRIENDS PRIMARY SCHOOL
Bungoma,BUNGOMA NORTH,MITOTO ADC
Bungoma,BUNGOMA NORTH,MITUA FYM
Bungoma,BUNGOMA NORTH,MIYUKE SA
Bungoma,BUNGOMA NORTH,MUKHUYU R.C
Bungoma,BUNGOMA NORTH,MUKOMARI PEFA PRIM
Bungoma,BUNGOMA NORTH,MUKUYUNI FYM
Bungoma,BUNGOMA NORTH,MULIRO DEB
Bungoma,BUNGOMA NORTH,MUSANGURA FRIENDSS
Bungoma,BUNGOMA NORTH,MUSEMBE FYM PRIMARY SCHOOL
Bungoma,BUNGOMA NORTH,MUSEMBE PAG
Bungoma,BUNGOMA NORTH,MWAMBU PAG
Bungoma,BUNGOMA NORTH,MWIKHOPO DEB
Bungoma,BUNGOMA NORTH,MWIKHUPO RC
Bungoma,BUNGOMA NORTH,NABISWA FYM
Bungoma,BUNGOMA NORTH,NAITIRI FYM
Bungoma,BUNGOMA NORTH,NAITIRI RC
Bungoma,BUNGOMA NORTH,NAITIRI S.A TOWNSHIP
Bungoma,BUNGOMA NORTH,NAKOBA FYM
Bungoma,BUNGOMA NORTH,NAMATORE FPF
Bungoma,BUNGOMA NORTH,NAMAWANGA RGC
Bungoma,BUNGOMA NORTH,NAMBOKO RC
Bungoma,BUNGOMA NORTH,NAMUNYIRI RCEA
Bungoma,BUNGOMA NORTH,NANDOROBO FYM
Bungoma,BUNGOMA NORTH,NDALU RC
Bungoma,BUNGOMA NORTH,NDEGELWA SA
Bungoma,BUNGOMA NORTH,NDENGELWA S.A
Bungoma,BUNGOMA NORTH,NGOYA BUYOFU
Bungoma,BUNGOMA NORTH,NYANGE DEB
Bungoma,BUNGOMA NORTH,NYANGE PAG
Bungoma,BUNGOMA NORTH,NZOIA FYM
Bungoma,BUNGOMA NORTH,NZOIA R.C
Bungoma,BUNGOMA NORTH,SANGO PAG
Bungoma,BUNGOMA NORTH,SAWA DEB
Bungoma,BUNGOMA NORTH,SHIKUKU FYM
Bungoma,BUNGOMA NORTH,SIANGALAMWE RC
Bungoma,BUNGOMA NORTH,SIKULU FYM
Bungoma,BUNGOMA NORTH,SIRAKARU SA
Bungoma,BUNGOMA NORTH,SIRENDE RC
Bungoma,BUNGOMA NORTH,SIUMBWA RC
Bungoma,BUNGOMA NORTH,SOYSAMBU DEB
Bungoma,BUNGOMA NORTH,SOYSAMBU S.A
Bungoma,BUNGOMA NORTH,ST CHARLES LWANGA SINOKO R C
Bungoma,BUNGOMA NORTH,ST MARYS MABUSI RC MIXED
Bungoma,BUNGOMA NORTH,ST PETERS R.C MAKUMU PRIMARY
Bungoma,BUNGOMA NORTH,ST. JOAN SANGO R.C
Bungoma,BUNGOMA NORTH,ST. PAUL’S NARATI R.C
Bungoma,BUNGOMA NORTH,ST. PETER’S MAKUMU
Bungoma,BUNGOMA NORTH,TABANI FYM
Bungoma,BUNGOMA NORTH,TABANI RC
Bungoma,BUNGOMA NORTH,TONGAREN
Bungoma,BUNGOMA SOUTH,ACK The Good Shephard Kibabii
Bungoma,BUNGOMA SOUTH,BUEMA RC
Bungoma,BUNGOMA SOUTH,BUKANANACHI FYM
Bungoma,BUNGOMA SOUTH,BUKEMBE ERSF
Bungoma,BUNGOMA SOUTH,BUKUSU RC
Bungoma,BUNGOMA SOUTH,BULONDO RC
Bungoma,BUNGOMA SOUTH,BUNGOMA DEB
Bungoma,BUNGOMA SOUTH,BUNGOMA MUSLIM
Bungoma,BUNGOMA SOUTH,BUUMBA CCA
Bungoma,BUNGOMA SOUTH,CENTRAL BAPTIST
Bungoma,BUNGOMA SOUTH,CHEMCHE ACK
Bungoma,BUNGOMA SOUTH,CHENGWALI SA
Bungoma,BUNGOMA SOUTH,FUCHANI FRIENDS
Bungoma,BUNGOMA SOUTH,Hututu SDA PRIMARY
Bungoma,BUNGOMA SOUTH,JAMIA PRIMARY
Bungoma,BUNGOMA SOUTH,KAKICHUMA RC
Bungoma,BUNGOMA SOUTH,KAMBA RC
Bungoma,BUNGOMA SOUTH,KANDUYI DEB
Bungoma,BUNGOMA SOUTH,KHAKULA RCEA
Bungoma,BUNGOMA SOUTH,KHAOYA ERSF
Bungoma,BUNGOMA SOUTH,KHAWELI RC
Bungoma,BUNGOMA SOUTH,KIBABII MIXED
Bungoma,BUNGOMA SOUTH,KIKWECHI ACK
Bungoma,BUNGOMA SOUTH,KIMUGUI FYM
Bungoma,BUNGOMA SOUTH,KIMUKUNG’I RC
Bungoma,BUNGOMA SOUTH,KISULINI SA
Bungoma,BUNGOMA SOUTH,KITALE FYM
Bungoma,BUNGOMA SOUTH,KITINDA RC
Bungoma,BUNGOMA SOUTH,KOMBO
Bungoma,BUNGOMA SOUTH,KONGOLI RC
Bungoma,BUNGOMA SOUTH,LUMASA R.C PRY
Bungoma,BUNGOMA SOUTH,LUTUNGU RC
Bungoma,BUNGOMA SOUTH,LUYEKYE RC
Bungoma,BUNGOMA SOUTH,LWANDA FYM
Bungoma,BUNGOMA SOUTH,MABUUSI RCEA
Bungoma,BUNGOMA SOUTH,MAKUTANO SA
Bungoma,BUNGOMA SOUTH,MATONG’I SA
Bungoma,BUNGOMA SOUTH,MATUMBUFU BAPTIST
Bungoma,BUNGOMA SOUTH,MECHIMERU SA
Bungoma,BUNGOMA SOUTH,MISANGA FYM
Bungoma,BUNGOMA SOUTH,MOI DEB
Bungoma,BUNGOMA SOUTH,MUFULE FYM
Bungoma,BUNGOMA SOUTH,MUIKHUPO BAPTIST
Bungoma,BUNGOMA SOUTH,MUKHAWELI MMK
Bungoma,BUNGOMA SOUTH,MUKHOLI PRI
Bungoma,BUNGOMA SOUTH,MUNGETI RC
Bungoma,BUNGOMA SOUTH,MUPELI DEB
Bungoma,BUNGOMA SOUTH,MUSIKOMA RC
Bungoma,BUNGOMA SOUTH,MUYAYI RC
Bungoma,BUNGOMA SOUTH,MWIBALE RC
Bungoma,BUNGOMA SOUTH,NABUKHISA CC
Bungoma,BUNGOMA SOUTH,NABUTOLA FYM
Bungoma,BUNGOMA SOUTH,NAKOYONJO DEB
Bungoma,BUNGOMA SOUTH,NALUTIRI SA
Bungoma,BUNGOMA SOUTH,NAMAANGA FYM
Bungoma,BUNGOMA SOUTH,NAMAMUKA RC PRIMARY
Bungoma,BUNGOMA SOUTH,NAMASANDA RC
Bungoma,BUNGOMA SOUTH,NAMIKELO RC
Bungoma,BUNGOMA SOUTH,NAMIREMBE FRIENDS
Bungoma,BUNGOMA SOUTH,NAMISI CEB PRI
Bungoma,BUNGOMA SOUTH,NAMISI RC
Bungoma,BUNGOMA SOUTH,NAMWACHA FYM
Bungoma,BUNGOMA SOUTH,NDENGELWA RC
Bungoma,BUNGOMA SOUTH,NZOIA DOROFU TOWNSHIP
Bungoma,BUNGOMA SOUTH,NZOIA INDUSTRIAL
Bungoma,BUNGOMA SOUTH,NZOIA SUGAR
Bungoma,BUNGOMA SOUTH,RANJE DEB
Bungoma,BUNGOMA SOUTH,SAMOYA RC
Bungoma,BUNGOMA SOUTH,SANG’ALO RC
Bungoma,BUNGOMA SOUTH,SANGO FYM
Bungoma,BUNGOMA SOUTH,SIAKA DEB
Bungoma,BUNGOMA SOUTH,SIANGWE RC
Bungoma,BUNGOMA SOUTH,SIKALAME SA
Bungoma,BUNGOMA SOUTH,SILOBA RC
Bungoma,BUNGOMA SOUTH,SINOKO DEB
Bungoma,BUNGOMA SOUTH,SIO RC
Bungoma,BUNGOMA SOUTH,SIRENDE DEB
Bungoma,BUNGOMA SOUTH,SIRITANYI RC
Bungoma,BUNGOMA SOUTH,SITOMA SA
Bungoma,BUNGOMA SOUTH,ST CHARLES OKANYA
Bungoma,BUNGOMA SOUTH,ST ELIZABETH CHEMULULUCHI RC
Bungoma,BUNGOMA SOUTH,ST MARYS KIBABII GIRLS
Bungoma,BUNGOMA SOUTH,ST. MICHAEL NDAKARU
Bungoma,BUNGOMA SOUTH,TEMBELELA SA
Bungoma,BUNGOMA SOUTH,TULIENGE RC
Bungoma,BUNGOMA SOUTH,TUNGELELE COD
Bungoma,BUNGOMA SOUTH,WACHEKA ACK
Bungoma,BUNGOMA SOUTH,WALALA RC
Bungoma,BUNGOMA SOUTH,WATWANG’A COG
Bungoma,BUNGOMA SOUTH,WEKELEKHA RC
Bungoma,BUNGOMA WEST,ACK CHEBUKUYI
Bungoma,BUNGOMA WEST,BINYENYA SA
Bungoma,BUNGOMA WEST,BISUNU FYM
Bungoma,BUNGOMA WEST,BUKIABI SA
Bungoma,BUNGOMA WEST,BUKOKHOLO
Bungoma,BUNGOMA WEST,BUTONGE ACK
Bungoma,BUNGOMA WEST,BUTUNDE
Bungoma,BUNGOMA WEST,CHEBUKUTUMI ACK
Bungoma,BUNGOMA WEST,CHENJENI SA
Bungoma,BUNGOMA WEST,CHONGOYI RC
Bungoma,BUNGOMA WEST,CHWELE BOYS
Bungoma,BUNGOMA WEST,CHWELE GIRLS
Bungoma,BUNGOMA WEST,HON WATENGULA LURARE PEFA
Bungoma,BUNGOMA WEST,KABENDO SDA
Bungoma,BUNGOMA WEST,KABKARA SA
Bungoma,BUNGOMA WEST,KABURWET SA
Bungoma,BUNGOMA WEST,KAG NAMAWANGA
Bungoma,BUNGOMA WEST,KAMUNYONG OLE ACK
Bungoma,BUNGOMA WEST,KAPROT DEB
Bungoma,BUNGOMA WEST,KAPTANAI SA
Bungoma,BUNGOMA WEST,KASIAMO FYM
Bungoma,BUNGOMA WEST,KATOMEI
Bungoma,BUNGOMA WEST,KHABUKOYA DEB
Bungoma,BUNGOMA WEST,KIBEU SA
Bungoma,BUNGOMA WEST,KIBINDOI SA
Bungoma,BUNGOMA WEST,KIKAI FYM
Bungoma,BUNGOMA WEST,KOLANI FYM
Bungoma,BUNGOMA WEST,KOMIRIAI RC
Bungoma,BUNGOMA WEST,KOROSIONDET SA
Bungoma,BUNGOMA WEST,KUAFU RC
Bungoma,BUNGOMA WEST,KULISIRU FYM
Bungoma,BUNGOMA WEST,LONDO SA
Bungoma,BUNGOMA WEST,LUKAALA FYM
Bungoma,BUNGOMA WEST,LUTASO PEFA
Bungoma,BUNGOMA WEST,LWAKHAKHA SA
Bungoma,BUNGOMA WEST,LWANDANYI
Bungoma,BUNGOMA WEST,MACHAKHA RC
Bungoma,BUNGOMA WEST,MALAKISI
Bungoma,BUNGOMA WEST,MALAKISI MUSLIM
Bungoma,BUNGOMA WEST,MALINDA FYM
Bungoma,BUNGOMA WEST,MALINDA SA
Bungoma,BUNGOMA WEST,MASABA DEB
Bungoma,BUNGOMA WEST,MATIBO RC
Bungoma,BUNGOMA WEST,MATUMBAYI BLM
Bungoma,BUNGOMA WEST,MATUNDA ACK
Bungoma,BUNGOMA WEST,MENU FYM
Bungoma,BUNGOMA WEST,MUFUNGU SA
Bungoma,BUNGOMA WEST,MUNYANGANYI RC
Bungoma,BUNGOMA WEST,MUSIEBA SA
Bungoma,BUNGOMA WEST,MUTONYI ERSF
Bungoma,BUNGOMA WEST,MWANDA SA
Bungoma,BUNGOMA WEST,NABEKI RC
Bungoma,BUNGOMA WEST,NABULOOLI SA
Bungoma,BUNGOMA WEST,NAMANG OFULO DEB
Bungoma,BUNGOMA WEST,NAMAWANGA FYM
Bungoma,BUNGOMA WEST,NAMBUYA ACK
Bungoma,BUNGOMA WEST,NAMUBILA SA
Bungoma,BUNGOMA WEST,NAMUNDI FYM
Bungoma,BUNGOMA WEST,NAMUNYU SA
Bungoma,BUNGOMA WEST,NAMUTOKHOLO DEB
Bungoma,BUNGOMA WEST,NAMWESI
Bungoma,BUNGOMA WEST,NASALA SA
Bungoma,BUNGOMA WEST,NDAKARU SA
Bungoma,BUNGOMA WEST,SIBANGA SA
Bungoma,BUNGOMA WEST,SIRISIA MAL
Bungoma,BUNGOMA WEST,SIRISIA SPECIAL (MH)
Bungoma,BUNGOMA WEST,SIRISIA TOWNSHIP
Bungoma,BUNGOMA WEST,SITABICHA RC
Bungoma,BUNGOMA WEST,ST GABRIEL MAYEKWE
Bungoma,BUNGOMA WEST,ST JOSEPHS KAKALA RC
Bungoma,BUNGOMA WEST,TAMULEGA ACK
Bungoma,BUNGOMA WEST,TULIENGE ACK
Bungoma,BUNGOMA WEST,WANJOYA SA PRIMARY
Bungoma,BUNGOMA WEST,WAPUKHA FYM
Bungoma,BUNGOMA WEST,YABEKO SA
Bungoma,CHEPTAIS,BANAN-TEGA
Bungoma,CHEPTAIS,BIKHUTU SDA
Bungoma,CHEPTAIS,BUKONOI
Bungoma,CHEPTAIS,Bulukha ACK
Bungoma,CHEPTAIS,BURKENWO
Bungoma,CHEPTAIS,BUSANJA FYM
Bungoma,CHEPTAIS,CHEBICH R. C
Bungoma,CHEPTAIS,CHEBIN D.E.B
Bungoma,CHEPTAIS,CHEBINYINY C.O.C
Bungoma,CHEPTAIS,CHEBWEK S.A.
Bungoma,CHEPTAIS,CHELEBEI FYM
Bungoma,CHEPTAIS,Chemeker SDA
Bungoma,CHEPTAIS,CHEMOIKUUT
Bungoma,CHEPTAIS,CHEMONDI S. A.
Bungoma,CHEPTAIS,CHEMUTA
Bungoma,CHEPTAIS,CHEPCHABAI A.I.C
Bungoma,CHEPTAIS,CHEPKOWO R.C.E.A
Bungoma,CHEPTAIS,CHEPKUBE ACK
Bungoma,CHEPTAIS,CHEPKUBE S.A
Bungoma,CHEPTAIS,CHEPKURKUR S. A.
Bungoma,CHEPTAIS,CHEPTAIS S.A.
Bungoma,CHEPTAIS,CHEPTAIS SDA
Bungoma,CHEPTAIS,CHEPTOROR R.C
Bungoma,CHEPTAIS,CHEPYUK R.C
Bungoma,CHEPTAIS,CHERENDIO S.D.A
Bungoma,CHEPTAIS,CHESIKAKI F.Y.M
Bungoma,CHEPTAIS,CHESIKAKI R.C
Bungoma,CHEPTAIS,CHESIRO SA
Bungoma,CHEPTAIS,CHESIYWO SA
Bungoma,CHEPTAIS,CHONGEYWO SA
Bungoma,CHEPTAIS,Coneratone educationa centre
Bungoma,CHEPTAIS,KABORIOT SA
Bungoma,CHEPTAIS,KABUKWO SA
Bungoma,CHEPTAIS,KAMABUS
Bungoma,CHEPTAIS,KAMACHEI
Bungoma,CHEPTAIS,KAMARANG DEB
Bungoma,CHEPTAIS,KAMOSONG SA
Bungoma,CHEPTAIS,KAPCHEBUK
Bungoma,CHEPTAIS,KAPKATENY ACK
Bungoma,CHEPTAIS,KAPKEKE ACK
Bungoma,CHEPTAIS,KAPKERWA
Bungoma,CHEPTAIS,KAPKIRWOK
Bungoma,CHEPTAIS,KAPKISEI AIC
Bungoma,CHEPTAIS,KAPKOTO ACK
Bungoma,CHEPTAIS,KAPKURONGO FYM
Bungoma,CHEPTAIS,KAPONDI PRIMARY
Bungoma,CHEPTAIS,KAPROBOI RC PRIMARY
Bungoma,CHEPTAIS,KAPSAMBU
Bungoma,CHEPTAIS,KAPSESOI SA
Bungoma,CHEPTAIS,KAPSIKA PEFA
Bungoma,CHEPTAIS,KAPSOGOM
Bungoma,CHEPTAIS,KAPSOROMET ADC
Bungoma,CHEPTAIS,KAPTUM
Bungoma,CHEPTAIS,KEBEE S.A. PRIMARY SCHOOL
Bungoma,CHEPTAIS,KEWAANI-KOOY
Bungoma,CHEPTAIS,KIBUMET KCC
Bungoma,CHEPTAIS,KIMABOLE FYM
Bungoma,CHEPTAIS,KIMAMA RC
Bungoma,CHEPTAIS,KIMASWA SA
Bungoma,CHEPTAIS,KIMERIN
Bungoma,CHEPTAIS,KIMORONG PRIMARY
Bungoma,CHEPTAIS,KIMURIO RCEA
Bungoma,CHEPTAIS,KIPSABULA SA
Bungoma,CHEPTAIS,KIPSIGON
Bungoma,CHEPTAIS,KIPSIKROK ACK
Bungoma,CHEPTAIS,KIPSIS SA
Bungoma,CHEPTAIS,KIPTEKA SA
Bungoma,CHEPTAIS,KIPTII SDA
Bungoma,CHEPTAIS,KIPTUNGURWO SA
Bungoma,CHEPTAIS,KOPSIRO SA
Bungoma,CHEPTAIS,KORNG’OTUNY
Bungoma,CHEPTAIS,KUBURA SA
Bungoma,CHEPTAIS,MARIGO SDA
Bungoma,CHEPTAIS,MASAEK SA
Bungoma,CHEPTAIS,MULATIWA SA
Bungoma,CHEPTAIS,MULUKHU FRIENDS
Bungoma,CHEPTAIS,MURWANI DEB
Bungoma,CHEPTAIS,NALONDO SA
Bungoma,CHEPTAIS,NDARET ACK
Bungoma,CHEPTAIS,PANDAP-TAY
Bungoma,CHEPTAIS,PERESTEN ACK
Bungoma,CHEPTAIS,RAMA SDA
Bungoma,CHEPTAIS,ROCK PRIMARY
Bungoma,CHEPTAIS,RWANDA SA
Bungoma,CHEPTAIS,SARIA
Bungoma,CHEPTAIS,SEREK
Bungoma,CHEPTAIS,SESIK DEB
Bungoma,CHEPTAIS,SIMOTWET PRI
Bungoma,CHEPTAIS,SOET AIM PRIMARY
Bungoma,CHEPTAIS,SOSAPLEL ACK
Bungoma,CHEPTAIS,ST ANDREWS NAMATOTOA
Bungoma,CHEPTAIS,ST JOSEPHS CHEMUSES
Bungoma,CHEPTAIS,ST. JUDE KAIMUGUL
Bungoma,CHEPTAIS,ST.PETERS CHEPTONON
Bungoma,CHEPTAIS,STREAM FIELD ACADEMY
Bungoma,CHEPTAIS,TEREM SA
Bungoma,CHEPTAIS,TOROSO SA
Bungoma,CHEPTAIS,TOYWONDET DEB
Bungoma,CHEPTAIS,TUIKUT COG
Bungoma,CHEPTAIS,TUUYO BEI
Bungoma,CHEPTAIS,WALANGA
Bungoma,CHEPTAIS,WASIO ACK
Bungoma,KIMILILI,ST JOSEPHS’ KAMUSINDE R C
Bungoma,KIMILILI,ALLAN BRADLEY KAMUSINGA
Bungoma,KIMILILI,BITUYU FYM
Bungoma,KIMILILI,BUKO
Bungoma,KIMILILI,CHEBUKWABI FYM
Bungoma,KIMILILI,CHELEKEI BAHAI
Bungoma,KIMILILI,CHESAMISI FYM
Bungoma,KIMILILI,FRIENDS SCHOOL KAMUSINGA
Bungoma,KIMILILI,KAMASIELO
Bungoma,KIMILILI,KAMBINI C C
Bungoma,KIMILILI,KAMUKUYWA A C
Bungoma,KIMILILI,KAMUKUYWA F Y M
Bungoma,KIMILILI,KAMUSINDE FYM
Bungoma,KIMILILI,KAMUSINGA AC
Bungoma,KIMILILI,KHAMULATI DEB PRI
Bungoma,KIMILILI,KHWIRORO AC
Bungoma,KIMILILI,KIBINGEI FYM
Bungoma,KIMILILI,KIBUNDE FYM
Bungoma,KIMILILI,KIKWECHI ASEM PRI
Bungoma,KIMILILI,KIMILILI ADULT SEC
Bungoma,KIMILILI,KIMILILI DEB
Bungoma,KIMILILI,KIMILILI FYM
Bungoma,KIMILILI,KIMILILI RC GIRLS
Bungoma,KIMILILI,KIMINGICHI AIC
Bungoma,KIMILILI,KITAYI R C
Bungoma,KIMILILI,LUBOKHA
Bungoma,KIMILILI,LUKHOME BAPTIST
Bungoma,KIMILILI,LURARE BAPTIST
Bungoma,KIMILILI,LUTONYI
Bungoma,KIMILILI,LWANDA SA
Bungoma,KIMILILI,MAENI FYM
Bungoma,KIMILILI,MAKHONGE FYM
Bungoma,KIMILILI,MATILI FYM
Bungoma,KIMILILI,MATILI RC
Bungoma,KIMILILI,MISIKHU MAIN PRI
Bungoma,KIMILILI,MITISI FYM PRIMARY
Bungoma,KIMILILI,MURUNGA SA DARAJA MUNGU
Bungoma,KIMILILI,MUSEMBE DEB
Bungoma,KIMILILI,MWANGALE DEB
Bungoma,KIMILILI,NAKALIRA RC
Bungoma,KIMILILI,NAMAKHELE ACK
Bungoma,KIMILILI,NAMAWANGA DEB
Bungoma,KIMILILI,NAMBOANI FYM
Bungoma,KIMILILI,NAMBOANI RC
Bungoma,KIMILILI,NASIANDA SA
Bungoma,KIMILILI,NG’OLI PRI
Bungoma,KIMILILI,SANGO BAPTIST
Bungoma,KIMILILI,SIBAKALA RC
Bungoma,KIMILILI,SIUNA SA
Bungoma,KIMILILI,SOSIO RC PRIMARY SCHOOL
Bungoma,KIMILILI,ST JOHNS MIRURI RC
Bungoma,KIMILILI,ST. JOHN’S RC MIRURI
Bungoma,KIMILILI,SULEIMAN MURUNGA
Bungoma,KIMILILI,SULWE JUDAH ISRAEL
Bungoma,MT ELGON,ABURI ACK PRI
Bungoma,MT ELGON,BUGAA
Bungoma,MT ELGON,CHEBOMBAI DEB
Bungoma,MT ELGON,CHEBUKAT ACK
Bungoma,MT ELGON,CHELILDE RC
Bungoma,MT ELGON,CHEMOGE
Bungoma,MT ELGON,CHEMOREMWO
Bungoma,MT ELGON,CHEMOSITET SDA PRI
Bungoma,MT ELGON,CHEMSES RC
Bungoma,MT ELGON,CHEMWEISUS
Bungoma,MT ELGON,CHEPKERER
Bungoma,MT ELGON,CHEPKOYA
Bungoma,MT ELGON,CHEPSOIKEI KETC PRI
Bungoma,MT ELGON,CHEPUKAI
Bungoma,MT ELGON,CHEROMIS
Bungoma,MT ELGON,CHERONGOS DEB
Bungoma,MT ELGON,CHESINENDE FYM PRIMARY SCHOOL
Bungoma,MT ELGON,CHESITO
Bungoma,MT ELGON,IYAA
Bungoma,MT ELGON,KABERWA DEB
Bungoma,MT ELGON,KABOIOM ACK
Bungoma,MT ELGON,KABOROM
Bungoma,MT ELGON,KABOYWO
Bungoma,MT ELGON,KAMENJO ACK
Bungoma,MT ELGON,KAMKATA ACK
Bungoma,MT ELGON,KAMUNERU ACK
Bungoma,MT ELGON,KAPCHEBON
Bungoma,MT ELGON,KAPCHOYWO S.A PRIMARY
Bungoma,MT ELGON,KAPKUSENG
Bungoma,MT ELGON,KAPSOKWONY DEB
Bungoma,MT ELGON,KAPTALEIO BAPTIST PRI
Bungoma,MT ELGON,KAPTALELIO RC
Bungoma,MT ELGON,KAPTAMA FYM
Bungoma,MT ELGON,KAPTEGANDET
Bungoma,MT ELGON,KAPTOLA
Bungoma,MT ELGON,KAPTOLA FYM SPECIAL SCHOOL
Bungoma,MT ELGON,KEWABRANG
Bungoma,MT ELGON,KEWOOY
Bungoma,MT ELGON,KIBEI
Bungoma,MT ELGON,KIBUK
Bungoma,MT ELGON,KIMKUNG SDA
Bungoma,MT ELGON,KIMOBO
Bungoma,MT ELGON,KIPCHIRIA ACK
Bungoma,MT ELGON,KIPSOEN SDA
Bungoma,MT ELGON,KIPTIROKO
Bungoma,MT ELGON,KIPYETO
Bungoma,MT ELGON,KONGT RC
Bungoma,MT ELGON,KOSHOK RC
Bungoma,MT ELGON,KOSTOI
Bungoma,MT ELGON,MAKUNGA SDA
Bungoma,MT ELGON,MILIMANI SDA
Bungoma,MT ELGON,MULATIWA
Bungoma,MT ELGON,NOMORIO
Bungoma,MT ELGON,SACHO RC
Bungoma,MT ELGON,SAMBOCHO
Bungoma,MT ELGON,SANGO
Bungoma,MT ELGON,SENDERA S.A
Bungoma,MT ELGON,SIRGOI
Bungoma,MT ELGON,ST JOHNS CHEPYUK
Bungoma,MT ELGON,TENDET RC
Bungoma,MT ELGON,THE SALVATION ARMY KAPCHOYWO
Bungoma,MT ELGON,TOBOO
Bungoma,MT ELGON,TOMOI PRI
Bungoma,MT ELGON,TOMOOY F.P.F.K
Bungoma,MT ELGON,TULWO CEC
Bungoma,WEBUYE WEST,BUKUNJANGABO SA
Bungoma,WEBUYE WEST,BUNANGENI FYM
Bungoma,WEBUYE WEST,BUNJOSI FYM
Bungoma,WEBUYE WEST,CHEBOSI S A PRIMARY
Bungoma,WEBUYE WEST,CHENG’OLI PRIMARY
Bungoma,WEBUYE WEST,KHALUMULI FYM
Bungoma,WEBUYE WEST,MALOHO RC
Bungoma,WEBUYE WEST,NAMAWANGA FYM
Bungoma,WEBUYE WEST,SIRENDE AC
Bungoma,WEBUYE WEST,SITIKHO ERSF
County,Sub County,School Name
Busia,BUNYALA,BUBAMBA
Busia,BUNYALA,BUBANGO
Busia,BUNYALA,BUDALA
Busia,BUNYALA,BUDALANGI
Busia,BUNYALA,BUDUBUSI
Busia,BUNYALA,BUKOMA
Busia,BUNYALA,BULEMIA
Busia,BUNYALA,BULWANI AC
Busia,BUNYALA,BUMADEYA
Busia,BUNYALA,BUONGO
Busia,BUNYALA,BUSAGWA
Busia,BUNYALA,IGIGO
Busia,BUNYALA,KENYA GAUZE
Busia,BUNYALA,LAKEVIEW
Busia,BUNYALA,LUGALE
Busia,BUNYALA,LUNYOFU
Busia,BUNYALA,MADUWA
Busia,BUNYALA,MAKUNDA
Busia,BUNYALA,MUBWAYO
Busia,BUNYALA,MUDEMBI
Busia,BUNYALA,MUKHOBOLA
Busia,BUNYALA,MUNDERE PRIMARY
Busia,BUNYALA,MUNDERE SPECIAL SCHOOL
Busia,BUNYALA,MUNDIKA B’
Busia,BUNYALA,MUSOMA AC.
Busia,BUNYALA,NABUTSWI
Busia,BUNYALA,NAMALO
Busia,BUNYALA,NANJOMI
Busia,BUNYALA,OSIEKO
Busia,BUNYALA,PORT VICTORIA MIXED
Busia,BUNYALA,RUAMBWA
Busia,BUNYALA,RUGUNGA PRIMARY SCHOOL
Busia,BUNYALA,RUGUNGA SPECIAL FOR THE MENTALLY
Busia,BUNYALA,RUGUNGA SPECIAL SCHOOL FOR THE H.C
Busia,BUNYALA,RUNYU
Busia,BUNYALA,SIBUKA
Busia,BUNYALA,SIFUGWE
Busia,BUNYALA,SIRIMBA
Busia,BUNYALA,SISENYE
Busia,BUNYALA,ST.CECILIA GIRLS
Busia,BUSIA,ALUNGOLI
Busia,BUSIA,BUGENGI
Busia,BUSIA,BUKALAMA
Busia,BUSIA,BULANDA
Busia,BUSIA,BURINGALA
Busia,BUSIA,BURUMBA
Busia,BUSIA,BUSABAKHWA
Busia,BUSIA,BUSENDE
Busia,BUSIA,BUSIBWABO
Busia,BUSIA,BUSIDIBU
Busia,BUSIA,BUYAMA
Busia,BUSIA,BUYENDE
Busia,BUSIA,BWAMANI
Busia,BUSIA,DULIENGE
Busia,BUSIA,ESIKULU
Busia,BUSIA,ESIRISIA
Busia,BUSIA,IGERO
Busia,BUSIA,INDOLI
Busia,BUSIA,KANGELEMUGE
Busia,BUSIA,LUKONYI PRIMARY (BOYS)
Busia,BUSIA,LULIBA
Busia,BUSIA,LUNG’A
Busia,BUSIA,LWANYA
Busia,BUSIA,LWANYA SPECIAL
Busia,BUSIA,MABUNGE A.C
Busia,BUSIA,MAYENJE
Busia,BUSIA,MORUKEYAN
Busia,BUSIA,MUJURU
Busia,BUSIA,MUNDIKA BOYS
Busia,BUSIA,MUNDIKA GIRLS
Busia,BUSIA,MUNDIKA SPECIAL FOR HI
Busia,BUSIA,MUNDULUSIA
Busia,BUSIA,MUNONGO
Busia,BUSIA,MURENDE
Busia,BUSIA,MURENDE MIXED SEC
Busia,BUSIA,MUYAFWA
Busia,BUSIA,NANGOMA
Busia,BUSIA,NASEWA AC
Busia,BUSIA,NASIRA AC
Busia,BUSIA,NASIRA R.C.
Busia,BUSIA,SITEKO
Busia,BUSIA,SIWONGO PRIMARY
Busia,BUSIA,ST MOSES SIGWATA FUNCTIONL
Busia,BUSIA,St Peter’s Budokomi primary school
Busia,BUSIA,ST ROSE MABALE PRI
Busia,BUSIA,ST TERESA’S GIRLS
Busia,BUSIA,ST. EUGENE’S
Busia,BUSIA,ST. PETER’S BURIANGI
Busia,BUSIA,ST. TERESA’S NAMBERE R.C
Busia,BUSIA,ST.JOSEPH’S BUSIA GIRLS
Busia,BUSIA,ST.PAULS BUDERIE
Busia,BUSIA,YMCA BUSIA
Busia,BUTULA,BISHOP L. ATUNDO MUNG’AMBWA
Busia,BUTULA,BUDUMA ACK
Busia,BUTULA,BUHUYI
Busia,BUTULA,BUJUMBA
Busia,BUTULA,BUKATI
Busia,BUTULA,BUKHAKHALA
Busia,BUTULA,BUKHALALIRE
Busia,BUTULA,BUKHUMA
Busia,BUTULA,BUKHWAKU
Busia,BUTULA,BULWANI
Busia,BUTULA,BUMALA AC
Busia,BUTULA,BUMALA RC
Busia,BUTULA,BUMUTIRU RC
Busia,BUTULA,BURINDA
Busia,BUTULA,BURIYA
Busia,BUTULA,BUSIADA
Busia,BUTULA,BUSIBI
Busia,BUTULA,BUSIBULA
Busia,BUTULA,BUSIRE
Busia,BUTULA,BUTULA BOYS
Busia,BUTULA,BUTUNYI MIXED
Busia,BUTULA,BWALIRO
Busia,BUTULA,DADIRA
Busia,BUTULA,ELUKHARI
Busia,BUTULA,EMAGOMBE
Busia,BUTULA,ENAKAYWA
Busia,BUTULA,ESIBEMBE A.C
Busia,BUTULA,ESIBINA
Busia,BUTULA,IGULA DEB
Busia,BUTULA,IKONZO
Busia,BUTULA,ISONGO
Busia,BUTULA,KALALANI
Busia,BUTULA,KANJALA
Busia,BUTULA,KANJALA MIXED SECONDARY
Busia,BUTULA,KHUNYANGU
Busia,BUTULA,KINGANDOLE
Busia,BUTULA,LUGULU AC
Busia,BUTULA,MADOLA
Busia,BUTULA,MAKWARA
Busia,BUTULA,MASEBULA
Busia,BUTULA,MASENDEBALE
Busia,BUTULA,MAUKO DEB
Busia,BUTULA,MUNGABO
Busia,BUTULA,MUSIBIRIRI
Busia,BUTULA,MUSOMA RC
Busia,BUTULA,NANGO
Busia,BUTULA,"NEELA , PRIMARY ST. TERESA"
Busia,BUTULA,NYAMWANGA
Busia,BUTULA,SIKARIRA
Busia,BUTULA,SIKOMA
Busia,BUTULA,SIKURA
Busia,BUTULA,SIMULI
Busia,BUTULA,SIRIBO
Busia,BUTULA,SIUNGA
Busia,BUTULA,SOMABASE PREPARATORY
Busia,BUTULA,ST CATHERINE’S PRIMARY AND TECHNICAL
Busia,BUTULA,ST. MARY’S BUTULA GIRLS
Busia,BUTULA,ST. MELTUS SAKA
Busia,BUTULA,ST. SIMON ELUNYIKO
Busia,BUTULA,ST. THOMAS MORE NAMWITSULA
Busia,BUTULA,STAUGUSTINE BOYS
Busia,BUTULA,TINGOLO
Busia,NAMBALE,BUYOFU
Busia,NAMBALE,EKISUMO
Busia,NAMBALE,ELWANIKHA
Busia,NAMBALE,EMAKINA
Busia,NAMBALE,EMUKHUYU
Busia,NAMBALE,ESIDENDE
Busia,NAMBALE,HARAMBEE PRI
Busia,NAMBALE,IGARA
Busia,NAMBALE,KAJORO
Busia,NAMBALE,KAPINA ST. JUDE
Busia,NAMBALE,KATIRA
Busia,NAMBALE,KHAYO
Busia,NAMBALE,KHULWANDA
Busia,NAMBALE,KHWIRALE CENTRE
Busia,NAMBALE,KISOKO GIRLS
Busia,NAMBALE,KOSHALAI
Busia,NAMBALE,LUPIDA
Busia,NAMBALE,MABUNGE RC
Busia,NAMBALE,MADENDE
Busia,NAMBALE,MADIBO
Busia,NAMBALE,MAIRA RC PRIMARY
Busia,NAMBALE,MALANGA ACK
Busia,NAMBALE,MANYOLE
Busia,NAMBALE,MAOLO
Busia,NAMBALE,MATILI
Busia,NAMBALE,MUNGATSI
Busia,NAMBALE,MUSOKOTO B
Busia,NAMBALE,MUSOKOTO DEB
Busia,NAMBALE,MWANGAZA ACK
Busia,NAMBALE,MWENGE
Busia,NAMBALE,NAMAHINDI
Busia,NAMBALE,NAMBALE AC
Busia,NAMBALE,NAMBALE BAPTIST
Busia,NAMBALE,NAMBALE URBAN
Busia,NAMBALE,NAMISI
Busia,NAMBALE,NANGENI
Busia,NAMBALE,OTIIRI
Busia,NAMBALE,SANGO
Busia,NAMBALE,SEGERO
Busia,NAMBALE,SIANDA
Busia,NAMBALE,SIBEMBE
Busia,NAMBALE,SIERA
Busia,NAMBALE,SIKINGA
Busia,NAMBALE,ST MARTINS KISOKO SPECIAL
Busia,NAMBALE,ST MARYS NAMBALE
Busia,NAMBALE,ST. ELIZABETH OPEDUR RC
Busia,NAMBALE,ST. FRANCIS MAKONGENI
Busia,NAMBALE,ST. JOSEPH’S KISOKO BOYS
Busia,NAMBALE,ST. MARK’S MUSOMA
Busia,NAMBALE,ST. MATHEWS LWANYANGE
Busia,NAMBALE,ST. PETERS KHWIRALE
Busia,NAMBALE,ST. PHILLIP KALUDEKA
Busia,NAMBALE,WAMBA EDU CENTRE
Busia,SAMIA,ACK HAKATI
Busia,SAMIA,AGENG’A
Busia,SAMIA,BUBURI
Busia,SAMIA,BUDUTA
Busia,SAMIA,BUJWANGA
Busia,SAMIA,BUKEKO
Busia,SAMIA,BUKHWAMBA
Busia,SAMIA,BUKIRI
Busia,SAMIA,BULOMA
Busia,SAMIA,BUMAYENGA
Busia,SAMIA,BUMBE
Busia,SAMIA,BUMULIMBA
Busia,SAMIA,BURADI
Busia,SAMIA,BURUDU
Busia,SAMIA,BUSEMBE
Busia,SAMIA,BUSIBI INTERGRATED
Busia,SAMIA,BUSULERE
Busia,SAMIA,BWANGANGI
Busia,SAMIA,EUGINE MASOMBO
Busia,SAMIA,GANJALA
Busia,SAMIA,KABWODO PRIMARY
Busia,SAMIA,LUCHULULO
Busia,SAMIA,LUGALA
Busia,SAMIA,MALANGA
Busia,SAMIA,MOODY AWORI INTEGRATED
Busia,SAMIA,MUDOMA
Busia,SAMIA,MUGASA
Busia,SAMIA,MUKONJO
Busia,SAMIA,MUNDAYA
Busia,SAMIA,MUNYANJA
Busia,SAMIA,NABALAKI
Busia,SAMIA,NABUGANDA
Busia,SAMIA,NABUTUKI
Busia,SAMIA,NAKHASIKO
Busia,SAMIA,NAMASALI
Busia,SAMIA,NANDEREKA
Busia,SAMIA,NANGINA MIXED
Busia,SAMIA,NEROBIA
Busia,SAMIA,NYAKHOBI PRIMARY SCHOOL
Busia,SAMIA,SIBALE
Busia,SAMIA,SIBINGA PRIMARY
Busia,SAMIA,SICHEKHE
Busia,SAMIA,SIDONGE
Busia,SAMIA,SIFUYO
Busia,SAMIA,SIGALAME
Busia,SAMIA,SIGULU
Busia,SAMIA,SIJOWA
Busia,SAMIA,ST. CATHERINE NANGINA GIRLS
Busia,SAMIA,ST. JOHN’S BUSIJO INTERGRATED
Busia,SAMIA,ST. JOSEPH’S GANYALA SECONDARY SCHOOL WEDL
Busia,SAMIA,ST. KIZITO MURAMBA
Busia,SAMIA,ST. LEAH BUNANDI
Busia,SAMIA,ST. PATRICK NANDEREMA
Busia,SAMIA,ST. PAUL’S BUKHULUNGU
Busia,SAMIA,WAKHUNGU
Busia,TESO NORTH,AKADOOT ACK
Busia,TESO NORTH,ACK AKIRIAMET
Busia,TESO NORTH,ACK CHAMASIRI
Busia,TESO NORTH,ACK KOPIYA
Busia,TESO NORTH,ACK OBURI KODE
Busia,TESO NORTH,ADANYA
Busia,TESO NORTH,ADURUKOIT
Busia,TESO NORTH,AEDOMORU
Busia,TESO NORTH,AGONGET
Busia,TESO NORTH,AKAPIJAN
Busia,TESO NORTH,AKIBUI ACK
Busia,TESO NORTH,AKICHELESIT
Busia,TESO NORTH,AKOBWAIT ‘CHA’ RC
Busia,TESO NORTH,AKOLONG
Busia,TESO NORTH,AKULONY
Busia,TESO NORTH,ALOETE
Busia,TESO NORTH,AMAGORO
Busia,TESO NORTH,AMONI
Busia,TESO NORTH,ANGARO SA
Busia,TESO NORTH,ANGURAI
Busia,TESO NORTH,ATABA OBURI
Busia,TESO NORTH,CHANGARA ACK
Busia,TESO NORTH,CHELELEMUK BOYS
Busia,TESO NORTH,CHELELEMUK GIRLS BOARDING
Busia,TESO NORTH,EKISEGERE
Busia,TESO NORTH,ELALAI
Busia,TESO NORTH,GARA PRIMARY SCHOOL
Busia,TESO NORTH,GOROMAIT SA
Busia,TESO NORTH,IKAPOLOK
Busia,TESO NORTH,KABUKUI
Busia,TESO NORTH,KAEJO
Busia,TESO NORTH,KAESET
Busia,TESO NORTH,KAGUTIO ECD
Busia,TESO NORTH,KAJEI
Busia,TESO NORTH,KAKAPEL SPECIAL
Busia,TESO NORTH,KAKEMER
Busia,TESO NORTH,KAKERIAUT
Busia,TESO NORTH,KAKOIT
Busia,TESO NORTH,KAKOLI
Busia,TESO NORTH,KAKURIKIT
Busia,TESO NORTH,KAMOLO
Busia,TESO NORTH,KAMUNYELE
Busia,TESO NORTH,KAMURIAI
Busia,TESO NORTH,KANDELEMUGE
Busia,TESO NORTH,KANDELEMUGE
Busia,TESO NORTH,KANGELEMUGE
Busia,TESO NORTH,KAPESUR ACK
Busia,TESO NORTH,KASINGE
Busia,TESO NORTH,KASOGOL KAPEL
Busia,TESO NORTH,KATAKWA
Busia,TESO NORTH,KATANYU
Busia,TESO NORTH,KATOTOI
Busia,TESO NORTH,KAWALUN
Busia,TESO NORTH,KEKALET
Busia,TESO NORTH,KENGATUNY
Busia,TESO NORTH,KETEBAT
Busia,TESO NORTH,KIRIKO (A.C.K)
Busia,TESO NORTH,KISIOMBE
Busia,TESO NORTH,KOCHOLYA
Busia,TESO NORTH,KOKARE
Busia,TESO NORTH,KOLAIT BOYS BOARDING PRIMARY SCHOOL
Busia,TESO NORTH,KOLAIT GIRLS PRIMARY SCHOOL
Busia,TESO NORTH,KOLANYA BOYS
Busia,TESO NORTH,KOLANYA GIRLS
Busia,TESO NORTH,KONGOLOLO
Busia,TESO NORTH,KONGURAKOL
Busia,TESO NORTH,KORISAI
Busia,TESO NORTH,KORURUMA
Busia,TESO NORTH,MALABA TOWNSHIP
Busia,TESO NORTH,MATUMBAI S.A
Busia,TESO NORTH,MODING
Busia,TESO NORTH,MWARI RC
Busia,TESO NORTH,OKIMARU ACK
Busia,TESO NORTH,OKULEU
Busia,TESO NORTH,ONYUNYUR
Busia,TESO NORTH,OPAARE R.C PRIMARY
Busia,TESO NORTH,OSASAME RC
Busia,TESO NORTH,OSOPOTOIT PRIMARY
Busia,TESO NORTH,RWATAMA
Busia,TESO NORTH,S. A. ABOLOI
Busia,TESO NORTH,SA ABOLOI SEC
Busia,TESO NORTH,SA KOSENYI
Busia,TESO NORTH,SDA KAUJAKITO
Busia,TESO NORTH,ST BARNABAS KATELENYANG
Busia,TESO NORTH,ST JAMES KOTEKO
Busia,TESO NORTH,ST JAMES OSIA
Busia,TESO NORTH,ST LUKES KAKEMER SPECIAL
Busia,TESO NORTH,ST MARY’S AKIRIAMASIT RC
Busia,TESO NORTH,ST MARY’S OSAJAI R.C
Busia,TESO NORTH,ST PAULS ACHUNET
Busia,TESO NORTH,ST. ANN KAKAPEL PRIMARY
Busia,TESO SOUTH,ACIIT PRIMARY
Busia,TESO SOUTH,ACUNET PRIMARY
Busia,TESO SOUTH,ADEREMA
Busia,TESO SOUTH,AKATAGOROIT
Busia,TESO SOUTH,AKITES PRIMARY
Busia,TESO SOUTH,AKOBWAIT
Busia,TESO SOUTH,AKOREET
Busia,TESO SOUTH,ALOMODOI primary school
Busia,TESO SOUTH,ALUPE
Busia,TESO SOUTH,ALUPE SPECIAL FOR THE HEARING
Busia,TESO SOUTH,AMAASE
Busia,TESO SOUTH,AMONGURA
Busia,TESO SOUTH,ANGOROM
Busia,TESO SOUTH,APATIT
Busia,TESO SOUTH,APEGEI
Busia,TESO SOUTH,APEGEI SPECIAL SCHOOL FOR PHYSICALLY
Busia,TESO SOUTH,APOKOR
Busia,TESO SOUTH,APOKOR SPECIAL SCHOOL
Busia,TESO SOUTH,ASIRIAM
Busia,TESO SOUTH,ATERAIT
Busia,TESO SOUTH,BUSIA AIR STRIP
Busia,TESO SOUTH,busia precious vision academy
Busia,TESO SOUTH,BUSIA TOWNSHIP
Busia,TESO SOUTH,CHAKOL BOYS
Busia,TESO SOUTH,CHAKOL GIRLS BOARDING
Busia,TESO SOUTH,goria primary
Busia,TESO SOUTH,KABOSOKIPI
Busia,TESO SOUTH,KALIWA
Busia,TESO SOUTH,KAMARINYANG
Busia,TESO SOUTH,KAMUNUOIT
Busia,TESO SOUTH,KARISA
Busia,TESO SOUTH,KATELENYANG
Busia,TESO SOUTH,KERIAMATA
Busia,TESO SOUTH,KIDERA
Busia,TESO SOUTH,KOCHEK
Busia,TESO SOUTH,KODEDEMA
Busia,TESO SOUTH,KOSERA
Busia,TESO SOUTH,KOTUR
Busia,TESO SOUTH,KWANGAMOR
Busia,TESO SOUTH,MACHAKUSI
Busia,TESO SOUTH,MORUKAMOSING
Busia,TESO SOUTH,OBEKAI
Busia,TESO SOUTH,OBUCUUN
Busia,TESO SOUTH,OBURI
Busia,TESO SOUTH,OCHUDE
Busia,TESO SOUTH,ODIOI
Busia,TESO SOUTH,OJAAMONG
Busia,TESO SOUTH,OJAMII
Busia,TESO SOUTH,OKAME
Busia,TESO SOUTH,OKATEKOK
Busia,TESO SOUTH,OKEREBWA
Busia,TESO SOUTH,OKOKORU
Busia,TESO SOUTH,OKWATA
Busia,TESO SOUTH,OLEPITO
Busia,TESO SOUTH,OMOLOI
Busia,TESO SOUTH,ONGARIAMA
Busia,TESO SOUTH,ONGAROI
Busia,TESO SOUTH,OPOKOTO ACK
Busia,TESO SOUTH,OTIMONG
Busia,TESO SOUTH,palama primary
Busia,TESO SOUTH,PAPA PRIMARY SCHOOL
Busia,TESO SOUTH,PARATER
Busia,TESO SOUTH,ST ANNES OKIPORO
Busia,TESO SOUTH,ST PAULS AMERIKWAI
Busia,TESO SOUTH,ST PETERS AKIRIAMAS
Busia,TESO SOUTH,ST PETER’S OSURET
Busia,TESO SOUTH,ST. ANNE SIDELEWA
Busia,TESO SOUTH,ST. JOSEPH’S AMUKURA GIRLS
Busia,TESO SOUTH,ST. LUKES AMONI
Busia,TESO SOUTH,ST. MARY’S ASINGE
Busia,TESO SOUTH,ST. PETER’S OSIPATA
Busia,TESO SOUTH,ST. SIMON ABURI
