S_No,REGION,COUNTY,SUB_COUNTY,UIC,KNEC,SCHOOL_NAME,CLUSTER,TYPE,DISABILITY_TYPE,ACCOMMODATION_TYPE,GENDER
1,RIFT VALLEY,BARINGO,BARINGO CENTRAL,7J98,33517209,A I C PHILEMON CHELAGAT GIRLS,C3,PUBLIC,NONE,BOARDING,GIRLS
2,RIFT VALLEY,BARINGO,BARINGO CENTRAL,GMUY,33517103,AIC KAPKELELWA SECONDARY SCHOOL,C3,PUBLIC,NONE,BOARDING,MIXED
3,RIFT VALLEY,BARINGO,BARINGO CENTRAL,5XVV,33517112,BEKIBON SECONDARY SCHOOL,C4,PUBLIC,NONE,DAY,MIXED
4,RIFT VALLEY,BARINGO,BARINGO CENTRAL,5PK2,33517110,CHEPKERO MIXED DAY SECONDARY SCHOOL,C4,PUBLIC,NONE,DAY,MIXED
5,RIFT VALLEY,BARINGO,BARINGO CENTRAL,WDP3,33517223,CHESONGO MIXED DAY SECONDARY SCHOOL,C4,PUBLIC,NONE,DAY,MIXED
6,RIFT VALLEY,BARINGO,BARINGO CENTRAL,B9WQ,33517403,EMOM SECONDARY SCHOOL,C4,PUBLIC,NONE,DAY,MIXED
7,RIFT VALLEY,BARINGO,BARINGO CENTRAL,CKGL,33517229,KABARBARMA MIXED SECONDARY SCHOOL,C4,PUBLIC,NONE,DAY,MIXED
8,RIFT VALLEY,BARINGO,BARINGO CENTRAL,CD36,33517201,KABARNET HIGH SCHOOL,C1,PUBLIC,NONE,BOARDING,MIXED
9,RIFT VALLEY,BARINGO,BARINGO CENTRAL,KS6U,33517218,KABARNET HURTH MIXED DAY SECONDARY SCHOOL,C4,PUBLIC,NONE,DAY,MIXED
10,RIFT VALLEY,BARINGO,BARINGO CENTRAL,7C2A,33517210,KAPCHOMUSO DAY SECONDARY SCHOOL,C4,PUBLIC,NONE,DAY,MIXED
11,RIFT VALLEY,BARINGO,BARINGO CENTRAL,TM99,33517207,KAPKAWA SECONDARY SCHOOL,C3,PUBLIC,NONE,BOARDING,MIXED
12,RIFT VALLEY,BARINGO,BARINGO CENTRAL,69MH,33517117,KAPKOMOI SECONDARY SCHOOL,C4,PUBLIC,NONE,DAY,MIXED
13,RIFT VALLEY,BARINGO,BARINGO CENTRAL,XYXR,33517224,KAPKUT MIXED DAY SECONDARY SCHOOL,C4,PUBLIC,NONE,DAY,MIXED
14,RIFT VALLEY,BARINGO,BARINGO CENTRAL,8WY3,33517202,KAPROPITA GIRLS HIGH SCHOOL,C1,PUBLIC,NONE,BOARDING,GIRLS
15,RIFT VALLEY,BARINGO,BARINGO CENTRAL,66LY,33517230,KAPSERGONG SECONDARY SCHOOL,C4,PUBLIC,NONE,DAY,MIXED
16,RIFT VALLEY,BARINGO,BARINGO CENTRAL,NAY3,33517221,KAPSOGO SCHWENK MIXED DAY SECONDARY SCHOOL,C4,PUBLIC,NONE,DAY,MIXED
17,RIFT VALLEY,BARINGO,BARINGO CENTRAL,CPVA,33517216,KAPTIMBOR MIXED DAY SECONDARY SCHOOL,C4,PUBLIC,NONE,DAY,MIXED
18,RIFT VALLEY,BARINGO,BARINGO CENTRAL,XT35,33517111,KAPTIRIONY SECONDARY SCHOOL,C4,PUBLIC,NONE,DAY,MIXED
19,RIFT VALLEY,BARINGO,BARINGO CENTRAL,KQEF,33517226,KAPTOROKWO SECONDARY SCHOOL,C4,PUBLIC,NONE,DAY,MIXED
20,RIFT VALLEY,BARINGO,BARINGO CENTRAL,DF3S,33517109,KESETAN MIXED DAY SECONDARY SCHOOL,C4,PUBLIC,NONE,DAY,MIXED
21,RIFT VALLEY,BARINGO,BARINGO CENTRAL,PB9A,33517220,KIBOINO MIXED SECONDARY SCHOOL,C4,PUBLIC,NONE,DAY,MIXED
22,RIFT VALLEY,BARINGO,BARINGO CENTRAL,5F5E,33517225,KIPKAECH SECONDARY SCHOOL,C4,PUBLIC,NONE,DAY,MIXED
23,RIFT VALLEY,BARINGO,BARINGO CENTRAL,T82M,33517309,KIPONJOS SECONDARY SCHOOL,C4,PUBLIC,NONE,DAY,MIXED
24,RIFT VALLEY,BARINGO,BARINGO CENTRAL,NQDG,33517213,KIPSOIT MIXED DAY SECONDARY SCHOOL,C4,PUBLIC,NONE,DAY,MIXED
25,RIFT VALLEY,BARINGO,BARINGO CENTRAL,FZJB,33517219,KISOK MIXED DAY SECONDARY SCHOOL,C4,PUBLIC,NONE,DAY,MIXED
26,RIFT VALLEY,BARINGO,BARINGO CENTRAL,U4HH,33517108,KISONEI MIXED DAY SECONDARY SCHOOL,C4,PUBLIC,NONE,DAY,MIXED
27,RIFT VALLEY,BARINGO,BARINGO CENTRAL,GSC2,33517203,KITURO HIGH SCHOOL,C2,PUBLIC,NONE,BOARDING,MIXED
28,RIFT VALLEY,BARINGO,BARINGO CENTRAL,K6P9,33517206,NGETMOI SECONDARY SCHOOL,C3,PUBLIC,NONE,DAY,MIXED
29,RIFT VALLEY,BARINGO,BARINGO CENTRAL,KJDT,33517227,NGOLONG SECONDARY SCHOOL,C4,PUBLIC,NONE,DAY,MIXED
30,RIFT VALLEY,BARINGO,BARINGO CENTRAL,U7EC,33517208,OINOBMOI HIGH SCHOOL,C3,PUBLIC,NONE,BOARDING,MIXED
31,RIFT VALLEY,BARINGO,BARINGO CENTRAL,3PYX,33517205,PEMWAI GIRLS' SECONDARY SCHOOL,C2,PUBLIC,NONE,BOARDING,GIRLS
32,RIFT VALLEY,BARINGO,BARINGO CENTRAL,KHM8,33517222,RIWO MIXED DAY SECONDARY SCHOOL,C4,PUBLIC,NONE,DAY,MIXED
33,RIFT VALLEY,BARINGO,BARINGO CENTRAL,FMQL,33517106,SANGARAU GIRLS SECONDARY SCHOOL,C3,PUBLIC,NONE,BOARDING,GIRLS
34,RIFT VALLEY,BARINGO,BARINGO CENTRAL,75LB,33517228,SENETWO MIXED DAY SECONDARY SCHOOL,C4,PUBLIC,NONE,DAY,MIXED
35,RIFT VALLEY,BARINGO,BARINGO CENTRAL,XLBX,33517217,SERETUNIN MIXED DAY SECONDARY SCHOOL,C4,PUBLIC,NONE,DAY,MIXED
36,RIFT VALLEY,BARINGO,BARINGO CENTRAL,D5JH,33517231,SOROK MIXED DAY SECONDARY SCHOOL,C4,PUBLIC,NONE,DAY,MIXED
37,RIFT VALLEY,BARINGO,BARINGO CENTRAL,YQ8Z,33517107,ST. MARY'S TENGES DAY SECONDARY SCHOOL,C4,PUBLIC,NONE,DAY,MIXED
38,RIFT VALLEY,BARINGO,BARINGO CENTRAL,RWU6,33517104,TABAGON GIRLS' SECONDARY SCHOOL,C2,PUBLIC,NONE,BOARDING,GIRLS
39,RIFT VALLEY,BARINGO,BARINGO CENTRAL,CLM9,33517204,TALAI SECONDARY SCHOOL,C3,PUBLIC,NONE,DAY,MIXED
40,RIFT VALLEY,BARINGO,BARINGO CENTRAL,5YKJ,33517232,TEBEI SECONDARY SCHOOL,C4,PUBLIC,NONE,DAY,MIXED
41,RIFT VALLEY,BARINGO,BARINGO CENTRAL,L7A6,33517101,TENGES SECONDARY SCHOOL,C2,PUBLIC,NONE,DAY,MIXED
42,RIFT VALLEY,BARINGO,BARINGO CENTRAL,5KXZ,33517105,TIMBOIYWO DAY SECONDARY SCHOOL,C4,PUBLIC,NONE,DAY,MIXED
43,RIFT VALLEY,BARINGO,BARINGO CENTRAL,4CPN,33517113,TULUONGOI SECONDARY SCHOOL,C4,PUBLIC,NONE,DAY,MIXED
77,RIFT VALLEY,BARINGO,KOIBATEK,C2X6,33521112,ARAMA HIGH SCHOOL,C4,PUBLIC,NONE,BOARDING,MIXED
78,RIFT VALLEY,BARINGO,KOIBATEK,HLWY,33500018,BARINGO BOYS HIGH SCHOOL,C1,PUBLIC,NONE,BOARDING,BOYS
79,RIFT VALLEY,BARINGO,KOIBATEK,BNQK,33521116,BENONIN SECONDARY SCHOOL,C4,PUBLIC,NONE,DAY,MIXED
80,RIFT VALLEY,BARINGO,KOIBATEK,S794,33521113,BHAKITA MIXED SECONDARY SCHOOL,C4,PUBLIC,NONE,DAY,MIXED
81,RIFT VALLEY,BARINGO,KOIBATEK,99LH,33521102,KABIMOI HIGH SCHOOL,C2,PUBLIC,NONE,BOARDING,MIXED
82,RIFT VALLEY,BARINGO,KOIBATEK,3V3X,33521127,KABIMOI MIXED DAY SECONDARY SCHOOL,C4,PUBLIC,NONE,DAY,MIXED
83,RIFT VALLEY,BARINGO,KOIBATEK,PJTA,33521114,KAMELILO DAY SECONDARY SCHOOL,C4,PUBLIC,NONE,DAY,MIXED
84,RIFT VALLEY,BARINGO,KOIBATEK,7PHC,33521209,KAMURA MIXED DAY SECONDARY SCHOOL,C4,PUBLIC,NONE,DAY,MIXED
85,RIFT VALLEY,BARINGO,KOIBATEK,MCVN,33521117,KAPCHOLOI SECONDARY SCHOOL,C4,PUBLIC,NONE,DAY,MIXED
86,RIFT VALLEY,BARINGO,KOIBATEK,NQCN,33521125,KIPKORIONY MIXED DAY SECONDARY SCHOOL,C4,PUBLIC,NONE,DAY,MIXED
87,RIFT VALLEY,BARINGO,KOIBATEK,2HB3,33521120,KIPKUYANG SECONDARY SCHOOL,C4,PUBLIC,NONE,DAY,MIXED
88,RIFT VALLEY,BARINGO,KOIBATEK,9U6Y,33521301,KIPLOMBE DAY SECONDARY SCHOOL,C4,PUBLIC,NONE,DAY,MIXED
89,RIFT VALLEY,BARINGO,KOIBATEK,8STM,33521124,KIPTUNO DAY MIXED SECONDARY SCHOOL,C4,PUBLIC,NONE,DAY,MIXED
90,RIFT VALLEY,BARINGO,KOIBATEK,C5J8,33521303,LEBOLOS SECONDARY SCHOOL,C4,PUBLIC,NONE,DAY,MIXED
91,RIFT VALLEY,BARINGO,KOIBATEK,UFAJ,33521210,LELGEL SECONDARY SCHOOL,C4,PUBLIC,NONE,DAY,MIXED
92,RIFT VALLEY,BARINGO,KOIBATEK,PYUM,33521104,MAJI MAZURI GIRLS HIGH SCHOOL,C3,PUBLIC,NONE,BOARDING,GIRLS
93,RIFT VALLEY,BARINGO,KOIBATEK,XTLH,33521111,MAJI MAZURI MIXED SECONDARY SCHOOL,C4,PUBLIC,NONE,DAY,MIXED
94,RIFT VALLEY,BARINGO,KOIBATEK,UY2M,33521128,MAJI MAZURI R.C SECONDARY SCHOOL,C4,PUBLIC,NONE,DAY,MIXED
95,RIFT VALLEY,BARINGO,KOIBATEK,7RUQ,33521307,MARY KEITANY SHOE4 AFRICA SECONDARY SCHOOL,C4,PUBLIC,NONE,DAY,MIXED
96,RIFT VALLEY,BARINGO,KOIBATEK,U3K5,33521101,MERCY GIRLS HIGH SCHOOL - ELDAMA RAVINE,C2,PUBLIC,NONE,BOARDING,GIRLS
97,RIFT VALLEY,BARINGO,KOIBATEK,5J5G,33521205,MOI HIGHLAND HIGH SCHOOL,C4,PUBLIC,NONE,BOARDING,MIXED
98,RIFT VALLEY,BARINGO,KOIBATEK,T5Q4,33521203,MUMBERES GIRL'S SECONDARY SCHOOL,C3,PUBLIC,NONE,DAY,MIXED
99,RIFT VALLEY,BARINGO,KOIBATEK,UH77,33521305,MUSERECHI SECONDARY SCHOOL,C4,PUBLIC,NONE,DAY,MIXED
100,RIFT VALLEY,BARINGO,KOIBATEK,CTSR,33521211,NYAKIO MIXED DAY SECONDARY SCHOOL,C4,PUBLIC,NONE,DAY,MIXED
101,RIFT VALLEY,BARINGO,KOIBATEK,GGYQ,33521106,POROR HIGH SCHOOL,C2,PUBLIC,NONE,BOARDING,MIXED
102,RIFT VALLEY,BARINGO,KOIBATEK,K9H6,33521107,SABATIA SECONDARY SCHOOL,C3,PUBLIC,NONE,DAY,MIXED
103,RIFT VALLEY,BARINGO,KOIBATEK,Q9XU,33521304,SAGAT MIXED DAY SECONDARY SCHOOL,C4,PUBLIC,NONE,DAY,MIXED
104,RIFT VALLEY,BARINGO,KOIBATEK,DPBZ,33521108,SAOS SECONDARY SCHOOL,C2,PUBLIC,NONE,DAY,MIXED
105,RIFT VALLEY,BARINGO,KOIBATEK,WLS6,33521110,SIGORO SECONDARY SCHOOL,C4,PUBLIC,NONE,DAY,MIXED
106,RIFT VALLEY,BARINGO,KOIBATEK,7NL9,33521122,SIMOTWET MIXED DAY SECONDARY SCHOOL,C4,PUBLIC,NONE,DAY,MIXED
107,RIFT VALLEY,BARINGO,KOIBATEK,QDT9,33521121,SINONIN SECONDARY SCHOOL,C4,PUBLIC,NONE,DAY,MIXED
108,RIFT VALLEY,BARINGO,KOIBATEK,93KE,33521105,SOLIAN GIRLS HIGH SCHOOL,C2,PUBLIC,NONE,BOARDING,GIRLS
109,RIFT VALLEY,BARINGO,KOIBATEK,FLVX,33521306,SOLIAN MIXED DAY SECONDARY SCHOOL,C4,PUBLIC,NONE,DAY,MIXED
110,RIFT VALLEY,BARINGO,KOIBATEK,D236,33521208,SOYMINING MIXED DAY SECONDARY SCHOOL,C4,PUBLIC,NONE,DAY,MIXED
111,RIFT VALLEY,BARINGO,KOIBATEK,S8LT,33521206,ST. MARY'S BOITO HIGH SCHOOL,C4,PUBLIC,NONE,BOARDING,MIXED
112,RIFT VALLEY,BARINGO,KOIBATEK,7A7N,33521126,ST. PATRICK'S MIXED DAY SECONDARY SCHOOL - ELDAMA,C4,PUBLIC,NONE,DAY,MIXED
113,RIFT VALLEY,BARINGO,KOIBATEK,WGF5,33521202,TIMBOROA SECONDARY SCHOOL,C3,PUBLIC,NONE,DAY,MIXED
114,RIFT VALLEY,BARINGO,KOIBATEK,NDHG,33521204,TINET MIXED DAY SECONDARY SCHOOL,C4,PUBLIC,NONE,DAY,MIXED
115,RIFT VALLEY,BARINGO,KOIBATEK,CMWE,33521212,TIRIPKATOI MIXED DAY SECONDARY SCHOOL,C4,PUBLIC,NONE,DAY,MIXED
116,RIFT VALLEY,BARINGO,KOIBATEK,2ZAT,33521118,TOLMO SECONDARY SCHOOL,C4,PUBLIC,NONE,DAY,MIXED
117,RIFT VALLEY,BARINGO,KOIBATEK,XXE8,33521109,TONIOK GIRLS SECONDARY SCHOOL,C2,PUBLIC,NONE,BOARDING,GIRLS
118,RIFT VALLEY,BARINGO,KOIBATEK,CKE5,33521201,TORONGO GIRLS' HIGH SCHOOL,C3,PUBLIC,NONE,BOARDING,GIRLS
119,RIFT VALLEY,BARINGO,KOIBATEK,NRGJ,33521207,TUGUMOI KOIBATEK SECONDARY SCHOOL,C4,PUBLIC,NONE,DAY,MIXED
120,RIFT VALLEY,BARINGO,KOIBATEK,Q4R6,33521115,UHURU HIGH SCHOOL-KABIYET,C4,PUBLIC,NONE,BOARDING,MIXED
121,RIFT VALLEY,BARINGO,KOIBATEK,RDX7,33521123,UZALENDO SECONDARY SCHOOL,C3,PUBLIC,NONE,DAY,MIXED
122,RIFT VALLEY,BARINGO,MARIGAT,52PG,33558116,CHEBORUSWO MIXED DAY SECONDARY SCHOOL,C4,PUBLIC,NONE,DAY,MIXED
123,RIFT VALLEY,BARINGO,MARIGAT,88KD,33558114,ELDUME MIXED DAY SECONDARY SCHOOL,C4,PUBLIC,NONE,DAY,MIXED
124,RIFT VALLEY,BARINGO,MARIGAT,4JDX,33558212,EMBOSSOS MIXED DAY SECONDARY SCHOOL,C4,PUBLIC,NONE,DAY,MIXED
125,RIFT VALLEY,BARINGO,MARIGAT,5WRK,33558213,KABEL MIXED DAY SECONDARY SCHOOL,C4,PUBLIC,NONE,DAY,MIXED
126,RIFT VALLEY,BARINGO,MARIGAT,YJ4G,33558209,KAMAILEL MIXED SECONDARY SCHOOL,C4,PUBLIC,NONE,DAY,MIXED
127,RIFT VALLEY,BARINGO,MARIGAT,2UXX,33558210,KARNEE MIXED DAY SECONDARY SCHOOL,C4,PUBLIC,NONE,DAY,MIXED
128,RIFT VALLEY,BARINGO,MARIGAT,Y7CM,33558117,KIBINGOR SECONDARY SCHOOL,C4,PUBLIC,NONE,DAY,MIXED
129,RIFT VALLEY,BARINGO,MARIGAT,98BZ,33558107,KIMALEL SECONDARY SCHOOL,C4,PUBLIC,NONE,DAY,MIXED
130,RIFT VALLEY,BARINGO,MARIGAT,A4RP,33558207,KIMORIOT MIXED DAY SECONDARY SCHOOL,C4,PUBLIC,NONE,DAY,MIXED
131,RIFT VALLEY,BARINGO,MARIGAT,JSL3,33558103,KISERIAN SECONDARY SCHOOL,C3,PUBLIC,NONE,DAY,MIXED
132,RIFT VALLEY,BARINGO,MARIGAT,XK3X,33558111,KORIEMA MIXED DAY SECONDARY SCHOOL,C4,PUBLIC,NONE,DAY,MIXED
133,RIFT VALLEY,BARINGO,MARIGAT,5CH5,33558104,LAKE BOGORIA ROCHDALE SECONDARY SCHOOL,C3,PUBLIC,NONE,DAY,MIXED
134,RIFT VALLEY,BARINGO,MARIGAT,EVDP,33558120,LOITIP SECONDARY SCHOOL,C4,PUBLIC,NONE,DAY,MIXED
135,RIFT VALLEY,BARINGO,MARIGAT,W8MX,33558115,LOWLAND HIGH SCHOOL,C4,PUBLIC,NONE,BOARDING,MIXED
136,RIFT VALLEY,BARINGO,MARIGAT,4Q5F,33558110,MARIGAT INTEGRATED DAY SECONDARY SCHOOL,C4,PUBLIC,NONE,DAY,MIXED
137,RIFT VALLEY,BARINGO,MARIGAT,EHQE,33558101,MARIGAT SECONDARY SCHOOL,C2,PUBLIC,NONE,DAY,MIXED
138,RIFT VALLEY,BARINGO,MARIGAT,YUMP,33558118,MEISORI SECONDARY SCHOOL,C4,PUBLIC,NONE,DAY,MIXED
139,RIFT VALLEY,BARINGO,MARIGAT,T6UE,33558201,MOCHONGOI SECONDARY SCHOOL,C3,PUBLIC,NONE,DAY,MIXED
140,RIFT VALLEY,BARINGO,MARIGAT,C5ZT,33558202,MWENGE SECONDARY SCHOOL,C4,PUBLIC,NONE,DAY,MIXED
141,RIFT VALLEY,BARINGO,MARIGAT,AJ9B,33558102,NGAMBO SECONDARY SCHOOL,C3,PUBLIC,NONE,DAY,MIXED
142,RIFT VALLEY,BARINGO,MARIGAT,2J9L,33558204,NGARIE MIXED DAY SECONDARY SCHOOL,C4,PUBLIC,NONE,DAY,MIXED
143,RIFT VALLEY,BARINGO,MARIGAT,K6JN,33558208,NGENYILEL MIXED DAY SECONDARY SCHOOL,C4,PUBLIC,NONE,DAY,MIXED
144,RIFT VALLEY,BARINGO,MARIGAT,J5G2,33558112,NGOLBELON MIXED SECONDARY SCHOOL,C4,PUBLIC,NONE,DAY,MIXED
145,RIFT VALLEY,BARINGO,MARIGAT,Q5G2,33558206,NYIMBEI DAY SECONDARY SCHOOL,C4,PUBLIC,NONE,DAY,MIXED
146,RIFT VALLEY,BARINGO,MARIGAT,PJTQ,33558109,PATKAWANIN MIXED DAY SECONDARY SCHOOL,C4,PUBLIC,NONE,DAY,MIXED
147,RIFT VALLEY,BARINGO,MARIGAT,TXH6,33558119,PERKERRA MIXED DAY SECONDARY SCHOOL,C4,PUBLIC,NONE,DAY,MIXED
148,RIFT VALLEY,BARINGO,MARIGAT,JTBJ,33558106,SABOR SECONDARY SCHOOL,C4,PUBLIC,NONE,DAY,MIXED
149,RIFT VALLEY,BARINGO,MARIGAT,5VTD,33558105,SALABANI SECONDARY SCHOOL,C4,PUBLIC,NONE,DAY,MIXED
150,RIFT VALLEY,BARINGO,MARIGAT,3ZAQ,33558211,SAMBAKA DAY SECONDARY SCHOOL,C4,PUBLIC,NONE,DAY,MIXED
151,RIFT VALLEY,BARINGO,MARIGAT,XTRT,33558108,SANDAI MIXED DAY SECONDARY SCHOOL,C4,PUBLIC,NONE,DAY,MIXED
152,RIFT VALLEY,BARINGO,MARIGAT,AFVY,33558113,SOKOTEI MIXED DAY SECONDARY SCHOOL,C4,PUBLIC,NONE,DAY,MIXED
153,RIFT VALLEY,BARINGO,MARIGAT,KAXM,33558205,TUIYOBEI MIXED DAY SECONDARY SCHOOL,C4,PUBLIC,NONE,DAY,MIXED
154,RIFT VALLEY,BARINGO,MARIGAT,DPRU,33558203,TUIYOTICH MIXED DAY SECONDARY SCHOOL,C4,PUBLIC,NONE,DAY,MIXED
155,RIFT VALLEY,BARINGO,MOGOTIO,TBYX,33562301,CHEBEREN SECONDARY SCHOOL,C4,PUBLIC,NONE,DAY,MIXED
156,RIFT VALLEY,BARINGO,MOGOTIO,RKHT,33562405,AIC KISANANA TOTONA SECONDARY SCHOOL,C4,PUBLIC,NONE,DAY,MIXED
157,RIFT VALLEY,BARINGO,MOGOTIO,CKMG,33562201,EMINING SECONDARY SCHOOL,C2,PUBLIC,NONE,DAY,MIXED
158,RIFT VALLEY,BARINGO,MOGOTIO,Y46P,33562114,KAMAR MIXED SECONDARY SCHOOL,C4,PUBLIC,NONE,DAY,MIXED
159,RIFT VALLEY,BARINGO,MOGOTIO,68Y7,33562206,KAPLELWO SECONDARY SCHOOL,C4,PUBLIC,NONE,DAY,MIXED
160,RIFT VALLEY,BARINGO,MOGOTIO,F3VU,33562303,KIMNGOROM GIRLS HIGH SCHOOL,C2,PUBLIC,NONE,BOARDING,GIRLS
161,RIFT VALLEY,BARINGO,MOGOTIO,ZLEA,33562203,KIMOSE DAY SECONDARY SCHOOL,C4,PUBLIC,NONE,DAY,MIXED
162,RIFT VALLEY,BARINGO,MOGOTIO,VU9W,33562113,KIPKITUR MIXED DAY SECONDARY SCHOOL,C4,PUBLIC,NONE,DAY,MIXED
163,RIFT VALLEY,BARINGO,MOGOTIO,REW5,33562111,KIPSOGON SECONDARY SCHOOL,C4,PUBLIC,NONE,DAY,MIXED
164,RIFT VALLEY,BARINGO,MOGOTIO,GF4M,33562108,KIPTOIM SECONDARY SCHOOL,C3,PUBLIC,NONE,DAY,MIXED
165,RIFT VALLEY,BARINGO,MOGOTIO,MHSZ,33562401,KISANANA BOYS HIGH SCHOOL,C2,PUBLIC,NONE,BOARDING,BOYS
166,RIFT VALLEY,BARINGO,MOGOTIO,688A,33562104,KOIBARAK MIXED DAY SECONDARY SCHOOL,C4,PUBLIC,NONE,DAY,MIXED
167,RIFT VALLEY,BARINGO,MOGOTIO,HCFX,33562208,KOITEBES SECONDARY SCHOOL,C4,PUBLIC,NONE,DAY,MIXED
168,RIFT VALLEY,BARINGO,MOGOTIO,KT5W,33562110,LOMBOGISHU SECONDARY SCHOOL,C4,PUBLIC,NONE,DAY,MIXED
169,RIFT VALLEY,BARINGO,MOGOTIO,FKBK,33562103,MAJI MOTO SECONDARY SCHOOL,C3,PUBLIC,NONE,DAY,MIXED
170,RIFT VALLEY,BARINGO,MOGOTIO,2FGK,33562101,MOGOTIO GIRLS' HIGH SCHOOL,C2,PUBLIC,NONE,BOARDING,GIRLS
171,RIFT VALLEY,BARINGO,MOGOTIO,ZQDK,33562112,MOGOTIO TOWNSHIP MIXED DAY SECONDARY SCHOOL,C4,PUBLIC,NONE,DAY,MIXED
172,RIFT VALLEY,BARINGO,MOGOTIO,VAZU,33562102,MOLO SIRWE SECONDARY SCHOOL,C3,PUBLIC,NONE,DAY,MIXED
173,RIFT VALLEY,BARINGO,MOGOTIO,2W8G,33562107,MUGURIN SECONDARY SCHOOL,C4,PUBLIC,NONE,DAY,MIXED
174,RIFT VALLEY,BARINGO,MOGOTIO,636F,33562109,NGUBERETI SECONDARY SCHOOL,C4,PUBLIC,NONE,DAY,MIXED
175,RIFT VALLEY,BARINGO,MOGOTIO,EWXY,33562115,OLBAT MIXED SECONDARY SCHOOL,C4,PUBLIC,NONE,DAY,MIXED
176,RIFT VALLEY,BARINGO,MOGOTIO,5UHX,33562403,OLDEBES SECONDARY SCHOOL,C4,PUBLIC,NONE,DAY,MIXED
177,RIFT VALLEY,BARINGO,MOGOTIO,GZVP,33562404,OLKOKWE SECONDARY SCHOOL,C4,PUBLIC,NONE,DAY,MIXED
178,RIFT VALLEY,BARINGO,MOGOTIO,FY29,33562207,OTERIT SECONDARY SCHOOL,C4,PUBLIC,NONE,DAY,MIXED
179,RIFT VALLEY,BARINGO,MOGOTIO,VMZZ,33562204,RADAD SECONDARY SCHOOL,C4,PUBLIC,NONE,DAY,MIXED
180,RIFT VALLEY,BARINGO,MOGOTIO,FDAZ,33562106,REUBEN CHERUIYOT SECONDARY SCHOOL - OLMARAI,C4,PUBLIC,NONE,DAY,MIXED
181,RIFT VALLEY,BARINGO,MOGOTIO,YDA7,33562202,ROSOGA SECONDARY SCHOOL,C3,PUBLIC,NONE,DAY,MIXED
182,RIFT VALLEY,BARINGO,MOGOTIO,FAMQ,33562205,SAGASAGIK SECONDARY SCHOOL,C4,PUBLIC,NONE,DAY,MIXED
183,RIFT VALLEY,BARINGO,MOGOTIO,BBU5,33562402,SINENDE SECONDARY SCHOOL,C4,PUBLIC,NONE,DAY,MIXED
184,RIFT VALLEY,BARINGO,MOGOTIO,3TVZ,33562302,SIRWA SECONDARY SCHOOL,C4,PUBLIC,NONE,DAY,MIXED
185,RIFT VALLEY,BARINGO,MOGOTIO,J9L2,33562304,SORE MIXED SECONDARY SCHOOL,C4,PUBLIC,NONE,DAY,MIXED
186,RIFT VALLEY,BARINGO,MOGOTIO,34ND,33562209,ST. MARY'S MIXED DAY SECONDARY SCHOOL,C4,PUBLIC,NONE,DAY,MIXED
304,RIFT VALLEY,BOMET,CHEPALUNGU,8AEH,25551218,BINGWA SECONDARY SCHOOL,C4,PUBLIC,NONE,DAY,MIXED
305,RIFT VALLEY,BOMET,CHEPALUNGU,YA2K,25551216,CHEBANYINY SECONDARY SCHOOL,C4,PUBLIC,NONE,DAY,MIXED
306,RIFT VALLEY,BOMET,CHEPALUNGU,W2GJ,25551126,CHEBARAA SECONDARY SCHOOL,C4,PUBLIC,NONE,DAY,MIXED
307,RIFT VALLEY,BOMET,CHEPALUNGU,4SU7,25551133,CHEBELION MIXED SECONDARY SCHOOL,C4,PUBLIC,NONE,DAY,MIXED
308,RIFT VALLEY,BOMET,CHEPALUNGU,GL84,25551234,CHEBOYO SECONDARY SCHOOL,C4,PUBLIC,NONE,DAY,MIXED
309,RIFT VALLEY,BOMET,CHEPALUNGU,AT8K,25551237,CHEBUNYO GIRLS SECONDARY SCHOOL,C3,PUBLIC,NONE,BOARDING,GIRLS
310,RIFT VALLEY,BOMET,CHEPALUNGU,LM6V,25551201,CHEBUNYO SECONDARY SCHOOL,C3,PUBLIC,NONE,DAY,MIXED
311,RIFT VALLEY,BOMET,CHEPALUNGU,S2Z4,25551236,CHELELACH HIGH SCHOOL,C4,PUBLIC,NONE,BOARDING,MIXED
312,RIFT VALLEY,BOMET,CHEPALUNGU,58RA,25551228,CHEMAETANY DAY SECONDARY SCHOOL,C4,PUBLIC,NONE,DAY,MIXED
313,RIFT VALLEY,BOMET,CHEPALUNGU,W4E4,25551123,CHEMENGWA SECONDARY SCHOOL,C4,PUBLIC,NONE,DAY,MIXED
314,RIFT VALLEY,BOMET,CHEPALUNGU,Y398,25551117,CHEPALUNGU BOYS' HIGH SCHOOL,C2,PUBLIC,NONE,BOARDING,BOYS
315,RIFT VALLEY,BOMET,CHEPALUNGU,WWMH,25551104,CHEPKOSA SECONDARY SCHOOL,C4,PUBLIC,NONE,DAY,MIXED
316,RIFT VALLEY,BOMET,CHEPALUNGU,7GEK,25551219,CHEPNYALILIET SECONDARY SCHOOL,C4,PUBLIC,NONE,DAY,MIXED
317,RIFT VALLEY,BOMET,CHEPALUNGU,NZ4C,25551211,CHEPWOSTUIYET SECONDARY SCHOOL,C4,PUBLIC,NONE,DAY,MIXED
318,RIFT VALLEY,BOMET,CHEPALUNGU,RWDP,25551115,GOITABSILIBWET SECONDARY SCHOOL,C4,PUBLIC,NONE,DAY,MIXED
319,RIFT VALLEY,BOMET,CHEPALUNGU,2GGT,25551233,ITEMBE SECONDARY SCHOOL,C4,PUBLIC,NONE,DAY,MIXED
320,RIFT VALLEY,BOMET,CHEPALUNGU,858W,25551244,KABEMA SECONDARY SCHOOL,C4,PUBLIC,NONE,DAY,MIXED
321,RIFT VALLEY,BOMET,CHEPALUNGU,XF6A,25551241,KABISIMBA SECONDARY SCHOOL,C4,PUBLIC,NONE,DAY,MIXED
322,RIFT VALLEY,BOMET,CHEPALUNGU,UYTP,25551229,KABISOGE SECONDARY SCHOOL,C4,PUBLIC,NONE,DAY,MIXED
323,RIFT VALLEY,BOMET,CHEPALUNGU,F2XE,25551119,KABOLWO MIXED DAY SECONDARY SCHOOL,C4,PUBLIC,NONE,DAY,MIXED
324,RIFT VALLEY,BOMET,CHEPALUNGU,GBM7,25551109,KABOSON DAY SECONDARY SCHOOL,C4,PUBLIC,NONE,DAY,MIXED
325,RIFT VALLEY,BOMET,CHEPALUNGU,2V9P,25551101,KABOSON GIRLS SECONDARY SCHOOL,C2,PUBLIC,NONE,BOARDING,GIRLS
326,RIFT VALLEY,BOMET,CHEPALUNGU,F3ZN,25551214,KAMAGET MIXED DAY SECONDARY SCHOOL,C4,PUBLIC,NONE,DAY,MIXED
327,RIFT VALLEY,BOMET,CHEPALUNGU,43DF,25551239,KAMOGIBOI SECONDARY SCHOOL,C4,PUBLIC,NONE,DAY,MIXED
328,RIFT VALLEY,BOMET,CHEPALUNGU,HAR6,25551112,KAMONGIL MIXED DAY SECONDARY SCHOOL,C4,PUBLIC,NONE,DAY,MIXED
329,RIFT VALLEY,BOMET,CHEPALUNGU,RKJ9,25551249,KAMUSANGA SECONDARY SCHOOL,C4,PUBLIC,NONE,DAY,MIXED
330,RIFT VALLEY,BOMET,CHEPALUNGU,LR4H,25551136,KAPCHELEL SECONDARY SCHOOL,C4,PUBLIC,NONE,DAY,MIXED
331,RIFT VALLEY,BOMET,CHEPALUNGU,3Z73,25551103,KAPKESOSIO SECONDARY SCHOOL,C4,PUBLIC,NONE,DAY,MIXED
332,RIFT VALLEY,BOMET,CHEPALUNGU,99EL,25551108,KAPKULUMBEN SECONDARY SCHOOL,C4,PUBLIC,NONE,DAY,MIXED
333,RIFT VALLEY,BOMET,CHEPALUNGU,UHET,25551202,KAPOLESEROI SECONDARY SCHOOL,C4,PUBLIC,NONE,DAY,MIXED
334,RIFT VALLEY,BOMET,CHEPALUNGU,7N2M,25551129,KAPSABUL MIXED DAY SECONDARY SCHOOL,C4,PUBLIC,NONE,DAY,MIXED
335,RIFT VALLEY,BOMET,CHEPALUNGU,2HAA,25551243,KAPSINENDET CENTRAL SECONDARY SCHOOL,C4,PUBLIC,NONE,DAY,MIXED
336,RIFT VALLEY,BOMET,CHEPALUNGU,MC34,25551247,KAPTWOLO SECONDARY SCHOOL,C4,PUBLIC,NONE,DAY,MIXED
337,RIFT VALLEY,BOMET,CHEPALUNGU,98DS,25551222,KATARET SECONDARY SCHOOL,C4,PUBLIC,NONE,DAY,MIXED
338,RIFT VALLEY,BOMET,CHEPALUNGU,CJMJ,25551248,KELICHEK SECONDARY SCHOOL,C4,PUBLIC,NONE,DAY,MIXED
339,RIFT VALLEY,BOMET,CHEPALUNGU,ASBL,25551128,KERUNDUT MIXED DAY SECONDARY SCHOOL,C4,PUBLIC,NONE,DAY,MIXED
340,RIFT VALLEY,BOMET,CHEPALUNGU,CLNG,25551245,KIBOSON SECONDARY SCHOOL,C4,PUBLIC,NONE,DAY,MIXED
341,RIFT VALLEY,BOMET,CHEPALUNGU,X3QS,25551242,KIMATISIO SECONDARY SCHOOL,C4,PUBLIC,NONE,DAY,MIXED
342,RIFT VALLEY,BOMET,CHEPALUNGU,WUUZ,25551232,KIMAYA SECONDARY SCHOOL,C4,PUBLIC,NONE,DAY,MIXED
343,RIFT VALLEY,BOMET,CHEPALUNGU,VN53,25551131,KIMENDERIT SECONDARY SCHOOL,C4,PUBLIC,NONE,DAY,MIXED
344,RIFT VALLEY,BOMET,CHEPALUNGU,7QRB,25551110,KIPKEIGEI SECONDARY SCHOOL,C4,PUBLIC,NONE,DAY,MIXED
345,RIFT VALLEY,BOMET,CHEPALUNGU,ZK5S,25551230,KIPKUROR DAY SECONDARY SCHOOL,C4,PUBLIC,NONE,DAY,MIXED
346,RIFT VALLEY,BOMET,CHEPALUNGU,Z8P5,25551134,KIPRICHEIT HIGH SCHOOL,C4,PUBLIC,NONE,BOARDING,MIXED
347,RIFT VALLEY,BOMET,CHEPALUNGU,4MML,25551215,KIPROROGET SECONDARY SCHOOL,C4,PUBLIC,NONE,DAY,MIXED
348,RIFT VALLEY,BOMET,CHEPALUNGU,ADCE,25551235,KIPSUTER MIXED DAY SECONDARY SCHOOL,C4,PUBLIC,NONE,DAY,MIXED
349,RIFT VALLEY,BOMET,CHEPALUNGU,AGF8,25551203,KIPSUTER SECONDARY SCHOOL,C3,PUBLIC,NONE,DAY,MIXED
350,RIFT VALLEY,BOMET,CHEPALUNGU,LJJD,25551213,ACK MARY MAGDALENE HIGH SCHOOL FOR THE DEAF,C4,PUBLIC,NONE,BOARDING,MIXED
351,RIFT VALLEY,BOMET,CHEPALUNGU,V6LX,25551224,KOIMIRET SECONDARY SCHOOL,C4,PUBLIC,NONE,DAY,MIXED
352,RIFT VALLEY,BOMET,CHEPALUNGU,93DB,25551130,KOIYET MIXED DAY SECONDARY SCHOOL,C4,PUBLIC,NONE,DAY,MIXED
353,RIFT VALLEY,BOMET,CHEPALUNGU,53KF,25551139,KYOGONG GIRLS SECONDARY SCHOOL,C4,PUBLIC,NONE,BOARDING,GIRLS
354,RIFT VALLEY,BOMET,CHEPALUNGU,7HMX,25551114,KYOGONG SECONDARY SCHOOL,C4,PUBLIC,NONE,DAY,MIXED
355,RIFT VALLEY,BOMET,CHEPALUNGU,T9US,25551111,LELAITICH SECONDARY SCHOOL,C4,PUBLIC,NONE,DAY,MIXED
356,RIFT VALLEY,BOMET,CHEPALUNGU,K2F9,25551106,LUGUMEK SECONDARY SCHOOL,C4,PUBLIC,NONE,DAY,MIXED
357,RIFT VALLEY,BOMET,CHEPALUNGU,VZT6,25551204,MAKIMENY SECONDARY SCHOOL,C3,PUBLIC,NONE,DAY,MIXED
358,RIFT VALLEY,BOMET,CHEPALUNGU,P7JN,25551217,MASINDONI SECONDARY SCHOOL,C4,PUBLIC,NONE,DAY,MIXED
359,RIFT VALLEY,BOMET,CHEPALUNGU,HN2C,25551208,MENGWET SECONDARY SCHOOL,C4,PUBLIC,NONE,DAY,MIXED
360,RIFT VALLEY,BOMET,CHEPALUNGU,AW3P,25551205,MOGOR HIGH SCHOOL,C3,PUBLIC,NONE,BOARDING,MIXED
361,RIFT VALLEY,BOMET,CHEPALUNGU,5NH8,25551207,MOI SIONGIROI GIRLS' SECONDARY SCHOOL,C1,PUBLIC,NONE,BOARDING,GIRLS
362,RIFT VALLEY,BOMET,CHEPALUNGU,WQ73,25551240,MUKENYI SECONDARY SCHOOL,C4,PUBLIC,NONE,DAY,MIXED
363,RIFT VALLEY,BOMET,CHEPALUNGU,VUJT,25551220,NDAMICHONIK SECONDARY SCHOOL,C4,PUBLIC,NONE,DAY,MIXED
364,RIFT VALLEY,BOMET,CHEPALUNGU,S6HJ,25551132,NOGIRWET DAY SECONDARY SCHOOL,C4,PUBLIC,NONE,DAY,MIXED
365,RIFT VALLEY,BOMET,CHEPALUNGU,A9DY,25551137,NYAKICHIWA SECONDARY SCHOOL,C4,PUBLIC,NONE,DAY,MIXED
366,RIFT VALLEY,BOMET,CHEPALUNGU,JGEN,25551206,OLBUTYO BOYS SECONDARY SCHOOL,C3,PUBLIC,NONE,BOARDING,BOYS
367,RIFT VALLEY,BOMET,CHEPALUNGU,R9Z6,25551210,OLBUTYO GIRLS SECONDARY SCHOOL,C3,PUBLIC,NONE,BOARDING,GIRLS
368,RIFT VALLEY,BOMET,CHEPALUNGU,8ERY,25551118,OLESOI SECONDARY SCHOOL,C4,PUBLIC,NONE,DAY,MIXED
369,RIFT VALLEY,BOMET,CHEPALUNGU,6W4W,25551124,OREIYET SECONDARY SCHOOL,C4,PUBLIC,NONE,DAY,MIXED
370,RIFT VALLEY,BOMET,CHEPALUNGU,62RA,25551231,ROBORWO SECONDARY SCHOOL,C4,PUBLIC,NONE,DAY,MIXED
371,RIFT VALLEY,BOMET,CHEPALUNGU,V7YE,25551135,SAMOEI NGWONET GIRLS SECONDARY SCHOOL,C4,PUBLIC,NONE,BOARDING,GIRLS
372,RIFT VALLEY,BOMET,CHEPALUNGU,4Z5N,25551225,SAUNET SECONDARY SCHOOL,C4,PUBLIC,NONE,DAY,MIXED
373,RIFT VALLEY,BOMET,CHEPALUNGU,XWRR,25551138,SIGOR MIXED DAY SECONDARY SCHOOL,C4,PUBLIC,NONE,DAY,MIXED
374,RIFT VALLEY,BOMET,CHEPALUNGU,G4YE,25551102,SIGOR SECONDARY SCHOOL,C3,PUBLIC,NONE,DAY,MIXED
375,RIFT VALLEY,BOMET,CHEPALUNGU,BNAX,25551226,SIONGIROI DAY SECONDARY SCHOOL,C4,PUBLIC,NONE,DAY,MIXED
376,RIFT VALLEY,BOMET,CHEPALUNGU,43EX,25551246,SOGORORBEI SECONDARY SCHOOL,C4,PUBLIC,NONE,DAY,MIXED
377,RIFT VALLEY,BOMET,CHEPALUNGU,2BHR,25551227,ST. THOMAS REBERWET SECONDARY SCHOOL,C4,PUBLIC,NONE,DAY,MIXED
378,RIFT VALLEY,BOMET,CHEPALUNGU,HNGJ,25551113,ST.MICHAEL'S SECONDARY SCHOOL,C4,PUBLIC,NONE,DAY,MIXED
379,RIFT VALLEY,BOMET,CHEPALUNGU,P252,25551105,SUGUMERGA SECONDARY SCHOOL,C4,PUBLIC,NONE,DAY,MIXED
380,RIFT VALLEY,BOMET,CHEPALUNGU,9D6W,25551125,TEBESWET SECONDARY SCHOOL,C4,PUBLIC,NONE,DAY,MIXED
381,RIFT VALLEY,BOMET,CHEPALUNGU,XP3T,25551238,TILANGOK SECONDARY SCHOOL,C4,PUBLIC,NONE,DAY,MIXED
382,RIFT VALLEY,BOMET,CHEPALUNGU,65K9,25551107,TUMOI SECONDARY SCHOOL,C4,PUBLIC,NONE,DAY,MIXED
383,RIFT VALLEY,BOMET,KONOIN,RVK9,25563125,BOITO DAY SECONDARY SCHOOL,C4,PUBLIC,NONE,DAY,MIXED
384,RIFT VALLEY,BOMET,KONOIN,C4HR,25563105,BOITO SECONDARY SCHOOL,C2,PUBLIC,NONE,DAY,MIXED
385,RIFT VALLEY,BOMET,KONOIN,VWEV,25563212,BOSTO SECONDARY SCHOOL,C4,PUBLIC,NONE,DAY,MIXED
386,RIFT VALLEY,BOMET,KONOIN,5HB4,25563310,CHEBANG'ANG' SECONDARY SCHOOL,C4,PUBLIC,NONE,DAY,MIXED
387,RIFT VALLEY,BOMET,KONOIN,26M2,25563305,CHEMALAL SECONDARY SCHOOL,C4,PUBLIC,NONE,DAY,MIXED
388,RIFT VALLEY,BOMET,KONOIN,67JD,25563314,CHEMASINGI SECONDARY SCHOOL,C4,PUBLIC,NONE,DAY,MIXED
389,RIFT VALLEY,BOMET,KONOIN,7NA5,25563124,CHEMELET SECONDARY SCHOOL,C4,PUBLIC,NONE,DAY,MIXED
390,RIFT VALLEY,BOMET,KONOIN,9X4B,25563306,CHEPCHABAS SECONDARY SCHOOL,C4,PUBLIC,NONE,DAY,MIXED
391,RIFT VALLEY,BOMET,KONOIN,UD7N,25563116,CHEPKOCHUN SECONDARY SCHOOL,C4,PUBLIC,NONE,DAY,MIXED
392,RIFT VALLEY,BOMET,KONOIN,XP6N,25563107,CHEPTABACH SECONDARY SCHOOL,C4,PUBLIC,NONE,DAY,MIXED
393,RIFT VALLEY,BOMET,KONOIN,KXDT,25563202,CHEPTALAL SECONDARY SCHOOL,C3,PUBLIC,NONE,DAY,MIXED
394,RIFT VALLEY,BOMET,KONOIN,HQFM,25563120,CHEPTINGTING SECONDARY SCHOOL,C4,PUBLIC,NONE,DAY,MIXED
395,RIFT VALLEY,BOMET,KONOIN,MN4C,25563119,CHONGENWO SECONDARY SCHOOL,C4,PUBLIC,NONE,DAY,MIXED
396,RIFT VALLEY,BOMET,KONOIN,A6FF,25563204,EMBOMOS SECONDARY SCHOOL,C4,PUBLIC,NONE,DAY,MIXED
397,RIFT VALLEY,BOMET,KONOIN,DUJ4,25563115,KABIANGEK MIXED DAY SECONDARY SCHOOL,C4,PUBLIC,NONE,DAY,MIXED
398,RIFT VALLEY,BOMET,KONOIN,3V3L,25563128,KAPCHEPKOLE SECONDARY SCHOOL,C4,PUBLIC,NONE,DAY,MIXED
399,RIFT VALLEY,BOMET,KONOIN,TGVS,25563307,KAPKILAIBEI MIXED DAY SECONDARY SCHOOL,C4,PUBLIC,NONE,DAY,MIXED
400,RIFT VALLEY,BOMET,KONOIN,WC65,25563123,KAPRORET SECONDARY SCHOOL,C4,PUBLIC,NONE,DAY,MIXED
401,RIFT VALLEY,BOMET,KONOIN,FFU9,25563308,KAPSET MIXED DAY SECONDARY SCHOOL,C4,PUBLIC,NONE,DAY,MIXED
402,RIFT VALLEY,BOMET,KONOIN,T9HY,25563302,KAPTEBENGWET SECONDARY SCHOOL,C3,PUBLIC,NONE,DAY,MIXED
403,RIFT VALLEY,BOMET,KONOIN,G8CW,25563114,KAPTEMBWO SECONDARY SCHOOL,C4,PUBLIC,NONE,DAY,MIXED
404,RIFT VALLEY,BOMET,KONOIN,P645,25563304,KAPTIEN SECONDARY SCHOOL,C4,PUBLIC,NONE,DAY,MIXED
405,RIFT VALLEY,BOMET,KONOIN,FGDF,25563121,KEBUMBUR SECONDARY SCHOOL,C4,PUBLIC,NONE,DAY,MIXED
406,RIFT VALLEY,BOMET,KONOIN,JMZM,25563127,KENYAGORO SECONDARY SCHOOL,C4,PUBLIC,NONE,DAY,MIXED
407,RIFT VALLEY,BOMET,KONOIN,RPGW,25563301,KIMULOT SECONDARY SCHOOL,C2,PUBLIC,NONE,DAY,MIXED
408,RIFT VALLEY,BOMET,KONOIN,CJ4K,25563201,KIPKORIR SALAT SECONDARY SCHOOL,C3,PUBLIC,NONE,DAY,MIXED
409,RIFT VALLEY,BOMET,KONOIN,QDWG,25563122,KIPRAISI SECONDARY SCHOOL,C4,PUBLIC,NONE,DAY,MIXED
410,RIFT VALLEY,BOMET,KONOIN,R8PF,25563103,KIPTENDEN SECONDARY SCHOOL,C4,PUBLIC,NONE,DAY,MIXED
411,RIFT VALLEY,BOMET,KONOIN,46TQ,25563207,KIRIMOSE SECONDARY SCHOOL,C4,PUBLIC,NONE,DAY,MIXED
412,RIFT VALLEY,BOMET,KONOIN,6B6B,25563211,KITALA MIXED DAY SECONDARY SCHOOL,C4,PUBLIC,NONE,DAY,MIXED
413,RIFT VALLEY,BOMET,KONOIN,W7KP,25563102,KOIWA BOYS HIGH SCHOOL,C2,PUBLIC,NONE,BOARDING,BOYS
414,RIFT VALLEY,BOMET,KONOIN,7GZ2,25563112,KOIWA CENTRAL SECONDARY SCHOOL,C4,PUBLIC,NONE,DAY,MIXED
415,RIFT VALLEY,BOMET,KONOIN,6MVQ,25563126,KOROITIK SECONDARY SCHOOL,C4,PUBLIC,NONE,DAY,MIXED
416,RIFT VALLEY,BOMET,KONOIN,DZS7,25563309,MARINYIN SECONDARY SCHOOL,C4,PUBLIC,NONE,DAY,MIXED
417,RIFT VALLEY,BOMET,KONOIN,VEEC,25563206,MESWONDO SECONDARY SCHOOL,C4,PUBLIC,NONE,DAY,MIXED
418,RIFT VALLEY,BOMET,KONOIN,Z84Z,25563313,MICHIRA SECONDARY SCHOOL,C4,PUBLIC,NONE,DAY,MIXED
419,RIFT VALLEY,BOMET,KONOIN,TFZP,25563129,MOGOGOSIEK TOWNSHIP SECONDARY SCHOOL,C4,PUBLIC,NONE,DAY,MIXED
420,RIFT VALLEY,BOMET,KONOIN,GED4,25563109,MOGONJET SECONDARY SCHOOL,C4,PUBLIC,NONE,DAY,MIXED
421,RIFT VALLEY,BOMET,KONOIN,UXVS,25563312,MUGENYI SECONDARY SCHOOL,C4,PUBLIC,NONE,DAY,MIXED
422,RIFT VALLEY,BOMET,KONOIN,UJR9,25563108,NGERERIT SECONDARY SCHOOL,C4,PUBLIC,NONE,DAY,MIXED
423,RIFT VALLEY,BOMET,KONOIN,REND,25563104,RUSEYA SECONDARY SCHOOL,C3,PUBLIC,NONE,DAY,MIXED
424,RIFT VALLEY,BOMET,KONOIN,5G3R,25563101,SASETA GIRLS' SECONDARY SCHOOL,C2,PUBLIC,NONE,BOARDING,GIRLS
425,RIFT VALLEY,BOMET,KONOIN,ZYJM,25563118,SEANIN SECONDARY SCHOOL,C4,PUBLIC,NONE,DAY,MIXED
426,RIFT VALLEY,BOMET,KONOIN,L3KG,25563111,SIMOTI SECONDARY SCHOOL,C4,PUBLIC,NONE,DAY,MIXED
427,RIFT VALLEY,BOMET,KONOIN,QYFA,25563117,SINENDOIK SECONDARY SCHOOL,C4,PUBLIC,NONE,DAY,MIXED
428,RIFT VALLEY,BOMET,KONOIN,XN92,25563210,SIOMO SECONDARY SCHOOL,C4,PUBLIC,NONE,DAY,MIXED
429,RIFT VALLEY,BOMET,KONOIN,CD38,25563209,SOTIT GIRLS SECONDARY SCHOOL,C4,PUBLIC,NONE,BOARDING,GIRLS
430,RIFT VALLEY,BOMET,KONOIN,42YC,25563203,SOTIT SECONDARY SCHOOL,C3,PUBLIC,NONE,DAY,MIXED
431,RIFT VALLEY,BOMET,KONOIN,GGQ2,25563106,ST BRIGIDS CHEMELET SECONDARY SCHOOL,C3,PUBLIC,NONE,DAY,MIXED
432,RIFT VALLEY,BOMET,KONOIN,D6A3,25563303,ST. MONICA CHEBANG'ANG GIRLS' SECONDARY SCHOOL,C3,PUBLIC,NONE,BOARDING,GIRLS
433,RIFT VALLEY,BOMET,KONOIN,DGHX,25563208,TABOINO MIXED DAY SECONDARY SCHOOL,C4,PUBLIC,NONE,DAY,MIXED
434,RIFT VALLEY,BOMET,KONOIN,WSSE,25563110,TEREK SECONDARY SCHOOL,C4,PUBLIC,NONE,DAY,MIXED
435,RIFT VALLEY,BOMET,KONOIN,9KGF,25563311,TUIYOBEI SECONDARY SCHOOL,C4,PUBLIC,NONE,DAY,MIXED
464,RIFT VALLEY,BOMET,,SOTIK,2227,25533216 KAPLELACH SECONDARY SCHOOL,C4,PUBLIC,NONE,DAY,MIXED
500,WESTERN,BUNGOMA,BUMULA,RJFP,36628148,ACK MUNGORE BOYS SECONDARY SCHOOL,C4,PUBLIC,NONE,BOARDING,BOYS
501,WESTERN,BUNGOMA,BUMULA,FZDA,36628135,BUMULA BOYS SECONDARY SCHOOL,C4,PUBLIC,NONE,BOARDING,BOYS
502,WESTERN,BUNGOMA,BUMULA,9J3H,36628103,BUMULA FRIENDS SECONDARY SCHOOL,C4,PUBLIC,NONE,DAY,MIXED
503,WESTERN,BUNGOMA,BUMULA,EVF6,36628104,CHILIBA SECONDARY SCHOOL,C4,PUBLIC,NONE,DAY,MIXED
504,WESTERN,BUMULA,,EAEH,36628147,JOYVALLEY S.A SPECIAL SECONDARY SCHOOLFOR P.H,C1,PUBLIC,NONE,DAY,MIXED
505,WESTERN,BUNGOMA,BUMULA,BZ4E,36628101,KHASOKO HIGH SCHOOL,C2,PUBLIC,NONE,BOARDING,MIXED
506,WESTERN,BUNGOMA,BUMULA,MS9Q,36628145,KHAYO MMK SECONDARY SCHOOL,C4,PUBLIC,NONE,DAY,MIXED
507,WESTERN,BUNGOMA,BUMULA,GT9V,36628105,MATEKA SECONDARY SCHOOL,C4,PUBLIC,NONE,DAY,MIXED
508,WESTERN,BUNGOMA,BUMULA,2ZXR,36628144,MIKOKWE ACK SECONDARY SCHOOL,C4,PUBLIC,NONE,DAY,MIXED
509,WESTERN,BUNGOMA,BUMULA,R8WQ,36628106,MUNGORE GIRLS SECONDARY SCHOOL,C3,PUBLIC,NONE,BOARDING,GIRLS
510,WESTERN,BUNGOMA,BUMULA,3ES3,36628113,MWIRUTI GIRLS SECONDARY SCHOOL,C3,PUBLIC,NONE,BOARDING,GIRLS
511,WESTERN,BUNGOMA,BUMULA,KRMN,36628116,NAMUSASI SECONDARY SCHOOL,C4,PUBLIC,NONE,DAY,MIXED
512,WESTERN,BUNGOMA,BUMULA,A7ZL,36628119,ST JUDE MUANDA SECONDARY SCHOOL,C4,PUBLIC,NONE,DAY,MIXED
513,WESTERN,BUNGOMA,BUMULA,XVKH,36628137,ST JUDE NAMANZE SECONDARY SHOOL,C4,PUBLIC,NONE,DAY,MIXED
514,WESTERN,BUNGOMA,BUMULA,U8E6,36628129,ST MARY'S NAMATOTOA SECONDARY SCHOOL,C4,PUBLIC,NONE,DAY,MIXED
515,WESTERN,BUNGOMA,BUMULA,R5CW,36628150,ST PAUL'S WAMUNYIRI SECONDARY SCHOOL,C4,PUBLIC,NONE,DAY,MIXED
516,WESTERN,BUNGOMA,BUMULA,B4JD,36628125,ST VERONICA MASUNO SECONDARY SCHOOL,C4,PUBLIC,NONE,DAY,MIXED
517,WESTERN,BUNGOMA,BUMULA,AFW3,36628126,ST. ANTONY NABUREREYA SECONDARY SCHOOL,C4,PUBLIC,NONE,DAY,MIXED
518,WESTERN,BUNGOMA,BUMULA,EQF3,36628121,ST. ELIZABETH LUNAO MIXED DAY SECONDARY SCHOOL,C4,PUBLIC,NONE,DAY,MIXED
519,WESTERN,BUNGOMA,BUMULA,PJD5,36628130,ST. ELIZABETH MALINDA SECONDARY,C4,PUBLIC,NONE,DAY,MIXED
520,WESTERN,BUNGOMA,BUMULA,RXUF,36628114,ST. JOSEPH'S LUMBOKA MEMORIAL SECONDARY SCHOOL,C4,PUBLIC,NONE,DAY,MIXED
521,WESTERN,BUNGOMA,BUMULA,4HDW,36628134,ST. JUDE SYOYA SECONDARY SCHOOL,C4,PUBLIC,NONE,DAY,MIXED
522,WESTERN,BUNGOMA,BUMULA,K4T2,36628124,ST. MARY'S SECONDARY SCHOOL - MUKHUMA,C4,PUBLIC,NONE,DAY,MIXED
523,WESTERN,BUNGOMA,BUMULA,KDS4,36628128,ST. PETERS NAMAIKA SECONDARY SCHOOL,C4,PUBLIC,NONE,DAY,MIXED
524,WESTERN,BUNGOMA,BUMULA,JADU,36628102,ST. TERESA'S KABULA SECONDARY SCHOOL,C2,PUBLIC,NONE,DAY,MIXED
525,WESTERN,BUNGOMA,BUMULA,MACS,36628120,ST.MARY MAGDALINE KIMATUNI GIRLS HIGH SCHOOL,C4,PUBLIC,NONE,BOARDING,GIRLS
526,WESTERN,BUNGOMA,BUMULA,DLSL,36628141,ST.PAUL BUNAMBOBI SECONDARY SCHOOL,C4,PUBLIC,NONE,DAY,MIXED
527,WESTERN,BUNGOMA,BUMULA,NJKT,36628123,ST.PETER'S SYEKUMULO SECONDARY SCHOOL,C4,PUBLIC,NONE,DAY,MIXED
528,WESTERN,BUNGOMA,BUMULA,7UH7,36628133,THE SALVATION ARMY KIMATUNI SECONDARY SCHOOL,C4,PUBLIC,NONE,DAY,MIXED
529,WESTERN,BUNGOMA,BUNGOMA CENTRAL,82KX,36612217,BARAKI FRIENDS SECONDARY SCHOOL,C4,PUBLIC,NONE,DAY,MIXED
530,WESTERN,BUNGOMA,BUNGOMA CENTRAL,QUV6,36612202,BUSAKALA SECONDARY SCHOOL,C3,PUBLIC,NONE,DAY,MIXED
531,WESTERN,BUNGOMA,BUNGOMA CENTRAL,5CW4,36612119,CARDINAL OTUNGA SICHEI SECONDARY SCHOOL,C4,PUBLIC,NONE,DAY,MIXED
532,WESTERN,BUNGOMA,BUNGOMA CENTRAL,UHCV,36612203,CHEBUKAKA GIRLS SECONDARY SCHOOL,C2,PUBLIC,NONE,BOARDING,GIRLS
533,WESTERN,BUNGOMA,BUNGOMA CENTRAL,F3LY,36612103,CHEBUKWA SECONDARY SCHOOL,C4,PUBLIC,NONE,DAY,MIXED
534,WESTERN,BUNGOMA,BUNGOMA CENTRAL,K579,36612126,CHEBUNYINYI ACK SECONDARY SCHOOL,C4,PUBLIC,NONE,DAY,MIXED
535,WESTERN,BUNGOMA,BUNGOMA CENTRAL,5LPV,36612122,CHEKULO BAPTIST SECONDARY SCHOOL,C4,PUBLIC,NONE,DAY,MIXED
536,WESTERN,BUNGOMA,BUNGOMA CENTRAL,K7PM,36612110,CHEKULO FRIENDS SECONDARY SCHOOL,C4,PUBLIC,NONE,DAY,MIXED
537,WESTERN,BUNGOMA,BUNGOMA CENTRAL,4JWU,36612213,CHENJENI FRIENDS SECONDARY SCHOOL,C4,PUBLIC,NONE,DAY,MIXED
538,WESTERN,BUNGOMA,BUNGOMA CENTRAL,MYQK,36612150,FRIENDS SCHOOL PONGOLA,C4,PUBLIC,NONE,DAY,MIXED
539,WESTERN,BUNGOMA,BUNGOMA CENTRAL,CRDE,36612215,FRIENDS SECONDARY SCHOOL KIBICHORI,C4,PUBLIC,NONE,DAY,MIXED
540,WESTERN,BUNGOMA,BUNGOMA CENTRAL,YH2W,36612114,HON. MOSES WETANGULA MIKAYU FRIENDS SECONDARY,C4,PUBLIC,NONE,DAY,MIXED
541,WESTERN,BUNGOMA,BUNGOMA CENTRAL,6S2K,36612214,HON.MOSES WETANGULA MILEMBE SECONDARY,C4,PUBLIC,NONE,DAY,MIXED
542,WESTERN,BUNGOMA,BUNGOMA CENTRAL,XXGS,36612112,KABUCHAI GIRLS SECONDARY SCHOOL,C3,PUBLIC,NONE,BOARDING,GIRLS
543,WESTERN,BUNGOMA,BUNGOMA CENTRAL,U4WA,36612106,KHACHONGE GIRLS SECONDARY SCHOOL,C3,PUBLIC,NONE,BOARDING,GIRLS
544,WESTERN,BUNGOMA,BUNGOMA CENTRAL,L4KC,36612204,KIMALEWA SECONDARY SCHOOL,C3,PUBLIC,NONE,DAY,MIXED
545,WESTERN,BUNGOMA,BUNGOMA CENTRAL,NC2T,36612205,KUYWA GIRLS SECONDARY SCHOOL,C2,PUBLIC,NONE,BOARDING,GIRLS
546,WESTERN,BUNGOMA,BUNGOMA CENTRAL,YA9E,36612206,LUKHOME SECONDARY SCHOOL,C4,PUBLIC,NONE,DAY,MIXED
547,WESTERN,BUNGOMA,BUNGOMA CENTRAL,8ANV,36612104,LUUYA GIRLS SECONDARY SCHOOL,C2,PUBLIC,NONE,BOARDING,GIRLS
548,WESTERN,BUNGOMA,BUNGOMA CENTRAL,DNYJ,36612109,MABANGA GIRLS SECONDARY SCHOOL,C3,PUBLIC,NONE,BOARDING,GIRLS
549,WESTERN,BUNGOMA,BUNGOMA CENTRAL,AHBM,36612207,MADISI SECONDARY SCHOOL,C4,PUBLIC,NONE,DAY,MIXED
550,WESTERN,BUNGOMA,BUNGOMA CENTRAL,DA6L,36612208,MAKHONGE FRIENDS SECONDARY SCHOOL,C4,PUBLIC,NONE,DAY,MIXED
551,WESTERN,BUNGOMA,BUNGOMA CENTRAL,E2Q9,36612121,MAROBO GIRLS SECONDARY SCHOOL,C3,PUBLIC,NONE,BOARDING,GIRLS
552,WESTERN,BUNGOMA,BUNGOMA CENTRAL,FCMC,36612107,MAROBO SECONDARY SCHOOL,C4,PUBLIC,NONE,DAY,MIXED
553,WESTERN,BUNGOMA,BUNGOMA CENTRAL,U9JV,36612111,MUSOKHO FRIENDS SECONDARY SCHOOL,C4,PUBLIC,NONE,DAY,MIXED
554,WESTERN,BUNGOMA,BUNGOMA CENTRAL,7BC9,36612116,NALONDO CBM SECONDARY FOR PHYSICALLY HANDCAPPED,C1,PUBLIC,NONE,DAY,MIXED
555,WESTERN,BUNGOMA,BUNGOMA CENTRAL,BHN5,36612101,NAMILAMA SECONDARY SCHOOL,C3,PUBLIC,NONE,DAY,MIXED
556,WESTERN,BUNGOMA,BUNGOMA CENTRAL,EX3Q,36612123,S A KASOSI SECONDARY SCHOOL,C4,PUBLIC,NONE,DAY,MIXED
557,WESTERN,BUNGOMA,BUNGOMA CENTRAL,QU72,36612129,S.A KHATIRI SECONDARY SCHOOL,C4,PUBLIC,NONE,DAY,MIXED
558,WESTERN,BUNGOMA,BUNGOMA CENTRAL,4FAH,36612212,SALVATION ARMY WABUKHONYI SECONDARY,C4,PUBLIC,NONE,DAY,MIXED
559,WESTERN,BUNGOMA,BUNGOMA CENTRAL,HQAB,36612216,SANANDIKI GIRLS FRIENDS SECONDARY SCHOOL,C4,PUBLIC,NONE,BOARDING,GIRLS
560,WESTERN,BUNGOMA,BUNGOMA CENTRAL,YXHD,36612209,SICHEI FRIENDS SECONDARY SCHOOL,C4,PUBLIC,NONE,DAY,MIXED
561,WESTERN,BUNGOMA,BUNGOMA CENTRAL,TBXE,36612210,SIKULU FRIENDS SECONDARY SCHOOL,C4,PUBLIC,NONE,DAY,MIXED
562,WESTERN,BUNGOMA,BUNGOMA CENTRAL,Z3R7,36612102,SIKUSI SECONDARY SCHOOL,C3,PUBLIC,NONE,DAY,MIXED
563,WESTERN,BUNGOMA,BUNGOMA CENTRAL,4VZ9,36612125,ST. ANNE SECONDARY SCHOOL SIRARE,C4,PUBLIC,NONE,DAY,MIXED
564,WESTERN,BUNGOMA,BUNGOMA CENTRAL,VTXB,36612113,ST. BRIDGID NANGWE GIRLS HIGH SCHOOL,C3,PUBLIC,NONE,BOARDING,GIRLS
565,WESTERN,BUNGOMA,BUNGOMA CENTRAL,8GEY,36612105,ST. CHARLES LWANGA SECONDARY SCHOOL BWAKE,C3,PUBLIC,NONE,DAY,MIXED
566,WESTERN,BUNGOMA,BUNGOMA CENTRAL,T3EZ,36612130,ST. JOHN MARY VIANNEY KIBOOCHI SECONDARY,C4,PUBLIC,NONE,DAY,MIXED
567,WESTERN,BUNGOMA,BUNGOMA CENTRAL,KZYW,36612115,ST. JOSEPHS NALONDO GIRLS,C3,PUBLIC,NONE,BOARDING,GIRLS
568,WESTERN,BUNGOMA,BUNGOMA CENTRAL,D8ZH,36612128,ST. KIZITO GIRLS SECONDARY SCHOOL - MUKHWEYA,C4,PUBLIC,NONE,BOARDING,GIRLS
569,WESTERN,BUNGOMA,BUNGOMA CENTRAL,T9TZ,36612127,ST. MICHAEL NASAKA SECONDARY SCHOOL,C4,PUBLIC,NONE,DAY,MIXED
570,WESTERN,BUNGOMA,BUNGOMA CENTRAL,KRGJ,36612120,ST. PETERS CHEMWA SECONDARY SCHOOL,C4,PUBLIC,NONE,DAY,MIXED
571,WESTERN,BUNGOMA,BUNGOMA CENTRAL,6WNU,36612108,ST.JOSEPH'S NALONDO BOYS HIGH SCHOOL,C2,PUBLIC,NONE,BOARDING,BOYS
572,WESTERN,BUNGOMA,BUNGOMA CENTRAL,2C82,36612124,ST.PETERS LURENDE SECONDARY SCHOOL,C4,PUBLIC,NONE,DAY,MIXED
573,WESTERN,BUNGOMA,BUNGOMA CENTRAL,PCQ4,36612201,TEREMI BOYS HIGH SCHOOL,C2,PUBLIC,NONE,BOARDING,BOYS
720,WESTERN,BUNGOMA,CHEPTAIS,A68C,36630306,CHEPKUBE A.C.K SECONDARY SCHOOL,C4,PUBLIC,NONE,DAY,MIXED
721,WESTERN,BUNGOMA,CHEPTAIS,8BDS,36630205,CHEPKUBE S.A SECONDARY SCHOOL,C4,PUBLIC,NONE,DAY,MIXED
722,WESTERN,BUNGOMA,CHEPTAIS,PALY,36630202,CHESIKAKI R.C SECONDARY SCHOOL,C4,PUBLIC,NONE,DAY,MIXED
723,WESTERN,BUNGOMA,CHEPTAIS,JAG2,36630210,CHESIRO S.A MIXED SECONDARY SCHOOL,C4,PUBLIC,NONE,DAY,MIXED
724,WESTERN,BUNGOMA,CHEPTAIS,WTSU,36630207,KIM GIRLS HIGH SCHOOL-KAPKOTA,C3,PUBLIC,NONE,BOARDING,GIRLS
725,WESTERN,BUNGOMA,CHEPTAIS,EV99,36630201,KIMABOLE SECONDARY SCHOOL,C3,PUBLIC,NONE,DAY,MIXED
726,WESTERN,BUNGOMA,CHEPTAIS,UL23,36630208,KIPSIS SECONDARY SCHOOL,C3,PUBLIC,NONE,DAY,MIXED
727,WESTERN,BUNGOMA,CHEPTAIS,FV8F,36630209,MULATIWA SECONDARY SCHOOL,C4,PUBLIC,NONE,DAY,MIXED
728,WESTERN,BUNGOMA,CHEPTAIS,AC8R,36630211,S.A NALONDO SECONDARY SCHOOL,C4,PUBLIC,NONE,DAY,MIXED
729,WESTERN,BUNGOMA,CHEPTAIS,CJQW,36630213,ST. CHARLES LWANGA SECONDARY SCHOOL - KAPTOBOI,C4,PUBLIC,NONE,DAY,MIXED
730,WESTERN,BUNGOMA,CHEPTAIS,3GS9,36630204,THE SALVATION ARMY CHEPTAIS BOYS HIGH SCHOOL,C3,PUBLIC,NONE,BOARDING,BOYS
731,WESTERN,BUNGOMA,CHEPTAIS,Z742,36630212,TOROSO MIXED DAY AND BOARDING SECONDARY SCHOOL,C4,PUBLIC,NONE,DAY,MIXED
732,WESTERN,BUNGOMA,CHEPTAIS,3YWK,36630203,TOROSO SECONDARY SCHOOL,C3,PUBLIC,NONE,DAY,MIXED
733,WESTERN,BUNGOMA,KIMAETI,M88B,36637112,BISUCHE ACK SECONDARY,C4,PUBLIC,NONE,DAY,MIXED
734,WESTERN,BUNGOMA,KIMAETI,YY8E,36637113,FRIENDS SCHOOL KISIOYI SECONDARY SCHOOL,C4,PUBLIC,NONE,DAY,MIXED
735,WESTERN,BUNGOMA,KIMAETI,7DNA,36637121,KIJANA WAMALWA MEMORIAL SCHOOL MWOMO,C4,PUBLIC,NONE,DAY,MIXED
736,WESTERN,BUNGOMA,KIMAETI,XR6W,36637101,KIMAETI HIGH SCHOOL,C3,PUBLIC,NONE,BOARDING,MIXED
737,WESTERN,BUNGOMA,KIMAETI,CTAF,36637115,MACHWELE SECONDARY SCHOOL,C4,PUBLIC,NONE,DAY,MIXED
738,WESTERN,BUNGOMA,KIMAETI,JTPX,36637110,MUKWA SECONDARY SCHOOL,C4,PUBLIC,NONE,DAY,MIXED
739,WESTERN,BUNGOMA,KIMAETI,ND8T,36637122,MWIYENGA GIRLS HIGH SCHOOL,C4,PUBLIC,NONE,BOARDING,GIRLS
740,WESTERN,BUNGOMA,KIMAETI,9XJM,36637106,MYANGA SECONDARY SCHOOL,C4,PUBLIC,NONE,DAY,MIXED
741,WESTERN,BUNGOMA,KIMAETI,3Q8Y,36637109,NAKHWANA SECONDARY,C4,PUBLIC,NONE,DAY,MIXED
742,WESTERN,BUNGOMA,KIMAETI,5UYM,36637103,NANG'ENI GIRLS,C4,PUBLIC,NONE,BOARDING,GIRLS
743,WESTERN,BUNGOMA,KIMAETI,7HFS,36637104,NAPARA SECONDARY SCHOOL,C3,PUBLIC,NONE,DAY,MIXED
744,WESTERN,BUNGOMA,KIMAETI,LS9R,36637117,ST ANTHONY TULUKUYI SEC.SCH,C4,PUBLIC,NONE,DAY,MIXED
745,WESTERN,BUNGOMA,KIMAETI,SRAL,36637120,ST JOSEPH'S BUKIRIMO SECONDARY SCHOOL,C4,PUBLIC,NONE,DAY,MIXED
746,WESTERN,BUNGOMA,KIMAETI,JBXS,36637114,ST MARYS NG'OLI SECONDARY SCHOOL,C4,PUBLIC,NONE,DAY,MIXED
747,WESTERN,BUNGOMA,KIMAETI,9AZ5,36637102,ST PAU'LS MILUKI SECONDARY SCHOOL,C3,PUBLIC,NONE,DAY,MIXED
748,WESTERN,BUNGOMA,KIMAETI,XXGL,36637108,ST PETER 'S SIBOTI SECONDARY SCHOOL,C4,PUBLIC,NONE,DAY,MIXED
749,WESTERN,BUNGOMA,KIMAETI,W4K5,36637118,ST. ELIZABETH SECONDARY SCHOOL - BITOBO,C4,PUBLIC,NONE,DAY,MIXED
750,WESTERN,BUNGOMA,KIMAETI,836F,36637111,ST. KIZITO MASIELO MIXED SECONDARY SCHOOL,C4,PUBLIC,NONE,DAY,MIXED
751,WESTERN,BUNGOMA,KIMAETI,ANES,36637107,ST. KIZITO MAYANJA MIXED SECONDARY SCHOOL,C4,PUBLIC,NONE,DAY,MIXED
752,WESTERN,BUNGOMA,KIMAETI,83UX,36637105,ST. PATRICK'S NETIMA SECONDARY SCHOOL,C4,PUBLIC,NONE,DAY,MIXED
753,WESTERN,BUNGOMA,KIMILILI,FZSZ,36621111,ST. THERESA'S GIRLS SECONDARY SCHOOL KIMILILI,C3,PUBLIC,NONE,BOARDING,GIRLS
754,WESTERN,BUNGOMA,KIMILILI,5RSH,36621137,ACK CHELEKEI SECONDARY SCHOOL,C4,PUBLIC,NONE,DAY,MIXED
755,WESTERN,BUNGOMA,KIMILILI,BY6X,36621118,BITUYU FRIENDS SECONDARY SCHOOL,C4,PUBLIC,NONE,DAY,MIXED
756,WESTERN,BUNGOMA,KIMILILI,7JV7,36621101,CHESAMISI BOYS HIGH SCHOOL,C2,PUBLIC,NONE,BOARDING,BOYS
757,WESTERN,BUNGOMA,KIMILILI,H922,36621122,FRIENDS KAMASIELO SECONDARY SCHOOL,C4,PUBLIC,NONE,DAY,MIXED
758,WESTERN,BUNGOMA,KIMILILI,VMZ9,36600004,FRIENDS KAMUSINGA,C1,PUBLIC,NONE,DAY,MIXED
759,WESTERN,BUNGOMA,KIMILILI,SKCN,36621113,FRIENDS MIXED SECONDARY SCHOOL CHESAMISI,C4,PUBLIC,NONE,DAY,MIXED
760,WESTERN,BUNGOMA,KIMILILI,TZGH,36621124,FRIENDS SCHOOL KIBUNDE SECONDARY,C4,PUBLIC,NONE,DAY,MIXED
761,WESTERN,BUNGOMA,KIMILILI,2QGV,36621117,FRIENDS SECONDARY SCHOOL CHEBUKWABI,C4,PUBLIC,NONE,DAY,MIXED
762,WESTERN,BUNGOMA,KIMILILI,3BR9,36621139,FRIENDS SECONDARY SCHOOL NAMBOANI,C4,PUBLIC,NONE,DAY,MIXED
763,WESTERN,BUNGOMA,KIMILILI,9YKQ,36621138,KAMUKUYWA TOWNSHIP HIGH SCHOOL,C4,PUBLIC,NONE,BOARDING,MIXED
764,WESTERN,BUNGOMA,KIMILILI,PMSE,36621102,KAMUSINDE BOYS HIGH SCHOOL,C2,PUBLIC,NONE,BOARDING,BOYS
765,WESTERN,BUNGOMA,KIMILILI,RL27,36621109,KIBINGEI FRIENDS SECONDARY SCHOOL,C4,PUBLIC,NONE,DAY,MIXED
766,WESTERN,BUNGOMA,KIMILILI,Y45F,36621115,KIMIILILI FRIENDS GIRLS SECONDARY SCHOOL,C2,PUBLIC,NONE,BOARDING,GIRLS
767,WESTERN,BUNGOMA,KIMILILI,RR93,36621133,LUKHOME BAPTIST SECONDARY SCHOOL,C4,PUBLIC,NONE,DAY,MIXED
768,WESTERN,BUNGOMA,KIMILILI,2J2N,36621103,MAENI GIRLS' SECONDARY SCHOOL,C3,PUBLIC,NONE,BOARDING,GIRLS
769,WESTERN,BUNGOMA,KIMILILI,HRV6,36621119,MATILI FRIENDS SECONDARY SCHOOL,C4,PUBLIC,NONE,DAY,MIXED
770,WESTERN,BUNGOMA,KIMILILI,VJ73,36621108,"MOI GIRLS HIGH SCHOOL, KAMUSINGA",C1,PUBLIC,NONE,BOARDING,GIRLS
771,WESTERN,BUNGOMA,KIMILILI,FYUB,36621112,NAMAWANGA BAHA'I SEC SCH,C3,PUBLIC,NONE,DAY,MIXED
772,WESTERN,BUNGOMA,KIMILILI,34NQ,36621136,NEW HOPE MWANGALE SECONDARY SCHOOL,C4,PUBLIC,NONE,DAY,MIXED
773,WESTERN,BUNGOMA,KIMILILI,QXKV,36621128,S.A. LWANDA SECONDARY SCHOOL,C4,PUBLIC,NONE,DAY,MIXED
774,WESTERN,BUNGOMA,KIMILILI,U2GV,36621140,SALVATION ARMY NASIANDA MIXED SECONDARY SCHOOL,C4,PUBLIC,NONE,DAY,MIXED
775,WESTERN,BUNGOMA,KIMILILI,HPAK,36621114,SIKHENDU MIXED SECONDARY SCHOOL,C4,PUBLIC,NONE,DAY,MIXED
776,WESTERN,BUNGOMA,KIMILILI,8V3X,36621107,ST EMMANUEL'S MIRURI SECONDARY SCHOOL,C4,PUBLIC,NONE,DAY,MIXED
777,WESTERN,BUNGOMA,KIMILILI,M265,36621120,ST JAMES ACK SECONDARY SCHOOL - MAPELA,C4,PUBLIC,NONE,DAY,MIXED
778,WESTERN,BUNGOMA,KIMILILI,ATY3,36621129,ST. BRIGID'S SECONDARY SCHOOL- KITAYI,C4,PUBLIC,NONE,DAY,MIXED
779,WESTERN,BUNGOMA,KIMILILI,SGFW,36621135,ST. ELIZABETH SECONDARY SCHOOL -SIBAKALA,C4,PUBLIC,NONE,DAY,MIXED
780,WESTERN,BUNGOMA,KIMILILI,Z9LE,36621123,ST. JAN SECONDARY SCHOOL,C4,PUBLIC,NONE,DAY,MIXED
781,WESTERN,BUNGOMA,KIMILILI,HPBK,36621127,ST. JOHN'S BUKO SECONDARY SCHOOL,C4,PUBLIC,NONE,DAY,MIXED
782,WESTERN,BUNGOMA,KIMILILI,46FN,36621121,ST. JOSEPH'S KAMUSINDE SECONDARY SCHOOL,C4,PUBLIC,NONE,DAY,MIXED
783,WESTERN,BUNGOMA,KIMILILI,QCT6,36621110,ST. LUKE'S BOYS' HIGH SCHOOL KIMILILI,C2,PUBLIC,NONE,BOARDING,BOYS
784,WESTERN,BUNGOMA,KIMILILI,YUZX,36621105,ST. MARY'S SOSIO SECONDARY SCHOOL,C2,PUBLIC,NONE,DAY,MIXED
785,WESTERN,BUNGOMA,KIMILILI,SMK8,36621104,ST. PETER'S NAKALIRA SECONDARY SCHOOL,C3,PUBLIC,NONE,DAY,MIXED
786,WESTERN,BUNGOMA,KIMILILI,E3PH,36621116,WAMALWA KIJANA FRIENDS SECONDARY SCHOOL,C3,PUBLIC,NONE,DAY,MIXED
787,WESTERN,BUNGOMA,KOPSIRO,87QM,36638301,CHELEBEI SECONDARY SCHOOL,C4,PUBLIC,NONE,DAY,MIXED
788,WESTERN,BUNGOMA,KOPSIRO,RSYV,36638312,CHEPKURKUR S. A. SECONDARY SCHOOL,C4,PUBLIC,NONE,DAY,MIXED
789,WESTERN,BUNGOMA,KOPSIRO,6U8W,36638302,KAPKATENY A.C.K SECONDARY SCHOOL,C3,PUBLIC,NONE,DAY,MIXED
790,WESTERN,BUNGOMA,KOPSIRO,2QDF,36638308,KEBEE S.A SECONDARY SCHOOL,C4,PUBLIC,NONE,DAY,MIXED
791,WESTERN,BUNGOMA,KOPSIRO,JEFR,36638311,KUBURA S.A SECONDARY SCHOOL,C4,PUBLIC,NONE,DAY,MIXED
792,WESTERN,BUNGOMA,KOPSIRO,YBAG,36638303,MASAEK SECONDARY SCHOOL,C4,PUBLIC,NONE,DAY,MIXED
793,WESTERN,BUNGOMA,KOPSIRO,WYHM,36638307,ST. JOHN'S CHEPYUK SECONDARY SCHOOL,C4,PUBLIC,NONE,DAY,MIXED
794,WESTERN,BUNGOMA,KOPSIRO,F2KF,36638309,ST. JUDE KAIMUGUL MIXED SECONDARY SCHOOL,C4,PUBLIC,NONE,DAY,MIXED
795,WESTERN,BUNGOMA,KOPSIRO,5DHS,36638310,ST. PETERS CHEPTONON SECONDARY SCHOOL,C4,PUBLIC,NONE,DAY,MIXED
796,WESTERN,BUNGOMA,KOPSIRO,KBA8,36638305,ST. TERESA'S GIRLS - CHEPTOROR,C3,PUBLIC,NONE,BOARDING,GIRLS
797,WESTERN,BUNGOMA,KOPSIRO,XG9E,36638304,TEREM S A SECONDARY SCHOOL,C4,PUBLIC,NONE,DAY,MIXED
817,WESTERN,BUNGOMA,TONGAREN,GGX5,36636007,A.I.C JAMES MWEI SECONDARY,C4,PUBLIC,NONE,DAY,MIXED
818,WESTERN,BUNGOMA,TONGAREN,DR9T,36636015,BIRUNDA PAG SECONDARY,C4,PUBLIC,NONE,DAY,MIXED
819,WESTERN,BUNGOMA,TONGAREN,KBER,36636008,BISHOP ATUNDO GIRLS SEC SCHOOL,C4,PUBLIC,NONE,BOARDING,GIRLS
820,WESTERN,BUNGOMA,TONGAREN,J3MR,36636001,BISHOP PHILIP ANYOLO SEC - KAKAMWE,C3,PUBLIC,NONE,DAY,MIXED
821,WESTERN,BUNGOMA,TONGAREN,THUN,36636013,BUNAMBO MIXED SECONDARY SCHOOL,C4,PUBLIC,NONE,DAY,MIXED
822,WESTERN,BUNGOMA,TONGAREN,M49Y,36636020,FRIENDS KIMININI SECONDARY SCHOOL,C4,PUBLIC,NONE,DAY,MIXED
823,WESTERN,BUNGOMA,TONGAREN,Y5HB,36636014,LUKHUNA FRIENDS MIXED SECONDARY,C4,PUBLIC,NONE,DAY,MIXED
824,WESTERN,BUNGOMA,TONGAREN,74HA,36636024,MAKOLOLWE PAG SECONDARY SCHOOL,C4,PUBLIC,NONE,DAY,MIXED
825,WESTERN,BUNGOMA,TONGAREN,JJ2W,36636021,MANYASA FRIENDS SECONDARY SCHOOL,C4,PUBLIC,NONE,DAY,MIXED
826,WESTERN,BUNGOMA,TONGAREN,JT6X,36636022,MILELE FRIENDS SECONDARY,C4,PUBLIC,NONE,DAY,MIXED
827,WESTERN,BUNGOMA,TONGAREN,KQ55,36636016,MILIMANI S.A SEC SCHOOL,C4,PUBLIC,NONE,DAY,MIXED
828,WESTERN,BUNGOMA,TONGAREN,K4K8,36636010,MITUA GIRLS HIGH SCHOOL,C2,PUBLIC,NONE,BOARDING,GIRLS
829,WESTERN,BUNGOMA,TONGAREN,T4J3,36636003,MULIRO FRIENDS SECONDARY SCHOOL,C4,PUBLIC,NONE,DAY,MIXED
830,WESTERN,BUNGOMA,TONGAREN,Y296,36636004,NAMUNYIRI RCEA GIRLS SECONDARY,C4,PUBLIC,NONE,BOARDING,GIRLS
831,WESTERN,BUNGOMA,TONGAREN,ZR6J,36636017,NYANGE PAG SECONDARY SCHOOL,C4,PUBLIC,NONE,DAY,MIXED
832,WESTERN,BUNGOMA,TONGAREN,E97G,36636023,ST. ANNE'S SIANGALAMWE SECONDARY,C4,PUBLIC,NONE,DAY,MIXED
833,WESTERN,BUNGOMA,TONGAREN,GXNA,36636002,ST. AUGUSTINE GIRLS HIGH SCHOOL,C2,PUBLIC,NONE,BOARDING,GIRLS
834,WESTERN,BUNGOMA,TONGAREN,L2B9,36636011,ST. JOSEPH'S BINYENYA SECONDARY,C4,PUBLIC,NONE,DAY,MIXED
835,WESTERN,BUNGOMA,TONGAREN,B2MP,36636012,ST. JULIANA NARATI SECONDARY,C4,PUBLIC,NONE,DAY,MIXED
836,WESTERN,BUNGOMA,TONGAREN,Y2KF,36636018,ST. MARY'S MWIKHUPO SECONDARY,C4,PUBLIC,NONE,DAY,MIXED
837,WESTERN,BUNGOMA,TONGAREN,4QV8,36636005,ST.PAULS NARATI BOYS SECONDARY,C3,PUBLIC,NONE,BOARDING,BOYS
838,WESTERN,BUNGOMA,TONGAREN,HH6T,36636009,ST.PETER'S NDALU SECONDARY,C3,PUBLIC,NONE,DAY,MIXED
839,WESTERN,BUNGOMA,TONGAREN,CRL5,36636006,TABANI FRIENDS SECONDARY,C3,PUBLIC,NONE,DAY,MIXED
840,WESTERN,BUNGOMA,TONGAREN,FC8Q,36636019,TONGAREN D.E.B SECONDARY SCHOOL,C4,PUBLIC,NONE,DAY,MIXED
876,WESTERN,BUSIA,BUNYALA,XHU3,35610110,A.C.K. MUSOMA MIXED SECONDARY SCHOOL,C4,PUBLIC,NONE,DAY,MIXED
877,WESTERN,BUSIA,BUNYALA,TPSY,35610109,BUKOMA SECONDARY SCHOOL,C4,PUBLIC,NONE,DAY,MIXED
878,WESTERN,BUSIA,BUNYALA,D9KW,35610108,BUNYALA MODEL SECONDARY SCHOOL,C4,PUBLIC,NONE,DAY,MIXED
879,WESTERN,BUSIA,BUNYALA,4QT4,35610102,JOHN OSOGO SECONDARY SCHOOL,C3,PUBLIC,NONE,DAY,MIXED
880,WESTERN,BUSIA,BUNYALA,2WWN,35610104,MAKUNDA MIXED SECONDARY SCHOOL,C4,PUBLIC,NONE,DAY,MIXED
881,WESTERN,BUSIA,BUNYALA,6LLJ,35610105,OSIEKO SECONDARY SCHOOL,C4,PUBLIC,NONE,DAY,MIXED
882,WESTERN,BUSIA,BUNYALA,52NR,35610012,PETTER HABENGA OKONDO SEC,C4,PUBLIC,NONE,DAY,MIXED
883,WESTERN,BUSIA,BUNYALA,JCQS,35610106,ST ANNE'S BUNYALA GIRLS SECONDARY SCHOOL,C3,PUBLIC,NONE,BOARDING,GIRLS
884,WESTERN,BUSIA,BUNYALA,UKK7,35610113,ST. MARY'S NAMABUSI SEC,C4,PUBLIC,NONE,DAY,MIXED
885,WESTERN,BUSIA,BUNYALA,MCPK,35610107,ST. TRIZA MUNDERE GIRLS SECONDARY SCHOOL,C3,PUBLIC,NONE,BOARDING,GIRLS
886,WESTERN,BUSIA,BUNYALA,DJGY,35610101,ST.BENEDICT'S HIGH SCHOOL -BUDALANGI,C2,PUBLIC,NONE,BOARDING,MIXED
887,WESTERN,BUSIA,BUNYALA,ZWJQ,35610103,ST.CECILIA NAMENYA GIRLS SCHOOL,C3,PUBLIC,NONE,BOARDING,GIRLS
888,WESTERN,BUSIA,BUNYALA,Z9BG,35610111,ST.MICHAEL SISENYE MIXED SECONDARY SCHOOL,C4,PUBLIC,NONE,DAY,MIXED
913,WESTERN,BUSIA,BUTULA,SVQK,35623131,A.C. BULWANI MIXED SECONDARY,C4,PUBLIC,NONE,DAY,MIXED
914,WESTERN,BUSIA,BUTULA,CT7E,35623132,ACK ALL SAINT'S SIMULI SECONDARY SCHOOL,C4,PUBLIC,NONE,DAY,MIXED
915,WESTERN,BUSIA,BUTULA,SAHT,35623121,BNS SIKOMA DAY SECONDARY,C4,PUBLIC,NONE,DAY,MIXED
916,WESTERN,BUSIA,BUTULA,474Q,35623101,BUHUYI SEC,C3,PUBLIC,NONE,DAY,MIXED
917,WESTERN,BUSIA,BUTULA,7K38,35623108,BUJUMBA BOYS SECONDARY,C2,PUBLIC,NONE,BOARDING,BOYS
918,WESTERN,BUSIA,BUTULA,9JVN,35623124,BUJUMBA GIRLS SECONDARY,C3,PUBLIC,NONE,BOARDING,GIRLS
919,WESTERN,BUSIA,BUTULA,RMJK,35623106,BUKHALALIRE BOYS HIGH SCHOOL,C3,PUBLIC,NONE,BOARDING,BOYS
920,WESTERN,BUSIA,BUTULA,UMFU,35623109,BUMALA A C SECONDARY SCHOOL,C4,PUBLIC,NONE,DAY,MIXED
921,WESTERN,BUSIA,BUTULA,LNC8,35623105,BUSIADA GIRLS,C2,PUBLIC,NONE,BOARDING,GIRLS
922,WESTERN,BUSIA,BUTULA,6UPN,35600007,BUTULA BOYS HIGH SCHOOL,C1,PUBLIC,NONE,BOARDING,BOYS
923,WESTERN,BUSIA,BUTULA,Y36H,35623115,BWALIRO GIRLS,C4,PUBLIC,NONE,BOARDING,GIRLS
924,WESTERN,BUSIA,BUTULA,RYG9,35623120,ELUKHARI MIXED DAY SECONDARY,C4,PUBLIC,NONE,DAY,MIXED
925,WESTERN,BUSIA,BUTULA,SJBP,35623127,ESIBEMBE AC GIRLS SECONDARY SCHOOL,C4,PUBLIC,NONE,BOARDING,GIRLS
926,WESTERN,BUSIA,BUTULA,KQGN,35623114,IKONNZO SECONDARY SCHOOL,C4,PUBLIC,NONE,DAY,MIXED
927,WESTERN,BUSIA,BUTULA,2JU4,35623104,LUGULU AC SECONDARY SCHOOL,C3,PUBLIC,NONE,DAY,MIXED
928,WESTERN,BUSIA,BUTULA,VPNJ,35623128,MADOLA MIXED SECONDARY SCHOOL,C4,PUBLIC,NONE,DAY,MIXED
929,WESTERN,BUSIA,BUTULA,38XR,35623122,MASEBULA SECONDARY SCHOOL,C4,PUBLIC,NONE,DAY,MIXED
930,WESTERN,BUSIA,BUTULA,3EY6,35623103,ST CLARE BUTULA GIRLS,C3,PUBLIC,NONE,BOARDING,GIRLS
931,WESTERN,BUSIA,BUTULA,65AK,35623116,ST PAUL'S BUKHUMA SECONDARY SCHOOL,C4,PUBLIC,NONE,DAY,MIXED
932,WESTERN,BUSIA,BUTULA,75LT,35623112,ST PETER'S SIRIKHAYA SECONDARY SCHOOL,C4,PUBLIC,NONE,DAY,MIXED
933,WESTERN,BUSIA,BUTULA,GX4S,35623111,ST ROMANOS TINGOLO SEC,C4,PUBLIC,NONE,DAY,MIXED
934,WESTERN,BUSIA,BUTULA,R6GL,35623118,ST. ALLOYS BURIYA SECONDARY SCHOOL,C4,PUBLIC,NONE,DAY,MIXED
935,WESTERN,BUSIA,BUTULA,ZXY2,35623110,ST. AUSTIN'S KINGANDOLE HIGH SCHOOL,C4,PUBLIC,NONE,BOARDING,MIXED
936,WESTERN,BUSIA,BUTULA,4A3W,35623123,ST. MARY'S SIRIBO MIXED SEC. SCH.,C4,PUBLIC,NONE,DAY,MIXED
937,WESTERN,BUSIA,BUTULA,YVJR,35623126,ST. MICHAEL BUDUMA GIRLS,C4,PUBLIC,NONE,BOARDING,GIRLS
938,WESTERN,BUSIA,BUTULA,Q83W,35623119,ST. MONICA'S BUTUNYI GIRLS SECONDARY SCHOOL,C4,PUBLIC,NONE,BOARDING,GIRLS
939,WESTERN,BUSIA,BUTULA,LV4Q,35623113,ST. PETER'S BUMALA 'B' SECONDARY SCHOOL,C4,PUBLIC,NONE,DAY,MIXED
940,WESTERN,BUSIA,BUTULA,7P88,35623125,ST. PETER'S MUNG'ABO MIXED SEC.,C4,PUBLIC,NONE,DAY,MIXED
941,WESTERN,BUSIA,BUTULA,TJ8X,35623107,ST.JOSEPH'S BUMUTIRU SECONDARY,C3,PUBLIC,NONE,DAY,MIXED
942,WESTERN,BUSIA,NAMBALE,95MZ,35629125,CANON AWORI NAMBALE AC SEC. SCHOOL,C4,PUBLIC,NONE,DAY,MIXED
943,WESTERN,BUSIA,NAMBALE,LQHN,35629110,FR SIMON MIXED SECONDARY SCHOOL SIBEMBE,C4,PUBLIC,NONE,DAY,MIXED
944,WESTERN,BUSIA,NAMBALE,XEJY,35629112,KATIRA SECONDARY SCHOOL,C4,PUBLIC,NONE,DAY,MIXED
945,WESTERN,BUSIA,NAMBALE,QY67,35629111,KHAYO SECONDARY SCHOOL,C4,PUBLIC,NONE,DAY,MIXED
946,WESTERN,BUSIA,NAMBALE,LK8F,35629102,KISOKO GIRLS SECONDARY SCHOOL,C2,PUBLIC,NONE,BOARDING,GIRLS
947,WESTERN,BUSIA,NAMBALE,RK35,35629106,MALANGA MIXED SECONDARY SCHOOL,C3,PUBLIC,NONE,DAY,MIXED
948,WESTERN,BUSIA,NAMBALE,ZEFL,35629101,NAMBALE SECONDARY SCHOOL,C1,PUBLIC,NONE,DAY,MIXED
949,WESTERN,BUSIA,NAMBALE,R3PW,35629108,NAMBALE URBAN SECONDARY SCHOOL,C4,PUBLIC,NONE,DAY,MIXED
950,WESTERN,BUSIA,NAMBALE,64SW,35629128,SIERA GIRLS SECONDARY SCHOOL,C4,PUBLIC,NONE,BOARDING,GIRLS
951,WESTERN,BUSIA,NAMBALE,UQ96,35629104,ST THOMAS AQUINAS MADENDE SECONDARY SCHOOL,C3,PUBLIC,NONE,DAY,MIXED
952,WESTERN,BUSIA,NAMBALE,GASB,35629114,ST. FRANCIS LUPIDA SECONDARY SCHOOL,C4,PUBLIC,NONE,DAY,MIXED
953,WESTERN,BUSIA,NAMBALE,JVVQ,35629127,ST. MARK'S MAOLO SECONDARY SCHOOL,C4,PUBLIC,NONE,DAY,MIXED
954,WESTERN,BUSIA,NAMBALE,AN3D,35629122,ST. MARY'S NAMBALE SECONDARY SCHOOL,C4,PUBLIC,NONE,DAY,MIXED
955,WESTERN,BUSIA,NAMBALE,AS8F,35629129,ST. MATHEWS LWANYANGE SECONDARY SCHOOL,C4,PUBLIC,NONE,DAY,MIXED
956,WESTERN,BUSIA,NAMBALE,NGS2,35629124,ST. PAULS ELWANIKHA GIRLS,C4,PUBLIC,NONE,BOARDING,GIRLS
957,WESTERN,BUSIA,NAMBALE,WXJN,35629103,ST. PAULS IGARA SECONDARY SCHOOL,C4,PUBLIC,NONE,DAY,MIXED
958,WESTERN,BUSIA,NAMBALE,RGRY,35629113,ST. PAUL'S NAMAINDI ACK MIXED SECONDARY SCHOOL,C4,PUBLIC,NONE,DAY,MIXED
959,WESTERN,BUSIA,NAMBALE,G82R,35629126,ST. PETERS KHWIRALE SECONDARY SCHOOL,C4,PUBLIC,NONE,DAY,MIXED
960,WESTERN,BUSIA,NAMBALE,FKUX,35629123,ST.CHARLES LWANGA EMUKHUYU SECONDARY SCHOOL,C4,PUBLIC,NONE,DAY,MIXED
961,WESTERN,BUSIA,NAMBALE,3RKL,35629109,ST.FRANCIS SECONDARY SCHOOL -SIKINGA,C4,PUBLIC,NONE,DAY,MIXED
962,WESTERN,BUSIA,NAMBALE,XW78,35629119,ST.JAMES MADIBO SECONDARY SCHOOL,C4,PUBLIC,NONE,DAY,MIXED
963,WESTERN,BUSIA,NAMBALE,85XY,35629121,ST.JOSEPH MUSOKOTO SECONDARY SCHOOL,C4,PUBLIC,NONE,DAY,MIXED
964,WESTERN,BUSIA,NAMBALE,CTHP,35629116,ST.JOSEPH'S SEGERO SECONDARY SCHOOL,C4,PUBLIC,NONE,DAY,MIXED
965,WESTERN,BUSIA,NAMBALE,BWXU,35629118,ST.MARYS BUYOFU SECONDARY SCHOOL,C4,PUBLIC,NONE,DAY,MIXED
966,WESTERN,BUSIA,NAMBALE,3EDK,35629120,ST.MARY'S MABUNGE R.C. SECONDARY SCHOOL,C4,PUBLIC,NONE,DAY,MIXED
1385,NORTH,EASTERN,GARISSA BALAMBALA,WH5G,45816101,BALAMBALA SECONDARY SCHOOL,C3,PUBLIC,NONE,DAY,MIXED
1386,NORTH,EASTERN,GARISSA BALAMBALA,9WAN,45816106,DANYERE MIXED DAY AND BOARDING SECONDARY SCHOOL,C4,PUBLIC,NONE,DAY,MIXED
1387,NORTH,EASTERN,GARISSA BALAMBALA,5JSQ,45816105,RAHOLE GIRLS SECONDARY SCHOOL,C4,PUBLIC,NONE,BOARDING,GIRLS
1388,NORTH,EASTERN,GARISSA BENANEY,B4LM,45826101,BENANE SECONDARY SCHOOL,C3,PUBLIC,NONE,DAY,MIXED
1389,NORTH,EASTERN,GARISSA BOTHAI,UTDT,45838101,BOTHAI SECONDARY SCHOOL,C4,PUBLIC,NONE,DAY,MIXED
1395,NORTH,EASTERN,GARISSA DADAAB,ES4E,45815101,DADAAB SECONDARY SCHOOL,C3,PUBLIC,NONE,DAY,MIXED
1396,NORTH,EASTERN,GARISSA DADAAB,TTDB,45815301,DERTU GIRLS SECONDARY SCHOOL,C3,PUBLIC,NONE,BOARDING,GIRLS
1397,NORTH,EASTERN,GARISSA DADAAB,6ZGT,45815108,HAJI IDRIS GIRLS SECONDARY SCHOOL,C4,PUBLIC,NONE,BOARDING,GIRLS
1400,NORTH,EASTERN,GARISSA GARISSA,X5XN,45801109,BOYS TOWN SECONDARY,C4,PUBLIC,NONE,BOARDING,BOYS
1401,NORTH,EASTERN,GARISSA GARISSA,R7PQ,45801103,COUNTY HIGH SCHOOL,C2,PUBLIC,NONE,BOARDING,MIXED
1402,NORTH,EASTERN,GARISSA GARISSA,5G35,45800001,GARISSA HIGH,C1,PUBLIC,NONE,DAY,MIXED
1403,NORTH,EASTERN,GARISSA GARISSA,8UDT,45801143,GARISSA SPECIAL SECONDARY SCHOOL FOR THE DEAF,C1,PUBLIC,NONE,DAY,MIXED
1404,NORTH,EASTERN,GARISSA GARISSA,9Q5T,45801110,IFTIN GIRLS SECONDARY SCHOOL,C4,PUBLIC,NONE,BOARDING,GIRLS
1405,NORTH,EASTERN,GARISSA GARISSA,274N,45800002,NEP GIRLS HIGH,C1,PUBLIC,NONE,BOARDING,GIRLS
1406,NORTH,EASTERN,GARISSA GARISSA,8Y8K,45801150,SAMBUL BOYS HIGH SCHOOL,C4,PUBLIC,NONE,BOARDING,BOYS
1407,NORTH,EASTERN,GARISSA GARISSA,VUP3,45801111,TETU SECONDARY SCHOOL,C4,PUBLIC,NONE,DAY,MIXED
1408,NORTH,EASTERN,GARISSA GARISSA,77DS,45801139,TUMAINI SECONDARY SCHOOL,C4,PUBLIC,NONE,DAY,MIXED
1409,NORTH,EASTERN,GARISSA GARISSA,YMY4,45801105,UMUSALAMA GIRLS' SECONDARY SCHOOL,C4,PUBLIC,NONE,BOARDING,GIRLS
1410,NORTH,EASTERN,GARISSA GARISSA,7X4U,45801127,YATHRIB GIRLS SECONDARY SCHOOL,C4,PUBLIC,NONE,BOARDING,GIRLS
1411,NORTH,EASTERN,GARISSA HULUGHO,94ER,45821101,HULUGHO BOYS' SECONDARY SCHOOL,C3,PUBLIC,NONE,BOARDING,BOYS
1412,NORTH,EASTERN,GARISSA HULUGHO,Y7R6,45821102,HULUGHO GIRLS SECONDARY SCHOOL,C3,PUBLIC,NONE,BOARDING,GIRLS
1413,NORTH,EASTERN,GARISSA HULUGHO,28YR,45821103,SANGAILU SECONDARY SCHOOL,C4,PUBLIC,NONE,DAY,MIXED
1419,NORTH,EASTERN,GARISSA LAGDERA,PVRW,45805104,MODOGASHE GIRLS SECONDARY,C4,PUBLIC,NONE,BOARDING,GIRLS
1420,NORTH,EASTERN,GARISSA LAGDERA,34ZC,45805101,MODOGASHE SECONDARY SCHOOL,C3,PUBLIC,NONE,DAY,MIXED
1424,NORTH,EASTERN,GARISSA SANKURI,258X,45839102,SAKA GIRLS SECONDARY SCHOOL,C2,PUBLIC,NONE,BOARDING,GIRLS
1425,NORTH,EASTERN,GARISSA SANKURI,TU3E,45839103,SANKURI GIRLS SECONDARY SCHOOL,C4,PUBLIC,NONE,BOARDING,GIRLS
1426,NORTH,EASTERN,GARISSA SANKURI,AA9N,45839101,SANKURI SECONDARY SCHOOL,C2,PUBLIC,NONE,DAY,MIXED
1427,NORTH,EASTERN,GARISSA SHANTABAQ,QQTQ,45829102,AFWEIN SECONDARY SCHOOL,C4,PUBLIC,NONE,DAY,MIXED
1428,NORTH,EASTERN,GARISSA SHANTABAQ,8CFV,45829101,SHANTABAQ SEC SCHOOL,C4,PUBLIC,NONE,DAY,MIXED
1763,EASTERN,ISIOLO,CHERAB,8VYM,17377102,DADACHABASA SECONDARY,C4,PUBLIC,NONE,DAY,MIXED
1764,EASTERN,ISIOLO,CHERAB,D3XJ,17377101,KORBESA MIXED DAY SECONDARY SCHOOL,C4,PUBLIC,NONE,DAY,MIXED
1765,EASTERN,ISIOLO,GARBATULLA,NWAZ,17322203,ALGANI GIRLS DAY SECONDARY SCHOOL,C4,PUBLIC,NONE,DAY,GIRLS
1766,EASTERN,ISIOLO,GARBATULLA,WUBX,17322201,BISANADHI HIGH SCHOOL,C2,PUBLIC,NONE,BOARDING,MIXED
1767,EASTERN,ISIOLO,GARBATULLA,Q78U,17322102,GAFARSA MIXED DAY SECONDARY,C4,PUBLIC,NONE,DAY,MIXED
1768,EASTERN,ISIOLO,GARBATULLA,ZXZL,17300015,GARBATULA HIGH SCHOOL,C1,PUBLIC,NONE,BOARDING,MIXED
1769,EASTERN,ISIOLO,GARBATULLA,DE6M,17322103,GARBATULLA GIRLS DAY SECONDARY SCHOOL,C4,PUBLIC,NONE,DAY,GIRLS
1770,EASTERN,ISIOLO,GARBATULLA,63HE,17322202,KULAMAWE SECONDARY SCHOOL,C3,PUBLIC,NONE,DAY,MIXED
1771,EASTERN,ISIOLO,ISIOLO,MUZD,17306208,AREMIET MIXED SECONDARY SCHOOL,C4,PUBLIC,NONE,DAY,MIXED
1772,EASTERN,ISIOLO,ISIOLO,DYE5,17306205,BULAMPYA DAY SECONDARY SCHOOL,C4,PUBLIC,NONE,DAY,MIXED
1773,EASTERN,ISIOLO,ISIOLO,YSF8,17306206,ELSA SECONDARY SCHOOL,C3,PUBLIC,NONE,DAY,MIXED
1774,EASTERN,ISIOLO,ISIOLO,552A,17306106,ISIOLO BARRACKS SECONDARY SCHOOL,C4,PUBLIC,NONE,DAY,MIXED
1775,EASTERN,ISIOLO,ISIOLO,59YN,17306101,ISIOLO BOYS SECONDARY SCHOOL,C2,PUBLIC,NONE,BOARDING,BOYS
1776,EASTERN,ISIOLO,ISIOLO,WMYK,17300009,ISIOLO GIRLS HIGH SCHOOL,C1,PUBLIC,NONE,BOARDING,GIRLS
1777,EASTERN,ISIOLO,ISIOLO,5KU9,17306209,KAMBI GARBA MIXED DAY SECONDARY SCHOOL,C4,PUBLIC,NONE,DAY,MIXED
1778,EASTERN,ISIOLO,ISIOLO,YR5U,17306303,LEPARUA MIXED DAY SECONDARY SCHOOL,C4,PUBLIC,NONE,DAY,MIXED
1779,EASTERN,ISIOLO,ISIOLO,LL9V,17306113,MCK KISIMA 78 SECONDARY SCHOOL,C4,PUBLIC,NONE,DAY,MIXED
1780,EASTERN,ISIOLO,ISIOLO,R29X,17306109,MWANGAZA GIRLS SECONDARY SCHOOL,C4,PUBLIC,NONE,BOARDING,GIRLS
1781,EASTERN,ISIOLO,ISIOLO,ABZJ,17306110,NGAREMARA GIRLS SECONDARY SCHOOL,C3,PUBLIC,NONE,BOARDING,GIRLS
1782,EASTERN,ISIOLO,ISIOLO,R4NQ,17306105,NGAREMARA SECONDARY SCHOOL,C3,PUBLIC,NONE,DAY,MIXED
1783,EASTERN,ISIOLO,ISIOLO,QT2Q,17306104,ST. PAUL'S KIWANJANI SECONDARY SCHOOL,C4,PUBLIC,NONE,DAY,MIXED
1784,EASTERN,ISIOLO,ISIOLO,HYGN,17306204,UHURU MIXED DAY SECONDARY SCHOOL,C4,PUBLIC,NONE,DAY,MIXED
1785,EASTERN,ISIOLO,ISIOLO,W7V7,17306202,WASO SECONDARY SCHOOL,C4,PUBLIC,NONE,DAY,MIXED
1790,EASTERN,ISIOLO,OLDONYIRO,6VCH,17372302,KIPSING MIXED DAY SECONDARY SCHOOL,C3,PUBLIC,NONE,DAY,MIXED
1791,EASTERN,ISIOLO,OLDONYIRO,PMEG,17372304,LABARISHEREKI SECONDARY SCHOOL,C4,PUBLIC,NONE,DAY,MIXED
1792,EASTERN,ISIOLO,OLDONYIRO,R8K2,17372301,OLDONYIRO SECONDARY SCHOOL,C3,PUBLIC,NONE,DAY,MIXED
1793,EASTERN,ISIOLO,SERICHO,FGM7,17373302,BILIQI NUR MIXED SECONDARY SCHOOL,C4,PUBLIC,NONE,DAY,MIXED
1794,EASTERN,ISIOLO,SERICHO,ZHKU,17373301,SERICHO SECONDARY SCHOOL,C3,PUBLIC,NONE,DAY,MIXED
1803,RIFT VALLEY,KAJIADO,ISINYA,94FM,31567206,ENKASITI SECONDARY SCHOOL,C4,PUBLIC,NONE,DAY,MIXED
1804,RIFT VALLEY,KAJIADO,ISINYA,8QRY,31567110,ERETETI MIXED SECONDARY SCHOOL,C4,PUBLIC,NONE,DAY,MIXED
1805,RIFT VALLEY,KAJIADO,ISINYA,29AE,31567215,ILPOLOSAT SECONDARY SCHOOL,C4,PUBLIC,NONE,DAY,MIXED
1806,RIFT VALLEY,KAJIADO,ISINYA,H754,31567109,ISINYA BOYS SECONDARY SCHOOL,C3,PUBLIC,NONE,BOARDING,BOYS
1807,RIFT VALLEY,KAJIADO,ISINYA,EE3P,31567107,ISINYA TOWNSHIP SECONDARY,C4,PUBLIC,NONE,DAY,MIXED
1808,RIFT VALLEY,KAJIADO,ISINYA,MBB3,31567104,KAPUTIEI SECONDARY SCHOOL,C4,PUBLIC,NONE,DAY,MIXED
1809,RIFT VALLEY,KAJIADO,ISINYA,L9AA,31567102,KISAJU DIPAK SECONDARY SCHOOL,C3,PUBLIC,NONE,DAY,MIXED
1810,RIFT VALLEY,KAJIADO,ISINYA,VVPQ,31567220,KITENGELA MAGEREZA MIXED HIGH SCHOOL,C4,PUBLIC,NONE,BOARDING,MIXED
1811,RIFT VALLEY,KAJIADO,ISINYA,VKMC,31500011,MOI GIRLS ISINYA,C1,PUBLIC,NONE,BOARDING,GIRLS
1812,RIFT VALLEY,KAJIADO,ISINYA,B7C7,31567201,NOONKOPIR GIRLS SECONDARY SCHOOL,C1,PUBLIC,NONE,BOARDING,GIRLS
1813,RIFT VALLEY,KAJIADO,ISINYA,ZKNL,31567209,OLOOSIRKON MIXED SECONDARY SCHOOL,C4,PUBLIC,NONE,DAY,MIXED
1814,RIFT VALLEY,KAJIADO,ISINYA,VYPN,31567103,OLTUROTO SECONDARY SCHOOL,C4,PUBLIC,NONE,DAY,MIXED
1815,RIFT VALLEY,KAJIADO,ISINYA,U6WA,31567212,UTUMISHI SACCO DAY SECONDARY,C4,PUBLIC,NONE,DAY,MIXED
1816,RIFT VALLEY,KAJIADO,KAJIADO CENTRAL,LSGN,3151506,ENKORIKA SEC,C3,PUBLIC,NONE,DAY,MIXED
1817,RIFT VALLEY,KAJIADO,KAJIADO CENTRAL,BTV9,3151515,GENERAL JOSEPH NKAISSERY HIGH,C3,PUBLIC,NONE,DAY,MIXED
1818,RIFT VALLEY,KAJIADO,KAJIADO CENTRAL,Q66Y,31515117,ILDAMAT BOYS HIGH SCHOOL,C4,PUBLIC,NONE,BOARDING,BOYS
1819,RIFT VALLEY,KAJIADO,KAJIADO CENTRAL,JRUB,31515112,KAJIADO TOWNSHIP MIXED DAY SECONDARY SCHOOL,C4,PUBLIC,NONE,DAY,MIXED
1820,RIFT VALLEY,KAJIADO,KAJIADO CENTRAL,4J9N,31515116,NALEPO TAEGONG GIRLS SECONDARY SCHOOL,C4,PUBLIC,NONE,BOARDING,GIRLS
1821,RIFT VALLEY,KAJIADO,KAJIADO CENTRAL,CBA5,3151508,NKOILE BOYS,C3,PUBLIC,NONE,BOARDING,BOYS
1822,RIFT VALLEY,KAJIADO,KAJIADO CENTRAL,5NZD,31515101,OLKEJUADO HIGH SCHOOL,C1,PUBLIC,NONE,BOARDING,MIXED
1823,RIFT VALLEY,KAJIADO,KAJIADO CENTRAL,FAXJ,31566114,OLOONTULUGUM SECONDARY SCHOOL,C4,PUBLIC,NONE,DAY,MIXED
1824,RIFT VALLEY,KAJIADO,KAJIADO CENTRAL,3AQY,31515102,SAINA MIXED DAY SECONDARY SCHOOL,C4,PUBLIC,NONE,DAY,MIXED
1825,RIFT VALLEY,KAJIADO,KAJIADO CENTRAL,4BUC,31515105,SAJILONI GIRLS SECONDARY SCHOOL,C3,PUBLIC,NONE,BOARDING,GIRLS
1826,RIFT VALLEY,KAJIADO,KAJIADO CENTRAL,M9X5,31515111,SENIOR CHIEF RISSA OLOOSUYAN SECONDARY SCHOOL,C4,PUBLIC,NONE,DAY,MIXED
1860,RIFT VALLEY,KAJIADO,LOITOKITOK,SY79,31545312,AMBOSELI LEWIS,C4,PUBLIC,NONE,DAY,MIXED
1861,RIFT VALLEY,KAJIADO,LOITOKITOK,GB6U,31545203,COLIN DAVIES,C4,PUBLIC,NONE,DAY,MIXED
1862,RIFT VALLEY,KAJIADO,LOITOKITOK,DLKY,31545303,ENKII BOYS,C3,PUBLIC,NONE,BOARDING,BOYS
1863,RIFT VALLEY,KAJIADO,LOITOKITOK,7HKD,31545206,ENTARARA,C4,PUBLIC,NONE,DAY,MIXED
1864,RIFT VALLEY,KAJIADO,LOITOKITOK,G3NE,31545109,ENTONET,C4,PUBLIC,NONE,DAY,MIXED
1865,RIFT VALLEY,KAJIADO,LOITOKITOK,WD4D,31545102,ILKISONKO BOYS,C3,PUBLIC,NONE,BOARDING,BOYS
1866,RIFT VALLEY,KAJIADO,LOITOKITOK,L2SP,31545201,ILLASIT SEC,C4,PUBLIC,NONE,DAY,MIXED
1867,RIFT VALLEY,KAJIADO,LOITOKITOK,WQ8X,31545110,ILTILAL,C4,PUBLIC,NONE,DAY,MIXED
1868,RIFT VALLEY,KAJIADO,LOITOKITOK,8DW8,31545309,IMBARUETIN C C,C4,PUBLIC,NONE,DAY,MIXED
1869,RIFT VALLEY,KAJIADO,LOITOKITOK,FYYP,31545204,KIKELELWA,C4,PUBLIC,NONE,DAY,MIXED
1870,RIFT VALLEY,KAJIADO,LOITOKITOK,A3B6,31545301,KIMANA GIRLS S,C3,PUBLIC,NONE,BOARDING,GIRLS
1871,RIFT VALLEY,KAJIADO,LOITOKITOK,CHLB,31545308,KIMANA M D S S,C4,PUBLIC,NONE,DAY,MIXED
1872,RIFT VALLEY,KAJIADO,LOITOKITOK,8VU3,31545112,KORINKO SEC,C4,PUBLIC,NONE,DAY,MIXED
1873,RIFT VALLEY,KAJIADO,LOITOKITOK,A2RL,31545106,KUKU,C4,PUBLIC,NONE,DAY,MIXED
1874,RIFT VALLEY,KAJIADO,LOITOKITOK,GEU7,31545307,LENKISEM,C3,PUBLIC,NONE,DAY,MIXED
1875,RIFT VALLEY,KAJIADO,LOITOKITOK,PTTJ,31545306,NAMELOK,C4,PUBLIC,NONE,DAY,MIXED
1876,RIFT VALLEY,KAJIADO,LOITOKITOK,8AX7,31545103,OLCHORRO,C4,PUBLIC,NONE,DAY,MIXED
1877,RIFT VALLEY,KAJIADO,LOITOKITOK,SYXH,31545310,OLMAPITET M,C4,PUBLIC,NONE,DAY,MIXED
1878,RIFT VALLEY,KAJIADO,LOITOKITOK,KWQT,31545208,OLOIRIEN BOYS,C4,PUBLIC,NONE,BOARDING,BOYS
1879,RIFT VALLEY,KAJIADO,LOITOKITOK,SA3L,31545101,OLOITOKITOK SEC,C2,PUBLIC,NONE,DAY,MIXED
1880,RIFT VALLEY,KAJIADO,LOITOKITOK,E7U8,31545205,ROMBO GIRLS',C3,PUBLIC,NONE,BOARDING,GIRLS
1881,RIFT VALLEY,KAJIADO,LOITOKITOK,EGSB,31545107,THE A.I.C GIRLS,C3,PUBLIC,NONE,BOARDING,GIRLS
1882,RIFT VALLEY,KAJIADO,MASHURU,2P4W,31566201,ELERAI MCK GIRLS SECONDARY SCHOOL,C3,PUBLIC,NONE,BOARDING,GIRLS
1883,RIFT VALLEY,KAJIADO,MASHURU,9YYL,31566210,ENTARETOI SECONDARY SCHOOL,C4,PUBLIC,NONE,DAY,MIXED
1884,RIFT VALLEY,KAJIADO,MASHURU,JVHD,31566103,ERANKAU SECONDARY SCHOOL,C4,PUBLIC,NONE,DAY,MIXED
1885,RIFT VALLEY,KAJIADO,MASHURU,2QAC,31566101,MASHUURU SECONDARY SCHOOL,C3,PUBLIC,NONE,DAY,MIXED
1886,RIFT VALLEY,KAJIADO,MASHURU,7CX4,31566212,MASIMBA SECONDARY SCHOOL,C4,PUBLIC,NONE,DAY,MIXED
1887,RIFT VALLEY,KAJIADO,MASHURU,EJTK,31566204,MERRUESHI MAASAI HIGH SCHOOL,C4,PUBLIC,NONE,BOARDING,MIXED
1888,RIFT VALLEY,KAJIADO,MASHURU,B4QU,31566215,NAIRRATAAT SECONDARY SCHOOL,C4,PUBLIC,NONE,DAY,MIXED
1889,RIFT VALLEY,KAJIADO,MASHURU,NB88,31566206,THOMAS FISH SECONDARY SCHOOL,C3,PUBLIC,NONE,DAY,MIXED
1890,RIFT VALLEY,KAJIADO,OLOILILAI,UTAV,31590404,ILBISSIL GIRLS SECONDARY SCHOOL,C3,PUBLIC,NONE,BOARDING,GIRLS
1891,RIFT VALLEY,KAJIADO,OLOILILAI,C2DA,31590402,ILMARBA SECONDARY SCHOOL,C4,PUBLIC,NONE,DAY,MIXED
1892,RIFT VALLEY,KAJIADO,OLOILILAI,C468,31590403,KILUANI BOYS SECONDARY SCHOOL,C2,PUBLIC,NONE,BOARDING,BOYS
1893,RIFT VALLEY,KAJIADO,OLOILILAI,EEJB,31590408,LORNGOSUA SECONDARY SCHOOL,C4,PUBLIC,NONE,DAY,MIXED
1894,RIFT VALLEY,KAJIADO,OLOILILAI,LYHN,31590410,MAPARASHA SECONDARY SCHOOL,C3,PUBLIC,NONE,DAY,MIXED
1895,RIFT VALLEY,KAJIADO,OLOILILAI,TLDP,31590407,METO SECONDARY SCHOOL,C3,PUBLIC,NONE,DAY,MIXED
1896,RIFT VALLEY,KAJIADO,OLOILILAI,FMZM,31590406,NAMANGA MIXED DAY SECONDARY SCHOOL,C4,PUBLIC,NONE,DAY,MIXED
1897,RIFT VALLEY,KAJIADO,OLOILILAI,WW2C,31590409,NGATATAEK MIXED SECONDARY SCHOOL,C3,PUBLIC,NONE,DAY,MIXED
1898,RIFT VALLEY,KAJIADO,OLOILILAI,6NSN,31590411,PCEA GRACE GIRLS HIGH SCHOOL LETOIRE,C3,PUBLIC,NONE,BOARDING,GIRLS
1899,WESTERN,KAKAMEGA,BUTERE,44WW,37608016,BUCHENYA GIRLS SECONDARY SCHOOL,C3,PUBLIC,NONE,BOARDING,GIRLS
1900,WESTERN,KAKAMEGA,BUTERE,P49H,37608001,BUKOLWE SECONDARY SCHOOL,C4,PUBLIC,NONE,DAY,MIXED
1901,WESTERN,KAKAMEGA,BUTERE,98M9,37608032,BULULWE MIXED SECONDARY SCHOOL,C4,PUBLIC,NONE,DAY,MIXED
1902,WESTERN,KAKAMEGA,BUTERE,UFW8,37608002,BUMAMU SECONDARY SCHOOL,C3,PUBLIC,NONE,DAY,MIXED
1903,WESTERN,KAKAMEGA,BUTERE,39UE,37608003,BUTERE BOYS HIGH SCHOOL,C2,PUBLIC,NONE,BOARDING,BOYS
1904,WESTERN,KAKAMEGA,BUTERE,XT9Q,37600005,BUTERE GIRLS HIGH SCHOOL,C1,PUBLIC,NONE,BOARDING,GIRLS
1905,WESTERN,KAKAMEGA,BUTERE,92H2,37608028,ESHIKOMERE GIRLS SECONDARY SCHOOL,C4,PUBLIC,NONE,BOARDING,GIRLS
1906,WESTERN,KAKAMEGA,BUTERE,M7AS,37608015,ESHITARI SECONDARY SCHOOL,C4,PUBLIC,NONE,DAY,MIXED
1907,WESTERN,KAKAMEGA,BUTERE,BY92,37608013,IBOKOLO MIXED SECONDARY SCHOOL,C4,PUBLIC,NONE,DAY,MIXED
1908,WESTERN,KAKAMEGA,BUTERE,RWB3,37608017,IMANGA SECONDARY SCHOOL,C4,PUBLIC,NONE,DAY,MIXED
1909,WESTERN,KAKAMEGA,BUTERE,Y8TK,37608006,INAYA MIXED SECONDARY SCHOOL,C4,PUBLIC,NONE,DAY,MIXED
1910,WESTERN,KAKAMEGA,BUTERE,BB59,37608029,ITUTI SECONDARY SCHOOL,C4,PUBLIC,NONE,DAY,MIXED
1911,WESTERN,KAKAMEGA,BUTERE,WJ2W,37608007,LUNZA SECONDARY SCHOOL,C4,PUBLIC,NONE,DAY,MIXED
1912,WESTERN,KAKAMEGA,BUTERE,KCL2,37608022,MABOLE BOYS SECONDARY SCHOOL,C3,PUBLIC,NONE,BOARDING,BOYS
1913,WESTERN,KAKAMEGA,BUTERE,77Y4,37608018,MAHONDO SECONDARY SCHOOL,C4,PUBLIC,NONE,DAY,MIXED
1914,WESTERN,KAKAMEGA,BUTERE,MWBH,37608008,MANYALA SECONDARY SCHOOL,C3,PUBLIC,NONE,DAY,MIXED
1915,WESTERN,KAKAMEGA,BUTERE,UG7Z,37608030,MASABA MIXED SECONDARY SCHOOL,C4,PUBLIC,NONE,DAY,MIXED
1916,WESTERN,KAKAMEGA,BUTERE,XSGQ,37608019,SHIBANGA MIXED SECONDARY SCHOOL,C4,PUBLIC,NONE,DAY,MIXED
1917,WESTERN,KAKAMEGA,BUTERE,2PEY,37608027,SHIBEMBE MIXED SECONDARY SCHOOL,C4,PUBLIC,NONE,DAY,MIXED
1918,WESTERN,KAKAMEGA,BUTERE,W964,37608012,SHINAMWENYULI SECONDARY SCHOOL,C4,PUBLIC,NONE,DAY,MIXED
1919,WESTERN,KAKAMEGA,BUTERE,7D9Z,37608011,SHIRAHA SECONDARY SCHOOL,C4,PUBLIC,NONE,DAY,MIXED
1920,WESTERN,KAKAMEGA,BUTERE,E8UK,37608020,SHITSITSWI SECONDARY SCHOOL,C4,PUBLIC,NONE,DAY,MIXED
1921,WESTERN,KAKAMEGA,BUTERE,X9G4,37608026,ST BENEDICT MUKOYE GIRLS SECONDARY SCHOOL,C4,PUBLIC,NONE,BOARDING,GIRLS
1922,WESTERN,KAKAMEGA,BUTERE,S27D,37608031,ST CECILIA LUFUMBO GIRLS SECONDARY SCHOOL,C3,PUBLIC,NONE,BOARDING,GIRLS
1923,WESTERN,KAKAMEGA,BUTERE,YQJ4,37608010,ST MARK'S BULANDA MIXED SECONDARY,C4,PUBLIC,NONE,DAY,MIXED
1924,WESTERN,KAKAMEGA,BUTERE,GJD7,37608024,ST MICHAEL MULUWA SECONDARY SCHOOL,C4,PUBLIC,NONE,DAY,MIXED
1925,WESTERN,KAKAMEGA,BUTERE,6VZS,37608025,ST PETER'S MUYUNDI GIRLS SECONDARY SCHOOL,C4,PUBLIC,NONE,BOARDING,GIRLS
1926,WESTERN,KAKAMEGA,BUTERE,56SE,37608009,ST. PAUL'S SHIKUNGA SECONDARY SCHOOL,C4,PUBLIC,NONE,DAY,MIXED
1927,WESTERN,KAKAMEGA,BUTERE,7G8M,37608033,ST. STEPHEN'S ESHIYANZA SECONDARY SCHOOL,C4,PUBLIC,NONE,DAY,MIXED
1928,WESTERN,KAKAMEGA,BUTERE,WV2J,37608014,ST. STEPHEN'S SHIATSALA SECONDARY SCHOOL,C4,PUBLIC,NONE,DAY,MIXED
1929,WESTERN,KAKAMEGA,BUTERE,XCRU,37608023,ST.FRANCIS ESHIREMBE SECONDARY SCHOOL,C4,PUBLIC,NONE,DAY,MIXED
1930,WESTERN,KAKAMEGA,BUTERE,S8BG,37608021,THE NATIVITY OF OUR LADY-MUTOMA GIRLS',C4,PUBLIC,NONE,BOARDING,GIRLS
1947,WESTERN,KAKAMEGA,KAKAMEGA CENTRAL,JZFT,37603011,MWIYALA MIXED DAY SECONDARY SCHOOL,C4,PUBLIC,NONE,DAY,MIXED
2089,WESTERN,KAKAMEGA,KHWISERO,865Q,37625123,ACK EMATUNDU BOYS SECONDARY/VOCATIONAL SCHOOL,C1,PUBLIC,NONE,BOARDING,BOYS
2090,WESTERN,KAKAMEGA,KHWISERO,9UD3,37625104,ACK ST. JOHN'S KHWISERO SECONDARY SCHOOL,C4,PUBLIC,NONE,DAY,MIXED
2091,WESTERN,KAKAMEGA,KHWISERO,CT56,37625101,EKAMBULI SECONDARY SCHOOL,C3,PUBLIC,NONE,DAY,MIXED
2092,WESTERN,KAKAMEGA,KHWISERO,DGQR,37625113,EKATSOMBERO SECONDARY SCHOOL,C4,PUBLIC,NONE,DAY,MIXED
2093,WESTERN,KAKAMEGA,KHWISERO,FYDV,37625127,EMAHOLIA MIXED SECONDARY SCHOOL,C4,PUBLIC,NONE,DAY,MIXED
2094,WESTERN,KAKAMEGA,KHWISERO,ZJUR,37625102,EMALINDI GIRLS SECONDARY SCHOOL,C3,PUBLIC,NONE,BOARDING,GIRLS
2095,WESTERN,KAKAMEGA,KHWISERO,Q6Y7,37625129,EMURUBA MIXED SECONDARY SCHOOL,C4,PUBLIC,NONE,DAY,MIXED
2096,WESTERN,KAKAMEGA,KHWISERO,599J,37625125,EMUTSASA GIRLS SECONDARY SCHOOL,C4,PUBLIC,NONE,BOARDING,GIRLS
2097,WESTERN,KAKAMEGA,KHWISERO,TNPS,37625121,EMWANIRO SECONDARY SCHOOL,C4,PUBLIC,NONE,DAY,MIXED
2098,WESTERN,KAKAMEGA,KHWISERO,XZ9Q,37625114,EMWIRU MIXED DAY SECONDARY SCHOOL,C4,PUBLIC,NONE,DAY,MIXED
2099,WESTERN,KAKAMEGA,KHWISERO,HXJX,37625108,ESHIBINGA SECONDARY SCHOOL,C3,PUBLIC,NONE,DAY,MIXED
2100,WESTERN,KAKAMEGA,KHWISERO,7EDM,37625103,ESHINUTSA SECONDARY SCHOOL,C4,PUBLIC,NONE,DAY,MIXED
2101,WESTERN,KAKAMEGA,KHWISERO,V9X9,37625128,IBINDA MIXED SECONDARY SCHOOL,C4,PUBLIC,NONE,DAY,MIXED
2102,WESTERN,KAKAMEGA,KHWISERO,QCF3,37625109,KHWISERO GIRLS SECONDARY SCHOOL,C3,PUBLIC,NONE,BOARDING,GIRLS
2103,WESTERN,KAKAMEGA,KHWISERO,5X5H,37625105,LWANDA DUDI SECONDARY SCHOOL,C3,PUBLIC,NONE,DAY,MIXED
2104,WESTERN,KAKAMEGA,KHWISERO,XK7M,37625115,MUNDAHA SECONDARY SCHOOL,C4,PUBLIC,NONE,DAY,MIXED
2105,WESTERN,KAKAMEGA,KHWISERO,4WZ6,37625112,MUNDOLI ACK GIRLS HIGH SCHOOL,C3,PUBLIC,NONE,BOARDING,GIRLS
2106,WESTERN,KAKAMEGA,KHWISERO,QB5B,37625118,MWIHILA GIRLS HIGH SCHOOL,C4,PUBLIC,NONE,BOARDING,GIRLS
2107,WESTERN,KAKAMEGA,KHWISERO,YJ4E,37625106,MWIHILA HIGH SCHOOL,C2,PUBLIC,NONE,BOARDING,MIXED
2108,WESTERN,KAKAMEGA,KHWISERO,A7YZ,37625107,NAMASOLI SECONDARY SCHOOL,C3,PUBLIC,NONE,DAY,MIXED
2109,WESTERN,KAKAMEGA,KHWISERO,453N,37625111,SHIONGO SECONDARY SCHOOL,C3,PUBLIC,NONE,DAY,MIXED
2110,WESTERN,KAKAMEGA,KHWISERO,4SHY,37625119,SHIRALI SECONDARY SCHOOL,C4,PUBLIC,NONE,DAY,MIXED
2111,WESTERN,KAKAMEGA,KHWISERO,SXVB,37625110,ST DENNIS MUNJITI SECONDARY SCHOOL,C4,PUBLIC,NONE,DAY,MIXED
2112,WESTERN,KAKAMEGA,KHWISERO,BMPY,37625117,ST MATHEWS IKOMERO SECONDARY SCHOOL,C4,PUBLIC,NONE,DAY,MIXED
2113,WESTERN,KAKAMEGA,KHWISERO,MWCX,37625116,ST STEPHEN MULWANDA SECONDARY SCHOOL,C4,PUBLIC,NONE,DAY,MIXED
2114,WESTERN,KAKAMEGA,KHWISERO,UBXF,37625126,ST. ANNES DUDI GIRLS SECONDARY SCHOOL,C4,PUBLIC,NONE,BOARDING,GIRLS
2115,WESTERN,KAKAMEGA,KHWISERO,E9WE,37625120,ST. JOSEPH'S SHIROTSA SECONDARY SCHOOL,C4,PUBLIC,NONE,DAY,MIXED
2116,WESTERN,KAKAMEGA,KHWISERO,2QQC,37625124,ST. PAUL'S MUSHINAAKA MIXED SECONDARY SCHOOL,C4,PUBLIC,NONE,DAY,MIXED
2117,WESTERN,KAKAMEGA,LIKUYANI,J4K9,37631309,ALIGULA SECONDARY SCHOOL,C4,PUBLIC,NONE,DAY,MIXED
2118,WESTERN,KAKAMEGA,LIKUYANI,6VSK,37631501,ESHIKULU BOYS SECONDARY SCHOOL,C3,PUBLIC,NONE,BOARDING,BOYS
2119,WESTERN,KAKAMEGA,LIKUYANI,EWPZ,37631519,ESHIKULU GIRLS SECONDARY SCHOOL,C3,PUBLIC,NONE,BOARDING,GIRLS
2120,WESTERN,KAKAMEGA,LIKUYANI,X6GL,37631507,FRIENDS SECONDARY SCHOOL BINYENYA,C4,PUBLIC,NONE,DAY,MIXED
2121,WESTERN,KAKAMEGA,LIKUYANI,K254,37631513,FRIENDS SECONDARY SCHOOL MATISI,C4,PUBLIC,NONE,DAY,MIXED
2122,WESTERN,KAKAMEGA,LIKUYANI,JWP9,37631510,FRIENDS SECONDARY SCHOOL MBURURU,C4,PUBLIC,NONE,DAY,MIXED
2123,WESTERN,KAKAMEGA,LIKUYANI,F99P,37631403,"FRIENDS SECONDARY SCHOOL, KONGONI",C3,PUBLIC,NONE,DAY,MIXED
2124,WESTERN,KAKAMEGA,LIKUYANI,8HFX,37631308,HOLY CROSS SANGO GIRLS SECONDARY SCHOOL,C4,PUBLIC,NONE,BOARDING,GIRLS
2125,WESTERN,KAKAMEGA,LIKUYANI,PXZR,37631304,IVUGWI SECONDARY SCHOOL,C4,PUBLIC,NONE,DAY,MIXED
2126,WESTERN,KAKAMEGA,LIKUYANI,GXAT,37631405,MAPERA SECONDARY SCHOOL,C4,PUBLIC,NONE,DAY,MIXED
2127,WESTERN,KAKAMEGA,LIKUYANI,JG8V,37631310,MARY LUSWETI SECONDARY SCHOOL,C4,PUBLIC,NONE,DAY,MIXED
2128,WESTERN,KAKAMEGA,LIKUYANI,5489,37631504,MATUNDA S. A SECONDARY SCHOOL,C4,PUBLIC,NONE,DAY,MIXED
2129,WESTERN,KAKAMEGA,LIKUYANI,U9JL,37631401,MOI GIRLS' SECONDARY SCHOOL-NANGILI,C2,PUBLIC,NONE,BOARDING,GIRLS
2130,WESTERN,KAKAMEGA,LIKUYANI,FVDH,37631517,MWIBA S.A SECONDARY SCHOOL,C4,PUBLIC,NONE,DAY,MIXED
2131,WESTERN,KAKAMEGA,LIKUYANI,ZG2X,37631406,NASIANDA SECONDARY SCHOOL,C4,PUBLIC,NONE,DAY,MIXED
2132,WESTERN,KAKAMEGA,LIKUYANI,ZF75,37631503,ST HENRY'S SAISI WABUGE MEMORIAL SECONDARY SCHOOL,C4,PUBLIC,NONE,DAY,MIXED
2133,WESTERN,KAKAMEGA,LIKUYANI,WP6L,37631302,ST JOHN THE BAPTIST LIKUYANI SECONDARY SCHOOL,C2,PUBLIC,NONE,DAY,MIXED
2134,WESTERN,KAKAMEGA,LIKUYANI,EFBQ,37631001,ST JOSEPHS KOGO SEC SCHOOL,C4,PUBLIC,NONE,DAY,MIXED
2135,WESTERN,KAKAMEGA,LIKUYANI,V32H,37631402,ST. AUGUSTINE'S SOYSAMBU SECONDARY SCHOOL,C4,PUBLIC,NONE,DAY,MIXED
2136,WESTERN,KAKAMEGA,LIKUYANI,PR6J,37631306,ST. ELIZABETH LIKUYANI GIRLS SECONDARY SCHOOL,C3,PUBLIC,NONE,BOARDING,GIRLS
2137,WESTERN,KAKAMEGA,LIKUYANI,KFHR,37631407,ST. FRANCIS KISIGAME SECONDARY SCHOOL,C4,PUBLIC,NONE,DAY,MIXED
2138,WESTERN,KAKAMEGA,LIKUYANI,TAY6,37631516,ST. HENRY'S SAISI WABUGE GIRLS SECONDARY SCHOOL,C4,PUBLIC,NONE,BOARDING,GIRLS
2139,WESTERN,KAKAMEGA,LIKUYANI,4RK4,37631515,ST. JOHN'S SECONDARY SCHOOL MTONI,C4,PUBLIC,NONE,DAY,MIXED
2140,WESTERN,KAKAMEGA,LIKUYANI,RCEQ,37631307,ST. JOSEPH'S LUMINO SECONDARY SCHOOL,C4,PUBLIC,NONE,DAY,MIXED
2141,WESTERN,KAKAMEGA,LIKUYANI,4ZSZ,37631514,ST. JOSEPH'S NYOROTIS SECONDARY SCHOOL,C4,PUBLIC,NONE,DAY,MIXED
2142,WESTERN,KAKAMEGA,LIKUYANI,Y6NN,37631003,ST. JUDE SEREGEYA SECONDARY SCHOOL,C4,PUBLIC,NONE,DAY,MIXED
2143,WESTERN,KAKAMEGA,LIKUYANI,MVUG,37631305,ST. MICHAEL KILIMANI SECONDARY SCHOOL,C4,PUBLIC,NONE,DAY,MIXED
2144,WESTERN,KAKAMEGA,LIKUYANI,T8H4,37631313,ST. MONICA MIXED SECONDARY SCHOOL,C4,PUBLIC,NONE,DAY,MIXED
2145,WESTERN,KAKAMEGA,LIKUYANI,WCDT,37631205,ST. PETER'S MOI'S BRIDGE SECONDARY SCHOOL,C3,PUBLIC,NONE,DAY,MIXED
2146,WESTERN,KAKAMEGA,LIKUYANI,PAQQ,37631212,ST. STEPHEN'S SECONDARY SCHOOL LWANDA,C4,PUBLIC,NONE,DAY,MIXED
2147,WESTERN,KAKAMEGA,LIKUYANI,ZDUK,37631311,ST. VERONICA MIREMBE GIRLS SECONDARY,C4,PUBLIC,NONE,BOARDING,GIRLS
2148,WESTERN,KAKAMEGA,LIKUYANI,GRC9,37631502,ST.ANNE'S NZOIA GIRLS' SECONDARY SCHOOL,C2,PUBLIC,NONE,BOARDING,GIRLS
2149,WESTERN,KAKAMEGA,LIKUYANI,4EZU,37631404,ST.BENEDICT LUGULU SECONDARY SCHOOL,C4,PUBLIC,NONE,DAY,MIXED
2150,WESTERN,KAKAMEGA,LIKUYANI,5ZZ4,37631518,ST.PETERS MOI'S BRIDGE GIRLS SECONDARY SCHOOL,C3,PUBLIC,NONE,BOARDING,GIRLS
2151,WESTERN,KAKAMEGA,LIKUYANI,5ZL2,37631408,ST.TERESA SECONDARY SCHOOL,C4,PUBLIC,NONE,DAY,MIXED
2152,WESTERN,KAKAMEGA,LUGARI,LLSD,37607201,ARCHBISHOP NJENGA GIRLS' HIGH SCHOOL,C2,PUBLIC,NONE,BOARDING,GIRLS
2153,WESTERN,KAKAMEGA,LUGARI,UAU9,37607013,AYUB SAVULA SECONDARY SCHOOL,C4,PUBLIC,NONE,DAY,MIXED
2154,WESTERN,KAKAMEGA,LUGARI,CVE8,37607002,BISHOP SULUMETI GIRLS SECONDARY SCHOOL - LUGARI,C2,PUBLIC,NONE,BOARDING,GIRLS
2155,WESTERN,KAKAMEGA,LUGARI,LGTM,37607202,CHEKALINI SECONDARY SCHOOL,C3,PUBLIC,NONE,DAY,MIXED
2156,WESTERN,KAKAMEGA,LUGARI,HEP6,37607003,FORESTAL S.A SECONDARY SCHOOL,C4,PUBLIC,NONE,DAY,MIXED
2157,WESTERN,KAKAMEGA,LUGARI,HGFG,37607208,FRIENDS HIGH SCHOOL ANGAYU,C4,PUBLIC,NONE,BOARDING,MIXED
2158,WESTERN,KAKAMEGA,LUGARI,VP8U,37607108,FRIENDS MUKONGE SECONDARY SCHOOL,C4,PUBLIC,NONE,DAY,MIXED
2159,WESTERN,KAKAMEGA,LUGARI,48K6,37607104,HANDOW SECONDARY SCHOOL,C3,PUBLIC,NONE,DAY,MIXED
2160,WESTERN,KAKAMEGA,LUGARI,AWM3,37607205,HOLY FAMILY MUSEMBE SECONDARY SCHOOL,C4,PUBLIC,NONE,DAY,MIXED
2161,WESTERN,KAKAMEGA,LUGARI,A8VE,37607107,IMMACULATE HEART SECONDARY SCHOOL,C4,PUBLIC,NONE,DAY,MIXED
2162,WESTERN,KAKAMEGA,LUGARI,YND6,37607116,IVONA MIXED SECONDARY SCHOOL,C4,PUBLIC,NONE,DAY,MIXED
2163,WESTERN,KAKAMEGA,LUGARI,TTW7,37607001,LUMAKANDA BOYS HIGH SCHOOL,C2,PUBLIC,NONE,BOARDING,BOYS
2164,WESTERN,KAKAMEGA,LUGARI,AKPT,37607010,LUMAKANDA TOWNSHIP SECONDARY SCHOOL,C4,PUBLIC,NONE,DAY,MIXED
2165,WESTERN,KAKAMEGA,LUGARI,NRJQ,37607006,LUMAMA SECONDARY SCHOOL,C4,PUBLIC,NONE,DAY,MIXED
2166,WESTERN,KAKAMEGA,LUGARI,X9CW,37607204,LUNYITO SECONDARY SCHOOL,C4,PUBLIC,NONE,DAY,MIXED
2167,WESTERN,KAKAMEGA,LUGARI,CNY5,37607110,LWANDA LUGARI SECONDARY SCHOOL,C4,PUBLIC,NONE,DAY,MIXED
2168,WESTERN,KAKAMEGA,LUGARI,VEJD,37607115,MACHO MUSLIM SECONDARY SCHOOL,C4,PUBLIC,NONE,DAY,MIXED
2169,WESTERN,KAKAMEGA,LUGARI,2KAX,37607007,MANYONYI SECONDARY SCHOOL,C3,PUBLIC,NONE,DAY,MIXED
2170,WESTERN,KAKAMEGA,LUGARI,DXB5,37607101,MAUTUMA SECONDARY SCHOOL,C2,PUBLIC,NONE,DAY,MIXED
2171,WESTERN,KAKAMEGA,LUGARI,B9YQ,37607008,MBAYA SECONDARY SCHOOL,C4,PUBLIC,NONE,DAY,MIXED
2172,WESTERN,KAKAMEGA,LUGARI,URDB,37607206,MUFUTU SECONDARY SCHOOL,C4,PUBLIC,NONE,DAY,MIXED
2173,WESTERN,KAKAMEGA,LUGARI,KBWY,37607004,MUGUNGA SECONDARY SCHOOL,C4,PUBLIC,NONE,DAY,MIXED
2174,WESTERN,KAKAMEGA,LUGARI,TMT6,37607102,MUKUYU GIRLS SECONDARY SCHOOL,C3,PUBLIC,NONE,BOARDING,GIRLS
2175,WESTERN,KAKAMEGA,LUGARI,7JXV,37607005,MUNYUKI MIXED SECONDARY SCHOOL,C4,PUBLIC,NONE,DAY,MIXED
2176,WESTERN,KAKAMEGA,LUGARI,WPTM,37607011,MWAMBA SECONDARY SCHOOL,C4,PUBLIC,NONE,DAY,MIXED
2177,WESTERN,KAKAMEGA,LUGARI,2F9N,37607012,SAVALA SECONDARY SCHOOL,C4,PUBLIC,NONE,DAY,MIXED
2178,WESTERN,KAKAMEGA,LUGARI,KFZ6,37607109,SIPANDE SECONDARY SCHOOL,C4,PUBLIC,NONE,DAY,MIXED
2179,WESTERN,KAKAMEGA,LUGARI,AKJE,37607103,ST CECILIA GIRLS MAUTUMA SECONDARY SCHOOL,C2,PUBLIC,NONE,BOARDING,GIRLS
2180,WESTERN,KAKAMEGA,LUGARI,XJ2Q,37607105,ST. AUGUSTINE MLIMANI SECONDARY SCHOOL,C3,PUBLIC,NONE,DAY,MIXED
2181,WESTERN,KAKAMEGA,LUGARI,S2CF,37607207,ST. CHARLES LWANGA KOROMAITI SECONDARY SCHOOL,C4,PUBLIC,NONE,DAY,MIXED
2182,WESTERN,KAKAMEGA,LUGARI,DP7P,37607009,ST. FRANCIS MAJENGO SECONDARY SCHOOL,C4,PUBLIC,NONE,DAY,MIXED
2183,WESTERN,KAKAMEGA,LUGARI,VUTL,37607203,ST. PAUL'S LUGARI BOYS SECONDARY SCHOOL,C2,PUBLIC,NONE,BOARDING,BOYS
2184,WESTERN,KAKAMEGA,LUGARI,XY2D,37607111,ST.BONIFACE MBAGARA SECONDARY SCHOOL,C4,PUBLIC,NONE,DAY,MIXED
2185,WESTERN,KAKAMEGA,LUGARI,2FGV,37607209,THE SALVATION ARMY MBAJO SECONDARY SCHOOL,C4,PUBLIC,NONE,DAY,MIXED
2186,WESTERN,KAKAMEGA,MATETE,5C6E,37624020,FRIENDS MABUYE SECONDARY SCHOOL,C4,PUBLIC,NONE,DAY,MIXED
2187,WESTERN,KAKAMEGA,MATETE,LE5Z,37624001,FRIENDS SCHOOL LUKHOKHO,C3,PUBLIC,NONE,DAY,MIXED
2188,WESTERN,KAKAMEGA,MATETE,JSE4,37624010,FRIENDS SECONDARY SCHOOL CHENJENI,C4,PUBLIC,NONE,DAY,MIXED
2189,WESTERN,KAKAMEGA,MATETE,75WV,37624004,FRIENDS SECONDARY SCHOOL-MATURU,C4,PUBLIC,NONE,DAY,MIXED
2190,WESTERN,KAKAMEGA,MATETE,49V8,37624017,FRIENDS VUYIKA SECONDARY SCHOOL,C4,PUBLIC,NONE,DAY,MIXED
2191,WESTERN,KAKAMEGA,MATETE,ZWLF,37624008,HOLY FAMILY MARUKUSI SECONDARY SCHOOL,C4,PUBLIC,NONE,DAY,MIXED
2192,WESTERN,KAKAMEGA,MATETE,TVJC,37624002,KIVAYWA SECONDARY SCHOOL,C2,PUBLIC,NONE,DAY,MIXED
2193,WESTERN,KAKAMEGA,MATETE,K3YA,37624015,KULUMBENI SECONDARY SCHOOL,C4,PUBLIC,NONE,DAY,MIXED
2194,WESTERN,KAKAMEGA,MATETE,FZKQ,37624013,LWANDETI D.E.B SECONDARY SCHOOL,C4,PUBLIC,NONE,DAY,MIXED
2195,WESTERN,KAKAMEGA,MATETE,6RHJ,37624007,MAHANGA 'K' SECONDARY SCHOOL,C4,PUBLIC,NONE,DAY,MIXED
2196,WESTERN,KAKAMEGA,MATETE,T9HH,37624003,MAKHUKHUNI SECONDARY SCHOOL,C3,PUBLIC,NONE,DAY,MIXED
2197,WESTERN,KAKAMEGA,MATETE,U5HT,37624006,MUHOMO SECONDARY SCHOOL,C4,PUBLIC,NONE,DAY,MIXED
2198,WESTERN,KAKAMEGA,MATETE,XR2F,37624014,NAMBILIMA SA SECONDARY SCHOOL,C4,PUBLIC,NONE,DAY,MIXED
2199,WESTERN,KAKAMEGA,MATETE,BQ8C,37624009,NZOIA D.E.B SECONDARY SCHOOL,C4,PUBLIC,NONE,DAY,MIXED
2200,WESTERN,KAKAMEGA,MATETE,2XF5,37624019,ST. MUKASA GIRLS' SECONDARY SCHOOL-CHIMOI,C4,PUBLIC,NONE,BOARDING,GIRLS
2201,WESTERN,KAKAMEGA,MATETE,4MHH,37624005,ST. MUKASA SECONDARY SCHOOL - CHIMOI,C4,PUBLIC,NONE,DAY,MIXED
2202,WESTERN,KAKAMEGA,MATETE,H4DX,37624018,THE SALVATION ARMY MAYOYO SECONDARY SCHOOL,C4,PUBLIC,NONE,DAY,MIXED
2203,WESTERN,KAKAMEGA,MATUNGU,RVEW,37627128,A.C.K ST. MARY'S EBUSAMBE SECONDARY SCHOOL,C4,PUBLIC,NONE,DAY,MIXED
2204,WESTERN,KAKAMEGA,MATUNGU,PKBZ,37627137,A.C.K. ST.PAUL'S MUNGORE MIXED SECONDARY SCHOOL,C4,PUBLIC,NONE,DAY,MIXED
2205,WESTERN,KAKAMEGA,MATUNGU,PFBA,37627141,ACK EMMANUEL MARINDA SECONDARY SCHOOL,C4,PUBLIC,NONE,DAY,MIXED
2206,WESTERN,KAKAMEGA,MATUNGU,K8NV,37627132,ACK KOYONZO GIRLS SECONDARY SCHOOL,C4,PUBLIC,NONE,BOARDING,GIRLS
2207,WESTERN,KAKAMEGA,MATUNGU,6ZN4,37627127,ACK ST JOSEPHS NAMBEREKEYA SEC SCHOOL,C4,PUBLIC,NONE,DAY,MIXED
2208,WESTERN,KAKAMEGA,MATUNGU,5Q9V,37627101,BUSOMBI MUSLIM MIXED,C4,PUBLIC,NONE,DAY,MIXED
2209,WESTERN,KAKAMEGA,MATUNGU,6ZJ2,37627102,EJINJA MIXED DAY SECONDARY SCHOOL,C4,PUBLIC,NONE,DAY,MIXED
2210,WESTERN,KAKAMEGA,MATUNGU,M49G,37627131,EMANANI MUSLIM SECONDARY SCHOOL,C4,PUBLIC,NONE,DAY,MIXED
2211,WESTERN,KAKAMEGA,MATUNGU,N5QF,37627125,ESHIBANZE MUSLIM,C4,PUBLIC,NONE,DAY,MIXED
2212,WESTERN,KAKAMEGA,MATUNGU,P6XS,37627122,ESHIKHONDI MIXED SECONDARY SCHOOL,C4,PUBLIC,NONE,DAY,MIXED
2213,WESTERN,KAKAMEGA,MATUNGU,NL37,37627103,KOYONZO SECONDARY SCHOOL,C3,PUBLIC,NONE,DAY,MIXED
2214,WESTERN,KAKAMEGA,MATUNGU,TJ9B,37627104,MAKUNDA MUSLIM SECONDARY SCHOOL,C3,PUBLIC,NONE,DAY,MIXED
2215,WESTERN,KAKAMEGA,MATUNGU,PLPZ,37627109,MARY SEAT OF WISDOM BULIMBO GIRLS SECONDARY SCHOOL,C2,PUBLIC,NONE,BOARDING,GIRLS
2216,WESTERN,KAKAMEGA,MATUNGU,HT5A,37627105,MUNAMI SECONDARY SCHOOL,C3,PUBLIC,NONE,DAY,MIXED
2217,WESTERN,KAKAMEGA,MATUNGU,UNSN,37627115,NAMULUNGU MIXED DAY AND BOARDING,C3,PUBLIC,NONE,DAY,MIXED
2218,WESTERN,KAKAMEGA,MATUNGU,87U2,37627135,NAMULUNGU MUSLIM SECONDARY SCHOOL,C4,PUBLIC,NONE,DAY,MIXED
2219,WESTERN,KAKAMEGA,MATUNGU,3WGY,37627123,NGAIRWE SECONDARY SCHOOL,C4,PUBLIC,NONE,DAY,MIXED
2220,WESTERN,KAKAMEGA,MATUNGU,XXUN,37627121,SDA MATUNGU SECONDARY SCHOOL,C4,PUBLIC,NONE,DAY,MIXED
2221,WESTERN,KAKAMEGA,MATUNGU,LY5J,37627133,ST EMMANUEL LUTASIO SECONDARY SCHOOL,C4,PUBLIC,NONE,DAY,MIXED
2222,WESTERN,KAKAMEGA,MATUNGU,ZFVJ,37627143,ST. AGNES MWIRA GIRLS SECONDARY SCHOOL,C4,PUBLIC,NONE,BOARDING,GIRLS
2223,WESTERN,KAKAMEGA,MATUNGU,93KP,37627144,ST. ANNE'S NANYENI SEC SCHOOL,C4,PUBLIC,NONE,DAY,MIXED
2224,WESTERN,KAKAMEGA,MATUNGU,8YZE,37627126,ST. CECILIA MAKOKHWE SECONDARY SCHOOL,C4,PUBLIC,NONE,DAY,MIXED
2225,WESTERN,KAKAMEGA,MATUNGU,7G3M,37627107,ST. CHARLES KHALABA SECONDARY SCHOOL,C3,PUBLIC,NONE,DAY,MIXED
2226,WESTERN,KAKAMEGA,MATUNGU,GX7K,37627117,ST. CHARLES' LUNG'ANYIRO SECONDARY SCHOOL,C4,PUBLIC,NONE,DAY,MIXED
2227,WESTERN,KAKAMEGA,MATUNGU,KCG2,37627106,ST. JAMES NAMAMBA BOYS SECONDARY SCHOOL,C3,PUBLIC,NONE,BOARDING,BOYS
2228,WESTERN,KAKAMEGA,MATUNGU,H8VR,37627140,ST. JAMES' NAMAMBA GIRLS',C4,PUBLIC,NONE,BOARDING,GIRLS
2229,WESTERN,KAKAMEGA,MATUNGU,B4YV,37627118,ST. JOHN'S MUKHWEYA SECONDARY SCHOOL,C4,PUBLIC,NONE,DAY,MIXED
2230,WESTERN,KAKAMEGA,MATUNGU,ZAHN,37627139,ST. JOSEPHS BULONGA SECONDARY SCHOOL,C4,PUBLIC,NONE,DAY,MIXED
2231,WESTERN,KAKAMEGA,MATUNGU,3P6Y,37627110,ST. JOSEPH'S INDANGALASIA SECONDARY SCHOOL,C4,PUBLIC,NONE,DAY,MIXED
2232,WESTERN,KAKAMEGA,MATUNGU,7UNH,37627111,ST. LUKE'S KHABUKOSHE MIXED SECONDARY SCHOOL,C4,PUBLIC,NONE,DAY,MIXED
2233,WESTERN,KAKAMEGA,MATUNGU,ULK9,37627129,ST. MARK'S IMAKALE SECONDARY SCHOOL,C4,PUBLIC,NONE,DAY,MIXED
2234,WESTERN,KAKAMEGA,MATUNGU,SPX2,37627112,ST. MATHIAS KHOLERA BOYS SECONDARY SCHOOL,C2,PUBLIC,NONE,BOARDING,BOYS
2235,WESTERN,KAKAMEGA,MATUNGU,HVH2,37627113,ST. MAURICE MWIRA HIGH SCHOOL,C3,PUBLIC,NONE,BOARDING,MIXED
2236,WESTERN,KAKAMEGA,MATUNGU,SJTQ,37627119,ST. MICHAEL'S ESHIRUMBWE SECONDARY SCHOOL,C4,PUBLIC,NONE,DAY,MIXED
2237,WESTERN,KAKAMEGA,MATUNGU,VGGB,37627134,ST.FRANCIS SHIYABO SECONDARY SCHOOL,C4,PUBLIC,NONE,DAY,MIXED
2238,WESTERN,KAKAMEGA,MATUNGU,BK5R,37627108,ST.GABRIEL'S MIRERE SEC,C4,PUBLIC,NONE,DAY,MIXED
2239,WESTERN,KAKAMEGA,MATUNGU,AXG8,37627138,ST.IDAH GIRLS EJINJA,C4,PUBLIC,NONE,BOARDING,GIRLS
2240,WESTERN,KAKAMEGA,MATUNGU,MPE8,37627124,ST.MARYS NAMALASIRE SECONDARY SCHOOL,C4,PUBLIC,NONE,DAY,MIXED
2241,WESTERN,KAKAMEGA,MATUNGU,XMAB,37627136,ST.MARY'S NAMASANDA SECONDARY SCHOOL,C4,PUBLIC,NONE,DAY,MIXED
2242,WESTERN,KAKAMEGA,MATUNGU,JVX2,37627114,ST.PETER'S LUBANGA,C4,PUBLIC,NONE,DAY,MIXED
2243,WESTERN,KAKAMEGA,MATUNGU,RHTC,37627130,ST.STEPHEN MUNGAKHA SECONDARY SCHOOL,C4,PUBLIC,NONE,DAY,MIXED
2244,WESTERN,KAKAMEGA,MATUNGU,9RR6,37627116,ST.TERESA'S ITETE SECONDARY SCHOOL,C3,PUBLIC,NONE,DAY,MIXED
2275,WESTERN,KAKAMEGA,MUMIAS,WEST,2264,37617402 BUCHIFI MIXED SECONDARY SCHOOL,C4,PUBLIC,NONE,DAY,MIXED
2301,WESTERN,KAKAMEGA,NAVAKHOLO,VCBK,37632201,BUHAYI MUSLIM SECONDARY SCHOOL,C4,PUBLIC,NONE,DAY,MIXED
2302,WESTERN,KAKAMEGA,NAVAKHOLO,QJJF,37632301,BUSHILI SECONDARY SCHOOL,C4,PUBLIC,NONE,DAY,MIXED
2303,WESTERN,KAKAMEGA,NAVAKHOLO,3BBQ,37632101,CHEBUYUSI BOYS HIGH SCHOOL,C2,PUBLIC,NONE,BOARDING,BOYS
2304,WESTERN,KAKAMEGA,NAVAKHOLO,U2BG,37632302,EMATIHA SECONDARY SCHOOL,C4,PUBLIC,NONE,DAY,MIXED
2305,WESTERN,KAKAMEGA,NAVAKHOLO,MGV7,37632303,ESUMEYIA SECONDARY SCHOOL,C4,PUBLIC,NONE,DAY,MIXED
2306,WESTERN,KAKAMEGA,NAVAKHOLO,ZPQ6,37632102,FRIENDS MIXED SECONDARY SCHOOL MUSAGA,C4,PUBLIC,NONE,DAY,MIXED
2307,WESTERN,KAKAMEGA,NAVAKHOLO,6JZQ,37632212,FRIENDS NDEREMA MIXED SECONDARY SCHOOL,C4,PUBLIC,NONE,DAY,MIXED
2308,WESTERN,KAKAMEGA,NAVAKHOLO,3WDE,37632109,FRIENDS SECONDARY SCHOOL-SIMULI,C4,PUBLIC,NONE,DAY,MIXED
2309,WESTERN,KAKAMEGA,NAVAKHOLO,2KSE,37632309,INGOTSE GIRLS SECONDARY SCHOOL,C4,PUBLIC,NONE,BOARDING,GIRLS
2310,WESTERN,KAKAMEGA,NAVAKHOLO,EHRQ,37632304,INGOTSE HIGH SCHOOL,C2,PUBLIC,NONE,BOARDING,MIXED
2311,WESTERN,KAKAMEGA,NAVAKHOLO,Q82D,37632202,MUNGAKHA FRIENDS' SECONDARY SCHOOL,C4,PUBLIC,NONE,DAY,MIXED
2312,WESTERN,KAKAMEGA,NAVAKHOLO,Q6VL,37632211,NAMBACHA MIXED SECONDARY,C4,PUBLIC,NONE,DAY,MIXED
2313,WESTERN,KAKAMEGA,NAVAKHOLO,JRXZ,37632103,NAMIRAMA GIRLS HIGH SCHOOL,C3,PUBLIC,NONE,BOARDING,GIRLS
2314,WESTERN,KAKAMEGA,NAVAKHOLO,3RQF,37632203,NAMUNDERA MIXED SECONDARY SCHOOL,C4,PUBLIC,NONE,DAY,MIXED
2315,WESTERN,KAKAMEGA,NAVAKHOLO,3DVS,37632209,NANG'ANDA SECONDARY SCHOOL,C4,PUBLIC,NONE,DAY,MIXED
2316,WESTERN,KAKAMEGA,NAVAKHOLO,83ZW,37632104,NAVAKHOLO SECONDARY SCHOOL,C4,PUBLIC,NONE,DAY,MIXED
2317,WESTERN,KAKAMEGA,NAVAKHOLO,QHPN,37632305,SHIKOMARI SECONDARY SCHOOL,C4,PUBLIC,NONE,DAY,MIXED
2318,WESTERN,KAKAMEGA,NAVAKHOLO,ZBX2,37632306,SHINOYI SECONDARY SCHOOL,C4,PUBLIC,NONE,DAY,MIXED
2319,WESTERN,KAKAMEGA,NAVAKHOLO,UDV7,37632204,SIDIKHO SECONDARY SCHOOL,C3,PUBLIC,NONE,DAY,MIXED
2320,WESTERN,KAKAMEGA,NAVAKHOLO,M7JT,37632105,SIRIGOI SECONDARY SCHOOL,C4,PUBLIC,NONE,DAY,MIXED
2321,WESTERN,KAKAMEGA,NAVAKHOLO,762K,37632205,SISOKHE SECONDARY SCHOOL,C4,PUBLIC,NONE,DAY,MIXED
2322,WESTERN,KAKAMEGA,NAVAKHOLO,LMZN,37632106,SIVILIE SECONDARY SCHOOL,C3,PUBLIC,NONE,DAY,MIXED
2323,WESTERN,KAKAMEGA,NAVAKHOLO,XGPX,37632207,ST KIZITO SECONDARY SCHOOL LUSUMU,C3,PUBLIC,NONE,DAY,MIXED
2324,WESTERN,KAKAMEGA,NAVAKHOLO,KT4Z,37632308,ST MARY'S EBUTENJE GIRLS SECONDARY SCHOOL,C4,PUBLIC,NONE,BOARDING,GIRLS
2325,WESTERN,KAKAMEGA,NAVAKHOLO,U5VD,37632307,ST PAUL'S EMULAKHA SECONDARY SCHOOL,C3,PUBLIC,NONE,DAY,MIXED
2326,WESTERN,KAKAMEGA,NAVAKHOLO,2YXV,37632107,ST. CAROLI LWANGA LUTASO SECONDARY SCHOOL,C4,PUBLIC,NONE,DAY,MIXED
2327,WESTERN,KAKAMEGA,NAVAKHOLO,KV6A,37632206,ST. JOHN'S BUDONGA SECONDARY SCHOOL,C4,PUBLIC,NONE,DAY,MIXED
2328,WESTERN,KAKAMEGA,NAVAKHOLO,JPCT,37632213,ST. KIZITO LUSUMU GIRLS SECONDARY SCHOOL,C3,PUBLIC,NONE,BOARDING,GIRLS
2329,WESTERN,KAKAMEGA,NAVAKHOLO,DURC,37632208,ST. PAUL'S MIXED SECONDARY SCHOOL LWAKHUPA,C4,PUBLIC,NONE,DAY,MIXED
2330,WESTERN,KAKAMEGA,NAVAKHOLO,9L8C,37632210,ST. RAPHAEL'S BURANGASI SECONDARY,C4,PUBLIC,NONE,DAY,MIXED
2331,WESTERN,KAKAMEGA,NAVAKHOLO,68E8,37632310,ST. TERESA'S EBUMAMU SECONDARY SCHOOL,C4,PUBLIC,NONE,DAY,MIXED
2332,WESTERN,KAKAMEGA,NAVAKHOLO,96UX,37632108,ST. THOMAS AQUINAS BUCHANGU SECONDARY SCHOOL,C4,PUBLIC,NONE,DAY,MIXED
2333,WESTERN,KAKAMEGA,NAVAKHOLO,97ZR,37632110,WEREMBA MUSLIM MIXED SECONDARY SCHOOL,C4,PUBLIC,NONE,DAY,MIXED
2334,RIFT VALLEY,KERICHO,BELGUT,AT6B,28553120,AINAPKOI SECONDARY SCHOOL,C4,PUBLIC,NONE,DAY,MIXED
2335,RIFT VALLEY,KERICHO,BELGUT,4UVL,28553116,BELGUT STAREHE GIRLS CENTRE,C4,PUBLIC,NONE,BOARDING,GIRLS
2336,RIFT VALLEY,KERICHO,BELGUT,AZQK,28553115,BELGUT TAPTUGEN STAREHE BOYS CENTRE,C4,PUBLIC,NONE,BOARDING,BOYS
2337,RIFT VALLEY,KERICHO,BELGUT,HUMF,28553109,BORBORWET SECONDARY SCHOOL,C4,PUBLIC,NONE,DAY,MIXED
2338,RIFT VALLEY,KERICHO,BELGUT,YHEF,28553211,CHEBIRIRBEI SECONDARY SCHOOL,C4,PUBLIC,NONE,DAY,MIXED
2339,RIFT VALLEY,KERICHO,BELGUT,8CSF,28553121,CHEBUNGUNGON SECONDARY SCHOOL,C4,PUBLIC,NONE,DAY,MIXED
2340,RIFT VALLEY,KERICHO,BELGUT,5V77,28553207,CHEMAMUL BOYS SECONDARY SCHOOL,C3,PUBLIC,NONE,BOARDING,BOYS
2341,RIFT VALLEY,KERICHO,BELGUT,VV38,28553214,CHEMAMUL MIXED SECONDARY SCHOOL,C4,PUBLIC,NONE,DAY,MIXED
2342,RIFT VALLEY,KERICHO,BELGUT,AR85,28553122,CHEMUMBE,C4,PUBLIC,NONE,DAY,MIXED
2343,RIFT VALLEY,KERICHO,BELGUT,G24T,28553205,CHEPKOSILEN SECONDARY SCHOOL,C4,PUBLIC,NONE,DAY,MIXED
2344,RIFT VALLEY,KERICHO,BELGUT,KDS3,28553113,CHEPKOTON GIRLS SECONDARY SCHOOL,C2,PUBLIC,NONE,BOARDING,GIRLS
2345,RIFT VALLEY,KERICHO,BELGUT,HFT6,28553101,CHEPKUTUNG SECONDARY SCHOOL,C4,PUBLIC,NONE,DAY,MIXED
2346,RIFT VALLEY,KERICHO,BELGUT,MX8H,28553102,CHEPTENYE SECONDARY SCHOOL,C2,PUBLIC,NONE,DAY,MIXED
2347,RIFT VALLEY,KERICHO,BELGUT,XCNA,28553112,CHEPTORORIET SECONDARY SCHOOL,C4,PUBLIC,NONE,DAY,MIXED
2348,RIFT VALLEY,KERICHO,BELGUT,ZVDP,28553107,CHERIBO SECONDARY SCHOOL,C4,PUBLIC,NONE,DAY,MIXED
2349,RIFT VALLEY,KERICHO,BELGUT,9QSH,28553118,CHERONGET SECONDARY SCHOOL,C4,PUBLIC,NONE,DAY,MIXED
2350,RIFT VALLEY,KERICHO,BELGUT,78PH,28553105,GETUMBE SECONDARY SCHOOL,C4,PUBLIC,NONE,DAY,MIXED
2351,RIFT VALLEY,KERICHO,BELGUT,9CWG,28553204,KABIANGA GIRLS HIGH SCHOOL,C3,PUBLIC,NONE,BOARDING,GIRLS
2352,RIFT VALLEY,KERICHO,BELGUT,HKSE,28500006,KABIANGA HIGH SCHOOL,C1,PUBLIC,NONE,BOARDING,MIXED
2353,RIFT VALLEY,KERICHO,BELGUT,J6ZD,28553104,KABOROK GIRLS HIGH SCHOOL,C2,PUBLIC,NONE,BOARDING,GIRLS
2354,RIFT VALLEY,KERICHO,BELGUT,9MVX,28553217,KAMAAS SECONDARY SCHOOL,C4,PUBLIC,NONE,DAY,MIXED
2355,RIFT VALLEY,KERICHO,BELGUT,9BVE,28553216,KAPCHEBET GIRLS SECONDARY SCHOOL.,C4,PUBLIC,NONE,BOARDING,GIRLS
2356,RIFT VALLEY,KERICHO,BELGUT,4MAJ,28553215,KAPKITONY DAY SECONDARY SCHOOL,C4,PUBLIC,NONE,DAY,MIXED
2357,RIFT VALLEY,KERICHO,BELGUT,24VB,28553213,KAPLUTIET SECONDARY SCHOOL,C4,PUBLIC,NONE,DAY,MIXED
2358,RIFT VALLEY,KERICHO,BELGUT,RBN3,28553203,KAPMASO SECONDARY SCHOOL,C3,PUBLIC,NONE,DAY,MIXED
2359,RIFT VALLEY,KERICHO,BELGUT,7T9L,28553111,KAPSOIYO SECONDARY SCHOOL,C4,PUBLIC,NONE,DAY,MIXED
2360,RIFT VALLEY,KERICHO,BELGUT,D99V,28553114,KAPTEBESWET GIRLS SECONDARY SCHOOL,C3,PUBLIC,NONE,BOARDING,GIRLS
2361,RIFT VALLEY,KERICHO,BELGUT,CT33,28553108,KEBEN SECONDARY SCHOOL,C4,PUBLIC,NONE,DAY,MIXED
2362,RIFT VALLEY,KERICHO,BELGUT,P2ND,28553212,KIBINGEI GIRLS SECONDARY SCHOOL,C3,PUBLIC,NONE,BOARDING,GIRLS
2363,RIFT VALLEY,KERICHO,BELGUT,H9GG,28553110,KIPSOLU SECONDARY SCHOOL,C3,PUBLIC,NONE,DAY,MIXED
2364,RIFT VALLEY,KERICHO,BELGUT,GHEV,28553210,KIPTOME SECONDARY SCHOOL,C4,PUBLIC,NONE,DAY,MIXED
2365,RIFT VALLEY,KERICHO,BELGUT,WX9P,28553208,KOIWALELACH GIRLS SECONDARY SCHOOL,C3,PUBLIC,NONE,BOARDING,GIRLS
2366,RIFT VALLEY,KERICHO,BELGUT,PBNJ,28553209,NYABANGI SECONDARY SCHOOL,C4,PUBLIC,NONE,DAY,MIXED
2367,RIFT VALLEY,KERICHO,BELGUT,TP58,28553206,SERETUT SECONDARY SCHOOL,C4,PUBLIC,NONE,DAY,MIXED
2368,RIFT VALLEY,KERICHO,BELGUT,F87S,28553103,SOSIOT GIRLS' SECONDARY SCHOOL,C2,PUBLIC,NONE,BOARDING,GIRLS
2369,RIFT VALLEY,KERICHO,BELGUT,K88U,28553119,TELDET SECONDARY SCHOOL,C4,PUBLIC,NONE,DAY,MIXED
2370,RIFT VALLEY,KERICHO,BURETI,UTE8,28522520,A.I.C LITEIN GIRLS SECONDARY S CHOOL,C1,PUBLIC,NONE,BOARDING,GIRLS
2371,RIFT VALLEY,KERICHO,BURETI,7AR7,28522402,AIC TEBESONIK BOYS HIGH SCHOOL,C3,PUBLIC,NONE,BOARDING,BOYS
2372,RIFT VALLEY,KERICHO,BURETI,PV3G,28522540,AROKYET GIRLS SECONDARY SCHOOL,C3,PUBLIC,NONE,BOARDING,GIRLS
2373,RIFT VALLEY,KERICHO,BURETI,JFJY,28522533,BUTTIK HIGH SCHOOL,C4,PUBLIC,NONE,BOARDING,MIXED
2374,RIFT VALLEY,KERICHO,BURETI,LCEY,28522530,CHEBITET SECONDARY SCHOOL,C4,PUBLIC,NONE,DAY,MIXED
2375,RIFT VALLEY,KERICHO,BURETI,PBDU,28522508,CHEBORGE BOYS HIGH SCHOOL,C2,PUBLIC,NONE,BOARDING,BOYS
2376,RIFT VALLEY,KERICHO,BURETI,UFNQ,28522511,CHEBORGE GIRLS SECONDARY SCHOOL,C2,PUBLIC,NONE,BOARDING,GIRLS
2377,RIFT VALLEY,KERICHO,BURETI,3Q38,28522504,CHEBWAGAN BOYS SECONDARY SCHOOL,C2,PUBLIC,NONE,BOARDING,BOYS
2378,RIFT VALLEY,KERICHO,BURETI,JE97,28522515,CHELILIS GIRLS SECONDARY SCHOOL,C2,PUBLIC,NONE,BOARDING,GIRLS
2379,RIFT VALLEY,KERICHO,BURETI,EJ24,28522523,CHEMOIBEN SECONDARY SCHOOL,C4,PUBLIC,NONE,DAY,MIXED
2380,RIFT VALLEY,KERICHO,BURETI,CVTL,28522550,CHEPKULGONG MIXED DAY SECONDARY SCHOOL,C4,PUBLIC,NONE,DAY,MIXED
2381,RIFT VALLEY,KERICHO,BURETI,3RF5,28522503,CHEPLANGET SECONDARY SCHOOL,C3,PUBLIC,NONE,DAY,MIXED
2382,RIFT VALLEY,KERICHO,BURETI,MJAP,28522510,CHEPTENDENIET SECONDARY SCHOOL,C4,PUBLIC,NONE,DAY,MIXED
2383,RIFT VALLEY,KERICHO,BURETI,3LMN,28522406,GETARWET GIRLS SECONDARY SCHOOL,C4,PUBLIC,NONE,BOARDING,GIRLS
2384,RIFT VALLEY,KERICHO,BURETI,J9EJ,28522548,GETARWET MIXED DAY SECONDARY SCHOOL,C3,PUBLIC,NONE,DAY,MIXED
2385,RIFT VALLEY,KERICHO,BURETI,N9SU,28522537,ITOIK SECONDARY SCHOOL,C4,PUBLIC,NONE,DAY,MIXED
2386,RIFT VALLEY,KERICHO,BURETI,KMGJ,28522407,KABARTEGAN HIGH SCHOOL,C3,PUBLIC,NONE,BOARDING,MIXED
2387,RIFT VALLEY,KERICHO,BURETI,FK7Z,28522417,KABITUNGU SECONDARY SCHOOL,C4,PUBLIC,NONE,DAY,MIXED
2388,RIFT VALLEY,KERICHO,BURETI,CVGK,28522544,KABORUS MIXED DAY SECONDARY SCHOOL,C4,PUBLIC,NONE,DAY,MIXED
2389,RIFT VALLEY,KERICHO,BURETI,UVY6,28522414,KABUSIENDUK SECONDARY SCHOOL,C4,PUBLIC,NONE,DAY,MIXED
2390,RIFT VALLEY,KERICHO,BURETI,8CK3,28522529,KAMANAMSIM SECONDARY SCHOOL,C4,PUBLIC,NONE,DAY,MIXED
2391,RIFT VALLEY,KERICHO,BURETI,BCX4,28522526,KAMINJEIWA SECONDARY SCHOOL,C4,PUBLIC,NONE,DAY,MIXED
2392,RIFT VALLEY,KERICHO,BURETI,ZJ46,28522411,KAMINJEIWET SECONDARY SCHOOL,C4,PUBLIC,NONE,DAY,MIXED
2393,RIFT VALLEY,KERICHO,BURETI,3PBU,28522412,KAPCHELACH SECONDARY SCHOOL,C4,PUBLIC,NONE,DAY,MIXED
2394,RIFT VALLEY,KERICHO,BURETI,BKLA,28522521,KAPKARIN SECONDARY SCHOOL,C4,PUBLIC,NONE,DAY,MIXED
2395,RIFT VALLEY,KERICHO,BURETI,MFNS,28522516,KAPKATET SECONDARY SCHOOL,C4,PUBLIC,NONE,DAY,MIXED
2396,RIFT VALLEY,KERICHO,BURETI,4HNH,28522404,KAPKISIARA SECONDARY SCHOOL,C3,PUBLIC,NONE,DAY,MIXED
2397,RIFT VALLEY,KERICHO,BURETI,KSAL,28522519,KAPSINENDET SECONDARY SCHOOL,C4,PUBLIC,NONE,DAY,MIXED
2398,RIFT VALLEY,KERICHO,BURETI,K5H7,28522528,KAPSOGERUK SECONDARY SCHOOL,C4,PUBLIC,NONE,DAY,MIXED
2399,RIFT VALLEY,KERICHO,BURETI,PD8B,28522507,KAPSOGUT BOYS HIGH SCHOOL,C3,PUBLIC,NONE,BOARDING,BOYS
2400,RIFT VALLEY,KERICHO,BURETI,CQU2,28522524,KAPTELE SECONDARY SCHOOL,C4,PUBLIC,NONE,DAY,MIXED
2401,RIFT VALLEY,KERICHO,BURETI,KBHS,28522409,KELUNET SECONDARY SCHOOL,C4,PUBLIC,NONE,DAY,MIXED
2402,RIFT VALLEY,KERICHO,BURETI,5F5X,28522539,KIBOLGONG SECONDARY SCHOOL,C4,PUBLIC,NONE,DAY,MIXED
2403,RIFT VALLEY,KERICHO,BURETI,9DPA,28522418,KIBUGAT MIXED DAY SECONDARY SCHOOL,C4,PUBLIC,NONE,DAY,MIXED
2404,RIFT VALLEY,KERICHO,BURETI,BQKS,28522506,KIPTEWIT BOYS HIGH SCHOOL,C3,PUBLIC,NONE,BOARDING,BOYS
2405,RIFT VALLEY,KERICHO,BURETI,QTZU,28522535,KIPTEWIT GIRLS HIGH SCHOOL,C2,PUBLIC,NONE,BOARDING,GIRLS
2406,RIFT VALLEY,KERICHO,BURETI,PFHJ,28522419,KIPTOBON SECONDARY SCHOOL,C4,PUBLIC,NONE,DAY,MIXED
2407,RIFT VALLEY,KERICHO,BURETI,X2S9,28522552,KIPTORORGO SECONDARY SCHOOL,C4,PUBLIC,NONE,DAY,MIXED
2408,RIFT VALLEY,KERICHO,BURETI,8CMX,28522512,KORONGOI GIRLS' SECONDARY,C2,PUBLIC,NONE,BOARDING,GIRLS
2409,RIFT VALLEY,KERICHO,BURETI,866X,28522525,KUSUMEK SECONDARY SCHOOL,C4,PUBLIC,NONE,DAY,MIXED
2410,RIFT VALLEY,KERICHO,BURETI,8JMN,28522545,LALAGIN MIXED DAY SECONDARY SCHOOL,C4,PUBLIC,NONE,DAY,MIXED
2411,RIFT VALLEY,KERICHO,BURETI,EA62,28522549,LELACH GIRLS SECONDARY SCHOOL,C4,PUBLIC,NONE,BOARDING,GIRLS
2412,RIFT VALLEY,KERICHO,BURETI,CAYW,28522505,LITEIN HIGH SCHOOL,C1,PUBLIC,NONE,BOARDING,MIXED
2413,RIFT VALLEY,KERICHO,BURETI,AWAH,28522546,LITEIN MIXED DAY SECONDARY SCHOOL,C4,PUBLIC,NONE,DAY,MIXED
2414,RIFT VALLEY,KERICHO,BURETI,LM8S,28522410,MABASI SECONDARY SCHOOL,C4,PUBLIC,NONE,DAY,MIXED
2415,RIFT VALLEY,KERICHO,BURETI,2V99,28522536,MASUBETI GIRLS HIGH SCHOOL,C4,PUBLIC,NONE,BOARDING,GIRLS
2416,RIFT VALLEY,KERICHO,BURETI,S2GV,28522513,MOMBWO SECONDARY SCHOOL,C4,PUBLIC,NONE,DAY,MIXED
2417,RIFT VALLEY,KERICHO,BURETI,82FA,28522538,NELSON MANDELA HIGH SCHOOL,C4,PUBLIC,NONE,BOARDING,MIXED
2418,RIFT VALLEY,KERICHO,BURETI,LQHW,28522518,NGESUMIN GIRLS SECONDARYSCHOOL,C3,PUBLIC,NONE,BOARDING,GIRLS
2419,RIFT VALLEY,KERICHO,BURETI,EEMW,28522420,NGOINA SECONDARY SCHOOL,C4,PUBLIC,NONE,DAY,MIXED
2420,RIFT VALLEY,KERICHO,BURETI,8CU9,28522531,NGORORGA SECONDARY SCHOOL,C4,PUBLIC,NONE,DAY,MIXED
2421,RIFT VALLEY,KERICHO,BURETI,QKL5,28522416,RERESIK SECONDARY SCHOOL,C4,PUBLIC,NONE,DAY,MIXED
2422,RIFT VALLEY,KERICHO,BURETI,8SX3,28522541,RORET BOYS HIGH SCHOOL,C3,PUBLIC,NONE,BOARDING,BOYS
2423,RIFT VALLEY,KERICHO,BURETI,P8KP,28522553,RUNGUT MIXED DAY SECONDARY SCHOOL,C4,PUBLIC,NONE,DAY,MIXED
2424,RIFT VALLEY,KERICHO,BURETI,PZGV,28522554,SEBETET MIXED DAY SECONDARY SCHOOL,C4,PUBLIC,NONE,DAY,MIXED
2425,RIFT VALLEY,KERICHO,BURETI,RN74,28522415,SIONGI SECONDARY SCHOOL,C4,PUBLIC,NONE,DAY,MIXED
2426,RIFT VALLEY,KERICHO,BURETI,X39R,28522502,SOSIT GIRLS' SECONDARY SCHOOL,C3,PUBLIC,NONE,BOARDING,GIRLS
2427,RIFT VALLEY,KERICHO,BURETI,L8TT,28522547,SOSIT MIXED DAY SECONDARY SCHOOL,C3,PUBLIC,NONE,DAY,MIXED
2428,RIFT VALLEY,KERICHO,BURETI,9398,28522542,ST.PAUL'S CHARERA SPECIAL HIGH SCHOOL,C1,PUBLIC,NONE,BOARDING,MIXED
2429,RIFT VALLEY,KERICHO,BURETI,WRCH,28522501,TENGECHA BOYS HIGH SCHOOL,C1,PUBLIC,NONE,BOARDING,BOYS
2430,RIFT VALLEY,KERICHO,BURETI,NAKY,28522509,TENGECHA GIRLS SECONDARY SCHOOL,C1,PUBLIC,NONE,BOARDING,GIRLS
2431,RIFT VALLEY,KERICHO,BURETI,B622,28522534,TEPKUTWET SECONDARY SCHOOL,C4,PUBLIC,NONE,DAY,MIXED
2432,RIFT VALLEY,KERICHO,BURETI,N3PA,28522532,TIRIITAB MOITA SECONDARY SCHOOL,C4,PUBLIC,NONE,DAY,MIXED
2433,RIFT VALLEY,KERICHO,BURETI,TZ3G,28522405,TULWET SECONDARY SCHOOL,C3,PUBLIC,NONE,DAY,MIXED
2434,RIFT VALLEY,KERICHO,KERICHO,VCZW,28512126,AIC TELANET GIRLS HIGH SCHOOL,C3,PUBLIC,NONE,BOARDING,GIRLS
2435,RIFT VALLEY,KERICHO,KERICHO,AEHU,28512111,AINAMOI SECONDARY SCHOOL,C4,PUBLIC,NONE,DAY,MIXED
2436,RIFT VALLEY,KERICHO,KERICHO,J8RN,28512131,BROOKE DAY SECONDARY SCHOOL,C4,PUBLIC,NONE,DAY,MIXED
2437,RIFT VALLEY,KERICHO,KERICHO,3DU2,28512129,BUCHENGE DAY SECONDARY SCHOOL,C4,PUBLIC,NONE,DAY,MIXED
2438,RIFT VALLEY,KERICHO,KERICHO,M5WP,28512105,CHEBIGEN SECONDARY SCHOOL,C3,PUBLIC,NONE,DAY,MIXED
2439,RIFT VALLEY,KERICHO,KERICHO,XFJ6,28512123,CHEPKOIYO SECONDARY SCHOOL,C4,PUBLIC,NONE,DAY,MIXED
2440,RIFT VALLEY,KERICHO,KERICHO,DQFT,28512114,CHEPNGOBOB SECONDARY SCHOOL,C4,PUBLIC,NONE,DAY,MIXED
2441,RIFT VALLEY,KERICHO,KERICHO,ZVGM,28512122,KABOLOIN SECONDARY SCHOOL,C4,PUBLIC,NONE,DAY,MIXED
2442,RIFT VALLEY,KERICHO,KERICHO,67WD,28512124,KAPKIAM SECONDARY SCHOOL,C4,PUBLIC,NONE,DAY,MIXED
2443,RIFT VALLEY,KERICHO,KERICHO,WF45,28512128,KAPNGETUNY SECONDARY SCHOOL.,C4,PUBLIC,NONE,DAY,MIXED
2444,RIFT VALLEY,KERICHO,KERICHO,4DL9,28512108,KAPSOIT SECONDARY SCHOOL,C4,PUBLIC,NONE,DAY,MIXED
2445,RIFT VALLEY,KERICHO,KERICHO,L5PE,28512115,KAPTEBESWET SECONDARY SCHOOL,C4,PUBLIC,NONE,DAY,MIXED
2446,RIFT VALLEY,KERICHO,KERICHO,9FE6,28512127,KENEGUT DAY SECONDARY SCHOOL,C4,PUBLIC,NONE,DAY,MIXED
2447,RIFT VALLEY,KERICHO,KERICHO,FD8D,28512107,KENEGUT GIRLS SECONDARY SCHOOL,C3,PUBLIC,NONE,BOARDING,GIRLS
2448,RIFT VALLEY,KERICHO,KERICHO,DBUP,28512116,KEONGO SECONDARY SCHOOL,C4,PUBLIC,NONE,DAY,MIXED
2449,RIFT VALLEY,KERICHO,KERICHO,9CV9,28512102,KERICHO DAY SECONDARY SCHOOL,C4,PUBLIC,NONE,DAY,MIXED
2450,RIFT VALLEY,KERICHO,KERICHO,5PA8,28512101,KERICHO HIGH SCHOOL,C2,PUBLIC,NONE,BOARDING,MIXED
2451,RIFT VALLEY,KERICHO,KERICHO,7BRV,28512104,KERICHO TEA SECONDARY SCHOOL,C2,PUBLIC,NONE,DAY,MIXED
2452,RIFT VALLEY,KERICHO,KERICHO,4EXE,28512117,KERICHO TOWNSHIP SECONDARY SCHOOL,C4,PUBLIC,NONE,DAY,MIXED
2453,RIFT VALLEY,KERICHO,KERICHO,YWYJ,28512118,KETITUI SECONDARY SCHOOL,C4,PUBLIC,NONE,DAY,MIXED
2454,RIFT VALLEY,KERICHO,KERICHO,4MUM,28512106,KIPCHIMCHIM MIXED BOARDING DAY HIGH SCHOOL,C3,PUBLIC,NONE,BOARDING,MIXED
2455,RIFT VALLEY,KERICHO,KERICHO,PE9Q,28500005,KIPSIGIS GIRLS' HIGH SCHOOL,C1,PUBLIC,NONE,BOARDING,GIRLS
2456,RIFT VALLEY,KERICHO,KERICHO,P9XM,28512125,LALIAT SECONDARY SCHOOL,C4,PUBLIC,NONE,DAY,MIXED
2457,RIFT VALLEY,KERICHO,KERICHO,6888,28512121,MANYOROR SECONDARY SCHOOL,C4,PUBLIC,NONE,DAY,MIXED
2458,RIFT VALLEY,KERICHO,KERICHO,CSNF,28512130,MASO SECONDARY SCHOOL,C4,PUBLIC,NONE,DAY,MIXED
2459,RIFT VALLEY,KERICHO,KERICHO,YW8M,28512119,MATOBO SECONDARY SCHOOL,C4,PUBLIC,NONE,DAY,MIXED
2460,RIFT VALLEY,KERICHO,KERICHO,AE4J,28512110,MOI SITOTWET SECONDARY SCHOOL,C4,PUBLIC,NONE,DAY,MIXED
2461,RIFT VALLEY,KERICHO,KERICHO,FLFQ,28512112,MOI TEA GIRLS SECONDARY SCHOOL,C1,PUBLIC,NONE,BOARDING,GIRLS
2462,RIFT VALLEY,KERICHO,KERICHO,9UJ2,28512109,POIYWEK SECONDARY SCHOOL,C4,PUBLIC,NONE,DAY,MIXED
2463,RIFT VALLEY,KERICHO,KERICHO,ZJ2D,28512132,SUMEIYON DAY SECONDARY SCHOOL,C4,PUBLIC,NONE,DAY,MIXED
2464,RIFT VALLEY,KERICHO,KERICHO,V53B,28512120,TOROR GIRLS' SECONDARY SCHOOL,C3,PUBLIC,NONE,BOARDING,GIRLS
2465,RIFT VALLEY,KERICHO,KIPKELION,UXPH,28539204,AGC LILLOCH SECONDARY SCHOOL,C4,PUBLIC,NONE,DAY,MIXED
2466,RIFT VALLEY,KERICHO,KIPKELION,37Z3,28539103,BARSIELE SECONDARY SCHOOL,C3,PUBLIC,NONE,DAY,MIXED
2467,RIFT VALLEY,KERICHO,KIPKELION,AG96,28539402,CHEMOGOCH SECONDARY SCHOOL,C4,PUBLIC,NONE,DAY,MIXED
2468,RIFT VALLEY,KERICHO,KIPKELION,6CG8,28539303,CHEPKECHEI SECONDARY SCHOOL,C2,PUBLIC,NONE,DAY,MIXED
2469,RIFT VALLEY,KERICHO,KIPKELION,W9ZM,28539307,CHERARA MIXED DAY SECONDARY SCHOOL,C4,PUBLIC,NONE,DAY,MIXED
2470,RIFT VALLEY,KERICHO,KIPKELION,XED8,28539301,CHILCHILA SECONDARY SCHOOL,C3,PUBLIC,NONE,DAY,MIXED
2471,RIFT VALLEY,KERICHO,KIPKELION,4WHW,28539110,KALYET SECONDARY SCHOOL,C4,PUBLIC,NONE,DAY,MIXED
2472,RIFT VALLEY,KERICHO,KIPKELION,HE65,28539108,KAMARUS SECONDARY SCHOOL,C4,PUBLIC,NONE,DAY,MIXED
2473,RIFT VALLEY,KERICHO,KIPKELION,KP75,28539404,KAPIAS SECONDARY SCHOOL,C4,PUBLIC,NONE,DAY,MIXED
2474,RIFT VALLEY,KERICHO,KIPKELION,WEF7,28539403,KAPKWEN DAY SECONDARY SCHOOL,C4,PUBLIC,NONE,DAY,MIXED
2475,RIFT VALLEY,KERICHO,KIPKELION,DN3C,28539313,KAPLELIT SECONDARY SCHOOL,C4,PUBLIC,NONE,DAY,MIXED
2476,RIFT VALLEY,KERICHO,KIPKELION,CGUU,28539203,KASHEEN SECONDARY SCHOOL,C4,PUBLIC,NONE,DAY,MIXED
2477,RIFT VALLEY,KERICHO,KIPKELION,LJE4,28539111,KIMOLOGIT SECONDARY SCHOOL,C4,PUBLIC,NONE,DAY,MIXED
2478,RIFT VALLEY,KERICHO,KIPKELION,XG6L,28539107,KIPCHORIAN DAY SECONDARY SCHOOL,C4,PUBLIC,NONE,DAY,MIXED
2479,RIFT VALLEY,KERICHO,KIPKELION,W4KX,28539105,KIPKELION GIRLS' HIGH,C2,PUBLIC,NONE,BOARDING,GIRLS
2480,RIFT VALLEY,KERICHO,KIPKELION,NLDR,28539205,KIPSEGI SECONDARY SCHOOL,C4,PUBLIC,NONE,DAY,MIXED
2481,RIFT VALLEY,KERICHO,KIPKELION,G8P5,28539405,KIPTENDEN SECONDARY SCHOOL,C4,PUBLIC,NONE,DAY,MIXED
2482,RIFT VALLEY,KERICHO,KIPKELION,7AJF,28539304,KIPTERIS GIRLS SECONDARY SCHOOL,C3,PUBLIC,NONE,BOARDING,GIRLS
2483,RIFT VALLEY,KERICHO,KIPKELION,WYA7,28539311,KOISAGAT SECONDARY SCHOOL,C4,PUBLIC,NONE,DAY,MIXED
2484,RIFT VALLEY,KERICHO,KIPKELION,B7CP,28539302,KOKWET SECONDARY SCHOOL,C4,PUBLIC,NONE,DAY,MIXED
2485,RIFT VALLEY,KERICHO,KIPKELION,MVUT,28539315,KOROSYOT MIXED DAY SECONDARY SCHOOL,C4,PUBLIC,NONE,DAY,MIXED
2486,RIFT VALLEY,KERICHO,KIPKELION,2W7V,28539401,KUNYAK SECONDARY SCHOOL,C4,PUBLIC,NONE,DAY,MIXED
2487,RIFT VALLEY,KERICHO,KIPKELION,33UP,28539202,LELU SECONDARY SCHOOL,C2,PUBLIC,NONE,DAY,MIXED
2488,RIFT VALLEY,KERICHO,KIPKELION,JNND,28539104,LESIRWO SECONDARY SCHOOL,C4,PUBLIC,NONE,DAY,MIXED
2489,RIFT VALLEY,KERICHO,KIPKELION,9SCE,28539308,MAGIRE MIXED SECONDARY SCHOOL,C4,PUBLIC,NONE,DAY,MIXED
2490,RIFT VALLEY,KERICHO,KIPKELION,YPBY,28539406,MENET MIXED DAY SECONDARY SCHOOL,C4,PUBLIC,NONE,DAY,MIXED
2491,RIFT VALLEY,KERICHO,KIPKELION,U9HB,28539201,MURAO SECONDARY SCHOOL,C4,PUBLIC,NONE,DAY,MIXED
2492,RIFT VALLEY,KERICHO,KIPKELION,3P23,28539305,NDUBUSAT GIRLS SECONDARY SCHOOL,C3,PUBLIC,NONE,BOARDING,GIRLS
2493,RIFT VALLEY,KERICHO,KIPKELION,PEG6,28539206,NYAIROBI SECONDARY SCHOOL,C4,PUBLIC,NONE,DAY,MIXED
2494,RIFT VALLEY,KERICHO,KIPKELION,8R33,28539309,SAMOLEL SECONDARY SCHOOL,C4,PUBLIC,NONE,DAY,MIXED
2495,RIFT VALLEY,KERICHO,KIPKELION,BAJU,28539310,SERENG SECONDARY SCHOOL,C4,PUBLIC,NONE,DAY,MIXED
2496,RIFT VALLEY,KERICHO,KIPKELION,BAXB,28539113,SIMOTWET MIXED DAY SECONDARY SCHOOL,C4,PUBLIC,NONE,DAY,MIXED
2497,RIFT VALLEY,KERICHO,KIPKELION,AVEZ,28539106,SIRET DAY SECONDARY SCHOOL,C4,PUBLIC,NONE,DAY,MIXED
2498,RIFT VALLEY,KERICHO,KIPKELION,BZ9B,28539314,SIWOT SECONDARY SCHOOL,C4,PUBLIC,NONE,DAY,MIXED
2499,RIFT VALLEY,KERICHO,KIPKELION,7SJZ,28539112,SUGUTEK SECONDARY SCHOOL,C4,PUBLIC,NONE,DAY,MIXED
2500,RIFT VALLEY,KERICHO,KIPKELION,YZX9,28539102,TAITA TOWETT SECONDARY SCHOOL,C3,PUBLIC,NONE,DAY,MIXED
2501,RIFT VALLEY,KERICHO,KIPKELION,L37J,28539109,TUIYOBEI SECONDARY SCHOOL,C4,PUBLIC,NONE,DAY,MIXED
2502,RIFT VALLEY,KERICHO,KIPKELION,QK2K,28539312,TULWAPMOI MIXED DAY SECONDARY SCHOOL,C4,PUBLIC,NONE,DAY,MIXED
2503,RIFT VALLEY,KERICHO,KIPKELION,VXUS,28539306,TUNNEL MIXED DAY SECONDARY SCHOOL,C4,PUBLIC,NONE,DAY,MIXED
2504,RIFT VALLEY,KERICHO,LONDIANI,99Z3,28571402,BARAKA SECONDARY SCHOOL,C4,PUBLIC,NONE,DAY,MIXED
2505,RIFT VALLEY,KERICHO,LONDIANI,26SZ,28571405,BAROTION SECONDARY SCHOOL,C3,PUBLIC,NONE,DAY,MIXED
2506,RIFT VALLEY,KERICHO,LONDIANI,DDB8,28571604,CHAGAIK SECONDARY SCHOOL,C3,PUBLIC,NONE,DAY,MIXED
2507,RIFT VALLEY,KERICHO,LONDIANI,WBL3,28571102,CHEBEWOR SECONDARY SCHOOL,C4,PUBLIC,NONE,DAY,MIXED
2508,RIFT VALLEY,KERICHO,LONDIANI,GRV4,28571605,CHEPCHOLIET SECONDARY SCHOOL,C4,PUBLIC,NONE,DAY,MIXED
2509,RIFT VALLEY,KERICHO,LONDIANI,6NAC,28571502,CHEPSEON COMPLEX SECONDARY SCHOOL,C4,PUBLIC,NONE,DAY,MIXED
2510,RIFT VALLEY,KERICHO,LONDIANI,93YL,28571501,CHEPSEON GIRLS HIGH SCHOOL,C4,PUBLIC,NONE,BOARDING,GIRLS
2511,RIFT VALLEY,KERICHO,LONDIANI,D7MN,28571509,CHEPSEON MIXED SECONDARY SCHOOL,C3,PUBLIC,NONE,DAY,MIXED
2512,RIFT VALLEY,KERICHO,LONDIANI,56XC,28571601,CHEPSIR BOYS HIGH SCHOOL,C3,PUBLIC,NONE,BOARDING,BOYS
2513,RIFT VALLEY,KERICHO,LONDIANI,FPTQ,28571302,CHERES SECONDARY SCHOOL,C4,PUBLIC,NONE,DAY,MIXED
2514,RIFT VALLEY,KERICHO,LONDIANI,PZFG,28571503,CHESINENDE GIRLS SECONDARY SCHOOL,C3,PUBLIC,NONE,BOARDING,GIRLS
2515,RIFT VALLEY,KERICHO,LONDIANI,FRQX,28571205,FINCH SECONDARY SCHOOL,C4,PUBLIC,NONE,DAY,MIXED
2516,RIFT VALLEY,KERICHO,LONDIANI,42TM,28571305,JAGOROR SECONDARY SCHOOL,C4,PUBLIC,NONE,DAY,MIXED
2517,RIFT VALLEY,KERICHO,LONDIANI,CGD5,28571210,JUBILEE SEC SCHOOL,C4,PUBLIC,NONE,DAY,MIXED
2518,RIFT VALLEY,KERICHO,LONDIANI,WQ3D,28571301,KAPCHEPLANGA SECONDARY SCHOOL,C3,PUBLIC,NONE,DAY,MIXED
2519,RIFT VALLEY,KERICHO,LONDIANI,YUY9,28571204,KAPKONDOR SECONDARY SCHOOL,C4,PUBLIC,NONE,DAY,MIXED
2520,RIFT VALLEY,KERICHO,LONDIANI,5ZUU,28571606,KAPSEGER SECONDARY SCHOOL,C4,PUBLIC,NONE,DAY,MIXED
2521,RIFT VALLEY,KERICHO,LONDIANI,RU49,28571209,KAPSENDA SECONDARY SCHOOL,C4,PUBLIC,NONE,DAY,MIXED
2522,RIFT VALLEY,KERICHO,LONDIANI,5UZG,28571409,KAPTICH SEC,C4,PUBLIC,NONE,DAY,MIXED
2523,RIFT VALLEY,KERICHO,LONDIANI,FMRV,28571103,KEDOWA GIRLS SECONDARY SCHOOL,C3,PUBLIC,NONE,BOARDING,GIRLS
2524,RIFT VALLEY,KERICHO,LONDIANI,49WG,28571105,KEDOWA MIXED SECONDARY SCHOOL,C4,PUBLIC,NONE,DAY,MIXED
2525,RIFT VALLEY,KERICHO,LONDIANI,88DR,28571104,KEDOWA SPECIAL SECONDARY SCHOOL,C1,PUBLIC,NONE,DAY,MIXED
2526,RIFT VALLEY,KERICHO,LONDIANI,BFHM,28571508,KILETIEN MIXED SECONDARY SCHOOL,C4,PUBLIC,NONE,DAY,MIXED
2527,RIFT VALLEY,KERICHO,LONDIANI,BHE8,28571101,KIMASIAN SECONDARY SCHOOL,C3,PUBLIC,NONE,DAY,MIXED
2528,RIFT VALLEY,KERICHO,LONDIANI,JLMV,28571505,KIMUGUL DAY SECONDARY SCHOOL,C4,PUBLIC,NONE,DAY,MIXED
2529,RIFT VALLEY,KERICHO,LONDIANI,6P6Y,28571506,KIPRENGWE SECONDARY SCHOOL,C4,PUBLIC,NONE,DAY,MIXED
2530,RIFT VALLEY,KERICHO,LONDIANI,FDZ6,28571207,KIPSIRICHET SECONDARY SCHOOL,C4,PUBLIC,NONE,DAY,MIXED
2531,RIFT VALLEY,KERICHO,LONDIANI,7JDX,28571507,KISABO SECONDARY SCHOOL,C4,PUBLIC,NONE,DAY,MIXED
2532,RIFT VALLEY,KERICHO,LONDIANI,CV2Z,28571510,LEBERER SECONDARY SCHOOL,C4,PUBLIC,NONE,DAY,MIXED
2533,RIFT VALLEY,KERICHO,LONDIANI,NW57,28571201,LONDIANI BOYS SECONDARY SCHOOL,C2,PUBLIC,NONE,BOARDING,BOYS
2534,RIFT VALLEY,KERICHO,LONDIANI,985L,28571202,LONDIANI GIRLS SECONDARY SCHOOL,C2,PUBLIC,NONE,BOARDING,GIRLS
2535,RIFT VALLEY,KERICHO,LONDIANI,QKYM,28571206,LONDIANI TOWNSHIP SECONDARY SCHOOL,C4,PUBLIC,NONE,DAY,MIXED
2536,RIFT VALLEY,KERICHO,LONDIANI,PGJG,28571403,MASAITA SECONDARY SCHOOL,C4,PUBLIC,NONE,DAY,MIXED
2537,RIFT VALLEY,KERICHO,LONDIANI,BXKV,28571401,MOI SORGET SECONDARY SCHOOL,C4,PUBLIC,NONE,DAY,MIXED
2538,RIFT VALLEY,KERICHO,LONDIANI,5BSS,28571602,MOMONIAT SECONDARY SCHOOL,C4,PUBLIC,NONE,DAY,MIXED
2539,RIFT VALLEY,KERICHO,LONDIANI,2GN4,28571108,RINGA MIXED DAY SECONDARY KEDOWA,C4,PUBLIC,NONE,DAY,MIXED
2540,RIFT VALLEY,KERICHO,LONDIANI,ZXXH,28571203,SACRED HILL GIRLS,C2,PUBLIC,NONE,BOARDING,GIRLS
2541,RIFT VALLEY,KERICHO,LONDIANI,Z3KP,28571304,SARAMEK SECONDARY SCHOOL,C4,PUBLIC,NONE,DAY,MIXED
2542,RIFT VALLEY,KERICHO,LONDIANI,AS8A,28571408,SETEK HILL SECONDARY SCHOOL,C4,PUBLIC,NONE,DAY,MIXED
2543,RIFT VALLEY,KERICHO,LONDIANI,NJDZ,28571407,SIMBOIYON MIXED DAY SECONDARY SCHOOL,C4,PUBLIC,NONE,DAY,MIXED
2544,RIFT VALLEY,KERICHO,LONDIANI,U56M,28571504,SITIAN SECONDARY SCHOOL,C4,PUBLIC,NONE,DAY,MIXED
2545,RIFT VALLEY,KERICHO,LONDIANI,U54G,28571404,TENDENO SECONDARY SCHOOL,C4,PUBLIC,NONE,DAY,MIXED
2546,RIFT VALLEY,KERICHO,LONDIANI,NDGC,28571107,TESTAI DAY MIXED SECONDARY SCHOOL,C4,PUBLIC,NONE,DAY,MIXED
2547,RIFT VALLEY,KERICHO,LONDIANI,AB9V,28571603,TUGUNON SECONDARY SCHOOL,C4,PUBLIC,NONE,DAY,MIXED
2548,RIFT VALLEY,KERICHO,LONDIANI,GRUD,28571106,TULWAP KIPSIGIS SECONDARY SCHOOL,C4,PUBLIC,NONE,DAY,MIXED
2549,RIFT VALLEY,KERICHO,LONDIANI,U7G3,28571406,TUMAINI SECONDARY SCHOOL,C4,PUBLIC,NONE,DAY,MIXED
2550,RIFT VALLEY,KERICHO,LONDIANI,VXMK,28571208,UNITED SOY SECONDARY SCHOOL,C4,PUBLIC,NONE,DAY,MIXED
2610,CENTRAL,KIAMBU,GATUNDU,NORTH,4828,11236118 MUTUMA SECONDARY SCHOOL,C4,PUBLIC,NONE,DAY,MIXED
2660,CENTRAL,KIAMBU,GITHUNGURI,DQCA,11232202,GATHAITHI SECONDARY SCHOOL,C4,PUBLIC,NONE,DAY,MIXED
2661,CENTRAL,KIAMBU,GITHUNGURI,GFUV,11232109,GATHANJI SECONDARY SCHOOL,C4,PUBLIC,NONE,DAY,MIXED
2662,CENTRAL,KIAMBU,GITHUNGURI,8V5S,11232104,GATHIRIMU GIRLS TECHNICAL HIGH SCHOOL,C3,PUBLIC,NONE,BOARDING,GIRLS
2663,CENTRAL,KIAMBU,GITHUNGURI,DFBL,11232302,GATHIRU-INI SECONDARY SCHOOL,C3,PUBLIC,NONE,DAY,MIXED
2664,CENTRAL,KIAMBU,GITHUNGURI,9RAX,11232306,GATHUGU SECONDARY SCHOOL,C4,PUBLIC,NONE,DAY,MIXED
2665,CENTRAL,KIAMBU,GITHUNGURI,PB65,11232204,GIKANG'A KAGECHE SECONDARY SCHOOL,C4,PUBLIC,NONE,DAY,MIXED
2666,CENTRAL,KIAMBU,GITHUNGURI,Y4PK,11232201,GITHIGA HIGH SCHOOL,C2,PUBLIC,NONE,BOARDING,MIXED
2667,CENTRAL,KIAMBU,GITHUNGURI,QDSR,11232308,GITHIMA SECONDARY SCHOOL,C3,PUBLIC,NONE,DAY,MIXED
2668,CENTRAL,KIAMBU,GITHUNGURI,F2JH,11232112,GITHUNGURI TECHNICAL AND SECONDARY SCHOOL,C4,PUBLIC,NONE,DAY,MIXED
2669,CENTRAL,KIAMBU,GITHUNGURI,KXVD,11232207,GITIHA SECONDARY SCHOOL,C4,PUBLIC,NONE,DAY,MIXED
2670,CENTRAL,KIAMBU,GITHUNGURI,L4HE,11232107,GITWE GIRLS SECONDARY SCHOOL,C2,PUBLIC,NONE,BOARDING,GIRLS
2671,CENTRAL,KIAMBU,GITHUNGURI,X9VT,11232303,J G KIEREINI SECONDARY SCHOOL,C3,PUBLIC,NONE,DAY,MIXED
2672,CENTRAL,KIAMBU,GITHUNGURI,NWNG,11232311,KAGEMA SECONDARY SCHOOL,C4,PUBLIC,NONE,DAY,MIXED
2673,CENTRAL,KIAMBU,GITHUNGURI,C7ZE,11232111,KAHUNIRA SECONDARY SCHOOL,C4,PUBLIC,NONE,DAY,MIXED
2674,CENTRAL,KIAMBU,GITHUNGURI,SA3X,11232101,KAMBUI GIRLS' HIGH SCHOOL,C1,PUBLIC,NONE,BOARDING,GIRLS
2675,CENTRAL,KIAMBU,GITHUNGURI,RV7Z,11232209,KAMONDO SECONDARY SCHOOL,C4,PUBLIC,NONE,DAY,MIXED
2676,CENTRAL,KIAMBU,GITHUNGURI,XMVG,11232110,KANJAI SECONDARY SCHOOL,C4,PUBLIC,NONE,DAY,MIXED
2677,CENTRAL,KIAMBU,GITHUNGURI,XDCF,11232103,KIAIRIA SECONDARY SCHOOL,C4,PUBLIC,NONE,DAY,MIXED
2678,CENTRAL,KIAMBU,GITHUNGURI,G8CK,11232305,KIAMBURURU SECONDARY SCHOOL,C4,PUBLIC,NONE,DAY,MIXED
2679,CENTRAL,KIAMBU,GITHUNGURI,LX27,11232312,KIAWAIRIA SECONDARY SCHOOL,C4,PUBLIC,NONE,DAY,MIXED
2680,CENTRAL,KIAMBU,GITHUNGURI,AWZG,11232307,KIGUMO SECONDARY SCHOOL,C4,PUBLIC,NONE,DAY,MIXED
2681,CENTRAL,KIAMBU,GITHUNGURI,GCGU,11232301,KOMOTHAI BOYS HIGH SCHOOL,C3,PUBLIC,NONE,BOARDING,BOYS
2682,CENTRAL,KIAMBU,GITHUNGURI,RCE9,11232304,KOMOTHAI GIRL'S TECHNICAL SCHOOL,C3,PUBLIC,NONE,DAY,MIXED
2683,CENTRAL,KIAMBU,GITHUNGURI,WHGC,11232108,MIGUTA SECONDARY SCHOOL,C4,PUBLIC,NONE,DAY,MIXED
2684,CENTRAL,KIAMBU,GITHUNGURI,EEWB,11232116,MIIRI SECONDARY SCHOOL,C4,PUBLIC,NONE,DAY,MIXED
2685,CENTRAL,KIAMBU,GITHUNGURI,L9WF,11232105,MUKUA SECONDARY SCHOOL,C4,PUBLIC,NONE,DAY,MIXED
2686,CENTRAL,KIAMBU,GITHUNGURI,7U5W,11232203,MUKUYU SECONDARY SCHOOL,C4,PUBLIC,NONE,DAY,MIXED
2687,CENTRAL,KIAMBU,GITHUNGURI,AMHF,11232114,NDIRETI SECONDARY SCHOOL,C4,PUBLIC,NONE,DAY,MIXED
2688,CENTRAL,KIAMBU,GITHUNGURI,ECAL,11232106,NYAGA SECONDARY SCHOOL,C4,PUBLIC,NONE,DAY,MIXED
2689,CENTRAL,KIAMBU,GITHUNGURI,M2JN,11232212,P.C.E.A KARIA SECONDARY SCHOOL,C4,PUBLIC,NONE,DAY,MIXED
2690,CENTRAL,KIAMBU,GITHUNGURI,BBAT,11232115,P.C.E.A MITAHATO SECONDARY SCHOOL,C4,PUBLIC,NONE,DAY,MIXED
2691,CENTRAL,KIAMBU,GITHUNGURI,FP34,11232210,P.C.E.A NGEMWA SECONDARY SCHOOL,C4,PUBLIC,NONE,DAY,MIXED
2692,CENTRAL,KIAMBU,GITHUNGURI,9MGT,11232113,PCEA KAMBUI SCHOOL FOR HEARING IMPAIRED,C1,PUBLIC,NONE,DAY,MIXED
2693,CENTRAL,KIAMBU,GITHUNGURI,WYMR,11232211,PCEA MATUGUTA SECONDARY SCHOOL,C4,PUBLIC,NONE,DAY,MIXED
2694,CENTRAL,KIAMBU,GITHUNGURI,G7AH,11232102,ST JOSEPH HIGH SCHOOL,C2,PUBLIC,NONE,BOARDING,MIXED
2695,CENTRAL,KIAMBU,GITHUNGURI,25RB,11232206,ST VINCENT LIOKI SECONDARY SCHOO,C4,PUBLIC,NONE,DAY,MIXED
2696,CENTRAL,KIAMBU,GITHUNGURI,GZ38,11232309,THUITA SECONDARY SCHOOL,C4,PUBLIC,NONE,DAY,MIXED
2697,CENTRAL,KIAMBU,GITHUNGURI,2V2A,11232205,WILLIAM NG’IRU SECONDARY SCHOOL,C4,PUBLIC,NONE,DAY,MIXED
2698,CENTRAL,KIAMBU,GITHURAI,TBCA,11245206,GITHURAI MIXED SECONDARY SCHOOL,C4,PUBLIC,NONE,DAY,MIXED
2699,CENTRAL,KIAMBU,GITHURAI,5Q5Z,11245216,KWANGETHE SECONDARY SCHOOL,C4,PUBLIC,NONE,DAY,MIXED
2700,CENTRAL,KIAMBU,GITHURAI,EXMD,11245217,MWIHOKO SECONDARY SCHOOL,C4,PUBLIC,NONE,DAY,MIXED
2714,CENTRAL,KIAMBU,KABETE,3PNC,11241008,A C K NYATHUNA SECONDARY SCHOOL,C4,PUBLIC,NONE,DAY,MIXED
2715,CENTRAL,KIAMBU,KABETE,C84Z,11241011,ACK GIKUNI SECONDARY SCHOOL,C4,PUBLIC,NONE,DAY,MIXED
2716,CENTRAL,KIAMBU,KABETE,FEG8,11241010,CURA SECONDARY SCHOOL,C4,PUBLIC,NONE,DAY,MIXED
2717,CENTRAL,KIAMBU,KABETE,TKGH,11241006,GATHIGA SECONDARY SCHOOL,C4,PUBLIC,NONE,DAY,MIXED
2718,CENTRAL,KIAMBU,KABETE,5KHM,11241005,KABETE HIGH SCHOOL,C3,PUBLIC,NONE,BOARDING,MIXED
2719,CENTRAL,KIAMBU,KABETE,ZDPW,11241012,KAHUHO UHURU HIGH SCHOOL,C2,PUBLIC,NONE,BOARDING,MIXED
2720,CENTRAL,KIAMBU,KABETE,XS59,11241004,KANYARIRI HIGH SCHOOL,C4,PUBLIC,NONE,BOARDING,MIXED
2721,CENTRAL,KIAMBU,KABETE,2D9J,11241007,KIBICHIKU SECONDARY SCHOOL,C4,PUBLIC,NONE,DAY,MIXED
2722,CENTRAL,KIAMBU,KABETE,SND3,11241024,KIBIKU HIGH SCHOOL,C4,PUBLIC,NONE,BOARDING,MIXED
2723,CENTRAL,KIAMBU,KABETE,E3P4,11241002,KIRANGARI HIGH SCHOOL,C2,PUBLIC,NONE,BOARDING,MIXED
2724,CENTRAL,KIAMBU,KABETE,RK92,11241001,MARY LEAKEY GIRLS' HIGH SCHOOL,C2,PUBLIC,NONE,BOARDING,GIRLS
2725,CENTRAL,KIAMBU,KABETE,F9UK,11241013,MUGUGA WAGATONYE SECONDARY SCHOOL,C4,PUBLIC,NONE,DAY,MIXED
2726,CENTRAL,KIAMBU,KABETE,VW8U,11241014,P.C.E.A. KANJERU BOOTH GIRLS' HIGH SCHOOL,C3,PUBLIC,NONE,BOARDING,GIRLS
2727,CENTRAL,KIAMBU,KABETE,29KZ,11241016,RUNGIRI SECONDARY SCHOOL,C4,PUBLIC,NONE,DAY,MIXED
2728,CENTRAL,KIAMBU,KABETE,68RK,11241003,ST. KEVIN'S SECONDARY SCHOOL,C4,PUBLIC,NONE,DAY,MIXED
2729,CENTRAL,KIAMBU,KABETE,A3U7,11241015,UTHIRU GIRLS HIGH SCHOOL,C2,PUBLIC,NONE,BOARDING,GIRLS
2730,CENTRAL,KIAMBU,KABETE,5BSW,11241029,WANGIGE HIGH SCHOOL,C4,PUBLIC,NONE,BOARDING,MIXED
2731,CENTRAL,KIAMBU,KIAMBAA,KQV9,11240115,ACK KARURA SECONDARY SCHOOL,C4,PUBLIC,NONE,DAY,MIXED
2732,CENTRAL,KIAMBU,KIAMBAA,APJH,11240109,CIANDA HIGH SCHOOL,C4,PUBLIC,NONE,BOARDING,MIXED
2733,CENTRAL,KIAMBU,KIAMBAA,8EPU,11240104,GACHARAGE HIGH SCHOOL,C4,PUBLIC,NONE,BOARDING,MIXED
2734,CENTRAL,KIAMBU,KIAMBAA,927L,11240108,GACHIE HIGH SCHOOL,C4,PUBLIC,NONE,BOARDING,MIXED
2735,CENTRAL,KIAMBU,KIAMBAA,ARSX,11240101,KARURI HIGH SCHOOL,C4,PUBLIC,NONE,BOARDING,MIXED
2736,CENTRAL,KIAMBU,KIAMBAA,C2U4,11240125,KAWAIDA SECONDARY SCHOOL,C4,PUBLIC,NONE,DAY,MIXED
2737,CENTRAL,KIAMBU,KIAMBAA,DGSP,11240121,KIAMBAA MIXED SECONDARY SCHOOL,C4,PUBLIC,NONE,DAY,MIXED
2738,CENTRAL,KIAMBU,KIAMBAA,RGXX,11240102,KIHARA SECONDARY SCHOOL,C4,PUBLIC,NONE,DAY,MIXED
2739,CENTRAL,KIAMBU,KIAMBAA,LKL2,11240124,MUCHATHA HIGH SCHOOL,C4,PUBLIC,NONE,BOARDING,MIXED
2740,CENTRAL,KIAMBU,KIAMBAA,8ZYM,11240112,MUONGOIYA SECONDARY SCHOOL,C4,PUBLIC,NONE,DAY,MIXED
2741,CENTRAL,KIAMBU,KIAMBAA,GMUJ,11240107,MUTHURWA SECONDARY SCHOOL,C2,PUBLIC,NONE,DAY,MIXED
2742,CENTRAL,KIAMBU,KIAMBAA,CPV8,11240106,SENIOR CHIEF KOINANGE GIRLS HIGH SCHOOL,C2,PUBLIC,NONE,BOARDING,GIRLS
2743,CENTRAL,KIAMBU,KIAMBAA,W9JE,11240103,ST JOSEPH HIGH SCHOOL - GATHANGA,C4,PUBLIC,NONE,BOARDING,MIXED
2744,CENTRAL,KIAMBU,KIAMBAA,Z6H8,11240120,ST. ANDREWS NDENDERU SECONDARY SCHOOL,C4,PUBLIC,NONE,DAY,MIXED
2745,CENTRAL,KIAMBU,KIAMBAA,Y3S2,11240110,ST. ANGELAS GIRLS HIGH SCHOOL KARURA,C3,PUBLIC,NONE,BOARDING,GIRLS
2746,CENTRAL,KIAMBU,KIAMBAA,7N4J,11240116,THIMBIGUA SECONDARY SCHOOL,C4,PUBLIC,NONE,DAY,MIXED
2747,CENTRAL,KIAMBU,KIAMBU,JQX3,11205021,ACK KIU RIVER SECONDARY SCHOOL,C4,PUBLIC,NONE,DAY,MIXED
2748,CENTRAL,KIAMBU,KIAMBU,A5VF,11205022,H.G.M. TING'ANG'A SECONDARY SCHOOL,C4,PUBLIC,NONE,DAY,MIXED
2749,CENTRAL,KIAMBU,KIAMBU,W3S7,11205101,KANUNGA HIGH SCHOOL,C2,PUBLIC,NONE,BOARDING,MIXED
2750,CENTRAL,KIAMBU,KIAMBU,TXVJ,11205023,KASARINI SECONDARY SCHOOL,C4,PUBLIC,NONE,DAY,MIXED
2751,CENTRAL,KIAMBU,KIAMBU,6ST4,11205204,KIAMBU HIGH SCHOOL,C1,PUBLIC,NONE,BOARDING,MIXED
2752,CENTRAL,KIAMBU,KIAMBU,YPM8,11205207,KIAMBU TOWNSHIP SECONDARY SCHOOL,C4,PUBLIC,NONE,DAY,MIXED
2753,CENTRAL,KIAMBU,KIAMBU,SWV7,11205108,LORETO GIRLS HIGH SCHOOL KIAMBU,C2,PUBLIC,NONE,BOARDING,GIRLS
2754,CENTRAL,KIAMBU,KIAMBU,HFVS,11205205,NDUMBERI GIRLS SECONDARY SCHOOL,C2,PUBLIC,NONE,BOARDING,GIRLS
2755,CENTRAL,KIAMBU,KIAMBU,7RY8,11205206,RIABAI HIGH SCHOOL,C3,PUBLIC,NONE,BOARDING,MIXED
2756,CENTRAL,KIAMBU,KIAMBU,ZR4Y,11205203,RIARA SECONDARY SCHOOL,C4,PUBLIC,NONE,DAY,MIXED
2758,CENTRAL,KIAMBU,KIAMBU,PSRL,11205201,ST. ANNE'S SECONDARY SCHOOL-LIOKI,C1,PUBLIC,NONE,DAY,MIXED
2759,CENTRAL,KIAMBU,KIAMBU,TXHU,11205019,ST. JOSEPH RIABAI SECONDARY SCHOOL,C4,PUBLIC,NONE,DAY,MIXED
2760,CENTRAL,KIAMBU,KIAMBU,F4DM,11205215,ST. PETERS HIGH SCHOOL NDUMBERI,C4,PUBLIC,NONE,BOARDING,MIXED
2761,CENTRAL,KIAMBU,KIAMBU,TV22,11205202,TING'ANG'A SECONDARY SCHOOL,C4,PUBLIC,NONE,DAY,MIXED
2762,CENTRAL,KIAMBU,KIKUYU,C8FX,11200002,ALLIANCE GIRLS' HIGH SCHOOL,C1,PUBLIC,NONE,BOARDING,GIRLS
2763,CENTRAL,KIAMBU,KIKUYU,RVPP,11200001,ALLIANCE HIGH SCHOOL,C1,PUBLIC,NONE,BOARDING,MIXED
2764,CENTRAL,KIAMBU,KIKUYU,W2PY,11230209,FR. KEVIN KELLY HIGH SCHOOL,C4,PUBLIC,NONE,BOARDING,MIXED
2765,CENTRAL,KIAMBU,KIKUYU,9TUW,11230203,GICHURU MEMORIAL HIGH SCHOOL,C4,PUBLIC,NONE,BOARDING,MIXED
2766,CENTRAL,KIAMBU,KIKUYU,789P,11230421,HGM KINOO SECONDARY SCHOOL,C4,PUBLIC,NONE,DAY,MIXED
2767,CENTRAL,KIAMBU,KIKUYU,QBSV,11230213,KAMANGU HIGH SCHOOL,C4,PUBLIC,NONE,BOARDING,MIXED
2768,CENTRAL,KIAMBU,KIKUYU,CFDG,11230301,KANYANJARA SECONDARY SCHOOL,C4,PUBLIC,NONE,DAY,MIXED
2769,CENTRAL,KIAMBU,KIKUYU,PQBA,11230201,KARAI MIXED DAY SECONDARY SCHOOL,C4,PUBLIC,NONE,DAY,MIXED
2770,CENTRAL,KIAMBU,KIKUYU,KH3N,11230304,KERWA SECONDARY SCHOOL,C4,PUBLIC,NONE,DAY,MIXED
2771,CENTRAL,KIAMBU,KIKUYU,864K,11230315,KIKUYU BOYS HIGH SCHOOL,C3,PUBLIC,NONE,BOARDING,BOYS
2772,CENTRAL,KIAMBU,KIKUYU,EJU8,11230401,KIKUYU DAY SECONDARY SCHOOL,C3,PUBLIC,NONE,DAY,MIXED
2773,CENTRAL,KIAMBU,KIKUYU,CK3U,11230211,LUSIGETTI SENIOR HIGH SCHOOL,C4,PUBLIC,NONE,BOARDING,MIXED
2774,CENTRAL,KIAMBU,KIKUYU,R8MD,11230420,MAMA NGINA SENIOR HIGH SCHOOL,C4,PUBLIC,NONE,BOARDING,MIXED
2775,CENTRAL,KIAMBU,KIKUYU,UV32,11230202,MOI GIRLS SECONDARY SCHOOL KAMANGU,C2,PUBLIC,NONE,BOARDING,GIRLS
2776,CENTRAL,KIAMBU,KIKUYU,JKDN,11230403,MUHU SECONDARY SCHOOL,C4,PUBLIC,NONE,DAY,MIXED
2777,CENTRAL,KIAMBU,KIKUYU,XXVM,11230406,MUSA GITAU SECONDARY SCHOOL,C3,PUBLIC,NONE,DAY,MIXED
2778,CENTRAL,KIAMBU,KIKUYU,H3XK,11230210,NACHU SECONDARY SCHOOL,C4,PUBLIC,NONE,DAY,MIXED
2779,CENTRAL,KIAMBU,KIKUYU,HVLM,11230312,NDERI SECONDARY SCHOOL,C4,PUBLIC,NONE,DAY,MIXED
2780,CENTRAL,KIAMBU,KIKUYU,67PR,11230207,P.C.E.A MAI-A- IHII HIGH SCHOOL,C4,PUBLIC,NONE,BOARDING,MIXED
2781,CENTRAL,KIAMBU,KIKUYU,YN3Y,11230206,PCEA MAI A IHII BOOTH,C4,PUBLIC,NONE,DAY,MIXED
2782,CENTRAL,KIAMBU,KIKUYU,TPGF,11230204,RENGUTI HIGH SCHOOL,C4,PUBLIC,NONE,BOARDING,MIXED
2824,CENTRAL,KIAMBU,LIMURU,MHDY,11211336,BIBIRIONI HIGH SCHOOL,C4,PUBLIC,NONE,BOARDING,MIXED
2825,CENTRAL,KIAMBU,LIMURU,5AV9,11211306,GICHURU HIGH SCHOOL,C4,PUBLIC,NONE,BOARDING,MIXED
2826,CENTRAL,KIAMBU,LIMURU,SLU7,11211313,KAMANDURA GIRLS HIGH SCHOOL,C3,PUBLIC,NONE,BOARDING,GIRLS
2827,CENTRAL,KIAMBU,LIMURU,8R2Y,11211351,KAMIRITHU SECONDARY SCHOOL,C4,PUBLIC,NONE,DAY,MIXED
2828,CENTRAL,KIAMBU,LIMURU,ZQUK,11211302,KINYOGORI SECONDARY SCHOOL,C4,PUBLIC,NONE,DAY,MIXED
2829,CENTRAL,KIAMBU,LIMURU,VJHU,11200004,LIMURU GIRLS' SCHOOL,C1,PUBLIC,NONE,BOARDING,GIRLS
2830,CENTRAL,KIAMBU,LIMURU,GATC,11200005,LORETO HIGH SCHOOL LIMURU,C1,PUBLIC,NONE,BOARDING,MIXED
2831,CENTRAL,KIAMBU,LIMURU,2DY5,11211304,MANGUO SECONDARY SCHOOL,C4,PUBLIC,NONE,DAY,MIXED
2832,CENTRAL,KIAMBU,LIMURU,C2KC,11211350,MUNA SECONDARY SCHOOL,C4,PUBLIC,NONE,DAY,MIXED
2833,CENTRAL,KIAMBU,LIMURU,TCPD,11211339,NGECHA GIRLS HIGH SCHOOL,C4,PUBLIC,NONE,BOARDING,GIRLS
2834,CENTRAL,KIAMBU,LIMURU,P2UL,11211301,NGENIA HIGH SCHOOL,C3,PUBLIC,NONE,BOARDING,MIXED
2835,CENTRAL,KIAMBU,LIMURU,PXCA,11211345,NYANJEGA SECONDARY SCHOOL,C4,PUBLIC,NONE,DAY,MIXED
2836,CENTRAL,KIAMBU,LIMURU,KTP2,11211303,OUR LADY OF MERCY NGARARIGA GIRLS SECONDARY SCHOOL,C3,PUBLIC,NONE,BOARDING,GIRLS
2837,CENTRAL,KIAMBU,LIMURU,CRNK,11211316,RIRONI SECONDARY SCHOOL,C4,PUBLIC,NONE,DAY,MIXED
2838,CENTRAL,KIAMBU,LIMURU,AAZ6,11211311,TIGONI SECONDARY SCHOOL,C4,PUBLIC,NONE,DAY,MIXED
2839,CENTRAL,KIAMBU,LIMURU,M3ZZ,11211352,UMOJA SECONDARY SCHOOL,C4,PUBLIC,NONE,DAY,MIXED
2840,CENTRAL,KIAMBU,NDEIYA,HCV5,11246109,GATUURA SECONDARY SCHOOL,C4,PUBLIC,NONE,DAY,MIXED
2841,CENTRAL,KIAMBU,NDEIYA,6XVA,11246106,MAKUTANO SECONDARY SCHOOL,C4,PUBLIC,NONE,DAY,MIXED
2842,CENTRAL,KIAMBU,NDEIYA,7HEP,11246108,MUKOMA HIGH SCHOOL,C4,PUBLIC,NONE,BOARDING,MIXED
2843,CENTRAL,KIAMBU,NDEIYA,GKZJ,11246104,NDUNG'U GIRLS SECONDARY SCHOOL,C4,PUBLIC,NONE,BOARDING,GIRLS
2844,CENTRAL,KIAMBU,NDEIYA,CZSC,11246107,NDUNG'U NJENGA BOYS SECONDARY SCHOOL,C4,PUBLIC,NONE,BOARDING,BOYS
2845,CENTRAL,KIAMBU,NDEIYA,GL5S,11246105,NGUIRUBI SECONDARY SCHOOL,C4,PUBLIC,NONE,DAY,MIXED
2846,CENTRAL,KIAMBU,NDEIYA,SCDE,11246103,ST. MARY'S GIRLS - THIGIO,C3,PUBLIC,NONE,BOARDING,GIRLS
2847,CENTRAL,KIAMBU,NDEIYA,LFXJ,11246102,THE SACRED HEART GIRLS' SECONDARY SCHOOL- MIRITHU,C3,PUBLIC,NONE,BOARDING,GIRLS
2848,CENTRAL,KIAMBU,NDEIYA,6TEX,11246101,THIGIO BOYS SECONDARY SCHOOL,C3,PUBLIC,NONE,BOARDING,BOYS
2882,COAST,KILIFI,CHONYI,2BJV,4129207,BUNDACHO,C4,PUBLIC,NONE,DAY,MIXED
2883,COAST,KILIFI,CHONYI,3AV6,4129211,BUNGU,C4,PUBLIC,NONE,DAY,MIXED
2884,COAST,KILIFI,CHONYI,K7YL,4129205,CHASIMBA,C4,PUBLIC,NONE,DAY,MIXED
2885,COAST,KILIFI,CHONYI,95FF,4129206,DINDIRI,C4,PUBLIC,NONE,DAY,MIXED
2886,COAST,KILIFI,CHONYI,UBAG,4129203,DZITSONI,C3,PUBLIC,NONE,DAY,MIXED
2887,COAST,KILIFI,CHONYI,CARE,4129209,KATIKIRIENI,C4,PUBLIC,NONE,DAY,MIXED
2888,COAST,KILIFI,CHONYI,REUG,4129201,LUTSANGANI,C2,PUBLIC,NONE,DAY,MIXED
2889,COAST,KILIFI,CHONYI,VPZA,4129210,MBUYUNI,C4,PUBLIC,NONE,DAY,MIXED
2890,COAST,KILIFI,CHONYI,7JGR,4129208,MWARAKAYA,C4,PUBLIC,NONE,DAY,MIXED
2891,COAST,KILIFI,CHONYI,4L8Z,4129212,NGOMBENI,C3,PUBLIC,NONE,DAY,MIXED
2892,COAST,KILIFI,CHONYI,3WWP,4129204,PAUL HARIS,C4,PUBLIC,NONE,DAY,MIXED
2893,COAST,KILIFI,CHONYI,JR2Z,4129109,PINGILIKANI,C4,PUBLIC,NONE,DAY,MIXED
2894,COAST,KILIFI,CHONYI,8M23,4129202,ST TERESAS,C3,PUBLIC,NONE,DAY,MIXED
2924,COAST,KILIFI,KALOLENI,NZX4,4111105,CHANAGANDE,C3,PUBLIC,NONE,DAY,MIXED
2925,COAST,KILIFI,KALOLENI,UW56,4111123,KALOLENI GIRLS',C3,PUBLIC,NONE,BOARDING,GIRLS
2926,COAST,KILIFI,KALOLENI,S93P,4111019,KINANI,C4,PUBLIC,NONE,DAY,MIXED
2927,COAST,KILIFI,KALOLENI,EU3G,4111113,KINARANI,C4,PUBLIC,NONE,DAY,MIXED
2928,COAST,KILIFI,KALOLENI,GGWW,4111124,KIRUMBI GIRLS,C4,PUBLIC,NONE,BOARDING,GIRLS
2929,COAST,KILIFI,KALOLENI,CQ3N,4111106,KIZURINI,C4,PUBLIC,NONE,DAY,MIXED
2930,COAST,KILIFI,KALOLENI,KKG4,4111104,MAANDANI,C4,PUBLIC,NONE,DAY,MIXED
2931,COAST,KILIFI,KALOLENI,BRGX,4111122,MAKOMBOANI,C4,PUBLIC,NONE,DAY,MIXED
2932,COAST,KILIFI,KALOLENI,QQMA,4111103,MARIAKANI,C3,PUBLIC,NONE,DAY,MIXED
2933,COAST,KILIFI,KALOLENI,J6FU,4111120,MIGUNDINI,C4,PUBLIC,NONE,DAY,MIXED
2934,COAST,KILIFI,KALOLENI,KSLK,4111011,MIYANI,C4,PUBLIC,NONE,DAY,MIXED
2935,COAST,KILIFI,KALOLENI,ZSZ2,4111121,MNAZIM'MWENGA,C4,PUBLIC,NONE,DAY,MIXED
2936,COAST,KILIFI,KALOLENI,7GK7,4111108,MOI KADZONZO GIRLS,C2,PUBLIC,NONE,BOARDING,GIRLS
2937,COAST,KILIFI,KALOLENI,WQLY,4111119,MUTSENGO,C4,PUBLIC,NONE,DAY,MIXED
2938,COAST,KILIFI,KALOLENI,XBJH,4111117,MWARENI SEC.,C4,PUBLIC,NONE,DAY,MIXED
2939,COAST,KILIFI,KALOLENI,KCT2,4111118,MWIJO,C4,PUBLIC,NONE,DAY,MIXED
2940,COAST,KILIFI,KALOLENI,T5YQ,4111107,NGALA MEMORIAL,C3,PUBLIC,NONE,DAY,MIXED
2941,COAST,KILIFI,KALOLENI,7A22,4111125,SHANGIA SEC. SCHOOL,C4,PUBLIC,NONE,DAY,MIXED
2942,COAST,KILIFI,KALOLENI,33DL,4111102,ST. JOHNS GIRLS,C2,PUBLIC,NONE,BOARDING,GIRLS
2943,COAST,KILIFI,KALOLENI,9TYC,4111101,ST.GEORGES HIGH,C2,PUBLIC,NONE,DAY,MIXED
2944,COAST,KILIFI,KALOLENI,5JNT,4111116,TSAGWA SEC,C4,PUBLIC,NONE,DAY,MIXED
2945,COAST,KILIFI,KALOLENI,KFXU,4111112,TSANGATSINI,C4,PUBLIC,NONE,DAY,MIXED
2946,COAST,KILIFI,KALOLENI,QD2A,41111013,VUGA,C4,PUBLIC,NONE,DAY,MIXED
2987,COAST,KILIFI,KILIFI,SOUTH,5977,4125102 TAKAUNGU,C4,PUBLIC,NONE,DAY,MIXED
2989,COAST,KILIFI,MAGARINI,CKQA,4911218,A.J KINGI,C4,PUBLIC,NONE,DAY,MIXED
2990,COAST,KILIFI,MAGARINI,M3B3,4119203,ADU,C4,PUBLIC,NONE,DAY,MIXED
2991,COAST,KILIFI,MAGARINI,Z7S2,4119212,BARICHO,C4,PUBLIC,NONE,DAY,MIXED
2992,COAST,KILIFI,MAGARINI,NNUN,4119213,BURANGI,C4,PUBLIC,NONE,DAY,MIXED
2993,COAST,KILIFI,MAGARINI,QPAF,4119211,DAGAMRA,C4,PUBLIC,NONE,DAY,MIXED
2994,COAST,KILIFI,MAGARINI,Q7JE,4119109,FUNDI-ISSA,C4,PUBLIC,NONE,DAY,MIXED
2995,COAST,KILIFI,MAGARINI,RMD6,4119101,GALANA BOYS,C3,PUBLIC,NONE,BOARDING,BOYS
2996,COAST,KILIFI,MAGARINI,Z43L,4119214,GALANA GIRLS,C4,PUBLIC,NONE,BOARDING,GIRLS
2997,COAST,KILIFI,MAGARINI,FBYT,4119205,GARASHI,C4,PUBLIC,NONE,DAY,MIXED
2998,COAST,KILIFI,MAGARINI,248H,4119112,KAEMBENI,C4,PUBLIC,NONE,DAY,MIXED
2999,COAST,KILIFI,MAGARINI,5RFV,4119217,KAGOMBANI,C4,PUBLIC,NONE,DAY,MIXED
3000,COAST,KILIFI,MAGARINI,ZCKP,4119121,KURAWA,C4,PUBLIC,NONE,DAY,MIXED
3001,COAST,KILIFI,MAGARINI,K3YY,4119202,MAGARINI GIRLS SEC SCHOOL,C3,PUBLIC,NONE,BOARDING,GIRLS
3002,COAST,KILIFI,MAGARINI,4N4C,4119110,MAGARINI HILL,C4,PUBLIC,NONE,DAY,MIXED
3003,COAST,KILIFI,MAGARINI,LVT5,4119107,MAJENJENI SEC,C4,PUBLIC,NONE,DAY,MIXED
3004,COAST,KILIFI,MAGARINI,Z9GP,4119116,MAPIMO BOYS,C4,PUBLIC,NONE,BOARDING,BOYS
3005,COAST,KILIFI,MAGARINI,PPFD,4119105,MAPIMO GIRLS,C3,PUBLIC,NONE,BOARDING,GIRLS
3006,COAST,KILIFI,MAGARINI,JGE2,4119201,MARAFA BOYS,C3,PUBLIC,NONE,BOARDING,BOYS
3007,COAST,KILIFI,MAGARINI,M3VA,4119106,MARERENI,C4,PUBLIC,NONE,DAY,MIXED
3008,COAST,KILIFI,MAGARINI,DEML,4119113,MJANAHERI,C4,PUBLIC,NONE,DAY,MIXED
3009,COAST,KILIFI,MAGARINI,ZEZ9,4119216,MSUMARINI INTEGRATED,C4,PUBLIC,NONE,DAY,MIXED
3010,COAST,KILIFI,MAGARINI,DHU3,4119108,NGOMENI SEC SCH,C4,PUBLIC,NONE,DAY,MIXED
3011,COAST,KILIFI,MAGARINI,XPS3,4119206,RAMADA,C4,PUBLIC,NONE,DAY,MIXED
3012,COAST,KILIFI,MAGARINI,9SZX,4119207,SHOMELA,C4,PUBLIC,NONE,DAY,MIXED
3013,COAST,KILIFI,MAGARINI,P2EZ,4119204,SHUJAA MEKATILILI SEC SCHOOL,C4,PUBLIC,NONE,DAY,MIXED
3014,COAST,KILIFI,MAGARINI,9TZW,4119215,WAKALA GIRLS,C4,PUBLIC,NONE,BOARDING,GIRLS
3015,COAST,KILIFI,MAGARINI,ZZGV,4119209,WARESA,C4,PUBLIC,NONE,DAY,MIXED
3016,COAST,KILIFI,MAGARINI,8PMM,4119208,WATALA,C4,PUBLIC,NONE,DAY,MIXED
3017,COAST,KILIFI,MALINDI,MX9C,4107153,ACK BISHOP KALU MIXED DAY,C4,PUBLIC,NONE,DAY,MIXED
3018,COAST,KILIFI,MALINDI,7DJL,4107116,ACK CANON MWERI MEMORIAL,C4,PUBLIC,NONE,DAY,MIXED
3019,COAST,KILIFI,MALINDI,DE9X,4107104,BARANI,C4,PUBLIC,NONE,DAY,MIXED
3020,COAST,KILIFI,MALINDI,Y37T,4107154,BISHOP BALDACCHINO,C4,PUBLIC,NONE,DAY,MIXED
3021,COAST,KILIFI,MALINDI,FWV9,4107142,CHAKAMA,C4,PUBLIC,NONE,DAY,MIXED
3022,COAST,KILIFI,MALINDI,MMKA,4107120,F B TUVA MEMORIAL,C4,PUBLIC,NONE,DAY,MIXED
3023,COAST,KILIFI,MALINDI,UDC4,4107132,GANDA,C4,PUBLIC,NONE,DAY,MIXED
3024,COAST,KILIFI,MALINDI,Q94J,4107102,GEDE BOYS SECONDARY SCHOOL,C3,PUBLIC,NONE,BOARDING,BOYS
3025,COAST,KILIFI,MALINDI,A6BB,4107164,GEDE MIXED SECONDARY SCHOOL,C4,PUBLIC,NONE,DAY,MIXED
3026,COAST,KILIFI,MALINDI,EYLZ,4107103,JILORE HIGH,C4,PUBLIC,NONE,DAY,MIXED
3027,COAST,KILIFI,MALINDI,JXKX,4107143,JIMBA GEDE,C4,PUBLIC,NONE,DAY,MIXED
3028,COAST,KILIFI,MALINDI,RCEV,4107107,KAKONENI GIRLS,C2,PUBLIC,NONE,BOARDING,GIRLS
3029,COAST,KILIFI,MALINDI,ZGMD,4107108,KAKUYUNI BOYS,C3,PUBLIC,NONE,BOARDING,BOYS
3030,COAST,KILIFI,MALINDI,8JUJ,4107122,KIBOKONI,C4,PUBLIC,NONE,DAY,MIXED
3031,COAST,KILIFI,MALINDI,22ZE,4107131,KIJIWETANGA,C4,PUBLIC,NONE,DAY,MIXED
3032,COAST,KILIFI,MALINDI,JRA2,4107124,LANGOBAYA,C4,PUBLIC,NONE,DAY,MIXED
3033,COAST,KILIFI,MALINDI,R8GX,4107151,MADUNGUNI,C4,PUBLIC,NONE,DAY,MIXED
3034,COAST,KILIFI,MALINDI,4FC4,4107145,MAJIVUNI,C4,PUBLIC,NONE,DAY,MIXED
3035,COAST,KILIFI,MALINDI,3Y3N,4107101,MALINDI HIGH,C1,PUBLIC,NONE,DAY,MIXED
3036,COAST,KILIFI,MALINDI,FAM9,4107152,MAZIWANI,C4,PUBLIC,NONE,DAY,MIXED
3037,COAST,KILIFI,MALINDI,LHWX,4107129,MBARAKACHEMBE,C4,PUBLIC,NONE,DAY,MIXED
3038,COAST,KILIFI,MALINDI,3595,4107121,MEKATILILI MEMORIAL,C4,PUBLIC,NONE,DAY,MIXED
3039,COAST,KILIFI,MALINDI,BQ8U,4107127,MENYHART,C4,PUBLIC,NONE,DAY,MIXED
3040,COAST,KILIFI,MALINDI,ZPMZ,4107134,MIDA,C4,PUBLIC,NONE,DAY,MIXED
3041,COAST,KILIFI,MALINDI,Y8QY,4107149,MKONDONI,C4,PUBLIC,NONE,DAY,MIXED
3042,COAST,KILIFI,MALINDI,GG9S,4107150,MONGOTINI,C4,PUBLIC,NONE,DAY,MIXED
3043,COAST,KILIFI,MALINDI,AH25,4107128,MUYEYE,C4,PUBLIC,NONE,DAY,MIXED
3044,COAST,KILIFI,MALINDI,T2AT,4107105,NGALA MEMORIAL GIRLS',C2,PUBLIC,NONE,BOARDING,GIRLS
3045,COAST,KILIFI,MALINDI,TXCE,4107148,SABAKI,C4,PUBLIC,NONE,DAY,MIXED
3046,COAST,KILIFI,MALINDI,HBZM,4107160,SHOMANI,C4,PUBLIC,NONE,DAY,MIXED
3047,COAST,KILIFI,MALINDI,DUGJ,4107155,SOSOBORA,C4,PUBLIC,NONE,DAY,MIXED
3048,COAST,KILIFI,MALINDI,V9HB,4107162,WATAMU,C4,PUBLIC,NONE,DAY,MIXED
3074,CENTRAL,KIRINYAGA,KIRINYAGA CENTRAL,R7CL,9203433,GITWE MIXED DAY SECONDARY SCHOOL,C4,PUBLIC,NONE,DAY,MIXED
3087,CENTRAL,KIRINYAGA,KIRINYAGA CENTRAL,FEBL,9203432,KIARUGU MIXED DAY SECONDARY,C4,PUBLIC,NONE,DAY,MIXED
3089,CENTRAL,KIRINYAGA,KIRINYAGA CENTRAL,NUFF,9203438,KIRIMUNGE MIXED DAY SECONDARY SCHOOL,C4,PUBLIC,NONE,DAY,MIXED
3094,CENTRAL,KIRINYAGA,KIRINYAGA CENTRAL,JZJB,9203411,MUTUMA TRINITY SECONDARY SCHOOL,C4,PUBLIC,NONE,DAY,MIXED
3095,CENTRAL,KIRINYAGA,KIRINYAGA CENTRAL,D72F,9203404,NGARU GIRLS SECONDARY SCHOOL,C2,PUBLIC,NONE,BOARDING,GIRLS
3102,CENTRAL,KIRINYAGA,KIRINYAGA CENTRAL,LKGY,9203426,ST. FRANCIS WAIGIRI SECONDARY SCHOOL.,C4,PUBLIC,NONE,DAY,MIXED
3103,CENTRAL,KIRINYAGA,KIRINYAGA CENTRAL,K58Z,9203412,ST. JAMES KIARITHA SECONDARY SCHOOL,C4,PUBLIC,NONE,DAY,MIXED
3267,NYANZA,KISII,KENYENYA,GGQ3,40727109,EBEREGE SECONDARY SCHOOL,C4,PUBLIC,NONE,DAY,MIXED
3268,NYANZA,KISII,KENYENYA,4UT3,40727203,EMESA A.I.C SECONDARY SCHOOL,C4,PUBLIC,NONE,DAY,MIXED
3269,NYANZA,KISII,KENYENYA,6E6T,40727111,ENDERETI MIXED SECONDARY SCHOOL,C4,PUBLIC,NONE,DAY,MIXED
3270,NYANZA,KISII,KENYENYA,N7YK,40727130,GEKONGO DEB SECONDARY SCHOOL,C4,PUBLIC,NONE,DAY,MIXED
3271,NYANZA,KISII,KENYENYA,9PKU,40727209,GESABAKWA S.D.A SECONDARY SCHOOL,C4,PUBLIC,NONE,DAY,MIXED
3272,NYANZA,KISII,KENYENYA,QADY,40727128,IBENCHO SECONDARY SCHOOL,C4,PUBLIC,NONE,DAY,MIXED
3273,NYANZA,KISII,KENYENYA,YQWV,40727201,IGORERA SECONDARY SCHOOL,C4,PUBLIC,NONE,DAY,MIXED
3274,NYANZA,KISII,KENYENYA,ABD4,40727210,IYENGA SECONDARY SCHOOL,C4,PUBLIC,NONE,DAY,MIXED
3275,NYANZA,KISII,KENYENYA,YETC,40727119,KEBABE S.D.A SECONDARY SCHOOL,C4,PUBLIC,NONE,DAY,MIXED
3276,NYANZA,KISII,KENYENYA,2NNP,40727103,KENYENYA MIXED SECONDARY SCHOOL,C4,PUBLIC,NONE,DAY,MIXED
3277,NYANZA,KISII,KENYENYA,U7D3,40727121,KENYORO PAG MIXED SECONDARY SCHOOL,C4,PUBLIC,NONE,DAY,MIXED
3278,NYANZA,KISII,KENYENYA,NC8S,40727106,KERONGORORI MIXED SECONDARY SCHOOL,C3,PUBLIC,NONE,DAY,MIXED
3279,NYANZA,KISII,KENYENYA,F584,40727211,MAGENA GIRL'S SECONDARY SCHOOL,C3,PUBLIC,NONE,DAY,MIXED
3280,NYANZA,KISII,KENYENYA,BEB8,40727202,MAGENA SECONDARY SCHOOL,C3,PUBLIC,NONE,DAY,MIXED
3281,NYANZA,KISII,KENYENYA,BLW2,40727212,MAGENGE SDA MIXED SECONDARY SCHOOL,C4,PUBLIC,NONE,DAY,MIXED
3282,NYANZA,KISII,KENYENYA,8SBE,40727112,MAIGA SECONDARY SCHOOL,C4,PUBLIC,NONE,DAY,MIXED
3283,NYANZA,KISII,KENYENYA,YXTV,40727129,MESABAKWA SECONDARY SCHOOL,C4,PUBLIC,NONE,DAY,MIXED
3284,NYANZA,KISII,KENYENYA,23UA,40727126,MOBIRONA P.A.G MIXED SECONDARY SCHOOL,C4,PUBLIC,NONE,DAY,MIXED
3285,NYANZA,KISII,KENYENYA,E67X,40727135,MOCHORWA SDA SECONDARY SCHOOL,C4,PUBLIC,NONE,DAY,MIXED
3286,NYANZA,KISII,KENYENYA,EM5L,40727102,MOKOMONI SECONDARY SCHOOL,C4,PUBLIC,NONE,DAY,MIXED
3287,NYANZA,KISII,KENYENYA,25ZJ,40727105,MOKUBO SECONDARY SCHOOL,C3,PUBLIC,NONE,DAY,MIXED
3288,NYANZA,KISII,KENYENYA,WCCM,40727208,MOSENSEMA MIXED SECONDARY SCHOOL,C4,PUBLIC,NONE,DAY,MIXED
3289,NYANZA,KISII,KENYENYA,J5LW,40727116,MOTEIRIBE SECONDARY SCHOOL,C3,PUBLIC,NONE,DAY,MIXED
3290,NYANZA,KISII,KENYENYA,Z7PU,40727114,NYABINYINYI SECONDARY SCHOOL,C4,PUBLIC,NONE,DAY,MIXED
3291,NYANZA,KISII,KENYENYA,KTNQ,40727107,NYABIORE SECONDARY SCHOOL,C3,PUBLIC,NONE,DAY,MIXED
3292,NYANZA,KISII,KENYENYA,7BYR,40727120,NYAIBATE C.O.G SECONDARY SCHOOL,C4,PUBLIC,NONE,DAY,MIXED
3293,NYANZA,KISII,KENYENYA,DAJW,40727127,NYAKOIBA SECONDARY SCHOOL,C3,PUBLIC,NONE,DAY,MIXED
3294,NYANZA,KISII,KENYENYA,EJ3L,40727108,NYAKORERE MIXED SDA SECONDARY SCHOOL,C4,PUBLIC,NONE,DAY,MIXED
3295,NYANZA,KISII,KENYENYA,JXDQ,40727204,NYAMESOCHO SECONDARY SCHOOL,C3,PUBLIC,NONE,DAY,MIXED
3296,NYANZA,KISII,KENYENYA,AQ8B,40727131,NYAMIOBO MIXED SECONDARY SCHOOL,C4,PUBLIC,NONE,DAY,MIXED
3297,NYANZA,KISII,KENYENYA,AK6A,40727125,NYANGETI D.E.B MIXED SECONDARY SCHOOL,C4,PUBLIC,NONE,DAY,MIXED
3298,NYANZA,KISII,KENYENYA,6P8W,40727122,OMOBERA SDA GIRLS SECONDARY SCHOOL,C3,PUBLIC,NONE,BOARDING,GIRLS
3299,NYANZA,KISII,KENYENYA,GPWU,40727115,RANDANI C.O.G MIXED SECONDARY SCHOOL,C4,PUBLIC,NONE,DAY,MIXED
3300,NYANZA,KISII,KENYENYA,DXVV,40727206,RIANYANCHABERA SECONDARY SCHOOL,C4,PUBLIC,NONE,DAY,MIXED
3301,NYANZA,KISII,KENYENYA,EZ4P,40727101,RIOKINDO HIGH SCHOOL,C1,PUBLIC,NONE,BOARDING,MIXED
3302,NYANZA,KISII,KENYENYA,HF9R,40727104,RIOKINDO GIRLS HIGH SCHOOL,C3,PUBLIC,NONE,BOARDING,GIRLS
3303,NYANZA,KISII,KENYENYA,M46E,40727207,RITEMBU MIXED SECONDARY SCHOOL,C4,PUBLIC,NONE,DAY,MIXED
3304,NYANZA,KISII,KENYENYA,AR5L,40727113,RIYABU E.L.C.K SECONDARY SCHOOL,C4,PUBLIC,NONE,DAY,MIXED
3305,NYANZA,KISII,KENYENYA,RWMB,40727110,SENGERA S.D.A MIXED SECONDARY SCHOOL,C4,PUBLIC,NONE,DAY,MIXED
3306,NYANZA,KISII,KENYENYA,ZDQJ,40727133,ST AUGUSTINE MAGENCHE SECONDARY SCHOOL,C4,PUBLIC,NONE,DAY,MIXED
3307,NYANZA,KISII,KENYENYA,DPKG,40727205,ST JOHN'S ICHUNI SECONDARY SCHOOL,C4,PUBLIC,NONE,DAY,MIXED
3308,NYANZA,KISII,KENYENYA,N88K,40727134,ST JOSEPH'S ETONO MIXED SECONDARY SCHOOL,C4,PUBLIC,NONE,DAY,MIXED
3309,NYANZA,KISII,KENYENYA,VQ8V,40727123,ST PETERS KEBERESI SECONDARY SCHOOL,C4,PUBLIC,NONE,DAY,MIXED
3310,NYANZA,KISII,KENYENYA,J88P,40727117,ST. FRANCIS METEMBE SECONDARY SCHOOL,C4,PUBLIC,NONE,DAY,MIXED
3311,NYANZA,KISII,KENYENYA,LC4H,40727132,ST.EDWARD NYABIOTO SECONDARY SCHOOL,C3,PUBLIC,NONE,DAY,MIXED
3384,NYANZA,KISII,KITUTU CENTRAL,Z3EX,40745123,BOGEKA P.A.G SECONDARY SCHOOL,C4,PUBLIC,NONE,DAY,MIXED
3385,NYANZA,KISII,KITUTU CENTRAL,UGGS,40745101,CARDINAL OTUNGA HIGH SCHOOL-MOSOCHO,C2,PUBLIC,NONE,BOARDING,MIXED
3386,NYANZA,KISII,KITUTU CENTRAL,VGM7,40745125,DARAJA MBILI MIXED SECONDARY SCHOOL,C4,PUBLIC,NONE,DAY,MIXED
3387,NYANZA,KISII,KITUTU CENTRAL,LSFZ,40745126,GETEMBE SECONDARY SCHOOL,C4,PUBLIC,NONE,DAY,MIXED
3388,NYANZA,KISII,KITUTU CENTRAL,SERR,40745114,KIOGO SDA SECONDARY SCHOOL,C4,PUBLIC,NONE,DAY,MIXED
3389,NYANZA,KISII,KITUTU CENTRAL,UTEF,40745108,MATIEKO MIXED SECONDARY SCHOOL,C4,PUBLIC,NONE,DAY,MIXED
3390,NYANZA,KISII,KITUTU CENTRAL,C45H,40700003,NYABURURU GIRLS,C1,PUBLIC,NONE,BOARDING,GIRLS
3391,NYANZA,KISII,KITUTU CENTRAL,VEZX,40745111,NYAGISAI SECONDARY SCHOOL,C4,PUBLIC,NONE,DAY,MIXED
3392,NYANZA,KISII,KITUTU CENTRAL,GT27,40745110,NYAKEOGIRO SECONDARY SCHOOL,C4,PUBLIC,NONE,DAY,MIXED
3393,NYANZA,KISII,KITUTU CENTRAL,BU7K,40745121,NYAMATUTA MIXED SECONDARY SCHOOL,C4,PUBLIC,NONE,DAY,MIXED
3394,NYANZA,KISII,KITUTU CENTRAL,KCV7,40745103,NYATIEKO MIXED SECONDARY SCHOOL,C3,PUBLIC,NONE,DAY,MIXED
3395,NYANZA,KISII,KITUTU CENTRAL,UDVS,40745112,ONG’ICHA SECONDARY SCHOOL,C4,PUBLIC,NONE,DAY,MIXED
3396,NYANZA,KISII,KITUTU CENTRAL,ZQ99,40745118,QUEEN OF APOSTLES SECONDARY SCHOOL,C4,PUBLIC,NONE,DAY,MIXED
3397,NYANZA,KISII,KITUTU CENTRAL,MP9G,40745105,RAGANGA SECONDARY SCHOOL,C4,PUBLIC,NONE,DAY,MIXED
3398,NYANZA,KISII,KITUTU CENTRAL,Z9PH,40745117,RIOTERO SDA SECONDARY SCHOOL,C4,PUBLIC,NONE,DAY,MIXED
3399,NYANZA,KISII,KITUTU CENTRAL,UBFS,40745109,ST. AMBROSE NYAORE SECONDARY SCHOOL,C4,PUBLIC,NONE,DAY,MIXED
3400,NYANZA,KISII,KITUTU CENTRAL,JBFW,40745115,ST. CATHERINE IRANDA,C4,PUBLIC,NONE,DAY,MIXED
3401,NYANZA,KISII,KITUTU CENTRAL,B3ZR,40745102,ST. CLARE KIOGE GIRLS,C3,PUBLIC,NONE,BOARDING,GIRLS
3402,NYANZA,KISII,KITUTU CENTRAL,8NQZ,40745107,ST. LUKE'S KANUNDA SECONDARY SCHOOL,C4,PUBLIC,NONE,DAY,MIXED
3403,NYANZA,KISII,KITUTU CENTRAL,PEVC,40745106,ST. PATRICK'S MOSOCHO SECONDARY SCHOOL,C4,PUBLIC,NONE,DAY,MIXED
3404,NYANZA,KISII,KITUTU CENTRAL,9R9M,40745122,ST. RAPHAEL KEORE DOK SECONDARY SCHOOL,C4,PUBLIC,NONE,DAY,MIXED
3405,NYANZA,KISII,KITUTU CENTRAL,TWYD,40745124,ST.LAWRENCE KIONG'ONGI SECONDARY SCHOOL,C4,PUBLIC,NONE,DAY,MIXED
3406,NYANZA,KISII,MARANI,EYA4,40723110,ENGOTO PAG SECONDARY SCHOOL,C4,PUBLIC,NONE,DAY,MIXED
3407,NYANZA,KISII,MARANI,94PU,40723206,ENTANDA SECONDARY SCHOOL,C4,PUBLIC,NONE,DAY,MIXED
3408,NYANZA,KISII,MARANI,BV5C,40723107,ERAMBA MIXED SECONDARY SCHOOL,C4,PUBLIC,NONE,DAY,MIXED
3409,NYANZA,KISII,MARANI,HZPL,40723205,GAMBA SDA MIXED SECONDARY SCHOOL,C4,PUBLIC,NONE,DAY,MIXED
3410,NYANZA,KISII,MARANI,VDQW,40723108,GETURI MIXED SECONDARY SCHOOL,C4,PUBLIC,NONE,DAY,MIXED
3411,NYANZA,KISII,MARANI,QKPB,40723201,ITIBO BOYS HIGH SCHOOL,C2,PUBLIC,NONE,BOARDING,BOYS
3412,NYANZA,KISII,MARANI,9NYV,40723203,ITIBO GIRLS SECONDARY SCHOOL,C2,PUBLIC,NONE,BOARDING,GIRLS
3413,NYANZA,KISII,MARANI,9S32,40723202,KENYORO SECONDARY SCHOOL,C4,PUBLIC,NONE,DAY,MIXED
3414,NYANZA,KISII,MARANI,3NXJ,40723109,KIARENI ELCK SECONDARY SCHOOL,C4,PUBLIC,NONE,DAY,MIXED
3415,NYANZA,KISII,MARANI,F5Q2,40723216,MANYANSI DOK MIXED SECONDARY SCHOOL,C4,PUBLIC,NONE,DAY,MIXED
3416,NYANZA,KISII,MARANI,BKW4,40723115,MASAKWE PAG SECONDARY SCHOOL,C4,PUBLIC,NONE,DAY,MIXED
3417,NYANZA,KISII,MARANI,Q9B6,40723214,MESARIA SECONDARY SCHOOL,C4,PUBLIC,NONE,DAY,MIXED
3418,NYANZA,KISII,MARANI,FVAC,40723212,MOSOCHO PAG MIXED SECONDARY SCHOOL,C4,PUBLIC,NONE,DAY,MIXED
3419,NYANZA,KISII,MARANI,QSBU,40723112,NYABWOROBA SECONDARY SCHOOL,C4,PUBLIC,NONE,DAY,MIXED
3420,NYANZA,KISII,MARANI,AZVL,40723104,NYAGESENDA SECONDARY SCHOOL,C4,PUBLIC,NONE,DAY,MIXED
3421,NYANZA,KISII,MARANI,5ULK,40723113,NYAGONYI ELCK SECONDARY SCHOOL,C4,PUBLIC,NONE,DAY,MIXED
3422,NYANZA,KISII,MARANI,U4BV,40723116,NYAGOTO SECONDARY SCHOOL,C4,PUBLIC,NONE,DAY,MIXED
3423,NYANZA,KISII,MARANI,476W,40723102,NYAKEIRI SECONDARY SCHOOL,C3,PUBLIC,NONE,DAY,MIXED
3424,NYANZA,KISII,MARANI,43M6,40723211,NYAKEYO COG SECONDARY SCHOOL,C4,PUBLIC,NONE,DAY,MIXED
3425,NYANZA,KISII,MARANI,PLL2,40723114,NYAKOME FRIENDS SECONDARY SCHOOL,C4,PUBLIC,NONE,DAY,MIXED
3426,NYANZA,KISII,MARANI,CTFG,40723208,NYAKOORA SECONDARY SCHOOL,C4,PUBLIC,NONE,DAY,MIXED
3427,NYANZA,KISII,MARANI,VTCA,40723213,NYANSAKIA PAG SECONDARY SCHOOL,C4,PUBLIC,NONE,DAY,MIXED
3428,NYANZA,KISII,MARANI,D49F,40723103,NYASORE SECONDARY SCHOOL,C4,PUBLIC,NONE,DAY,MIXED
3429,NYANZA,KISII,MARANI,DQRB,40723106,RIOMA SECONDARY SCHOOL,C4,PUBLIC,NONE,DAY,MIXED
3430,NYANZA,KISII,MARANI,ZCAM,40723105,SENSI MIXED SECONDARY SCHOOL,C4,PUBLIC,NONE,DAY,MIXED
3431,NYANZA,KISII,MARANI,YG4A,40723204,ST. JOHN'S METEMBE SECONDARY SCHOOL,C4,PUBLIC,NONE,DAY,MIXED
3432,NYANZA,KISII,MARANI,GSWA,40723210,ST. JORAM ASANYO SECONDARY SCHOOL,C4,PUBLIC,NONE,DAY,MIXED
3433,NYANZA,KISII,MARANI,NZ8N,40723207,ST. PAUL'S NYANKANDA SECONDARY SCHOOL,C4,PUBLIC,NONE,DAY,MIXED
3434,NYANZA,KISII,MARANI,E4VW,40723217,ST.MARY'S NGENYI GIRLS SECONDARY SCHOOL,C4,PUBLIC,NONE,BOARDING,GIRLS
3435,NYANZA,KISII,MARANI,FYBN,40723101,ST.MONICA MARANI GIRLS SECONDARY SCHOOL,C3,PUBLIC,NONE,BOARDING,GIRLS
3436,NYANZA,KISII,MARANI,766Q,40723209,TAMBACHA COG SECONDARY SCHOOL,C4,PUBLIC,NONE,DAY,MIXED
3437,NYANZA,KISII,NYAMACHE,5729,40732101,BORANGI P.A.G SECONDARY SCHOOL,C4,PUBLIC,NONE,DAY,MIXED
3438,NYANZA,KISII,NYAMACHE,DEY8,40732208,BORANGI S.D.A SECONDARY,C4,PUBLIC,NONE,DAY,MIXED
3439,NYANZA,KISII,NYAMACHE,PHRW,40732125,EBIGOGO SECONDARY SCHOOL,C4,PUBLIC,NONE,DAY,MIXED
3440,NYANZA,KISII,NYAMACHE,SKMG,40732214,EBIOSI P.A.G MIXED SECONDARY SCHOOL,C4,PUBLIC,NONE,DAY,MIXED
3441,NYANZA,KISII,NYAMACHE,C68V,40732109,EMENWA SECONDARY SCHOOL,C4,PUBLIC,NONE,DAY,MIXED
3442,NYANZA,KISII,NYAMACHE,NZ5F,40732219,ENCHORO PEFA SECONDARY SCHOOL,C4,PUBLIC,NONE,DAY,MIXED
3443,NYANZA,KISII,NYAMACHE,JV25,40732211,GETAI SDA MIXED SECONDARY SCHOOL,C4,PUBLIC,NONE,DAY,MIXED
3444,NYANZA,KISII,NYAMACHE,8ZUE,40732105,GIONSERI SECONDARY SCHOOL,C3,PUBLIC,NONE,DAY,MIXED
3445,NYANZA,KISII,NYAMACHE,DXYE,40732110,IGOMA MIXED SECONDARY SCHOOL,C4,PUBLIC,NONE,DAY,MIXED
3446,NYANZA,KISII,NYAMACHE,BCDG,40732108,IKENYE SECONDARY SCHOOL,C4,PUBLIC,NONE,DAY,MIXED
3447,NYANZA,KISII,NYAMACHE,NXNS,40732218,ISENA MISSION GIRLS SECONDARY SCHOOL,C3,PUBLIC,NONE,BOARDING,GIRLS
3448,NYANZA,KISII,NYAMACHE,8HW4,40732202,ISENA P.A.G SECONDARY SCHOOL,C4,PUBLIC,NONE,DAY,MIXED
3449,NYANZA,KISII,NYAMACHE,HJM6,40732123,ITUMBE DOK SECONDARY SCHOOL,C4,PUBLIC,NONE,DAY,MIXED
3450,NYANZA,KISII,NYAMACHE,BNUD,40732107,KEGOCHI PAG SECONDARY SCHOOL,C4,PUBLIC,NONE,DAY,MIXED
3451,NYANZA,KISII,NYAMACHE,BKPT,40732111,KIOBEGI SECONDARY SCHOOL,C4,PUBLIC,NONE,DAY,MIXED
3452,NYANZA,KISII,NYAMACHE,GMPS,40732210,KIONDUSO P.A.G. SECONDARY SCHOOL,C4,PUBLIC,NONE,DAY,MIXED
3453,NYANZA,KISII,NYAMACHE,Q968,40732102,MAJI MAZURI SECONDARY SCHOOL,C4,PUBLIC,NONE,DAY,MIXED
3454,NYANZA,KISII,NYAMACHE,F9KA,40732204,MOCHENGO P.A.G SECONDARY SCHOOL,C4,PUBLIC,NONE,DAY,MIXED
3455,NYANZA,KISII,NYAMACHE,YK9Q,40732212,MOGONGA P.A.G SECONDARY SCHOOL,C4,PUBLIC,NONE,DAY,MIXED
3456,NYANZA,KISII,NYAMACHE,DD83,40732118,MOSORA SDA SECONDARY SCHOOL,C4,PUBLIC,NONE,DAY,MIXED
3457,NYANZA,KISII,NYAMACHE,ZXMP,40732201,NAIKURU P.A.G SECONDARY SCHOOL,C4,PUBLIC,NONE,DAY,MIXED
3458,NYANZA,KISII,NYAMACHE,EQ5Q,40732222,NYABIOSI S.D.A MIXED SECONDARY SCHOOL,C4,PUBLIC,NONE,DAY,MIXED
3459,NYANZA,KISII,NYAMACHE,4L54,40732120,NYABISASE MIXED SECONDARY SCHOOL,C2,PUBLIC,NONE,DAY,MIXED
3460,NYANZA,KISII,NYAMACHE,FF83,40732130,NYABISIA DEB MIXED SECONDARY SCHOOL,C4,PUBLIC,NONE,DAY,MIXED
3461,NYANZA,KISII,NYAMACHE,DNSG,40732112,NYABITE A.C SECONDARY SCHOOL,C4,PUBLIC,NONE,DAY,MIXED
3462,NYANZA,KISII,NYAMACHE,AV3Z,40732117,NYABITE DOK SECONDARY SCHOOL,C4,PUBLIC,NONE,DAY,MIXED
3463,NYANZA,KISII,NYAMACHE,EPPA,40732220,NYABOTERERE MIXED SECONDARY SCHOOL,C4,PUBLIC,NONE,DAY,MIXED
3464,NYANZA,KISII,NYAMACHE,YD8R,40732124,NYACHOGOCHOGO AIC SECONDARY SCHOOL,C4,PUBLIC,NONE,DAY,MIXED
3465,NYANZA,KISII,NYAMACHE,F52Y,40732114,NYAMACHE SECONDARY SCHOOL,C2,PUBLIC,NONE,DAY,MIXED
3466,NYANZA,KISII,NYAMACHE,CNUJ,40732209,NYAMAKOROBO F.A.M SECONDARY SCHOOL,C4,PUBLIC,NONE,DAY,MIXED
3467,NYANZA,KISII,NYAMACHE,ZZD2,40732216,NYAMUYA ELCK SECONDARY SCHOOL,C4,PUBLIC,NONE,DAY,MIXED
3468,NYANZA,KISII,NYAMACHE,5E6V,40732205,NYANGUSU MIXED SECONDARY SCHOOL,C4,PUBLIC,NONE,DAY,MIXED
3469,NYANZA,KISII,NYAMACHE,5HVK,40732104,NYOERA SECONDARY SCHOOL,C4,PUBLIC,NONE,DAY,MIXED
3470,NYANZA,KISII,NYAMACHE,D7GH,40732129,RIAMBASE DEB SECONDARY SCHOOL,C2,PUBLIC,NONE,DAY,MIXED
3471,NYANZA,KISII,NYAMACHE,B8NB,40732207,RIGENA P.A.G SECONDARY SCHOOL,C4,PUBLIC,NONE,DAY,MIXED
3472,NYANZA,KISII,NYAMACHE,ADR3,40732116,ROGONGO DEB MIXED SECONDARY SCHOOL,C4,PUBLIC,NONE,DAY,MIXED
3473,NYANZA,KISII,NYAMACHE,JEBY,40732221,SIMITI SDA,C4,PUBLIC,NONE,DAY,MIXED
3474,NYANZA,KISII,NYAMACHE,L6RS,40732113,ST CHARLES KABEO SECONDARY SCHOOL,C4,PUBLIC,NONE,DAY,MIXED
3475,NYANZA,KISII,NYAMACHE,JND9,40732106,ST JOSEPH'S NYACHENGE SECONDARY SCHOOL,C4,PUBLIC,NONE,DAY,MIXED
3476,NYANZA,KISII,NYAMACHE,S4YQ,40732203,ST PAUL'S NYACHEKI SECONDARY SCHOOL,C4,PUBLIC,NONE,DAY,MIXED
3477,NYANZA,KISII,NYAMACHE,57AZ,40732103,ST. CLARE SUGUTA GIRLS SECONDARY SCHOOL,C3,PUBLIC,NONE,BOARDING,GIRLS
3478,NYANZA,KISII,NYAMACHE,LP4A,40732126,ST. GABRIEL RIYABO SECONDARY SCHOOL,C4,PUBLIC,NONE,DAY,MIXED
3479,NYANZA,KISII,NYAMACHE,H3VZ,40732115,ST. JAMES GIONSARIA SECONDARY SCHOOL,C4,PUBLIC,NONE,DAY,MIXED
3480,NYANZA,KISII,NYAMACHE,KT6G,40732119,ST. JOHN'S OROGARE SECONDARY SCHOOL,C4,PUBLIC,NONE,DAY,MIXED
3481,NYANZA,KISII,NYAMACHE,PJP5,40732217,ST. JOSEPH'S SUGUBO SECONDARY SCHOOL,C4,PUBLIC,NONE,DAY,MIXED
3482,NYANZA,KISII,NYAMACHE,LN45,40732206,ST. THERESA'S NYANGUSU GIRLS SECONDARY SCHOOL,C2,PUBLIC,NONE,BOARDING,GIRLS
3483,NYANZA,KISII,NYAMACHE,ACJR,40732121,ST. THOMAS TURWA SECONDARY SCHOOL,C4,PUBLIC,NONE,DAY,MIXED
3484,NYANZA,KISII,NYAMACHE,E6YZ,40732223,ST.MATHEWS CHITAGO SECONDARY SCHOOL,C4,PUBLIC,NONE,DAY,MIXED
3485,NYANZA,KISII,NYAMACHE,5DM7,40732213,THE SACRED HEART OF JESUS EKEONGA SECONDARY SCHOOL,C4,PUBLIC,NONE,DAY,MIXED
3486,NYANZA,KISII,SAMETA,WCQK,40740105,BISHOP MUGENDI NYAKEGOGI SECONDARY SCHOOL,C3,PUBLIC,NONE,DAY,MIXED
3487,NYANZA,KISII,SAMETA,CES9,40740103,BOITANG'ARE FRIENDS SECONDARY SCHOOL,C3,PUBLIC,NONE,DAY,MIXED
3488,NYANZA,KISII,SAMETA,97DL,40740116,CHRIST THE TEACHER KENYORO SECONDARY SCHOOL,C4,PUBLIC,NONE,DAY,MIXED
3489,NYANZA,KISII,SAMETA,7F7J,40740121,GEKONGO DEB MIXED SECONDARY SCHOOL,C4,PUBLIC,NONE,DAY,MIXED
3490,NYANZA,KISII,SAMETA,XND3,40740107,GESURE SDA SECONDARY SCHOOL,C4,PUBLIC,NONE,DAY,MIXED
3491,NYANZA,KISII,SAMETA,JJ48,40740118,GETENGA MIXED SECONDARY SCHOOL,C4,PUBLIC,NONE,DAY,MIXED
3492,NYANZA,KISII,SAMETA,KE29,40740120,KENYERERE MIXED SECONDARY SCHOOL,C4,PUBLIC,NONE,DAY,MIXED
3493,NYANZA,KISII,SAMETA,ZNUT,40740106,NYABONGE SDA SECONDARY SCHOOL,C4,PUBLIC,NONE,DAY,MIXED
3494,NYANZA,KISII,SAMETA,JMRD,40740117,NYAGANCHA MIXED SECONDARY SCHOOL,C4,PUBLIC,NONE,DAY,MIXED
3495,NYANZA,KISII,SAMETA,BL28,40740109,NYAGIKI SECONDARY SCHOOL,C4,PUBLIC,NONE,DAY,MIXED
3496,NYANZA,KISII,SAMETA,LLZP,40740111,NYAGUKU D.O.K SECONDARY SCHOOL,C4,PUBLIC,NONE,DAY,MIXED
3497,NYANZA,KISII,SAMETA,Z865,40740119,NYAMONEMA SECONDARY SCHOOL,C4,PUBLIC,NONE,DAY,MIXED
3498,NYANZA,KISII,SAMETA,JTXW,40740115,RIANCHORE MIXED SECONDARY SCHOOL,C4,PUBLIC,NONE,DAY,MIXED
3499,NYANZA,KISII,SAMETA,ZKUH,40740114,RIOBARA SECONDARY SCHOOL,C4,PUBLIC,NONE,DAY,MIXED
3500,NYANZA,KISII,SAMETA,BGB6,40740102,SAMETA HIGH SCHOOL,C2,PUBLIC,NONE,BOARDING,MIXED
3501,NYANZA,KISII,SAMETA,389K,40740113,SAMETA PAG SECONDARY SCHOOL,C4,PUBLIC,NONE,DAY,MIXED
3502,NYANZA,KISII,SAMETA,MEZC,40740110,ST. DOMINIC RUSINGA MIXED SECONDARY SCHOOL,C4,PUBLIC,NONE,DAY,MIXED
3503,NYANZA,KISII,SAMETA,HWNZ,40740104,ST. MARY'S NYAMAGWA GIRLS SECONDARY SCHOOL,C2,PUBLIC,NONE,BOARDING,GIRLS
3504,NYANZA,KISII,SAMETA,3937,40740108,ST. PANCRAS KIONG'ONGI MIXED SECONDARY SCHOOL,C4,PUBLIC,NONE,DAY,MIXED
3505,NYANZA,KISII,SAMETA,FDA3,40740112,ST. PETER'S RIANYACHUBA SECONDARY SCHOOL,C4,PUBLIC,NONE,DAY,MIXED
3506,NYANZA,KISII,SAMETA,WZRY,40740101,ST.JOHNS NYAMAGWA BOYS,C2,PUBLIC,NONE,BOARDING,BOYS
3574,NYANZA,KISUMU,KADIBO,HNEK,39750007,ALENDU SECONDARY SCHOOL,C4,PUBLIC,NONE,DAY,MIXED
3575,NYANZA,KISUMU,KADIBO,8B56,39750008,AROMBO MIXED SECONDARY SCHOOL,C4,PUBLIC,NONE,DAY,MIXED
3576,NYANZA,KISUMU,KADIBO,S6EP,39750016,KANDARIA MIXED SECONDARY SCHOOL,C4,PUBLIC,NONE,DAY,MIXED
3577,NYANZA,KISUMU,KADIBO,99FH,39750012,KANYAGWAL MIXED SECONDARY SCHOOL,C4,PUBLIC,NONE,DAY,MIXED
3578,NYANZA,KISUMU,KADIBO,ZMWV,39750011,KOBURA MIXED SECONDARY SCHOOL,C4,PUBLIC,NONE,DAY,MIXED
3579,NYANZA,KISUMU,KADIBO,BUJT,39750014,KOLAL MIXED SECONDARY SCHOOL,C4,PUBLIC,NONE,DAY,MIXED
3580,NYANZA,KISUMU,KADIBO,WZA2,39750006,LELA SECONDARY SCHOOL,C4,PUBLIC,NONE,DAY,MIXED
3581,NYANZA,KISUMU,KADIBO,SARK,39750004,MASOGO MIXED SECONDARY SCHOOL,C3,PUBLIC,NONE,DAY,MIXED
3582,NYANZA,KISUMU,KADIBO,REHN,39750003,MIGINGO GIRLS SECONDARY SCHOOL,C2,PUBLIC,NONE,BOARDING,GIRLS
3583,NYANZA,KISUMU,KADIBO,76DN,39750005,NDURU MIXED SECONDARY SCHOOL,C4,PUBLIC,NONE,DAY,MIXED
3584,NYANZA,KISUMU,KADIBO,XCEU,39750009,NYAKAKANA MIXED SECONDARY SCHOOL,C4,PUBLIC,NONE,DAY,MIXED
3585,NYANZA,KISUMU,KADIBO,9L65,39750013,ODIENYA MIXED DAY SECONDARY SCHOOL,C4,PUBLIC,NONE,DAY,MIXED
3586,NYANZA,KISUMU,KADIBO,T49P,39750010,ONG'ECHE MIXED SECONDARY SCHOOL,C4,PUBLIC,NONE,DAY,MIXED
3587,NYANZA,KISUMU,KADIBO,PSHM,39750001,OTIENO OYOO SECONDARY SCHOOL,C2,PUBLIC,NONE,DAY,MIXED
3588,NYANZA,KISUMU,KADIBO,ZMJS,39750015,RANJIRA MIXED SECONDARY SCHOOL,C4,PUBLIC,NONE,DAY,MIXED
3589,NYANZA,KISUMU,KADIBO,X496,39750017,RERU A.I.C SECONDARY SCHOOL,C4,PUBLIC,NONE,DAY,MIXED
3590,NYANZA,KISUMU,KADIBO,LKMF,39750002,ST. JOSEPH'S WITHUR MIXED SECONDARY SCHOOL,C3,PUBLIC,NONE,DAY,MIXED
3591,NYANZA,KISUMU,KADIBO,RU8D,39750018,ST.CHARLES LWANGA NYAMKEBE SECONDARY SCHOOL,C4,PUBLIC,NONE,DAY,MIXED
3592,NYANZA,KISUMU,KISUMU CENTRAL,A8W4,39741017,BISHOP ABIERO SHAURIMOYO SECONDARY SCHOOL,C4,PUBLIC,NONE,DAY,MIXED
3593,NYANZA,KISUMU,KISUMU CENTRAL,AHF4,39741016,JOEL OMINO MIXED SECONDARY SCHOOL,C4,PUBLIC,NONE,DAY,MIXED
3594,NYANZA,KISUMU,KISUMU CENTRAL,JFFJ,39741015,JOYLAND SPECIAL SECONDARY SCHOOL,C1,PUBLIC,NONE,DAY,MIXED
3595,NYANZA,KISUMU,KISUMU CENTRAL,L7GD,39741001,KEN OBURA SECONDARY SCHOOL,C4,PUBLIC,NONE,DAY,MIXED
3596,NYANZA,KISUMU,KISUMU CENTRAL,TEL2,39741005,KISUMU BOYS HIGH SCHOOL,C1,PUBLIC,NONE,BOARDING,BOYS
3597,NYANZA,KISUMU,KISUMU CENTRAL,CVP4,39741008,KISUMU DAY SECONDARY SCHOOL,C3,PUBLIC,NONE,DAY,MIXED
3598,NYANZA,KISUMU,KISUMU CENTRAL,ATC6,39700009,KISUMU GIRLS HIGH SCHOOL,C1,PUBLIC,NONE,BOARDING,GIRLS
3599,NYANZA,KISUMU,KISUMU CENTRAL,TGFR,39741012,LIONS HIGH SCHOOL,C4,PUBLIC,NONE,BOARDING,MIXED
3600,NYANZA,KISUMU,KISUMU CENTRAL,KRXS,39741010,ST IGNATIUS LOYOLA SEC SCHOOL-MAGADI,C4,PUBLIC,NONE,DAY,MIXED
3601,NYANZA,KISUMU,KISUMU CENTRAL,NBCM,39741002,ST. JOHN CHRISOSTOM KUDHO SECONDARY SCHOOL,C4,PUBLIC,NONE,DAY,MIXED
3602,NYANZA,KISUMU,KISUMU CENTRAL,JQBM,39741011,ST. PETERS NANGA MIXED SECONDARY SCHOOL,C4,PUBLIC,NONE,DAY,MIXED
3603,NYANZA,KISUMU,KISUMU CENTRAL,T9DV,39741007,ST.TERESA'S GIRLS SECONDARY SCHOOL,C2,PUBLIC,NONE,BOARDING,GIRLS
3604,NYANZA,KISUMU,KISUMU CENTRAL,UZUA,39741014,XAVERIAN SECONDARY SCHOOL,C4,PUBLIC,NONE,DAY,MIXED
3657,NYANZA,KISUMU,MUHORONI,KCV8,39734401,ACHEGO GIRLS SECONDARY SCHOOL,C2,PUBLIC,NONE,BOARDING,GIRLS
3658,NYANZA,KISUMU,MUHORONI,9UGE,39734419,ARCHBISHOP OKOTH SECONDARY SCHOOL - OCHORIA,C4,PUBLIC,NONE,DAY,MIXED
3659,NYANZA,KISUMU,MUHORONI,XDNJ,39734310,AYIECHO NYATAO MIXED SECONDARY SCHOOL,C4,PUBLIC,NONE,DAY,MIXED
3660,NYANZA,KISUMU,MUHORONI,7KHZ,39734411,GOD ABUORO SECONDARY SCHOOL,C4,PUBLIC,NONE,DAY,MIXED
3661,NYANZA,KISUMU,MUHORONI,MEOK,39734413,KIBIGORI MIXED SECONDARY SCHOOL,C4,PUBLIC,NONE,DAY,MIXED
3662,NYANZA,KISUMU,MUHORONI,VQ44,39734313,KIBOS VISUALLY IMPARED SECONDARY SCHOOL,C1,PUBLIC,NONE,DAY,MIXED
3663,NYANZA,KISUMU,MUHORONI,BZ9M,39734409,MARIWA SECONDARY SCHOOL,C4,PUBLIC,NONE,DAY,MIXED
3664,NYANZA,KISUMU,MUHORONI,Z8NB,39734306,MASARA MIXED SECONDARY SCHOOL,C4,PUBLIC,NONE,DAY,MIXED
3665,NYANZA,KISUMU,MUHORONI,PCWX,39734312,MIWANI SECONDARY SCHOOL,C2,PUBLIC,NONE,DAY,MIXED
3666,NYANZA,KISUMU,MUHORONI,ARWH,39734403,MUHORONI MIXED SECONDARY SCHOOL,C3,PUBLIC,NONE,DAY,MIXED
3667,NYANZA,KISUMU,MUHORONI,HRAH,39734410,MUTWALA GIRLS' SECONDARY SCHOOL,C4,PUBLIC,NONE,BOARDING,GIRLS
3668,NYANZA,KISUMU,MUHORONI,9TW6,39734415,MWAI ABIERO OGEN SECONDARY SCHOOL,C4,PUBLIC,NONE,DAY,MIXED
3669,NYANZA,KISUMU,MUHORONI,LW8G,39734308,NGENY MIXED SECONDARY SCHOOL,C4,PUBLIC,NONE,DAY,MIXED
3670,NYANZA,KISUMU,MUHORONI,GQQF,39734302,NYAKOKO MIXED DAY SECONDARY SCHOOL,C4,PUBLIC,NONE,DAY,MIXED
3671,NYANZA,KISUMU,MUHORONI,R92E,39734417,NYANDO MIXED SECONDARY SCHOOL,C4,PUBLIC,NONE,DAY,MIXED
3672,NYANZA,KISUMU,MUHORONI,7UXA,39734412,OGINGA ODINGA TAMU SECONDARY SCHOOL,C4,PUBLIC,NONE,DAY,MIXED
3673,NYANZA,KISUMU,MUHORONI,V555,39734309,OLIK OLIERO MIXED SECONDARY SCHOOL,C4,PUBLIC,NONE,DAY,MIXED
3674,NYANZA,KISUMU,MUHORONI,G62G,39734311,OMANYI MIXED SECONDARY SCHOOL,C4,PUBLIC,NONE,DAY,MIXED
3675,NYANZA,KISUMU,MUHORONI,AZRT,39734303,OMBEYI SECONDARY SCHOOL,C4,PUBLIC,NONE,DAY,MIXED
3676,NYANZA,KISUMU,MUHORONI,JLYF,39734414,OUR LADY OF PEACE MUHORONI SECONDARY SCHOOL,C4,PUBLIC,NONE,DAY,MIXED
3677,NYANZA,KISUMU,MUHORONI,BQWI,39734315,PADRE PIO MASOGO GIRLS SECONDARY SCHOOL,C4,PUBLIC,NONE,BOARDING,GIRLS
3678,NYANZA,KISUMU,MUHORONI,4N6L,39734307,PROF. AYIECHO OBUMBA,C4,PUBLIC,NONE,DAY,MIXED
3679,NYANZA,KISUMU,MUHORONI,3HAC,39734404,SONGHOR SECONDARY SCHOOL,C4,PUBLIC,NONE,DAY,MIXED
3680,NYANZA,KISUMU,MUHORONI,D8BF,39734406,ST. AUGUSTINE'S KANDEGE SECONDARY SCHOOL,C3,PUBLIC,NONE,DAY,MIXED
3681,NYANZA,KISUMU,MUHORONI,QJ7Z,39734317,ST. CORNELIUS NYANGOTO SECONDARY SCHOOL,C4,PUBLIC,NONE,DAY,MIXED
3682,NYANZA,KISUMU,MUHORONI,RGCH,39734420,ST. JOHN'S LWALA MIXED SECONDARY SCHOOL,C4,PUBLIC,NONE,DAY,MIXED
3683,NYANZA,KISUMU,MUHORONI,6SWM,39734301,ST. LEONORA NGERE KAGORO MIXED SECONDARY SCHOOL,C4,PUBLIC,NONE,DAY,MIXED
3684,NYANZA,KISUMU,MUHORONI,YWWP,39734407,ST. PATRICKS' ODUWO SECONDARY SCHOOL,C4,PUBLIC,NONE,DAY,MIXED
3685,NYANZA,KISUMU,MUHORONI,9ZTH,39734314,ST. RITA RAMULA GIRLS SECONDARY SCHOOL,C4,PUBLIC,NONE,BOARDING,GIRLS
3686,NYANZA,KISUMU,MUHORONI,YE7X,39734408,ST. STEPHEN'S MENARA SECONDARY SCHOOL,C2,PUBLIC,NONE,DAY,MIXED
3687,NYANZA,KISUMU,MUHORONI,WMLR,39734304,ST.BENEDICT'S NYANGOMA,C4,PUBLIC,NONE,DAY,MIXED
3688,NYANZA,KISUMU,MUHORONI,SZZ2,39734305,ST.BONIFACE MAGARE SECONDARY SCHOOL,C4,PUBLIC,NONE,DAY,MIXED
3689,NYANZA,KISUMU,MUHORONI,BH62,39734402,ST.GREGORY KORU GIRLS HIGH SCHOOL,C2,PUBLIC,NONE,BOARDING,GIRLS
3690,NYANZA,KISUMU,MUHORONI,2QSR,39734318,SUGAR RESEARCH MIXED SECONDARY,C4,PUBLIC,NONE,DAY,MIXED
3691,NYANZA,KISUMU,NYAKACH,MDDM,39733301,ABWAO MIXED SECONDARY SCHOOL,C4,PUBLIC,NONE,DAY,MIXED
3692,NYANZA,KISUMU,NYAKACH,Z4BY,39733108,ACK RAE GIRLS HIGH SCHOOL,C2,PUBLIC,NONE,BOARDING,GIRLS
3693,NYANZA,KISUMU,NYAKACH,PWZQ,39733201,AGAI MIXED SECONDARY SCHOOL,C4,PUBLIC,NONE,DAY,MIXED
3694,NYANZA,KISUMU,NYAKACH,H9SX,39733302,ANDING'O OPANGA SECONDARY SCHOOL,C4,PUBLIC,NONE,DAY,MIXED
3695,NYANZA,KISUMU,NYAKACH,3CNS,39733223,APOKO MIXED SECONDARY SCHOOL,C4,PUBLIC,NONE,DAY,MIXED
3696,NYANZA,KISUMU,NYAKACH,PSGN,39733312,APONDO KASAYE SECONDARY SCHOOL,C4,PUBLIC,NONE,DAY,MIXED
3697,NYANZA,KISUMU,NYAKACH,KNBH,39733202,BISHOP N.K.NGALA SECONDARY SCHOOL-OBUORA,C4,PUBLIC,NONE,DAY,MIXED
3698,NYANZA,KISUMU,NYAKACH,JGK9,39733203,BISHOP OKUMU SECONDARY SCHOOL,C4,PUBLIC,NONE,DAY,MIXED
3699,NYANZA,KISUMU,NYAKACH,ALJ9,39733204,BODI MIXED SECONDARY SCHOOL,C4,PUBLIC,NONE,DAY,MIXED
3700,NYANZA,KISUMU,NYAKACH,SX8Y,39733101,CHERWA MIXED SECONDARY SCHOOL,C4,PUBLIC,NONE,DAY,MIXED
3701,NYANZA,KISUMU,NYAKACH,7LL8,39733205,DIRUBI SECONDARY SCHOOL,C4,PUBLIC,NONE,DAY,MIXED
3702,NYANZA,KISUMU,NYAKACH,AJ5J,39733206,GUU MIXED TECHNICAL SECONDARY SCHOOL,C4,PUBLIC,NONE,DAY,MIXED
3703,NYANZA,KISUMU,NYAKACH,ZQBK,39733207,HOLO MIXED SECONDARY SCHOOL,C4,PUBLIC,NONE,DAY,MIXED
3704,NYANZA,KISUMU,NYAKACH,MT5W,39733208,KABONDO MIXED SECONDARY SCHOOL,C4,PUBLIC,NONE,DAY,MIXED
3705,NYANZA,KISUMU,NYAKACH,XWGY,39733102,KANDARIA MIXED SECONDARY SCHOOL,C4,PUBLIC,NONE,DAY,MIXED
3706,NYANZA,KISUMU,NYAKACH,3V59,39733103,LISANA SECONDARY SCHOOL,C4,PUBLIC,NONE,DAY,MIXED
3707,NYANZA,KISUMU,NYAKACH,CRGW,39733221,LWANDA HIGH SCHOOL,C4,PUBLIC,NONE,BOARDING,MIXED
3708,NYANZA,KISUMU,NYAKACH,QK75,39733104,MAGUNGA SECONDARY SCHOOL,C3,PUBLIC,NONE,DAY,MIXED
3709,NYANZA,KISUMU,NYAKACH,6QM4,39733309,MBORA SECONDARY SCHOOL,C4,PUBLIC,NONE,DAY,MIXED
3710,NYANZA,KISUMU,NYAKACH,8AE2,39733303,MBUGRA MIXED SECONDARY SCHOOL,C4,PUBLIC,NONE,DAY,MIXED
3711,NYANZA,KISUMU,NYAKACH,JTJU,39733209,MIRIU MIXED SECONDARY SCHOOL,C4,PUBLIC,NONE,DAY,MIXED
3712,NYANZA,KISUMU,NYAKACH,6ZNG,39733105,MORO MIXED SECONDARY SCHOOL,C4,PUBLIC,NONE,DAY,MIXED
3713,NYANZA,KISUMU,NYAKACH,GMBV,39733210,NAKI SECONDARY SCHOOL,C4,PUBLIC,NONE,DAY,MIXED
3714,NYANZA,KISUMU,NYAKACH,HAWB,39733211,NDORI BC. MIXED SECONDARY SCHOOL,C4,PUBLIC,NONE,DAY,MIXED
3715,NYANZA,KISUMU,NYAKACH,HCVJ,39733106,NYABOLA MIXED SECONDARY SCHOOL,C4,PUBLIC,NONE,DAY,MIXED
3716,NYANZA,KISUMU,NYAKACH,48TF,39733212,NYABONDO HIGH SCHOOL,C2,PUBLIC,NONE,BOARDING,MIXED
3717,NYANZA,KISUMU,NYAKACH,K8FX,39733310,NYADINA MIXED SECONDARY SCHOOL,C4,PUBLIC,NONE,DAY,MIXED
3718,NYANZA,KISUMU,NYAKACH,82QP,39733213,NYAKACH GIRLS' HIGH SCHOOL,C1,PUBLIC,NONE,BOARDING,GIRLS
3719,NYANZA,KISUMU,NYAKACH,HGFA,39733304,NYONG'ONG'A SECONDARY SCHOOL,C4,PUBLIC,NONE,DAY,MIXED
3720,NYANZA,KISUMU,NYAKACH,DB5D,39733107,OLEMBO BOYS SECONDARY SCHOOL,C3,PUBLIC,NONE,BOARDING,BOYS
3721,NYANZA,KISUMU,NYAKACH,4ZG5,39733116,OLWALO MIXED SECONDARY SCHOOL,C4,PUBLIC,NONE,DAY,MIXED
3722,NYANZA,KISUMU,NYAKACH,ABNW,39733115,OREMO MIXED SECONDARY SCHOOL,C4,PUBLIC,NONE,DAY,MIXED
3723,NYANZA,KISUMU,NYAKACH,TBMV,39733308,OUR LADY OF LOURDES BOLO GIRLS SECONDARY SCHOOL,C3,PUBLIC,NONE,BOARDING,GIRLS
3724,NYANZA,KISUMU,NYAKACH,EWXB,39733118,PAWTENGE SECONDARY SCHOOL,C4,PUBLIC,NONE,DAY,MIXED
3725,NYANZA,KISUMU,NYAKACH,LR9G,39733109,RAGEN A.I.C. MIXED SECONDARY SCHOOL,C4,PUBLIC,NONE,DAY,MIXED
3726,NYANZA,KISUMU,NYAKACH,XMD2,39733214,RAKWARO MIXED SECONDARY SCHOOL,C4,PUBLIC,NONE,DAY,MIXED
3727,NYANZA,KISUMU,NYAKACH,UMX7,39733306,SANGO BURU MIXED SECONDARY SCHOOL,C4,PUBLIC,NONE,DAY,MIXED
3728,NYANZA,KISUMU,NYAKACH,9JF4,39733305,SANG'ORO SECONDARY SCHOOL,C4,PUBLIC,NONE,DAY,MIXED
3729,NYANZA,KISUMU,NYAKACH,FQ79,39733215,SIANY MIXED SECONDARY SCHOOL,C4,PUBLIC,NONE,DAY,MIXED
3730,NYANZA,KISUMU,NYAKACH,LK5X,39733216,SIGOTI COMPLEX GIRLS SECONDARY SCHOOL,C2,PUBLIC,NONE,BOARDING,GIRLS
3731,NYANZA,KISUMU,NYAKACH,FUBM,39733110,ST ALOYS GEM SECONDARY SCHOOL,C4,PUBLIC,NONE,DAY,MIXED
3732,NYANZA,KISUMU,NYAKACH,GUJB,39733219,ST MARY'S NYAMARIMBA GIRLS SECONDARY SCHOOL,C4,PUBLIC,NONE,BOARDING,GIRLS
3733,NYANZA,KISUMU,NYAKACH,K5BB,39733217,ST. ANTONY'S SECONDARY SCHOOL - KAJIMBO,C4,PUBLIC,NONE,DAY,MIXED
3734,NYANZA,KISUMU,NYAKACH,27SD,39733111,ST. CHARLES LWANGA NDORI SECONDARY SCOOL,C4,PUBLIC,NONE,DAY,MIXED
3735,NYANZA,KISUMU,NYAKACH,NC35,39733220,ST. CORNELIUS RAMULA ODOWA SECONDARY SCHOOL,C4,PUBLIC,NONE,DAY,MIXED
3736,NYANZA,KISUMU,NYAKACH,RZ7P,39733224,ST. GEORGE SPECIAL SECONDARY SCHOOL,C1,PUBLIC,NONE,DAY,MIXED
3737,NYANZA,KISUMU,NYAKACH,XM38,39733218,ST. HILARIUS NYABONDO MIXED SECONDARY SCHOOL,C4,PUBLIC,NONE,DAY,MIXED
3738,NYANZA,KISUMU,NYAKACH,W3D3,39733311,ST. PATRICK'S OBANGE SECONDARY SCHOOL,C4,PUBLIC,NONE,DAY,MIXED
3739,NYANZA,KISUMU,NYAKACH,EFNW,39733117,ST.LAWRENCE KOGOLA SECONDARY SCHOOL,C4,PUBLIC,NONE,DAY,MIXED
3740,NYANZA,KISUMU,NYAKACH,BSHQ,39733307,THURDIBUORO MIXED SECONDARY SCHOOL,C2,PUBLIC,NONE,DAY,MIXED
3741,NYANZA,KISUMU,NYAKACH,CM74,39733112,THURGEM SECONDARY SCHOOL,C3,PUBLIC,NONE,DAY,MIXED
3742,NYANZA,KISUMU,NYAKACH,R4CT,39733113,URUDI MIXED SECONDARY SCHOOL,C4,PUBLIC,NONE,DAY,MIXED
3743,NYANZA,KISUMU,NYAKACH,JHBY,39733222,WILLIAM BOOTH-BAR KAWARINDA MIXED DAY SECONDARY,C4,PUBLIC,NONE,DAY,MIXED
3744,NYANZA,KISUMU,NYANDO,A7HA,39713001,AHERO GIRLS SECONDARY SCHOOL,C2,PUBLIC,NONE,BOARDING,GIRLS
3745,NYANZA,KISUMU,NYANDO,5BJ8,39713017,APONDO MIXED DAY SECONDARY SCHOOL,C4,PUBLIC,NONE,DAY,MIXED
3746,NYANZA,KISUMU,NYANDO,BY79,39713016,AWASI P.A.G. GIRLS' SECONDARY SCHOOL,C4,PUBLIC,NONE,BOARDING,GIRLS
3747,NYANZA,KISUMU,NYANDO,36QV,39713002,AWASI PAG BOYS HIGH SCHOOL,C3,PUBLIC,NONE,BOARDING,BOYS
3748,NYANZA,KISUMU,NYANDO,Z6UT,39713004,BUNDE MIXED SECONDARY SCHOOL,C4,PUBLIC,NONE,DAY,MIXED
3749,NYANZA,KISUMU,NYANDO,YR9F,39713020,DISI SECONDARY SCHOOL,C4,PUBLIC,NONE,DAY,MIXED
3750,NYANZA,KISUMU,NYANDO,JKUA,39713046,HON. JARED OKELLO OLASI MIXED SECONDARY SCHOOL,C4,PUBLIC,NONE,DAY,MIXED
3751,NYANZA,KISUMU,NYANDO,84JB,39713045,KANYANG'ORO MIXED SECONDARY SCHOOL,C4,PUBLIC,NONE,DAY,MIXED
3752,NYANZA,KISUMU,NYANDO,BK85,39713019,KARANDA MIXED SECONDARY SCHOOL,C4,PUBLIC,NONE,DAY,MIXED
3753,NYANZA,KISUMU,NYANDO,YRPA,39713007,KATOLO MIXED SECONDARY SCHOOL,C3,PUBLIC,NONE,DAY,MIXED
3754,NYANZA,KISUMU,NYANDO,QRRS,39713009,KOCHOGO HIGH SCHOOL,C4,PUBLIC,NONE,BOARDING,MIXED
3755,NYANZA,KISUMU,NYANDO,BRYL,39713018,KOWUOR SECONDARY SCHOOL,C4,PUBLIC,NONE,DAY,MIXED
3756,NYANZA,KISUMU,NYANDO,HM3A,39713040,NYALENDA GIRLS SECONDARY SCHOOL,C4,PUBLIC,NONE,BOARDING,GIRLS
3757,NYANZA,KISUMU,NYANDO,23EQ,39713013,OKANJA MIXED SECONDARY SCHOOL,C4,PUBLIC,NONE,DAY,MIXED
3758,NYANZA,KISUMU,NYANDO,4XVZ,39713043,OMBAKA MIXED SECONDARY SCHOOL,C4,PUBLIC,NONE,DAY,MIXED
3759,NYANZA,KISUMU,NYANDO,YXVQ,39713006,ONJIKO HIGH SCHOOL,C2,PUBLIC,NONE,BOARDING,MIXED
3760,NYANZA,KISUMU,NYANDO,5QZS,39713044,ONJIKO KOBONGO MIXED SECONDARY SCHOOL,C4,PUBLIC,NONE,DAY,MIXED
3761,NYANZA,KISUMU,NYANDO,2QH6,39713011,OREN MIXED SECONDARY SCHOOL,C4,PUBLIC,NONE,DAY,MIXED
3762,NYANZA,KISUMU,NYANDO,HH4W,39713014,PALA MIXED SECONDARY SCHOOL,C4,PUBLIC,NONE,DAY,MIXED
3763,NYANZA,KISUMU,NYANDO,4EAB,39713005,ST. CAMULUS OGWEDHI MIXED SEC SCHOOL,C4,PUBLIC,NONE,DAY,MIXED
3764,NYANZA,KISUMU,NYANDO,XCCF,39713003,ST. CHRISTOPHER AYWEYO R. C. MIXED SECONDARY SCH,C4,PUBLIC,NONE,DAY,MIXED
3765,NYANZA,KISUMU,NYANDO,7AT7,39713012,ST. PETER'S KONIM MIXED SECONDARY SCHOOL,C4,PUBLIC,NONE,DAY,MIXED
3766,NYANZA,KISUMU,NYANDO,P962,39713039,ST. TERESA'S WAWIDHI MIXED SECONDARY SCHOOL,C4,PUBLIC,NONE,DAY,MIXED
3767,NYANZA,KISUMU,NYANDO,N8ZL,39713010,ST.ALEX AYUCHA SECONDARY SCHOOL,C4,PUBLIC,NONE,DAY,MIXED
3768,NYANZA,KISUMU,NYANDO,9FY9,39713015,ST.MICHAELS WANG'ANG'A SECONDARY SCHOOL,C4,PUBLIC,NONE,DAY,MIXED
3806,EASTERN,KITUI,IKUTHA,CX4A,13357114,ABC KIMWELI SECONDARY SCHOOL,C4,PUBLIC,NONE,DAY,MIXED
3807,EASTERN,KITUI,IKUTHA,2WVK,13357107,ATHI MIXED SECONDARY SCHOOL,C4,PUBLIC,NONE,DAY,MIXED
3808,EASTERN,KITUI,IKUTHA,Y4BD,13357201,BISHOP WILLIAM DUNNE MUTHUE SEC. SCH.,C4,PUBLIC,NONE,DAY,MIXED
3809,EASTERN,KITUI,IKUTHA,GGT3,13357121,CBM TIMBONI SECONDARY SCHOOL,C4,PUBLIC,NONE,DAY,MIXED
3810,EASTERN,KITUI,IKUTHA,GNHY,13357101,IKUTHA BOYS SECONDARY SCHOOL,C2,PUBLIC,NONE,BOARDING,BOYS
3811,EASTERN,KITUI,IKUTHA,4EDY,13357102,IKUTHA GIRLS SECONDARY SCHOOL,C2,PUBLIC,NONE,BOARDING,GIRLS
3812,EASTERN,KITUI,IKUTHA,9327,13357109,ILENGI SECONDARY SCHOOL,C4,PUBLIC,NONE,DAY,MIXED
3813,EASTERN,KITUI,IKUTHA,KFT8,13357113,JAMES NDONYI MEMORIAL SEC. SCH.,C4,PUBLIC,NONE,DAY,MIXED
3814,EASTERN,KITUI,IKUTHA,DMP6,13357111,KALIVU SECONDARY SCHOOL,C4,PUBLIC,NONE,DAY,MIXED
3815,EASTERN,KITUI,IKUTHA,SX4D,13357119,KAMUTEI SECONDARY SCHOOL,C4,PUBLIC,NONE,DAY,MIXED
3816,EASTERN,KITUI,IKUTHA,E854,13357202,KANZIKO SECONDARY SCHOOL,C4,PUBLIC,NONE,DAY,MIXED
3817,EASTERN,KITUI,IKUTHA,SBFB,13357104,KASAALA SECONDARY SCHOOL,C4,PUBLIC,NONE,DAY,MIXED
3818,EASTERN,KITUI,IKUTHA,PVSC,13357112,KIANGU SECONDARY SCHOOL,C4,PUBLIC,NONE,DAY,MIXED
3819,EASTERN,KITUI,IKUTHA,CGD8,13357117,KILAWA MIXED SECONDARY SCHOOL,C4,PUBLIC,NONE,DAY,MIXED
3820,EASTERN,KITUI,IKUTHA,37BH,13357103,KITUTI SECONDARY SCHOOL,C4,PUBLIC,NONE,DAY,MIXED
3821,EASTERN,KITUI,IKUTHA,7AKV,13357106,KYANDULA SECONDARY SCHOOL,C4,PUBLIC,NONE,DAY,MIXED
3822,EASTERN,KITUI,IKUTHA,MJEF,13357108,KYOANI SECONDARY SCHOOL,C4,PUBLIC,NONE,DAY,MIXED
3823,EASTERN,KITUI,IKUTHA,9RSJ,13357110,MALUMA SECONDARY SCHOOL,C4,PUBLIC,NONE,DAY,MIXED
3824,EASTERN,KITUI,IKUTHA,PGJB,13357209,MIKONGOONI SECONDARY SCHOOL,C4,PUBLIC,NONE,DAY,MIXED
3825,EASTERN,KITUI,IKUTHA,L67T,13357105,MONGUNI SECONDARY SCHOOL,C4,PUBLIC,NONE,DAY,MIXED
3826,EASTERN,KITUI,IKUTHA,BPU5,13357116,MUTONYA SECONDARY SCHOOL,C4,PUBLIC,NONE,DAY,MIXED
3827,EASTERN,KITUI,IKUTHA,MQYJ,13357120,MWAATHE SECONDARY SCHOOL,C4,PUBLIC,NONE,DAY,MIXED
3828,EASTERN,KITUI,IKUTHA,2JK9,13357206,MWANGALA SECONDARY SCHOOL,C4,PUBLIC,NONE,DAY,MIXED
3829,EASTERN,KITUI,IKUTHA,4L67,13357204,MWANIANGA SECONDARY SCHOOL,C4,PUBLIC,NONE,DAY,MIXED
3830,EASTERN,KITUI,IKUTHA,C7TV,13357115,NGWATE MIXED DAY SEC. SCH.,C4,PUBLIC,NONE,DAY,MIXED
3831,EASTERN,KITUI,IKUTHA,VU7H,13357118,NZAINI SECONDARY SCHOOL,C4,PUBLIC,NONE,DAY,MIXED
3832,EASTERN,KITUI,IKUTHA,RLP6,13357203,SIMISI SECONDARY SCHOOL,C4,PUBLIC,NONE,DAY,MIXED
3833,EASTERN,KITUI,IKUTHA,PUMX,13357205,VUTU MIXED DAY SEC. SCH.,C4,PUBLIC,NONE,DAY,MIXED
3834,EASTERN,KITUI,KATULANI,ZNFU,13353304,IKAVE MIXED SECONDARY SCHOOL,C4,PUBLIC,NONE,DAY,MIXED
3835,EASTERN,KITUI,KATULANI,EU9S,13353102,ITOLEKA SECONDARY SCHOOL,C2,PUBLIC,NONE,DAY,MIXED
3836,EASTERN,KITUI,KATULANI,U7LT,13353107,KALUKI NGILU GIRLS SEC. SCH.,C4,PUBLIC,NONE,BOARDING,GIRLS
3837,EASTERN,KITUI,KATULANI,U8M4,13353204,KANGALU SECONDARY SCHOOL,C4,PUBLIC,NONE,DAY,MIXED
3838,EASTERN,KITUI,KATULANI,EXE2,13353303,KATHUNGI SECONDARY SCHOOL,C3,PUBLIC,NONE,DAY,MIXED
3839,EASTERN,KITUI,KATULANI,8XC5,13353101,KATULANI SECONDARY SCHOOL,C3,PUBLIC,NONE,DAY,MIXED
3840,EASTERN,KITUI,KATULANI,VLCT,13353207,KAUMBA SECONDARY SCHOOL,C4,PUBLIC,NONE,DAY,MIXED
3841,EASTERN,KITUI,KATULANI,U8RW,13353302,KAVISUNI MIXED SEC. SCH,C4,PUBLIC,NONE,DAY,MIXED
3842,EASTERN,KITUI,KATULANI,G4EG,13353104,KAVUTA MIXED DAY SEC. SCH.,C4,PUBLIC,NONE,DAY,MIXED
3843,EASTERN,KITUI,KATULANI,2NT3,13353108,KWA MUKASA MIXED SEC. SCH.,C4,PUBLIC,NONE,DAY,MIXED
3845,EASTERN,KITUI,KATULANI,APXQ,13353205,KYANGUNGA SECONDARY SCHOOL,C4,PUBLIC,NONE,DAY,MIXED
3846,EASTERN,KITUI,KATULANI,WURJ,13353306,KYENI GIRLS SCHOOL-KATHUNGU,C4,PUBLIC,NONE,BOARDING,GIRLS
3847,EASTERN,KITUI,KATULANI,CTAK,13353301,MALIKU GIRLS' SECONDARY SCHOOL,C2,PUBLIC,NONE,BOARDING,GIRLS
3848,EASTERN,KITUI,KATULANI,AGDX,13353103,MALUNGU SECONDARY SCHOOL,C4,PUBLIC,NONE,DAY,MIXED
3849,EASTERN,KITUI,KATULANI,CSKE,13353305,MAVINDINI SECONDARY SCHOOL,C4,PUBLIC,NONE,DAY,MIXED
3850,EASTERN,KITUI,KATULANI,GLL3,13353201,MULANGO GIRLS HIGH SCHOOL,C2,PUBLIC,NONE,BOARDING,GIRLS
3851,EASTERN,KITUI,KATULANI,CBZT,13353106,ST. PATRICK'S ITHIMANI SEC. SCH.,C4,PUBLIC,NONE,DAY,MIXED
3852,EASTERN,KITUI,KATULANI,JGXN,13353206,WII SECONDARY SCHOOL,C4,PUBLIC,NONE,DAY,MIXED
3853,EASTERN,KITUI,KATULANI,GQCR,13353105,YAKALIA MIXED DAY SEC. SCH.,C4,PUBLIC,NONE,DAY,MIXED
3854,EASTERN,KITUI,KATULANI,T7PC,13353202,YUMBISYE SECONDARY SCHOOL,C4,PUBLIC,NONE,DAY,MIXED
3855,EASTERN,KITUI,KISASI,DZER,13354211,HON. MWALIKA SECONDARY SCHOOL,C4,PUBLIC,NONE,DAY,MIXED
3856,EASTERN,KITUI,KISASI,E84J,13354210,HON.CHARLES NYAMAI -KASEVI SECONDARY SCHOOL,C4,PUBLIC,NONE,DAY,MIXED
3857,EASTERN,KITUI,KISASI,CCKE,13354110,ITUKI MIXED DAY SECONDARY SCHOOL,C4,PUBLIC,NONE,DAY,MIXED
3858,EASTERN,KITUI,KISASI,J2DD,13354205,KANZAU MIXED DAY SECONDARY SCHOOL,C4,PUBLIC,NONE,DAY,MIXED
3859,EASTERN,KITUI,KISASI,XY7Z,13354204,KATWALA SECONDARY SCHOOL,C4,PUBLIC,NONE,DAY,MIXED
3860,EASTERN,KITUI,KISASI,3RZZ,13354108,KILINYAA MIXED DAY SECONDARY SCHOOL,C4,PUBLIC,NONE,DAY,MIXED
3861,EASTERN,KITUI,KISASI,PB4J,13354206,KIMUUNI MIXED DAY SECONDARY SCHOOL,C4,PUBLIC,NONE,DAY,MIXED
3862,EASTERN,KITUI,KISASI,XC3N,13354102,KISASI MIXED DAY SECONDARY SCHOOL,C4,PUBLIC,NONE,DAY,MIXED
3863,EASTERN,KITUI,KISASI,V7QY,13354101,KISASI SECONDARY SCHOOL,C2,PUBLIC,NONE,DAY,MIXED
3864,EASTERN,KITUI,KISASI,ZT6S,13354103,KITUNGATI MIXED DAY SECONDARY SCHOOL,C4,PUBLIC,NONE,DAY,MIXED
3865,EASTERN,KITUI,KISASI,5MG9,13354207,KIVUUNI MIXED SECONDARY SCHOOL,C4,PUBLIC,NONE,DAY,MIXED
3866,EASTERN,KITUI,KISASI,E8GT,13354209,MAANGANI MIXED SECONDARY SCHOOL,C4,PUBLIC,NONE,DAY,MIXED
3867,EASTERN,KITUI,KISASI,QW4F,13354208,MBITINI COMPLEX HIGH SCHOOL,C4,PUBLIC,NONE,BOARDING,MIXED
3868,EASTERN,KITUI,KISASI,FF4C,13354201,MBITINI GIRLS' SECONDARY SCHOOL,C2,PUBLIC,NONE,BOARDING,GIRLS
3869,EASTERN,KITUI,KISASI,2359,13354202,MBITINI MIXED DAY SECONDARY SCHOOL,C4,PUBLIC,NONE,DAY,MIXED
3870,EASTERN,KITUI,KISASI,KHA6,13354203,MOSA SECONDARY SCHOOL,C4,PUBLIC,NONE,DAY,MIXED
3871,EASTERN,KITUI,KISASI,CXK4,13354106,MUKAMENI MIXED DAY SECONDARY SCHOOL,C4,PUBLIC,NONE,DAY,MIXED
3872,EASTERN,KITUI,KISASI,TL97,13354105,NGANGANI MIXED DAY SECONDARY SCHOOL,C4,PUBLIC,NONE,DAY,MIXED
3873,EASTERN,KITUI,KISASI,ZQE6,13354104,NGILUNI SECONDARY SCHOOL,C4,PUBLIC,NONE,DAY,MIXED
3874,EASTERN,KITUI,KISASI,UEVF,13354107,NGUUNI SECONDARY SCHOOL,C4,PUBLIC,NONE,DAY,MIXED
3875,EASTERN,KITUI,KISASI,E8YS,13354109,UNG'AATU MIXED DAY SECONDARY SCHOOL,C4,PUBLIC,NONE,DAY,MIXED
3996,EASTERN,KITUI,MATINYANI,G9T3,13360105,KALIMANI SECONDARY SCHOOL,C3,PUBLIC,NONE,DAY,MIXED
3997,EASTERN,KITUI,MATINYANI,DQ8T,13360115,KATHEUNI MIXED DAY SEC,C4,PUBLIC,NONE,DAY,MIXED
3998,EASTERN,KITUI,MATINYANI,2GRM,13360103,KAUMA SECONDARY SCHOOL,C3,PUBLIC,NONE,DAY,MIXED
3999,EASTERN,KITUI,MATINYANI,X4BA,13360107,KITHUMULA SECONDARY SCHOOL,C4,PUBLIC,NONE,DAY,MIXED
4000,EASTERN,KITUI,MATINYANI,3RXL,13360102,KYAANI GIRLS SECONDARY SCHOOL,C3,PUBLIC,NONE,BOARDING,GIRLS
4001,EASTERN,KITUI,MATINYANI,9US6,13360112,KYENI SECONDARY SCHOOL,C4,PUBLIC,NONE,DAY,MIXED
4002,EASTERN,KITUI,MATINYANI,S9H3,13360109,MATINYANI MIXED SEC,C4,PUBLIC,NONE,DAY,MIXED
4003,EASTERN,KITUI,MATINYANI,DV7A,13360101,MATINYANI SECONDARY SCHOOL,C2,PUBLIC,NONE,DAY,MIXED
4004,EASTERN,KITUI,MATINYANI,9FL9,13360116,MIKUYUMIKYA SECONDARY SCHOOL,C4,PUBLIC,NONE,DAY,MIXED
4005,EASTERN,KITUI,MATINYANI,AJDB,13360114,MITHIIKWANI MIXED DAY SEC,C4,PUBLIC,NONE,DAY,MIXED
4006,EASTERN,KITUI,MATINYANI,ANFR,13360108,MUTULU SECONDARY SCHOOL,C3,PUBLIC,NONE,DAY,MIXED
4007,EASTERN,KITUI,MATINYANI,B3RK,13360111,NZAKAME MIXED SECONDARY SCHOOL,C4,PUBLIC,NONE,DAY,MIXED
4008,EASTERN,KITUI,MATINYANI,B9TJ,13360118,ST FRANCIS OF ASSISI SEC,C4,PUBLIC,NONE,DAY,MIXED
4009,EASTERN,KITUI,MATINYANI,GSV5,13360123,ST. DORCAS MASELELE SEC,C4,PUBLIC,NONE,DAY,MIXED
4010,EASTERN,KITUI,MATINYANI,L92X,13360113,ST. JOSEPH'S MUSOSYA SEC,C4,PUBLIC,NONE,DAY,MIXED
4011,EASTERN,KITUI,MATINYANI,E8XJ,13360121,ST. PATRICKS KALINDILO SEC,C4,PUBLIC,NONE,DAY,MIXED
4012,EASTERN,KITUI,MATINYANI,95PR,13360122,ST. PETER'S MANZI ITUMO SEC,C4,PUBLIC,NONE,DAY,MIXED
4013,EASTERN,KITUI,MATINYANI,B5QR,13360106,ST.BENEDICT'S MIXED SEC,C4,PUBLIC,NONE,DAY,MIXED
4014,EASTERN,KITUI,MATINYANI,X4F7,13360104,ST.JOHNS KWA MULUNGU SEC,C3,PUBLIC,NONE,DAY,MIXED
4015,EASTERN,KITUI,MATINYANI,AHUQ,13360119,ST.MICHAEL KAVUMBU SEC,C4,PUBLIC,NONE,DAY,MIXED
4016,EASTERN,KITUI,MATINYANI,CMA9,13360120,AIC KITUNDUNI SECONDARY SCHOOL,C4,PUBLIC,NONE,DAY,MIXED
4017,EASTERN,KITUI,MUMONI,4WAU,13350213,KALATINE GIRLS' SECONDARY SCHOOL,C4,PUBLIC,NONE,BOARDING,GIRLS
4018,EASTERN,KITUI,MUMONI,YDMC,13350207,KALIWA SECONDARY SCHOOL,C4,PUBLIC,NONE,DAY,MIXED
4019,EASTERN,KITUI,MUMONI,29EQ,13350205,KAMATHITU SECONDARY SCHOOL,C4,PUBLIC,NONE,DAY,MIXED
4020,EASTERN,KITUI,MUMONI,NEDM,13350209,KAMBUSU SECONDARY SCHOOL,C4,PUBLIC,NONE,DAY,MIXED
4021,EASTERN,KITUI,MUMONI,8WCE,13350210,KASYALANI MIXED DAY SECONDARY SCHOOL,C4,PUBLIC,NONE,DAY,MIXED
4022,EASTERN,KITUI,MUMONI,X28Y,13350214,KATHIANI MIXED DAY SECONDARY SCHOOL,C4,PUBLIC,NONE,DAY,MIXED
4023,EASTERN,KITUI,MUMONI,N5KG,13350222,KATOONI SECONDARY SCHOOL,C4,PUBLIC,NONE,DAY,MIXED
4024,EASTERN,KITUI,MUMONI,WLBZ,13350202,KATSE SECONDARY SCHOOL,C3,PUBLIC,NONE,DAY,MIXED
4025,EASTERN,KITUI,MUMONI,7V9A,13350218,KATUUNI MIXED DAY SECONDARY SCHOOL,C4,PUBLIC,NONE,DAY,MIXED
4026,EASTERN,KITUI,MUMONI,SPHM,13350208,KAUNDU MIXED SECONDARY SCHOOL,C4,PUBLIC,NONE,DAY,MIXED
4027,EASTERN,KITUI,MUMONI,2T98,13350223,MASUKANIONI SECONDARY SCHOOL,C4,PUBLIC,NONE,DAY,MIXED
4028,EASTERN,KITUI,MUMONI,XUBJ,13350215,MUKEKENI SECONDARY SCHOOL,C4,PUBLIC,NONE,DAY,MIXED
4029,EASTERN,KITUI,MUMONI,6NJS,13350212,MUSOSYA MIXED DAY SECONDARY SCHOOL,C4,PUBLIC,NONE,DAY,MIXED
4030,EASTERN,KITUI,MUMONI,6N67,13350221,NGAANI SECONDARY SCHOOL,C4,PUBLIC,NONE,DAY,MIXED
4031,EASTERN,KITUI,MUMONI,L2KE,13350211,NGUNGANI SECONDARY SCHOOL,C4,PUBLIC,NONE,DAY,MIXED
4032,EASTERN,KITUI,MUMONI,XVME,13350201,NGUUKU SECONDARY SCHOOL,C3,PUBLIC,NONE,DAY,MIXED
4033,EASTERN,KITUI,MUMONI,BEEX,13350204,TYAA KAMUTHALE SECONDARY SCHOOL,C3,PUBLIC,NONE,DAY,MIXED
4046,EASTERN,KITUI,MUTITU(cid:13)(cid:10),23CX,13332102,A.I.C SOMBE GIRLS SECONDARY SCHOOL,C2,PUBLIC,NONE,BOARDING,GIRLS
4047,EASTERN,KITUI,MUTITU(cid:13)(cid:10),87HL,13332201,ENDAU SECONDARY SCHOOL,C3,PUBLIC,NONE,DAY,MIXED
4048,EASTERN,KITUI,MUTITU(cid:13)(cid:10),E86K,13332114,ITHANGATHI GIRLS SECONDARY SCHOOL,C4,PUBLIC,NONE,BOARDING,GIRLS
4049,EASTERN,KITUI,MUTITU(cid:13)(cid:10),E885,13332122,KABATI MIXED DAY SECONDARY SCHOOL,C4,PUBLIC,NONE,DAY,MIXED
4050,EASTERN,KITUI,MUTITU(cid:13)(cid:10),E84Q,13332208,KALALANI GIRLS' SECONDARY SCHOOL,C4,PUBLIC,NONE,BOARDING,GIRLS
4051,EASTERN,KITUI,MUTITU(cid:13)(cid:10),DSPM,13332117,KAUMU MIXED SECONDARY SCHOOL,C4,PUBLIC,NONE,DAY,MIXED
4052,EASTERN,KITUI,MUTITU(cid:13)(cid:10),HXHU,13332105,KAVAANI MIXED DAY SECONDARY SCHOOL,C3,PUBLIC,NONE,DAY,MIXED
4053,EASTERN,KITUI,MUTITU(cid:13)(cid:10),PHGZ,13332110,KAWEA MIXED DAY SECONDARY SCHOOL,C4,PUBLIC,NONE,DAY,MIXED
4054,EASTERN,KITUI,MUTITU(cid:13)(cid:10),E8CL,13332209,KIKUU MIXED DAY SECONDARY SCHOOL,C4,PUBLIC,NONE,DAY,MIXED
4055,EASTERN,KITUI,MUTITU(cid:13)(cid:10),HBV4,13332116,KIMANGO MIXED DAY SECONDARY SCHOOL,C4,PUBLIC,NONE,DAY,MIXED
4056,EASTERN,KITUI,MUTITU(cid:13)(cid:10),3THU,13332203,KYAMATU MIXED SECONDARY SCHOOL,C4,PUBLIC,NONE,DAY,MIXED
4057,EASTERN,KITUI,MUTITU(cid:13)(cid:10),ZE95,13332211,KYUKUNI,C4,PUBLIC,NONE,DAY,MIXED
4058,EASTERN,KITUI,MUTITU(cid:13)(cid:10),9QC5,13332212,KYULULU SECONDARY SCHOOL,C4,PUBLIC,NONE,DAY,MIXED
4059,EASTERN,KITUI,MUTITU(cid:13)(cid:10),YAE5,13332207,MAKONGO MIXED SECONDARY SCHOOL,C4,PUBLIC,NONE,DAY,MIXED
4060,EASTERN,KITUI,MUTITU(cid:13)(cid:10),M3RG,13332204,MALALANI MIXED SEC,C4,PUBLIC,NONE,DAY,MIXED
4061,EASTERN,KITUI,MUTITU(cid:13)(cid:10),E8HM,13332115,MALATANI SEC,C4,PUBLIC,NONE,DAY,MIXED
4062,EASTERN,KITUI,MUTITU(cid:13)(cid:10),Y5R9,13332205,MUTHUNGUE MIXED DAY/BOARDING SECONDARY SCHOOL,C4,PUBLIC,NONE,DAY,MIXED
4063,EASTERN,KITUI,MUTITU(cid:13)(cid:10),52VE,13332202,MWITIKA MIXED SEC,C4,PUBLIC,NONE,DAY,MIXED
4064,EASTERN,KITUI,MUTITU(cid:13)(cid:10),E8RP,13332210,NGAAKA YAKWA MIXED SEC,C4,PUBLIC,NONE,DAY,MIXED
4065,EASTERN,KITUI,MUTITU(cid:13)(cid:10),PNMH,13332111,NGUNGI SECONDARY SCHOOL,C4,PUBLIC,NONE,DAY,MIXED
4066,EASTERN,KITUI,MUTITU(cid:13)(cid:10),5YDK,13332206,ST. IGNATIUS SEC - ENDAU,C4,PUBLIC,NONE,DAY,MIXED
4067,EASTERN,KITUI,MUTITU(cid:13)(cid:10),ZDBS,13332215,YIUKU MIXED DAY SEC,C4,PUBLIC,NONE,DAY,MIXED
4068,EASTERN,KITUI,MUTITU(cid:13)(cid:10),LBW4,13332113,ZOMBE DAY / BOARDING SEC,C4,PUBLIC,NONE,DAY,MIXED
4069,EASTERN,KITUI,MUTOMO,H55Y,13317121,CHIEF MAKAU MIXED SEC,C4,PUBLIC,NONE,DAY,MIXED
4070,EASTERN,KITUI,MUTOMO,EJ3H,13317108,ENZOU SECONDARY SCHOOL,C4,PUBLIC,NONE,DAY,MIXED
4071,EASTERN,KITUI,MUTOMO,N2MM,13317105,IKANGA GIRLS' SECONDARY SCHOOL,C3,PUBLIC,NONE,BOARDING,GIRLS
4072,EASTERN,KITUI,MUTOMO,SDWY,13317317,ISAA MIXED SEC,C4,PUBLIC,NONE,DAY,MIXED
4073,EASTERN,KITUI,MUTOMO,P8B6,13317307,KAATENE MIXED SEC,C4,PUBLIC,NONE,DAY,MIXED
4074,EASTERN,KITUI,MUTOMO,B8B2,13317312,KALAMBANI SEC,C4,PUBLIC,NONE,DAY,MIXED
4075,EASTERN,KITUI,MUTOMO,E887,13317309,KALIANI MIXED DAY & BOARDING SEC,C4,PUBLIC,NONE,DAY,MIXED
4076,EASTERN,KITUI,MUTOMO,PXP5,13317113,KAWELU SEC,C4,PUBLIC,NONE,DAY,MIXED
4077,EASTERN,KITUI,MUTOMO,E8C8,13317122,KENZE SEC,C4,PUBLIC,NONE,DAY,MIXED
4078,EASTERN,KITUI,MUTOMO,YA8B,13317120,KIAMUTHWA SEC,C4,PUBLIC,NONE,DAY,MIXED
4079,EASTERN,KITUI,MUTOMO,AEL8,13317119,KIANGWA SEC,C4,PUBLIC,NONE,DAY,MIXED
4080,EASTERN,KITUI,MUTOMO,FSKY,13317110,KISAYANI SEC,C4,PUBLIC,NONE,DAY,MIXED
4081,EASTERN,KITUI,MUTOMO,GR74,13317111,KITOO SEC,C4,PUBLIC,NONE,DAY,MIXED
4082,EASTERN,KITUI,MUTOMO,N5UD,13317305,KYAANGO MIXED SEC,C4,PUBLIC,NONE,DAY,MIXED
4083,EASTERN,KITUI,MUTOMO,6VBR,13317112,KYATUNE BOYS' HIGH,C3,PUBLIC,NONE,BOARDING,BOYS
4084,EASTERN,KITUI,MUTOMO,Y9KY,13317103,KYATUNE GIRLS' SEC,C3,PUBLIC,NONE,BOARDING,GIRLS
4085,EASTERN,KITUI,MUTOMO,SFTL,13317123,MAKELE MIXED DAY SEC,C4,PUBLIC,NONE,DAY,MIXED
4086,EASTERN,KITUI,MUTOMO,ZDYJ,13317304,MATHIMA SEC,C4,PUBLIC,NONE,DAY,MIXED
4087,EASTERN,KITUI,MUTOMO,Q6XA,13317117,MUAMBA MIXED,C4,PUBLIC,NONE,DAY,MIXED
4088,EASTERN,KITUI,MUTOMO,A5C2,13317303,MUTHA SEC,C4,PUBLIC,NONE,DAY,MIXED
4089,EASTERN,KITUI,MUTOMO,XV4B,13317101,MUTOMO GIRLS SEC,C2,PUBLIC,NONE,BOARDING,GIRLS
4090,EASTERN,KITUI,MUTOMO,SRFX,13317104,MUTOMO MIXED SEC,C3,PUBLIC,NONE,DAY,MIXED
4091,EASTERN,KITUI,MUTOMO,TN5G,13317308,MWALIMU MUTUA MAIYUKU SEC,C4,PUBLIC,NONE,DAY,MIXED
4092,EASTERN,KITUI,MUTOMO,VKYL,13317116,NDATANI SEC,C4,PUBLIC,NONE,DAY,MIXED
4093,EASTERN,KITUI,MUTOMO,NKMN,13317314,NDILILI SEC,C4,PUBLIC,NONE,DAY,MIXED
4094,EASTERN,KITUI,MUTOMO,EXZU,13317306,NZOANI SEC,C4,PUBLIC,NONE,DAY,MIXED
4095,EASTERN,KITUI,MUTOMO,FE6S,13317310,NZUNGUNI SEC,C4,PUBLIC,NONE,DAY,MIXED
4096,EASTERN,KITUI,MUTOMO,XTRC,13317126,SEMEA SEC,C4,PUBLIC,NONE,DAY,MIXED
4097,EASTERN,KITUI,MUTOMO,MY63,13317118,ST JOSEPH MIXED DAY SECONDARY,C4,PUBLIC,NONE,DAY,MIXED
4098,EASTERN,KITUI,MUTOMO,65NC,13317311,ST. FRANCIS - KALUASI,C4,PUBLIC,NONE,DAY,MIXED
4099,EASTERN,KITUI,MUTOMO,E8WY,13317313,ST. MULUMBA NDULUNI,C4,PUBLIC,NONE,DAY,MIXED
4100,EASTERN,kitui,MUTOMO,3CQW,13317102,ST. PAUL'S IKANGA BOYS,C3,PUBLIC,NONE,BOARDING,BOYS
4101,EASTERN,KITUI,MUTOMO,T3AC,13317109,ST. PETERS' - NDUUNDUNE,C4,PUBLIC,NONE,DAY,MIXED
4102,EASTERN,KITUI,MUTOMO,29WU,13317125,ST. PHILIPS VOTE,C4,PUBLIC,NONE,DAY,MIXED
4103,EASTERN,KITUI,MUTOMO,UM83,13317107,ST.PATRICKS MIXED,C3,PUBLIC,NONE,DAY,MIXED
4104,EASTERN,KITUI,MUTOMO,UWTK,13317115,SYUNGUNI MIXED,C4,PUBLIC,NONE,DAY,MIXED
4105,EASTERN,KITUI,MUTOMO,STGB,13317114,UAE MIXED SEC,C4,PUBLIC,NONE,DAY,MIXED
4106,EASTERN,KITUI,MUTOMO,T2Y9,13317302,VOO SEC,C3,PUBLIC,NONE,DAY,MIXED
4107,EASTERN,KITUI,MWINGI CENTRAL,ATG4,13310116,A.I.C ITHUMBI SECONDARY SCHOOL,C4,PUBLIC,NONE,DAY,MIXED
4108,EASTERN,KITUI,MWINGI CENTRAL,HWEA,13310401,ABC KISOVO SECONDARY SCHOOL,C4,PUBLIC,NONE,DAY,MIXED
4109,EASTERN,KITUI,MWINGI CENTRAL,GLZK,13310204,ABC MUUNGUU SECONDARY SCHOOL,C4,PUBLIC,NONE,DAY,MIXED
4110,EASTERN,KITUI,MWINGI CENTRAL,9HC7,13310402,AIC KATALWA SECONDARY,C4,PUBLIC,NONE,DAY,MIXED
4111,EASTERN,KITUI,MWINGI CENTRAL,5S4T,13310202,ENZIU SEC,C4,PUBLIC,NONE,DAY,MIXED
4112,EASTERN,KITUI,MWINGI CENTRAL,RSEZ,13310405,I.P.C MATHUMA SECONDARY SCHOOL,C4,PUBLIC,NONE,DAY,MIXED
4113,EASTERN,KITUI,MWINGI CENTRAL,FSST,13310106,ITENDEU SEC.,C4,PUBLIC,NONE,DAY,MIXED
4114,EASTERN,KITUI,MWINGI CENTRAL,XNDT,13310308,ITONGOLANI,C4,PUBLIC,NONE,DAY,MIXED
4115,EASTERN,KITUI,MWINGI CENTRAL,GABJ,13310104,KAELA,C4,PUBLIC,NONE,DAY,MIXED
4116,EASTERN,KITUI,MWINGI CENTRAL,FVTM,13310306,KAIRUNGU SECONDARY SCHOOL,C4,PUBLIC,NONE,DAY,MIXED
4117,EASTERN,KITUI,MWINGI CENTRAL,ND6S,13310307,KAKONGO,C4,PUBLIC,NONE,DAY,MIXED
4118,EASTERN,KITUI,MWINGI CENTRAL,Q7GF,13310112,KALISASI,C4,PUBLIC,NONE,DAY,MIXED
4119,EASTERN,KITUI,MWINGI CENTRAL,E89Y,13310119,KANZUI SEC,C4,PUBLIC,NONE,DAY,MIXED
4120,EASTERN,KITUI,MWINGI CENTRAL,66JA,13310203,KARUNGA SECONDARY SCHOOL,C3,PUBLIC,NONE,DAY,MIXED
4121,EASTERN,KITUI,MWINGI CENTRAL,QTMQ,13310111,KASEVI GIRLS SECONDARY SCHOOL,C4,PUBLIC,NONE,BOARDING,GIRLS
4122,EASTERN,KITUI,MWINGI CENTRAL,S9YR,13310115,KATHONZWENI SECONDARY SCHOOL,C4,PUBLIC,NONE,DAY,MIXED
4123,EASTERN,KITUI,MWINGI CENTRAL,5L2G,13310211,KAUNGUNI,C4,PUBLIC,NONE,DAY,MIXED
4124,EASTERN,KITUI,MWINGI CENTRAL,29RV,13310301,KIIO,C3,PUBLIC,NONE,DAY,MIXED
4125,EASTERN,KITUI,MWINGI CENTRAL,GLDR,13310304,KIOMO,C4,PUBLIC,NONE,DAY,MIXED
4126,EASTERN,KITUI,MWINGI CENTRAL,MC53,13310210,KIVIU SECONDARY SCHOOL,C4,PUBLIC,NONE,DAY,MIXED
4127,EASTERN,KITUI,MWINGI CENTRAL,KHFD,13310109,KIVOU SEC,C4,PUBLIC,NONE,DAY,MIXED
4128,EASTERN,KITUI,MWINGI CENTRAL,E8EQ,13310120,KYANIKA SECONDARY SCHOOL,C4,PUBLIC,NONE,DAY,MIXED
4129,EASTERN,KITUI,MWINGI CENTRAL,NMB9,13310107,KYETHANI SECONDARY SCHOOL,C4,PUBLIC,NONE,DAY,MIXED
4130,EASTERN,KITUI,MWINGI CENTRAL,CDP5,13310205,KYULUNGWA SECONDARY SCHOOL,C4,PUBLIC,NONE,DAY,MIXED
4131,EASTERN,KITUI,MWINGI CENTRAL,E8HD,13310407,MAKUTANO SEC,C4,PUBLIC,NONE,DAY,MIXED
4132,EASTERN,KITUI,MWINGI CENTRAL,Y99Z,13310213,MALIONI,C4,PUBLIC,NONE,DAY,MIXED
4133,EASTERN,KITUI,MWINGI CENTRAL,A8DP,13310305,MBONDONI SEC,C3,PUBLIC,NONE,DAY,MIXED
4134,EASTERN,KITUI,MWINGI CENTRAL,PS6G,13310177,MUKUTHU SECONDARY SCHOOL,C4,PUBLIC,NONE,DAY,MIXED
4135,EASTERN,KITUI,MWINGI CENTRAL,NLS7,13310403,MUMBUNI SECONDARY SCHOOL,C4,PUBLIC,NONE,DAY,MIXED
4136,EASTERN,KITUI,MWINGI CENTRAL,X4J3,13310404,MUNYANGE SECONDARY SCHOOL,C4,PUBLIC,NONE,DAY,MIXED
4137,EASTERN,KITUI,MWINGI CENTRAL,D5RM,13310406,MUTWAATHI SECONDARY SCHOOL,C4,PUBLIC,NONE,DAY,MIXED
4138,EASTERN,KITUI,MWINGI CENTRAL,DPSG,13310206,MUTWANGOMBE (cid:13)(cid:10)SECONDARY SCHOO,C4,PUBLIC,NONE,DAY,MIXED
4139,EASTERN,KITUI,MWINGI CENTRAL,A5B5,13310212,MWAMBUI SEC,C4,PUBLIC,NONE,DAY,MIXED
4140,EASTERN,KITUI,MWINGI CENTRAL,SSQ9,13310102,MWINGI SECONDARY SCHOOL,C2,PUBLIC,NONE,DAY,MIXED
4141,EASTERN,KITUI,MWINGI CENTRAL,DA46,13310209,NDITHI SECONDARY,C4,PUBLIC,NONE,DAY,MIXED
4142,EASTERN,KITUI,MWINGI CENTRAL,XQER,13310208,NYAANYAA SEC,C4,PUBLIC,NONE,DAY,MIXED
4143,EASTERN,KITUI,MWINGI CENTRAL,XW7U,13310303,PRECIOUS BLOOD SEC-TYAA,C4,PUBLIC,NONE,DAY,MIXED
4144,EASTERN,KITUI,MWINGI CENTRAL,8VUR,13310309,ST JAMES KAVUVWANI,C4,PUBLIC,NONE,DAY,MIXED
4145,EASTERN,KITUI,MWINGI CENTRAL,V39V,13310108,SYOMIKUKU MIXED SECONDARY SCHOOL,C4,PUBLIC,NONE,DAY,MIXED
4146,EASTERN,KITUI,MWINGI CENTRAL,U7UH,13310105,SYUNGII SECONDARY SCHOOL,C4,PUBLIC,NONE,DAY,MIXED
4147,EASTERN,KITUI,MWINGI CENTRAL,2H92,13310214,THITHA SEC,C4,PUBLIC,NONE,DAY,MIXED
4148,EASTERN,KITUI,MWINGI CENTRAL,ZD2Y,13310201,WAITA SECONDARY SCHOOL,C2,PUBLIC,NONE,DAY,MIXED
4149,EASTERN,KITUI,MWINGI CENTRAL,VUSS,13310114,WIKITHUKI SECONDARY SCHOOL,C4,PUBLIC,NONE,DAY,MIXED
4150,EASTERN,KITUI,MWINGI CENTRAL,E5CH,13310103,YAMBYU GIRLS,C2,PUBLIC,NONE,BOARDING,GIRLS
4151,EASTERN,KITUI,MWINGI CENTRAL,H6BE,13310207,YUMBE SECONDARY SCHOOL,C4,PUBLIC,NONE,DAY,MIXED
4235,EASTERN,KITUI,NZAMBANI,DXDZ,13351106,A.C.K ST. LUKE'S KAVIA SEC,C4,PUBLIC,NONE,DAY,MIXED
4236,EASTERN,KITUI,NZAMBANI,K7YZ,13351405,A.I.C KITHO SECONDARY SCHOOL,C4,PUBLIC,NONE,DAY,MIXED
4237,EASTERN,KITUI,NZAMBANI,XTQD,13351303,ABC KANZAUWU MIXED DAY SEC,C4,PUBLIC,NONE,DAY,MIXED
4238,EASTERN,KITUI,NZAMBANI,RDUN,13351108,AIC KAMALE SECONDARY SCHOOL,C4,PUBLIC,NONE,DAY,MIXED
4239,EASTERN,KITUI,NZAMBANI,XRXB,13351403,AIC KWA - AMUTEI MIXED DAY SEC,C4,PUBLIC,NONE,DAY,MIXED
4240,EASTERN,KITUI,NZAMBANI,EPM5,13351305,AIC UTWIINI SECONDARY SCHOOL,C4,PUBLIC,NONE,DAY,MIXED
4241,EASTERN,KITUI,NZAMBANI,HHC8,13351102,CHULUNI GIRLS' SECONDARY,C2,PUBLIC,NONE,BOARDING,GIRLS
4242,EASTERN,KITUI,NZAMBANI,FHJZ,13351105,IKUYUNI MIXED SECONDARY SCHOOL,C4,PUBLIC,NONE,DAY,MIXED
4243,EASTERN,KITUI,NZAMBANI,H4C6,13351308,KALULU SECONDARY SCHOOL,C4,PUBLIC,NONE,DAY,MIXED
4244,EASTERN,KITUI,NZAMBANI,X5B2,13351301,KALUVA MIXED DAY SEC,C3,PUBLIC,NONE,DAY,MIXED
4245,EASTERN,KITUI,NZAMBANI,JWS6,13351302,KANDUTI MIXED DAY SEC,C4,PUBLIC,NONE,DAY,MIXED
4246,EASTERN,KITUI,NZAMBANI,Q7F3,13351402,KANGUU SECONDARY SCHOOL,C4,PUBLIC,NONE,DAY,MIXED
4247,EASTERN,KITUI,NZAMBANI,E8BJ,13351307,KATUMBU MIXED SECONDARY,C4,PUBLIC,NONE,DAY,MIXED
4248,EASTERN,KITUI,NZAMBANI,8TG4,13351109,KAVALULA MIXED DAY SEC,C4,PUBLIC,NONE,DAY,MIXED
4249,EASTERN,KITUI,NZAMBANI,WRBA,13351104,KILONZO SECONDARY SCHOOL,C4,PUBLIC,NONE,DAY,MIXED
4250,EASTERN,KITUI,NZAMBANI,3MYS,13351404,KIONGWE SECONDARY SCHOOL,C4,PUBLIC,NONE,DAY,MIXED
4251,EASTERN,KITUI,NZAMBANI,KUXY,13351304,KIVUMBUNI MIXED DAY SEC,C4,PUBLIC,NONE,DAY,MIXED
4252,EASTERN,KITUI,NZAMBANI,SPAT,13351306,KIVUTINI MIXED DAY,C4,PUBLIC,NONE,DAY,MIXED
4253,EASTERN,KITUI,NZAMBANI,S6AU,13351103,KYANIKA SECONDARY SCHOOL,C4,PUBLIC,NONE,DAY,MIXED
4254,EASTERN,KITUI,NZAMBANI,REZA,13351107,MAJOR MULUVI -KANGWENI,C4,PUBLIC,NONE,DAY,MIXED
4255,EASTERN,KITUI,NZAMBANI,MKZM,13351101,ST.PETER'S NZAMBANI BOYS SEC,C2,PUBLIC,NONE,BOARDING,BOYS
4256,EASTERN,KITUI,NZAMBANI,7E2R,13351401,THUA SECONDARY SCHOOL,C4,PUBLIC,NONE,DAY,MIXED
4257,EASTERN,KITUI,THAGICU,QMSC,13366101,GANKANGA SECONDARY SCHOOL,C2,PUBLIC,NONE,DAY,MIXED
4258,EASTERN,KITUI,THAGICU,5KH7,13366103,KAMAYAGI SECONDARY SCHOOL,C4,PUBLIC,NONE,DAY,MIXED
4259,EASTERN,KITUI,THAGICU,DKTX,13366105,KATAMA SECONDARY SCHOOL,C4,PUBLIC,NONE,DAY,MIXED
4260,EASTERN,KITUI,THAGICU,8PSU,13366102,PRECIOUS BLOOD NTHANGANI,C4,PUBLIC,NONE,DAY,MIXED
4261,EASTERN,KITUI,THAGICU,25YF,13366104,THARAKA GIRLS SECONDARY SCHOOL,C3,PUBLIC,NONE,BOARDING,GIRLS
4262,EASTERN,KITUI,TSEIKURU,BVR2,13352103,KALIMBUI MIXED DAY SECONDARY SCHOOL,C4,PUBLIC,NONE,DAY,MIXED
4263,EASTERN,KITUI,TSEIKURU,6EHE,13352202,KANINGO DAY SECONDARY SCHOOL,C4,PUBLIC,NONE,DAY,MIXED
4264,EASTERN,KITUI,TSEIKURU,MT8E,13352107,KARANGENI MIXED SECONDARY SCHOOL,C4,PUBLIC,NONE,DAY,MIXED
4265,EASTERN,KITUI,TSEIKURU,RPCW,13352303,KATUMBI MIXED DAY SECONDARY SCHOOL,C4,PUBLIC,NONE,DAY,MIXED
4266,EASTERN,KITUI,TSEIKURU,MNN4,13352301,MASYUNGWA DAY SECONDARY SCHOOL,C4,PUBLIC,NONE,DAY,MIXED
4267,EASTERN,KITUI,TSEIKURU,LDAE,13352302,MULANGONI MIXED DAY SECONDARY SCHOOL,C4,PUBLIC,NONE,DAY,MIXED
4268,EASTERN,KITUI,TSEIKURU,QDXW,13352203,MUSAVANI SECONDARY SCHOOL,C4,PUBLIC,NONE,DAY,MIXED
4269,EASTERN,KITUI,TSEIKURU,9W9W,13352102,MWANGEA MIXED DAY SECONDARY SCHOOL,C4,PUBLIC,NONE,DAY,MIXED
4270,EASTERN,KITUI,TSEIKURU,T27S,13352104,NGALANGE MIXED DAY SECONDARY SCHOOL,C4,PUBLIC,NONE,DAY,MIXED
4271,EASTERN,KITUI,TSEIKURU,QNML,13352105,NZANZENI MIXED DAY SECONDARY SCHOOL,C4,PUBLIC,NONE,DAY,MIXED
4272,EASTERN,KITUI,TSEIKURU,LKSV,13352101,TSEIKURU SECONDARY SCHOOL,C3,PUBLIC,NONE,DAY,MIXED
4273,EASTERN,KITUI,TSEIKURU,LE6W,13352201,USUENI GIRLS SECONDARY SCHOOL,C3,PUBLIC,NONE,BOARDING,GIRLS
4274,COAST,KWALE,KINANGO,DHR9,2109111,BANG'A SECONDARY SCHOOL,C4,PUBLIC,NONE,DAY,MIXED
4275,COAST,KWALE,KINANGO,GMKQ,2109105,BOFU SECONDARY SCHOOL,C4,PUBLIC,NONE,DAY,MIXED
4276,COAST,KWALE,KINANGO,VLQH,2109101,KINANGO SECONDARY SCHOOL,C1,PUBLIC,NONE,DAY,MIXED
4277,COAST,KWALE,KINANGO,DTRL,2109103,MOYENI SECONDARY SCHOOL,C3,PUBLIC,NONE,DAY,MIXED
4278,COAST,KWALE,KINANGO,ZZ3X,2109110,MTAA SECONDARY SCHOOL,C4,PUBLIC,NONE,DAY,MIXED
4279,COAST,KWALE,KINANGO,HXKL,2109107,MWAKIJEMBE SECONDARY SCHOOL,C4,PUBLIC,NONE,DAY,MIXED
4280,COAST,KWALE,KINANGO,QYDL,2109108,MWALUKOMBE GIRLS SECONDARY SCHOOL,C3,PUBLIC,NONE,BOARDING,GIRLS
4281,COAST,KWALE,KINANGO,G4LV,2109102,NDAVAYA SECONDARY SCHOOL,C3,PUBLIC,NONE,DAY,MIXED
4282,COAST,KWALE,KINANGO,FWFP,2109109,NZOVUNI SECONDARY SCHOOL,C4,PUBLIC,NONE,DAY,MIXED
4283,COAST,KWALE,KINANGO,P2UH,2109106,TSUNZA SECONDARY SCHOOL,C4,PUBLIC,NONE,DAY,MIXED
4284,COAST,KWALE,KINANGO,CSPL,2109104,VIGURUNGANI SECONDARY SCHOOL,C4,PUBLIC,NONE,DAY,MIXED
4306,COAST,KWALE,MATUGA,TM22,2105116,BALOZI AM JORORI SEC,C4,PUBLIC,NONE,DAY,MIXED
4307,COAST,KWALE,MATUGA,P38K,2105107,GOLINI SEC,C4,PUBLIC,NONE,DAY,MIXED
4308,COAST,KWALE,MATUGA,PVKV,2105106,KAYA TIWI SEC,C3,PUBLIC,NONE,DAY,MIXED
4309,COAST,KWALE,MATUGA,6G35,2105118,KITEJE MIXED SEC,C4,PUBLIC,NONE,DAY,MIXED
4310,COAST,KWALE,MATUGA,CBQC,2105111,KOMBANI SEC,C4,PUBLIC,NONE,DAY,MIXED
4311,COAST,KWALE,MATUGA,LBB7,2105109,KWALE GIRLS SEC,C2,PUBLIC,NONE,BOARDING,GIRLS
4312,COAST,KWALE,MATUGA,P6GZ,2100005,KWALE HIGH,C1,PUBLIC,NONE,DAY,MIXED
4313,COAST,KWALE,MATUGA,GA54,2105120,KWALE HIGH SCHOOL FOR THE DEAF,C1,PUBLIC,NONE,BOARDING,MIXED
4314,COAST,KWALE,MATUGA,6J6F,2100006,MATUGA GIRLS HGH SCH,C1,PUBLIC,NONE,BOARDING,GIRLS
4315,COAST,KWALE,MATUGA,HDJ3,2105117,MBUGUNI SEC,C4,PUBLIC,NONE,DAY,MIXED
4316,COAST,KWALE,MATUGA,MRPE,2105113,MWANAMBEYU GIRLS HIGH,C3,PUBLIC,NONE,BOARDING,GIRLS
4317,COAST,KWALE,MATUGA,CB95,2105121,MWANGUNGA GIRLS SEC,C4,PUBLIC,NONE,BOARDING,GIRLS
4318,COAST,KWALE,MATUGA,S2VK,2105105,NG'OMBENI SEC,C4,PUBLIC,NONE,DAY,MIXED
4319,COAST,KWALE,MATUGA,66K6,2105122,TIWI BOYS SEC,C4,PUBLIC,NONE,BOARDING,BOYS
4320,COAST,KWALE,MATUGA,DHST,2105112,TIWI GIRLS SEC,C4,PUBLIC,NONE,BOARDING,GIRLS
4321,COAST,KWALE,MATUGA,CKYX,2105110,TSIMBA SEC SCHOOL,C4,PUBLIC,NONE,DAY,MIXED
4322,COAST,KWALE,MATUGA,CCC6,2105108,WAA GIRLS SEC,C2,PUBLIC,NONE,BOARDING,GIRLS
4323,COAST,KWALE,MATUGA,LA49,2105104,WAA HIGH,C1,PUBLIC,NONE,DAY,MIXED
4324,COAST,KWALE,MSAMBWENI,NEVG,2110204,BABLA DIANI SECONDARY SCHOOL,C3,PUBLIC,NONE,DAY,MIXED
4325,COAST,KWALE,MSAMBWENI,PH4K,2110222,BONGWE SECONDARY SCHOOL,C4,PUBLIC,NONE,DAY,MIXED
4326,COAST,KWALE,MSAMBWENI,NZXS,2110227,DORI GIRLS SECONDARY SCHOOL,C3,PUBLIC,NONE,BOARDING,GIRLS
4327,COAST,KWALE,MSAMBWENI,3X28,2110229,FATUMA ACHANI SECONDARY,C4,PUBLIC,NONE,DAY,MIXED
4328,COAST,KWALE,MSAMBWENI,V6W7,2110213,GOMBATO SECONDARY SCHOOL,C3,PUBLIC,NONE,DAY,MIXED
4329,COAST,KWALE,MSAMBWENI,5ABV,2110225,JUHUDI SECONDARY SCHOOL,C4,PUBLIC,NONE,DAY,MIXED
4330,COAST,KWALE,MSAMBWENI,CP3K,2110210,KINGWEDE GIRLS SECONDARY SCHOOL,C2,PUBLIC,NONE,BOARDING,GIRLS
4331,COAST,KWALE,MSAMBWENI,4U7C,2110205,KINONDO SECONDARY SCHOOL,C4,PUBLIC,NONE,DAY,MIXED
4332,COAST,KWALE,MSAMBWENI,L5L5,2110215,KIRANGA SECONDARY SCHOOL,C4,PUBLIC,NONE,DAY,MIXED
4333,COAST,KWALE,MSAMBWENI,WLTX,2110216,MADAGO SECONDARY SCHOOL,C4,PUBLIC,NONE,DAY,MIXED
4334,COAST,KWALE,MSAMBWENI,F3DT,2110220,MAGAONI BASE SECONDARY SCHOOL,C4,PUBLIC,NONE,DAY,MIXED
4335,COAST,KWALE,MSAMBWENI,RRF4,2110202,MIVUMONI SECONDARY SCHOOL,C3,PUBLIC,NONE,DAY,MIXED
4336,COAST,KWALE,MSAMBWENI,Z5NH,2110221,MKWAKWANI SECONDARY SCHOOL,C4,PUBLIC,NONE,DAY,MIXED
4337,COAST,KWALE,MSAMBWENI,2PVY,2110201,MSAMBWENI SECONDARY SCHOOL,C2,PUBLIC,NONE,DAY,MIXED
4338,COAST,KWALE,MSAMBWENI,S649,2110218,MUHAKA SECONDARY SCHOOL,C4,PUBLIC,NONE,DAY,MIXED
4339,COAST,KWALE,MSAMBWENI,CY2X,2110219,MVINDENI SECONDARY SCHOOL,C4,PUBLIC,NONE,DAY,MIXED
4340,COAST,KWALE,MSAMBWENI,DCEP,2110214,MWAMZANDI SECONDARY SCHOOL,C3,PUBLIC,NONE,DAY,MIXED
4341,COAST,KWALE,MSAMBWENI,W5ZG,2110203,RAMISI SECONDARY SCHOOL,C4,PUBLIC,NONE,DAY,MIXED
4342,COAST,KWALE,MSAMBWENI,2RVL,2110224,UKUNDA SECONDARY SCHOOL,C4,PUBLIC,NONE,DAY,MIXED
4343,COAST,KWALE,MSAMBWENI,8NSK,2110228,VINGUJINI MIXED DAY SECONDARY SCHOOL,C4,PUBLIC,NONE,DAY,MIXED
4344,COAST,KWALE,SAMBURU,SRCS,2127114,BUSHO SECONDARY SCHOOL,C4,PUBLIC,NONE,DAY,MIXED
4345,COAST,KWALE,SAMBURU,AHYY,2127120,JULANI SECONDARY SCHOOL,C4,PUBLIC,NONE,DAY,MIXED
4346,COAST,KWALE,SAMBURU,VW87,2127108,KINAGONI SECONDARY SCHOOL,C4,PUBLIC,NONE,DAY,MIXED
4347,COAST,KWALE,SAMBURU,2LR2,2127107,MACKINNON ROAD SECONDARY SCHOOL,C3,PUBLIC,NONE,DAY,MIXED
4348,COAST,KWALE,SAMBURU,7FM3,2127110,MAKAMINI SECONDARY SCHOOL,C4,PUBLIC,NONE,DAY,MIXED
4349,COAST,KWALE,SAMBURU,24S6,2127109,MATUMBI SECONDARY SCHOOL,C4,PUBLIC,NONE,DAY,MIXED
4350,COAST,KWALE,SAMBURU,HYG6,2127103,MAZERAS GIRLS MEMORIAL SECONDARY SCHOOL,C2,PUBLIC,NONE,BOARDING,GIRLS
4351,COAST,KWALE,SAMBURU,MDLC,2127102,MAZERAS HIGH SCHOOL,C2,PUBLIC,NONE,BOARDING,MIXED
4352,COAST,KWALE,SAMBURU,JUQQ,2127119,MGALANI SECONDARY SCHOOL,C4,PUBLIC,NONE,DAY,MIXED
4353,COAST,KWALE,SAMBURU,GDA2,2127118,MIYANI SECONDARY SCHOOL,C4,PUBLIC,NONE,DAY,MIXED
4354,COAST,KWALE,SAMBURU,AP6F,2127105,MNYENZENI SECONDARY SCHOOL,C3,PUBLIC,NONE,DAY,MIXED
4355,COAST,KWALE,SAMBURU,9F44,2127117,MPIRANI SECONDARY SCHOOL,C4,PUBLIC,NONE,DAY,MIXED
4356,COAST,KWALE,SAMBURU,9JS2,2127111,MWABILA SECONDARY SCHOOL,C4,PUBLIC,NONE,DAY,MIXED
4357,COAST,KWALE,SAMBURU,ACBD,2127113,MWAROVESA SECONDARY SCHOOL,C4,PUBLIC,NONE,DAY,MIXED
4358,COAST,KWALE,SAMBURU,UE8W,2127104,MWAVUMBO SECONDARY SCHOOL,C4,PUBLIC,NONE,DAY,MIXED
4359,COAST,KWALE,SAMBURU,5WB3,2127116,SALIM MVURYA SECONDARY SCHOOL,C4,PUBLIC,NONE,DAY,MIXED
4360,COAST,KWALE,SAMBURU,YRBC,2127106,SAMBURU SECONDARY SCHOOL,C3,PUBLIC,NONE,DAY,MIXED
4361,COAST,KWALE,SAMBURU,ESMY,2127115,TARU GIRLS SECONDARY SCHOOL,C3,PUBLIC,NONE,BOARDING,GIRLS
4362,COAST,KWALE,SAMBURU,GBPD,2127101,TARU SECONDARY SCHOOL,C2,PUBLIC,NONE,DAY,MIXED
4381,RIFT VALLEY,LAIKIPIA,KIRIMA,2QWG,30586210,G.G. KINAMBA MIXED DAY SECONDARY SCHOOL,C4,PUBLIC,NONE,DAY,MIXED
4382,RIFT VALLEY,LAIKIPIA,KIRIMA,VUT8,30586403,GITHIMA SECONDARY SCHOOL,C4,PUBLIC,NONE,DAY,MIXED
4383,RIFT VALLEY,LAIKIPIA,KIRIMA,BKX5,30586306,KABATI SECONDARY SCHOOL,C4,PUBLIC,NONE,DAY,MIXED
4384,RIFT VALLEY,LAIKIPIA,KIRIMA,ZPFM,30586303,KIO SECONDARY SCHOOL,C4,PUBLIC,NONE,DAY,MIXED
4385,RIFT VALLEY,LAIKIPIA,KIRIMA,KKHF,30586211,KIWANJA MIXED DAY SECONDARY SCHOOL,C4,PUBLIC,NONE,DAY,MIXED
4386,RIFT VALLEY,LAIKIPIA,KIRIMA,PQF6,30586302,LARIAK DAY SECONDARY SCHOOL,C4,PUBLIC,NONE,DAY,MIXED
4387,RIFT VALLEY,LAIKIPIA,KIRIMA,FRSD,30586405,LOUNIEK SECONDARY SCHOOL,C4,PUBLIC,NONE,DAY,MIXED
4388,RIFT VALLEY,LAIKIPIA,KIRIMA,V5TW,30586307,MAKUTANO MIXED DAY SECONDARY SCHOOL,C4,PUBLIC,NONE,DAY,MIXED
4389,RIFT VALLEY,LAIKIPIA,KIRIMA,8K6H,30586213,MATUIKU SECONDARY SCHOOL,C4,PUBLIC,NONE,DAY,MIXED
4390,RIFT VALLEY,LAIKIPIA,KIRIMA,XSGF,30586215,MILIMANI SECONDARY SCHOOL,C4,PUBLIC,NONE,DAY,MIXED
4391,RIFT VALLEY,LAIKIPIA,KIRIMA,UZV8,30586402,MITHURI SECONDARY SCHOOL,C4,PUBLIC,NONE,DAY,MIXED
4392,RIFT VALLEY,LAIKIPIA,KIRIMA,V33U,30586201,MWENJE MIXED SECONDARY SCHOOL,C2,PUBLIC,NONE,DAY,MIXED
4393,RIFT VALLEY,LAIKIPIA,KIRIMA,TTCY,30586212,NAIGERA SECONDARY SCHOOL,C4,PUBLIC,NONE,DAY,MIXED
4394,RIFT VALLEY,LAIKIPIA,KIRIMA,6CT9,30586209,NDINDIKA SECONDARY SCHOOL,C4,PUBLIC,NONE,DAY,MIXED
4395,RIFT VALLEY,LAIKIPIA,KIRIMA,WP2S,30586203,NJORUA HIGH SCHOOL,C2,PUBLIC,NONE,BOARDING,MIXED
4396,RIFT VALLEY,LAIKIPIA,KIRIMA,L3B5,30586206,NYAKINYUA SECONDARY SCHOOL,C4,PUBLIC,NONE,DAY,MIXED
4397,RIFT VALLEY,LAIKIPIA,KIRIMA,KGB3,30586401,OL MORAN SECONDARY SCHOOL,C4,PUBLIC,NONE,DAY,MIXED
4398,RIFT VALLEY,LAIKIPIA,KIRIMA,LFEY,30586301,SIPILI SECONDARY SCHOOL,C4,PUBLIC,NONE,DAY,MIXED
4399,RIFT VALLEY,LAIKIPIA,KIRIMA,X27Z,30586404,SURVEY SECONDARY SCHOOL,C4,PUBLIC,NONE,DAY,MIXED
4400,RIFT VALLEY,LAIKIPIA,KIRIMA,QPNP,30586208,TANDARE MIXED DAY SECONDARY SCHOOL,C4,PUBLIC,NONE,DAY,MIXED
4401,RIFT VALLEY,LAIKIPIA,KIRIMA,TKE5,30586204,UMOJA DAY SECONDARY SCHOOL,C4,PUBLIC,NONE,DAY,MIXED
4402,RIFT VALLEY,LAIKIPIA,LAIKIPIA CENTRAL,EYVT,30555209,DEB SOLIO SECONDARY SCHOOL,C4,PUBLIC,NONE,DAY,MIXED
4403,RIFT VALLEY,LAIKIPIA,LAIKIPIA CENTRAL,DTYJ,30555115,IHIGA INI MIXED DAY DAY SECONDARY SCHOOL,C4,PUBLIC,NONE,DAY,MIXED
4404,RIFT VALLEY,LAIKIPIA,LAIKIPIA CENTRAL,KY5N,30555308,IMENTI MIXED DAY SECONDARY SCHOOL,C4,PUBLIC,NONE,DAY,MIXED
4405,RIFT VALLEY,LAIKIPIA,LAIKIPIA CENTRAL,KKQ7,30555102,INORO SECONDARY SCHOOL,C3,PUBLIC,NONE,DAY,MIXED
4406,RIFT VALLEY,LAIKIPIA,LAIKIPIA CENTRAL,MUC4,30555116,IRURA DAY SECONDARY SCHOOL,C4,PUBLIC,NONE,DAY,MIXED
4407,RIFT VALLEY,LAIKIPIA,LAIKIPIA CENTRAL,LD8X,30555306,KARIGUINI DAY SECONDARY SCHOOL,C4,PUBLIC,NONE,DAY,MIXED
4408,RIFT VALLEY,LAIKIPIA,LAIKIPIA CENTRAL,MZEF,30555110,KIHATO MIXED DAY SECONDARY SCHOOL,C4,PUBLIC,NONE,DAY,MIXED
4409,RIFT VALLEY,LAIKIPIA,LAIKIPIA CENTRAL,VDN5,30555105,LAIKIPIA AIRBASE SECONDARY SCHOOL,C4,PUBLIC,NONE,DAY,MIXED
4410,RIFT VALLEY,LAIKIPIA,LAIKIPIA CENTRAL,AHLE,30555108,LECHUGU SECONDARY SCHOOL,C4,PUBLIC,NONE,DAY,MIXED
4411,RIFT VALLEY,LAIKIPIA,LAIKIPIA CENTRAL,D5PB,30555103,MALEK GIRLS' SECONDARY SCHOOL,C3,PUBLIC,NONE,BOARDING,GIRLS
4412,RIFT VALLEY,LAIKIPIA,LAIKIPIA CENTRAL,NCSV,30555305,MATHENYA SECONDARY SCHOOL,C4,PUBLIC,NONE,DAY,MIXED
4413,RIFT VALLEY,LAIKIPIA,LAIKIPIA CENTRAL,QY65,30555206,MUHONIA SECONDARY SCHOOL,C4,PUBLIC,NONE,DAY,MIXED
4414,RIFT VALLEY,LAIKIPIA,LAIKIPIA CENTRAL,QQL9,30555208,MUKADAMIA SECONDARY SCHOOL,C4,PUBLIC,NONE,DAY,MIXED
4415,RIFT VALLEY,LAIKIPIA,LAIKIPIA CENTRAL,KBS3,30555312,MWIHOKO SECONDARY SCHOOL,C4,PUBLIC,NONE,DAY,MIXED
4416,RIFT VALLEY,LAIKIPIA,LAIKIPIA CENTRAL,5JYZ,30555304,MWITURIA SECONDARY SCHOOL,C4,PUBLIC,NONE,DAY,MIXED
4417,RIFT VALLEY,LAIKIPIA,LAIKIPIA CENTRAL,E98H,30555113,NANYUKI TOWNSHIP SECONDARY SCHOOL,C4,PUBLIC,NONE,DAY,MIXED
4418,RIFT VALLEY,LAIKIPIA,LAIKIPIA CENTRAL,SGB6,30555303,NGOBIT GIRLS SECONDARY SCHOOL,C3,PUBLIC,NONE,BOARDING,GIRLS
4419,RIFT VALLEY,LAIKIPIA,LAIKIPIA CENTRAL,B5DD,30555301,NGOBIT SECONDARY SCHOOL,C3,PUBLIC,NONE,DAY,MIXED
4420,RIFT VALLEY,LAIKIPIA,LAIKIPIA CENTRAL,EGHJ,30555207,NYAKIO DAY SECONDARY SCHOOL,C4,PUBLIC,NONE,DAY,MIXED
4421,RIFT VALLEY,LAIKIPIA,LAIKIPIA CENTRAL,P85P,30555203,OLTAFFETA SECONDARY SCHOOL,C4,PUBLIC,NONE,DAY,MIXED
4422,RIFT VALLEY,LAIKIPIA,LAIKIPIA CENTRAL,KXKY,30555311,SHALOM CANAAN SECONDARY SCHOOL,C4,PUBLIC,NONE,DAY,MIXED
4423,RIFT VALLEY,LAIKIPIA,LAIKIPIA CENTRAL,E6FV,30555201,ST AUGUSTINE SIRIMA SECONDARY SCHOOL,C3,PUBLIC,NONE,DAY,MIXED
4424,RIFT VALLEY,LAIKIPIA,LAIKIPIA CENTRAL,E9NR,30555101,ST. JOSEPH TIGITHI BOYS HIGH SCHOOL,C2,PUBLIC,NONE,BOARDING,BOYS
4425,RIFT VALLEY,LAIKIPIA,LAIKIPIA CENTRAL,8QTD,30555114,SWEET WATERS MIXED DAY SECONDARY SCHOOL,C4,PUBLIC,NONE,DAY,MIXED
4426,RIFT VALLEY,LAIKIPIA,LAIKIPIA CENTRAL,3PKY,30555104,SWEETWATERS GIRLS SECONDARY SCHOOL,C3,PUBLIC,NONE,BOARDING,GIRLS
4427,RIFT VALLEY,LAIKIPIA,LAIKIPIA CENTRAL,9ATL,30555202,THARUA SECONDARY SCHOOL,C4,PUBLIC,NONE,DAY,MIXED
4428,RIFT VALLEY,LAIKIPIA,LAIKIPIA CENTRAL,FM33,30555106,THOME BOYS SECONDARY SCHOOL,C3,PUBLIC,NONE,BOARDING,BOYS
4429,RIFT VALLEY,LAIKIPIA,LAIKIPIA CENTRAL,2BDX,30555107,WAGUTHIRU MIXED DAY SECONDARY SCHOOL,C4,PUBLIC,NONE,DAY,MIXED
4430,RIFT VALLEY,LAIKIPIA,LAIKIPIA CENTRAL,RDV5,30555109,WATHITUGA SECONDARY SCHOOL,C4,PUBLIC,NONE,DAY,MIXED
4431,RIFT VALLEY,LAIKIPIA,LAIKIPIA CENTRAL,TKX7,30555205,WITHARE DAY SECONDARY SCHOOL,C4,PUBLIC,NONE,DAY,MIXED
4432,RIFT VALLEY,LAIKIPIA,LAIKIPIA CENTRAL,U97H,30555302,WIYUMIRIRIE SECONDARY SCHOOL,C4,PUBLIC,NONE,DAY,MIXED
4486,RIFT VALLEY,LAIKIPIA,NYAHURURU,3LR4,30556316,BISHOP LOUIS PIARO NGARE NARO SECONDARY SCHOOL,C4,PUBLIC,NONE,DAY,MIXED
4487,RIFT VALLEY,LAIKIPIA,NYAHURURU,PCYD,30556111,BRETHREN DAY SECONDARY SCHOOL,C4,PUBLIC,NONE,DAY,MIXED
4488,RIFT VALLEY,LAIKIPIA,NYAHURURU,RDGW,30556101,GATERO GIRLS HIGH SCHOOL,C1,PUBLIC,NONE,BOARDING,GIRLS
4489,RIFT VALLEY,LAIKIPIA,NYAHURURU,MNRB,30556108,GATERO MIXED DAY SECONDARY SCHOOL,C4,PUBLIC,NONE,DAY,MIXED
4490,RIFT VALLEY,LAIKIPIA,NYAHURURU,2QFC,30556205,GITUAMBA MIXED DAY SECONDARY SCHOOL,C4,PUBLIC,NONE,DAY,MIXED
4491,RIFT VALLEY,LAIKIPIA,NYAHURURU,UXR9,30556302,HUHO-INI MIXED DAY SECONDARY SCHOOL,C4,PUBLIC,NONE,DAY,MIXED
4492,RIFT VALLEY,LAIKIPIA,NYAHURURU,7LKZ,30556305,IGWAMITI SECONDARY SCHOOL,C3,PUBLIC,NONE,DAY,MIXED
4493,RIFT VALLEY,LAIKIPIA,NYAHURURU,SFAL,30556207,KARANDI SECONDARY SCHOOL,C4,PUBLIC,NONE,DAY,MIXED
4494,RIFT VALLEY,LAIKIPIA,NYAHURURU,R8QP,30556321,KIANDEGE SECONDARY SCHOOL,C4,PUBLIC,NONE,DAY,MIXED
4495,RIFT VALLEY,LAIKIPIA,NYAHURURU,U8X4,30556110,KUNDARILLA MIXED DAY SECONDARY SCHOOL,C4,PUBLIC,NONE,DAY,MIXED
4496,RIFT VALLEY,LAIKIPIA,NYAHURURU,68G9,30556102,MARMANET SECONDARY SCHOOL,C3,PUBLIC,NONE,DAY,MIXED
4497,RIFT VALLEY,LAIKIPIA,NYAHURURU,H47H,30556106,MUNG'ETHO SECONDARY SCHOOL,C4,PUBLIC,NONE,DAY,MIXED
4498,RIFT VALLEY,LAIKIPIA,NYAHURURU,3DNE,30556104,MURUKU SECONDARY SCHOOL,C4,PUBLIC,NONE,DAY,MIXED
4499,RIFT VALLEY,LAIKIPIA,NYAHURURU,Y4R7,30556109,MUTHENGERA MIXED DAY SECONDARY SCHOOL,C4,PUBLIC,NONE,DAY,MIXED
4500,RIFT VALLEY,LAIKIPIA,NYAHURURU,ATPY,30556303,NDURURI SECONDARY SCHOOL,C2,PUBLIC,NONE,DAY,MIXED
4501,RIFT VALLEY,LAIKIPIA,NYAHURURU,SA7G,30556301,NDURURUMO HIGH SCHOOL,C1,PUBLIC,NONE,BOARDING,MIXED
4502,RIFT VALLEY,LAIKIPIA,NYAHURURU,RHRX,30556216,NG'ARACHI MIXED DAY SECONDARY SCHOOL,C4,PUBLIC,NONE,DAY,MIXED
4503,RIFT VALLEY,LAIKIPIA,NYAHURURU,D2E4,30500020,NJONJO GIRLS HIGH SCHOOL,C1,PUBLIC,NONE,BOARDING,GIRLS
4504,RIFT VALLEY,LAIKIPIA,NYAHURURU,2RBA,30556309,NYAHURURU MUNYAKA DAY SECONDARY SCHOOL,C4,PUBLIC,NONE,DAY,MIXED
4505,RIFT VALLEY,LAIKIPIA,NYAHURURU,TYNW,30556202,OL NG'ARUA SECONDARY SCHOOL,C4,PUBLIC,NONE,DAY,MIXED
4506,RIFT VALLEY,LAIKIPIA,NYAHURURU,QMNQ,30556107,PESI DAY SECONDARY SCHOOL,C4,PUBLIC,NONE,DAY,MIXED
4507,RIFT VALLEY,LAIKIPIA,NYAHURURU,R9CQ,30556103,SALAMA SECONDARY SCHOOL,C4,PUBLIC,NONE,DAY,MIXED
4508,RIFT VALLEY,LAIKIPIA,NYAHURURU,Y4ZA,30556312,SHAMANEI SECONDARY SCHOOL,C4,PUBLIC,NONE,DAY,MIXED
4509,RIFT VALLEY,LAIKIPIA,NYAHURURU,M9J8,30556308,STAREHE SECONDARY SCHOOL,C4,PUBLIC,NONE,DAY,MIXED
4510,RIFT VALLEY,LAIKIPIA,NYAHURURU,XAUU,30556214,THIGIO MIXED DAY SECONDARY SCHOOL,C4,PUBLIC,NONE,DAY,MIXED
4511,RIFT VALLEY,LAIKIPIA,NYAHURURU,NZX6,30556105,THIRU SECONDARY SCHOOL,C4,PUBLIC,NONE,DAY,MIXED
4512,RIFT VALLEY,LAIKIPIA,NYAHURURU,R6XJ,30556314,UASO NAROK MIXED DAY SECONDARY SCHOOL,C4,PUBLIC,NONE,DAY,MIXED
4545,EASTERN,MACHAKOS,ATHI-RIVER,FZMQ,12330120,ATHI RIVER MIXED SEC SCHOOL,C4,PUBLIC,NONE,DAY,MIXED
4546,EASTERN,MACHAKOS,ATHI-RIVER,SJN6,12330140,EMPAKASI SECONDARY SCHOOL,C4,PUBLIC,NONE,DAY,MIXED
4547,EASTERN,MACHAKOS,ATHI-RIVER,8293,12330162,IVOVOANI SECONDARY SCHOOL,C4,PUBLIC,NONE,DAY,MIXED
4548,EASTERN,MACHAKOS,ATHI-RIVER,LJ98,12330138,KANAANI GIRLS HIGH SCHOOL,C4,PUBLIC,NONE,BOARDING,GIRLS
4549,EASTERN,MACHAKOS,ATHI-RIVER,JG3R,12330128,KATANI DEB SECONDARY SCHOOL,C4,PUBLIC,NONE,DAY,MIXED
4550,EASTERN,MACHAKOS,ATHI-RIVER,BEC4,12330123,KINANIE SECONDARY SCHOOL,C4,PUBLIC,NONE,DAY,MIXED
4551,EASTERN,MACHAKOS,ATHI-RIVER,PKKB,12330142,KWA KALUSYA SECONDARY SCHOOL,C4,PUBLIC,NONE,DAY,MIXED
4552,EASTERN,MACHAKOS,ATHI-RIVER,6UGB,12330105,KYUMBI SECONDARY SCHOOL,C4,PUBLIC,NONE,DAY,MIXED
4553,EASTERN,MACHAKOS,ATHI-RIVER,V4YV,12330135,LUKENYA GIRLS CENTRE OF EXCELLENCE,C3,PUBLIC,NONE,BOARDING,GIRLS
4554,EASTERN,MACHAKOS,ATHI-RIVER,B84M,12330127,MATHATANI SECONDARY SCHOOL,C4,PUBLIC,NONE,DAY,MIXED
4555,EASTERN,MACHAKOS,ATHI-RIVER,F4GF,12330104,MAVOKO SECONDARY SCHOOL,C4,PUBLIC,NONE,DAY,MIXED
4556,EASTERN,MACHAKOS,ATHI-RIVER,N7ZW,12330160,MAVOKO SNP SECONDARY SCHOOL,C4,PUBLIC,NONE,DAY,MIXED
4557,EASTERN,MACHAKOS,ATHI-RIVER,SA74,12330102,MUTHWANI SECONDARY SCHOOL,C4,PUBLIC,NONE,DAY,MIXED
4558,EASTERN,MACHAKOS,ATHI-RIVER,5UEG,12330146,NDOVOINI SECONDARY SCHOOL,C4,PUBLIC,NONE,DAY,MIXED
4559,EASTERN,MACHAKOS,ATHI-RIVER,S4W7,12330139,NGALALYA SECONDARY SCHOOL,C4,PUBLIC,NONE,DAY,MIXED
4560,EASTERN,MACHAKOS,ATHI-RIVER,N2FU,12330151,PATRICK MAKAU NGELANI SECONDARY,C4,PUBLIC,NONE,DAY,MIXED
4561,EASTERN,MACHAKOS,ATHI-RIVER,SMJ7,12330103,ST. AUGUSTINE MLOLONGO SECONDARY,C4,PUBLIC,NONE,DAY,MIXED
4562,EASTERN,MACHAKOS,KALAMA,M7QH,12363308,ABC KANYONGO SECONDARY SCHOOL,C4,PUBLIC,NONE,DAY,MIXED
4563,EASTERN,MACHAKOS,KALAMA,48PV,12363110,AIC MBEMBANI CENTRAL SECONDARY SCHOOL,C3,PUBLIC,NONE,DAY,MIXED
4564,EASTERN,MACHAKOS,KALAMA,VUQE,12363201,BARAKA S.A KAVYUNI SECONDARY SCHOOL,C4,PUBLIC,NONE,DAY,MIXED
4565,EASTERN,MACHAKOS,KALAMA,S5ES,12363203,IIYUNI SECONDARY SCHOOL,C4,PUBLIC,NONE,DAY,MIXED
4566,EASTERN,MACHAKOS,KALAMA,HFV7,12363304,KALAMA SECONDARY SCHOOL,C3,PUBLIC,NONE,DAY,MIXED
4567,EASTERN,MACHAKOS,KALAMA,MNRU,12363313,KAMWELENI SECONDARY SCHOOL,C4,PUBLIC,NONE,DAY,MIXED
4568,EASTERN,MACHAKOS,KALAMA,PMSK,12363204,KATANGA SECONDARY SCHOOL,C4,PUBLIC,NONE,DAY,MIXED
4569,EASTERN,MACHAKOS,KALAMA,83UV,12363106,KATUMANI SECONDARY SCHOOL,C4,PUBLIC,NONE,DAY,MIXED
4570,EASTERN,MACHAKOS,KALAMA,RVMW,12363307,KIATUNI SECONDARY SCHOOL,C4,PUBLIC,NONE,DAY,MIXED
4571,EASTERN,MACHAKOS,KALAMA,SF9S,12363208,KIKUMBO SECONDARY SCHOOL,C4,PUBLIC,NONE,DAY,MIXED
4572,EASTERN,MACHAKOS,KALAMA,AU2W,12363107,KIMUTWA SECONDARY SCHOOL,C3,PUBLIC,NONE,DAY,MIXED
4573,EASTERN,MACHAKOS,KALAMA,C3YA,12363207,KINOI MIXED SECONDARY SCHOOL,C4,PUBLIC,NONE,DAY,MIXED
4574,EASTERN,MACHAKOS,KALAMA,EQ2L,12363111,KITONYINI HIGH SCHOOL,C2,PUBLIC,NONE,BOARDING,MIXED
4575,EASTERN,MACHAKOS,KALAMA,V7MV,12363209,KIUU SECONDARY SCHOOL,C4,PUBLIC,NONE,DAY,MIXED
4576,EASTERN,MACHAKOS,KALAMA,4PTZ,12363102,KIVANDINI SECONDARY SCHOOL,C4,PUBLIC,NONE,DAY,MIXED
4577,EASTERN,MACHAKOS,KALAMA,M6U5,12363105,KONZA ABC SECONDARY SCHOOL,C3,PUBLIC,NONE,DAY,MIXED
4578,EASTERN,MACHAKOS,KALAMA,WMFM,12363109,KWAKAVOO SECONDARY SCHOOL,C4,PUBLIC,NONE,DAY,MIXED
4579,EASTERN,MACHAKOS,KALAMA,JA9Z,12363301,KYANDILI SECONDARY SCHOOL,C4,PUBLIC,NONE,DAY,MIXED
4580,EASTERN,MACHAKOS,KALAMA,6XZE,12363306,KYANGALA GIRL'S SECONDARY SCHOOL,C3,PUBLIC,NONE,DAY,MIXED
4581,EASTERN,MACHAKOS,KALAMA,Z97D,12363305,KYANGALA SECONDARY SCHOOL,C3,PUBLIC,NONE,DAY,MIXED
4582,EASTERN,MACHAKOS,KALAMA,W66P,12363315,KYANZASU SECONDARY SCHOOL,C4,PUBLIC,NONE,DAY,MIXED
4583,EASTERN,MACHAKOS,KALAMA,YP3H,12363206,KYAVITI SECONDARY SCHOOL,C4,PUBLIC,NONE,DAY,MIXED
4584,EASTERN,MACHAKOS,KALAMA,243Y,12363314,MAKAKOI SECODARY SCHOOL,C4,PUBLIC,NONE,DAY,MIXED
4585,EASTERN,MACHAKOS,KALAMA,PVPR,12363311,MANG'AUNI SECONDARY SCHOOL,C3,PUBLIC,NONE,DAY,MIXED
4586,EASTERN,MACHAKOS,KALAMA,FHPH,12363310,MASAANI GIRLS HIGH SCHOOL,C4,PUBLIC,NONE,BOARDING,GIRLS
4587,EASTERN,MACHAKOS,KALAMA,FZKE,12363205,MBUANI SECONDARY SCHOOL,C3,PUBLIC,NONE,DAY,MIXED
4588,EASTERN,MACHAKOS,KALAMA,G344,12363309,MBUKUNI SECONDARY SCHOOL,C3,PUBLIC,NONE,DAY,MIXED
4589,EASTERN,MACHAKOS,KALAMA,HL4U,12363312,MIWANI SECONDARY SCHOOL,C4,PUBLIC,NONE,DAY,MIXED
4590,EASTERN,MACHAKOS,KALAMA,QWUK,12363302,MULAANI SECONDARY SCHOOL,C4,PUBLIC,NONE,DAY,MIXED
4591,EASTERN,MACHAKOS,KALAMA,PGSV,12363303,MUTUYU MIXED SECONDARY SCHOOL,C4,PUBLIC,NONE,DAY,MIXED
4592,EASTERN,MACHAKOS,KALAMA,42B5,12363101,MUUMANDU SECONDARY SCHOOL,C3,PUBLIC,NONE,DAY,MIXED
4593,EASTERN,MACHAKOS,KALAMA,E2NB,12363103,NYAYO A.I.C GIRLS SECONDARY SCHOOL,C2,PUBLIC,NONE,BOARDING,GIRLS
4594,EASTERN,MACHAKOS,KALAMA,S5N4,12363202,NZAINI SECONDARY SCHOOL,C4,PUBLIC,NONE,DAY,MIXED
4595,EASTERN,MACHAKOS,KANGUNDO,L9MZ,12316120,A B C KATHITHYAMAA SECONDARY SCHOOL,C4,PUBLIC,NONE,DAY,MIXED
4596,EASTERN,MACHAKOS,KANGUNDO,RB73,12316125,A I C KIKAMBUANI SECONDARY SCHOOL,C4,PUBLIC,NONE,DAY,MIXED
4597,EASTERN,MACHAKOS,KANGUNDO,MR4M,12316123,A I C MATETANI MIXED SECONDARY SCHOOL,C4,PUBLIC,NONE,DAY,MIXED
4598,EASTERN,MACHAKOS,KANGUNDO,CPUL,12316135,A.I.C MATITHINI MIXED SECONDARY SCHOOL,C4,PUBLIC,NONE,DAY,MIXED
4599,EASTERN,MACHAKOS,KANGUNDO,EMFX,12316129,AIC MUISUNI MIXED SECONDARY SCHOOL,C4,PUBLIC,NONE,DAY,MIXED
4600,EASTERN,MACHAKOS,KANGUNDO,K7AC,12316133,D.E.B KANGUNDO INTERGRATED SECONDARY SCHOOL,C4,PUBLIC,NONE,DAY,MIXED
4601,EASTERN,MACHAKOS,KANGUNDO,MC3W,12316108,KAKUYUNI SECONDARY SCHOOL,C4,PUBLIC,NONE,DAY,MIXED
4602,EASTERN,MACHAKOS,KANGUNDO,MXJ8,12316114,KAMANZI ABC SECONDARY SCHOOL,C4,PUBLIC,NONE,DAY,MIXED
4603,EASTERN,MACHAKOS,KANGUNDO,L7PV,12316101,KANGUNDO HIGH SCHOOL,C2,PUBLIC,NONE,BOARDING,MIXED
4604,EASTERN,MACHAKOS,KANGUNDO,V2BV,12316134,KATHAANA DEB SECONDARY SCHOOL,C4,PUBLIC,NONE,DAY,MIXED
4605,EASTERN,MACHAKOS,KANGUNDO,9SZL,12316112,KAVILINGUNI HIGH SCHOOL,C4,PUBLIC,NONE,BOARDING,MIXED
4606,EASTERN,MACHAKOS,KANGUNDO,F8ED,12316116,KAWAUNI SECONDARY SCHOOL,C4,PUBLIC,NONE,DAY,MIXED
4607,EASTERN,MACHAKOS,KANGUNDO,HMDK,12316105,KAWETHEI S.A GIRLS SECONDARY SCHOOL,C4,PUBLIC,NONE,BOARDING,GIRLS
4608,EASTERN,MACHAKOS,KANGUNDO,TLAE,12316117,KWAKATHULE SECONDARY SCHOOL,C4,PUBLIC,NONE,DAY,MIXED
4609,EASTERN,MACHAKOS,KANGUNDO,4YBP,12316111,KYEVALUKI SECONDARY SCHOOL,C4,PUBLIC,NONE,DAY,MIXED
4610,EASTERN,MACHAKOS,KANGUNDO,LKYW,12316103,MANYATTA SECONDARY SCHOOL,C4,PUBLIC,NONE,DAY,MIXED
4611,EASTERN,MACHAKOS,KANGUNDO,2LBP,12316107,MATUNGULU BOYS HIGH SCHOOL,C3,PUBLIC,NONE,BOARDING,BOYS
4612,EASTERN,MACHAKOS,KANGUNDO,RFFG,12316121,MBUSYANI MIXED DAY SECONDARY SCHOOL,C4,PUBLIC,NONE,DAY,MIXED
4613,EASTERN,MACHAKOS,KANGUNDO,83GJ,12316130,MIU ABC KIAMBA SECONDARY SCHOOL,C4,PUBLIC,NONE,DAY,MIXED
4614,EASTERN,MACHAKOS,KANGUNDO,B5SZ,12316137,MUKUYUNI S.A SECONDARY SCHOOL,C4,PUBLIC,NONE,DAY,MIXED
4615,EASTERN,MACHAKOS,KANGUNDO,H3YY,12316113,MULINGANA SECONDARY SCHOOL,C4,PUBLIC,NONE,DAY,MIXED
4616,EASTERN,MACHAKOS,KANGUNDO,AHWC,12316136,S.A KATHEINI SECONDARY SCHOOL,C4,PUBLIC,NONE,DAY,MIXED
4617,EASTERN,MACHAKOS,KANGUNDO,3887,12316104,ST. FRANCIS MISYANI GIRLS HIGH SCHOOL,C2,PUBLIC,NONE,BOARDING,GIRLS
4618,EASTERN,MACHAKOS,KANGUNDO,ZN92,12316106,ST. MARTIN'S KITWII SECONDARY SCHOOL,C3,PUBLIC,NONE,DAY,MIXED
4619,EASTERN,MACHAKOS,KANGUNDO,5352,12316115,ST. MARY'S MUKUNIKE SECONDARY SCHOOL,C4,PUBLIC,NONE,DAY,MIXED
4620,EASTERN,MACHAKOS,KANGUNDO,N65M,12316131,ST. MICHAEL UNYUANI SECONDARY SCHOOL,C4,PUBLIC,NONE,DAY,MIXED
4621,EASTERN,MACHAKOS,KANGUNDO,6UMY,12316110,THE SALVATION ARMY IMILINI MIXED SECONDARY SCHOOL,C4,PUBLIC,NONE,DAY,MIXED
4622,EASTERN,MACHAKOS,KATHIANI,LLRQ,12329122,ABC KWANGENGI SECONDARY SCHOOL,C4,PUBLIC,NONE,DAY,MIXED
4623,EASTERN,MACHAKOS,KATHIANI,5ST7,12329111,GENERAL MULINGE HIGH SCHOOL,C4,PUBLIC,NONE,BOARDING,MIXED
4624,EASTERN,MACHAKOS,KATHIANI,HQJQ,12329135,IKOLENI SECONDARY SCHOOL,C4,PUBLIC,NONE,DAY,MIXED
4625,EASTERN,MACHAKOS,KATHIANI,4945,12329112,KAANI LIONS SECONDARY SCHOOL,C3,PUBLIC,NONE,DAY,MIXED
4626,EASTERN,MACHAKOS,KATHIANI,6A6S,12329108,KAEWA SECONDARY SCHOOL,C4,PUBLIC,NONE,DAY,MIXED
4627,EASTERN,MACHAKOS,KATHIANI,HF6L,12329127,KAIANI SECONDARY SCHOOL,C4,PUBLIC,NONE,DAY,MIXED
4628,EASTERN,MACHAKOS,KATHIANI,LZQT,12329128,KALIKYA MIXED SECONDARY SCHOOL,C4,PUBLIC,NONE,DAY,MIXED
4629,EASTERN,MACHAKOS,KATHIANI,CFAW,12329104,KALILUNI GIRLS' SECONDARY SCHOOL,C3,PUBLIC,NONE,BOARDING,GIRLS
4630,EASTERN,MACHAKOS,KATHIANI,N5AN,12300013,KATHIANI GIRLS SCHOOL,C1,PUBLIC,NONE,BOARDING,GIRLS
4631,EASTERN,MACHAKOS,KATHIANI,GBXD,12329103,KATHIANI HIGH SCHOOL,C2,PUBLIC,NONE,BOARDING,MIXED
4632,EASTERN,MACHAKOS,KATHIANI,MFFY,12329138,KATHUNI SECONDARY SCHOOL,C4,PUBLIC,NONE,DAY,MIXED
4633,EASTERN,MACHAKOS,KATHIANI,WZ2V,12329131,KAUTI SECONDARY SCHOOL,C4,PUBLIC,NONE,DAY,MIXED
4634,EASTERN,MACHAKOS,KATHIANI,JNMS,12329105,KIKOMBI SECONDARY SCHOOL,C4,PUBLIC,NONE,DAY,MIXED
4635,EASTERN,MACHAKOS,KATHIANI,KJDR,12329133,KING'ONG'OI SECONDARY SCHOOL,C4,PUBLIC,NONE,DAY,MIXED
4636,EASTERN,MACHAKOS,KATHIANI,S5JH,12329125,KINYAU MIXED SECONDARY SCHOOL,C4,PUBLIC,NONE,DAY,MIXED
4637,EASTERN,MACHAKOS,KATHIANI,U9B7,12329130,KISOVO MIXED SECONDARY SCHOOL,C4,PUBLIC,NONE,DAY,MIXED
4638,EASTERN,MACHAKOS,KATHIANI,4ZU3,12329106,KITIE SECONDARY SCHOOL,C4,PUBLIC,NONE,DAY,MIXED
4639,EASTERN,MACHAKOS,KATHIANI,FN3Z,12329115,KITUVU SECONDARY SCHOOL,C4,PUBLIC,NONE,DAY,MIXED
4640,EASTERN,MACHAKOS,KATHIANI,JR9D,12329136,LUMBWA SECONDARY SCHOOL,C4,PUBLIC,NONE,DAY,MIXED
4641,EASTERN,MACHAKOS,KATHIANI,W3HT,12329139,MAANZONI SECONDARY SCHOOL,C4,PUBLIC,NONE,DAY,MIXED
4642,EASTERN,MACHAKOS,KATHIANI,8AH2,12329123,MBEE SECONDARY SCHOOL,C4,PUBLIC,NONE,DAY,MIXED
4643,EASTERN,MACHAKOS,KATHIANI,2H9V,12329120,MBUUNI SECONDARY SCHOOL,C4,PUBLIC,NONE,DAY,MIXED
4644,EASTERN,MACHAKOS,KATHIANI,TE23,12329101,MITABONI ABC GIRLS SECONDARY SCHOOL,C3,PUBLIC,NONE,BOARDING,GIRLS
4645,EASTERN,MACHAKOS,KATHIANI,MZG5,12329102,MITABONI HIGH SCHOOL,C3,PUBLIC,NONE,BOARDING,MIXED
4646,EASTERN,MACHAKOS,KATHIANI,U33F,12329109,MIUMBUNI A.I.C SECONDARY SCHOOL,C4,PUBLIC,NONE,DAY,MIXED
4647,EASTERN,MACHAKOS,KATHIANI,TVDH,12329113,NGIINI SECONDARY SCHOOL,C4,PUBLIC,NONE,DAY,MIXED
4648,EASTERN,MACHAKOS,KATHIANI,Z6LK,12329107,NGOLENI SECONDARY SCHOOL,C4,PUBLIC,NONE,DAY,MIXED
4649,EASTERN,MACHAKOS,KATHIANI,TKDX,12329132,NTHUNGUNI SECONDARY SCHOOL,C4,PUBLIC,NONE,DAY,MIXED
4650,EASTERN,MACHAKOS,KATHIANI,HDJ4,12329129,REV. KITONYI SECONDARY SCHOOL,C4,PUBLIC,NONE,DAY,MIXED
4651,EASTERN,MACHAKOS,KATHIANI,G766,12329110,ST. MARTIN KITHUNGUINI SECONDARY SCHOOL,C4,PUBLIC,NONE,DAY,MIXED
4652,EASTERN,MACHAKOS,KATHIANI,SM9C,12329134,ST.BENEDICTS SECONDARY SCHOOL,C4,PUBLIC,NONE,DAY,MIXED
4653,EASTERN,MACHAKOS,KATHIANI,64J4,12329114,THINU SECONDARY SCHOOL,C4,PUBLIC,NONE,DAY,MIXED
4654,EASTERN,MACHAKOS,KATHIANI,ZGD3,12329119,ST.VINCENT IMILINI SEC.SCHOOL,C4,PUBLIC,NONE,DAY,MIXED
4655,EASTERN,MACHAKOS,MACHAKOS,8TK4,12301741,A I C KIIMA KIMWE SECONDARY SCHOOL,C4,PUBLIC,NONE,DAY,MIXED
4656,EASTERN,MACHAKOS,MACHAKOS,BSNS,12301816,A.I.C NGELANI MIXED SECONDARY SCHOOL,C4,PUBLIC,NONE,DAY,MIXED
4657,EASTERN,MACHAKOS,MACHAKOS,TQQN,12301724,ABC IVETI HILLS SECONDARY SCHOOL,C3,PUBLIC,NONE,DAY,MIXED
4658,EASTERN,MACHAKOS,MACHAKOS,9CFC,12301819,IKOKANI SECONDARY SCHOOL,C4,PUBLIC,NONE,DAY,MIXED
4659,EASTERN,MACHAKOS,MACHAKOS,VSHD,12301797,ILUVYA SECONDARY SCHOOL,C4,PUBLIC,NONE,DAY,MIXED
4660,EASTERN,MACHAKOS,MACHAKOS,R2F9,12301778,KAMUTHANGA SECONDARY SCHOOL,C4,PUBLIC,NONE,DAY,MIXED
4661,EASTERN,MACHAKOS,MACHAKOS,BV4T,12301802,KASEVE SECONDARY SCHOOL,C4,PUBLIC,NONE,DAY,MIXED
4662,EASTERN,MACHAKOS,MACHAKOS,45FF,12301812,KASINGA SECONDARY SCHOOL,C4,PUBLIC,NONE,DAY,MIXED
4663,EASTERN,MACHAKOS,MACHAKOS,LV3N,12301795,KATELEMBO CENTRE OF EXECELLENCE BOYS HIGH,C3,PUBLIC,NONE,BOARDING,BOYS
4664,EASTERN,MACHAKOS,MACHAKOS,FVW5,12301723,KATHEKA KAI SECONDARY SCHOOL,C4,PUBLIC,NONE,DAY,MIXED
4665,EASTERN,MACHAKOS,MACHAKOS,XTMR,12301707,KATOLONI SECONDARY SCHOOL,C3,PUBLIC,NONE,DAY,MIXED
4666,EASTERN,MACHAKOS,MACHAKOS,QC2X,12301783,KEAA ABC SECONDARY SCHOOL,C4,PUBLIC,NONE,DAY,MIXED
4667,EASTERN,MACHAKOS,MACHAKOS,2L49,12301744,KISEVENI DAY SECONDARY SCHOOL,C4,PUBLIC,NONE,DAY,MIXED
4668,EASTERN,MACHAKOS,MACHAKOS,2XXM,12301782,KITEINI SECONDARY SCHOOL,C4,PUBLIC,NONE,DAY,MIXED
4669,EASTERN,MACHAKOS,MACHAKOS,KR9X,12301798,KITHIMA ABC SECONDARY SCHOOL,C4,PUBLIC,NONE,DAY,MIXED
4670,EASTERN,MACHAKOS,MACHAKOS,UW5Z,12301727,KITULU DAY SECONDARY SCHOOL,C4,PUBLIC,NONE,DAY,MIXED
4671,EASTERN,MACHAKOS,MACHAKOS,FEEG,12301718,KWANTHANZE AIC SECONDARY SCHOOL,C3,PUBLIC,NONE,DAY,MIXED
4672,EASTERN,MACHAKOS,MACHAKOS,KMQ4,12301791,KYAANI SECONDARY SCHOOL,C4,PUBLIC,NONE,DAY,MIXED
4673,EASTERN,MACHAKOS,MACHAKOS,FPYE,12301712,KYAMBUKO SECONDARY SCHOOL,C4,PUBLIC,NONE,DAY,MIXED
4674,EASTERN,MACHAKOS,MACHAKOS,Q33V,12301728,KYANDA SECONDARY SCHOOL,C4,PUBLIC,NONE,DAY,MIXED
4675,EASTERN,MACHAKOS,MACHAKOS,5QMA,12301711,KYANGULI MEMORIAL SECONDARY SCHOOL,C3,PUBLIC,NONE,DAY,MIXED
4676,EASTERN,MACHAKOS,MACHAKOS,ZDM9,12301785,KYASILA SECONDARY SCHOOL,C4,PUBLIC,NONE,DAY,MIXED
4677,EASTERN,MACHAKOS,MACHAKOS,7RDQ,12301800,KYEMUTHEKE SECONDARY SCHOOL,C4,PUBLIC,NONE,DAY,MIXED
4678,EASTERN,MACHAKOS,MACHAKOS,3CKG,12301740,KYENI BAPTIST SECONDARY SCHOOL,C4,PUBLIC,NONE,DAY,MIXED
4679,EASTERN,MACHAKOS,MACHAKOS,S6CH,12300001,MACHAKOS BOYS,C1,PUBLIC,NONE,BOARDING,BOYS
4680,EASTERN,MACHAKOS,MACHAKOS,YRLY,12301702,MACHAKOS GIRLS' HIGH SCHOOL,C1,PUBLIC,NONE,BOARDING,GIRLS
4681,EASTERN,MACHAKOS,MACHAKOS,7GES,12301796,MACHAKOS SECONDARY SCHOOL FOR THE DEAF,C1,PUBLIC,NONE,DAY,MIXED
4682,EASTERN,MACHAKOS,MACHAKOS,CWLI,12301742,MACHAKOS TOWNSHIP SECONDARY SCHOOL,C4,PUBLIC,NONE,DAY,MIXED
4683,EASTERN,MACHAKOS,MACHAKOS,4QDD,12301719,MIKUINI SECONDARY SCHOOL,C3,PUBLIC,NONE,DAY,MIXED
4684,EASTERN,MACHAKOS,MACHAKOS,RPG9,12301815,MIWONGONI MIXED DAY SECONDARY SCHOOL,C4,PUBLIC,NONE,DAY,MIXED
4685,EASTERN,MACHAKOS,MACHAKOS,WQEE,12301746,MUA FARM SECONDARY SCHOOL,C4,PUBLIC,NONE,DAY,MIXED
4686,EASTERN,MACHAKOS,MACHAKOS,D38G,12301704,MUA HILLS SECONDARY SCHOOL,C2,PUBLIC,NONE,DAY,MIXED
4687,EASTERN,MACHAKOS,MACHAKOS,REZ5,12301722,MUINDI MBINGU SECONDARY SCHOOL,C3,PUBLIC,NONE,DAY,MIXED
4688,EASTERN,MACHAKOS,MACHAKOS,LX2X,12301734,MUMBUNI GIRLS' SCHOOL,C2,PUBLIC,NONE,BOARDING,GIRLS
4689,EASTERN,MACHAKOS,MACHAKOS,P43T,12301703,MUMBUNI HIGH SCHOOL,C2,PUBLIC,NONE,BOARDING,MIXED
4690,EASTERN,MACHAKOS,MACHAKOS,NHWH,12301777,MUNGALA SECONDARY SCHOOL,C4,PUBLIC,NONE,DAY,MIXED
4691,EASTERN,MACHAKOS,MACHAKOS,AYVP,12301807,MUVUTI GIRLS SECONDARY SCHOOL,C3,PUBLIC,NONE,BOARDING,GIRLS
4692,EASTERN,MACHAKOS,MACHAKOS,SUUQ,12301713,MUVUTI SECONDARY SCHOOL,C3,PUBLIC,NONE,DAY,MIXED
4693,EASTERN,MACHAKOS,MACHAKOS,5WCV,12301710,NGELANI HIGH SCHOOL,C2,PUBLIC,NONE,BOARDING,MIXED
4694,EASTERN,MACHAKOS,MACHAKOS,5A6D,12301716,NGOMENI SECONDARY SCHOOL,C4,PUBLIC,NONE,DAY,MIXED
4695,EASTERN,MACHAKOS,MACHAKOS,HA83,12301786,S.A MUTITUNI SECONDARY SCHOOL,C4,PUBLIC,NONE,DAY,MIXED
4696,EASTERN,MACHAKOS,MACHAKOS,G3XU,12301808,ST. BERNARD MAKYAU SECONDARY SCHOOL,C4,PUBLIC,NONE,DAY,MIXED
4697,EASTERN,MACHAKOS,MACHAKOS,7TN9,12301804,ST. PATRICKS METUMA SECONDARY SCHOOL,C4,PUBLIC,NONE,DAY,MIXED
4698,EASTERN,MACHAKOS,MACHAKOS,3YE7,12301768,UPPER KITANGA SECONDARY SCHOOL,C4,PUBLIC,NONE,DAY,MIXED
4699,EASTERN,MACHAKOS,MACHAKOS,B7R4,12301811,VOTA SECONDARY SCHOOL,C4,PUBLIC,NONE,DAY,MIXED
4700,EASTERN,MACHAKOS,MASINGA,7H7P,12343327,EENDEI SECONDARY SCHOOL,C4,PUBLIC,NONE,DAY,MIXED
4701,EASTERN,MACHAKOS,MASINGA,76XD,12343333,IELANTHI MIXED SECONDARY SCHOOL,C4,PUBLIC,NONE,DAY,MIXED
4702,EASTERN,MACHAKOS,MASINGA,GB9R,12343304,IIANI MIXED SECONDARY SCHOOL,C4,PUBLIC,NONE,DAY,MIXED
4703,EASTERN,MACHAKOS,MASINGA,5JHJ,12343311,IKATINI SECONDARY SCHOOL,C4,PUBLIC,NONE,DAY,MIXED
4704,EASTERN,MACHAKOS,MASINGA,EG8U,12343340,ISYUKONI MIXED SECONDARY SCHOOL,C4,PUBLIC,NONE,DAY,MIXED
4705,EASTERN,MACHAKOS,MASINGA,H6BY,12343348,IUUMA SECONDARY SCHOOL,C4,PUBLIC,NONE,DAY,MIXED
4706,EASTERN,MACHAKOS,MASINGA,AZBU,12343309,KAEWA MIXED SECONDARY SCHOOL,C4,PUBLIC,NONE,DAY,MIXED
4707,EASTERN,MACHAKOS,MASINGA,MV8Y,12343332,KAKUKU SECONDARY SCHOOL,C4,PUBLIC,NONE,DAY,MIXED
4708,EASTERN,MACHAKOS,MASINGA,WBZV,12343331,KAMUNYU SECONDARY SCHOOL,C4,PUBLIC,NONE,DAY,MIXED
4709,EASTERN,MACHAKOS,MASINGA,TYZ5,12343346,KANGONDE SECONDARY SCHOOL,C4,PUBLIC,NONE,DAY,MIXED
4710,EASTERN,MACHAKOS,MASINGA,PCCN,12343345,KAONYWENI SECONDARY SCHOOL,C4,PUBLIC,NONE,DAY,MIXED
4711,EASTERN,MACHAKOS,MASINGA,HN54,12343318,KASEVE SECONDARY SCHOOL,C4,PUBLIC,NONE,DAY,MIXED
4712,EASTERN,MACHAKOS,MASINGA,EB8G,12343330,KASUVILO SECONDARY SCHOOL,C4,PUBLIC,NONE,DAY,MIXED
4713,EASTERN,MACHAKOS,MASINGA,JQD3,12343326,KATHINI SECONDARY SCHOOL,C4,PUBLIC,NONE,DAY,MIXED
4714,EASTERN,MACHAKOS,MASINGA,89F4,12343343,KATHUI SECONDARY SCHOOL,C4,PUBLIC,NONE,DAY,MIXED
4715,EASTERN,MACHAKOS,MASINGA,XNFL,12343319,KATHUKINI SECONDARY SCHOOL,C4,PUBLIC,NONE,DAY,MIXED
4716,EASTERN,MACHAKOS,MASINGA,5AUU,12343324,KIATINENI MIXED DAY SECONDARY SCHOOL,C4,PUBLIC,NONE,DAY,MIXED
4717,EASTERN,MACHAKOS,MASINGA,KNRG,12343337,KIKOMBA SECONDARY SCHOOL,C4,PUBLIC,NONE,DAY,MIXED
4718,EASTERN,MACHAKOS,MASINGA,H576,12343336,KIKULE MIXED DAY SECONDARY SCHOOL,C4,PUBLIC,NONE,DAY,MIXED
4719,EASTERN,MACHAKOS,MASINGA,TNGM,12343305,KIKUMINI HIGH SCHOOL,C4,PUBLIC,NONE,BOARDING,MIXED
4720,EASTERN,MACHAKOS,MASINGA,W8GB,12343350,KISEUNI SECONDARY SCHOOL,C4,PUBLIC,NONE,DAY,MIXED
4721,EASTERN,MACHAKOS,MASINGA,PRG8,12343308,KITANGANI SECONDARY SCHOOL,C4,PUBLIC,NONE,DAY,MIXED
4722,EASTERN,MACHAKOS,MASINGA,YYPL,12343349,KITHONI MIXED SECONDARY SCHOOL,C4,PUBLIC,NONE,DAY,MIXED
4723,EASTERN,MACHAKOS,MASINGA,KW83,12343315,KITHYOKO SECONDARY SCHOOL,C3,PUBLIC,NONE,DAY,MIXED
4724,EASTERN,MACHAKOS,MASINGA,WRK8,12343347,KITUNENI SECONDARY SCHOOL,C4,PUBLIC,NONE,DAY,MIXED
4725,EASTERN,MACHAKOS,MASINGA,UAKS,12343303,KIVAA SECONDARY SCHOOL,C3,PUBLIC,NONE,DAY,MIXED
4726,EASTERN,MACHAKOS,MASINGA,LSZE,12343317,KWAWANZILU MIXED DAY SECONDARY SCHOOL,C4,PUBLIC,NONE,DAY,MIXED
4727,EASTERN,MACHAKOS,MASINGA,K89K,12343334,KYEETENI SECONDARY SCHOOL,C4,PUBLIC,NONE,DAY,MIXED
4728,EASTERN,MACHAKOS,MASINGA,ST8Q,12343338,KYONDONI SECONDARY SCHOOL,C4,PUBLIC,NONE,DAY,MIXED
4729,EASTERN,MACHAKOS,MASINGA,UNWL,12343322,MANANJA SECONDARY SCHOOL,C4,PUBLIC,NONE,DAY,MIXED
4730,EASTERN,MACHAKOS,MASINGA,Y7WL,12343353,MASAKU SECONDARY SCHOOL,C4,PUBLIC,NONE,DAY,MIXED
4731,EASTERN,MACHAKOS,MASINGA,X5A4,12343301,MASINGA BOYS SECONDARY SCHOOL,C2,PUBLIC,NONE,BOARDING,BOYS
4732,EASTERN,MACHAKOS,MASINGA,PQQX,12343312,MATHAUTA MIXED SECONDARY SCHOOL,C4,PUBLIC,NONE,DAY,MIXED
4733,EASTERN,MACHAKOS,MASINGA,R3NR,12343335,MIKUYUNI MIXED SECONDARY SCHOOL,C4,PUBLIC,NONE,DAY,MIXED
4734,EASTERN,MACHAKOS,MASINGA,R5TS,12343323,MILAANI MIXED SECONDARY SCHOOL,C4,PUBLIC,NONE,DAY,MIXED
4735,EASTERN,MACHAKOS,MASINGA,FECU,12343328,MUKUSU SECONDARY SCHOOL,C4,PUBLIC,NONE,DAY,MIXED
4736,EASTERN,MACHAKOS,MASINGA,CUSJ,12343342,MURIFARM MIXED DAY SECONDARY SCHOOL,C4,PUBLIC,NONE,DAY,MIXED
4737,EASTERN,MACHAKOS,MASINGA,QAS6,12343355,MUTHEMBWA MIXED DAY SECONDARY SCHOOL,C4,PUBLIC,NONE,DAY,MIXED
4738,EASTERN,MACHAKOS,MASINGA,EYTF,12343354,MUTHESYA SECONDARY SCHOOL,C4,PUBLIC,NONE,DAY,MIXED
4739,EASTERN,MACHAKOS,MASINGA,VFHF,12343339,MUTWAMWAKI SECONDARY SCHOOL,C4,PUBLIC,NONE,DAY,MIXED
4740,EASTERN,MACHAKOS,MASINGA,X7FJ,12343321,NDITHINI SECONDARY SCHOOL,C4,PUBLIC,NONE,DAY,MIXED
4741,EASTERN,MACHAKOS,MASINGA,ZL3H,12343307,NGUKEMWE HIGH SCHOOL,C4,PUBLIC,NONE,BOARDING,MIXED
4742,EASTERN,MACHAKOS,MASINGA,F2NT,12343310,NZUKINI SECONDARY SCHOOL,C4,PUBLIC,NONE,DAY,MIXED
4743,EASTERN,MACHAKOS,MASINGA,Z6VV,12343320,ST JOHN`S IIANI SECONDARY SCHOOL,C4,PUBLIC,NONE,DAY,MIXED
4744,EASTERN,MACHAKOS,MASINGA,59TM,12343302,ST. JOSEPHINE BAKHITA MASINGA GIRLS' HIGH SCHOOL,C2,PUBLIC,NONE,BOARDING,GIRLS
4745,EASTERN,MACHAKOS,MASINGA,48H2,12343313,ST. MARTIN DE-PORRES EKALAKALA SECONDARY SCHOOL,C4,PUBLIC,NONE,DAY,MIXED
4746,EASTERN,MACHAKOS,MASINGA,JL99,12343352,ST. MICHAEL SECONDARY SCHOOL,C4,PUBLIC,NONE,DAY,MIXED
4747,EASTERN,MACHAKOS,MASINGA,D6VF,12343344,ST. STEPHEN MUSUMAA SECONDARY SCHOOL,C4,PUBLIC,NONE,DAY,MIXED
4748,EASTERN,MACHAKOS,MASINGA,U7E8,12343306,ST.PETER MUSINGINI SECONDARY SCHOOL,C4,PUBLIC,NONE,DAY,MIXED
4749,EASTERN,MACHAKOS,MASINGA,AJ9Y,12343325,TANA BRIDGE SECONDARY SCHOOL,C4,PUBLIC,NONE,DAY,MIXED
4750,EASTERN,MACHAKOS,MASINGA,VM9Q,12343316,THATHA SECONDARY SCHOOL,C3,PUBLIC,NONE,DAY,MIXED
4751,EASTERN,MACHAKOS,MASINGA,WB4C,12343329,ULUTYA MIXED DAY SECONDARY SCHOOL,C4,PUBLIC,NONE,DAY,MIXED
4752,EASTERN,MACHAKOS,MASINGA,K9UL,12343351,WAMBOO SECONDARY SCHOOL,C4,PUBLIC,NONE,DAY,MIXED
4753,EASTERN,MACHAKOS,MATUNGULU,CKU7,12345518,A I C ITHEUNI SECONDARY SCHOOL,C4,PUBLIC,NONE,DAY,MIXED
4754,EASTERN,MACHAKOS,MATUNGULU,YKYX,12345529,A I C MWATATI SECONDARY SCHOOL,C4,PUBLIC,NONE,DAY,MIXED
4755,EASTERN,MACHAKOS,MATUNGULU,TPFZ,12345527,ABC KAMBUSU SECONDARY SCHOOL,C4,PUBLIC,NONE,DAY,MIXED
4756,EASTERN,MACHAKOS,MATUNGULU,XPQY,12345543,ACK MUKENGESYA MIXED SECONDARY SCHOOL,C4,PUBLIC,NONE,DAY,MIXED
4757,EASTERN,MACHAKOS,MATUNGULU,N8H5,12345509,FR. HEERAN SECONDARY SCHOOL,C3,PUBLIC,NONE,DAY,MIXED
4758,EASTERN,MACHAKOS,MATUNGULU,UEDG,12345513,KALANDINI SECONDARY SCHOOL,C4,PUBLIC,NONE,DAY,MIXED
4759,EASTERN,MACHAKOS,MATUNGULU,E9J3,12345507,KATWANYAA SECONDARY SCHOOL,C3,PUBLIC,NONE,DAY,MIXED
4760,EASTERN,MACHAKOS,MATUNGULU,38T3,12345326,KAYATTA SECONDARY SCHOOL,C4,PUBLIC,NONE,DAY,MIXED
4761,EASTERN,MACHAKOS,MATUNGULU,KSF7,12345516,KIBOKO SECONDARY SCHOOL,C4,PUBLIC,NONE,DAY,MIXED
4762,EASTERN,MACHAKOS,MATUNGULU,JWVD,12345542,KIKAATINI SECONDARY SCHOOL,C4,PUBLIC,NONE,DAY,MIXED
4763,EASTERN,MACHAKOS,MATUNGULU,NRNC,12345502,KINYUI BOYS SECONDARY SCHOOL,C3,PUBLIC,NONE,BOARDING,BOYS
4764,EASTERN,MACHAKOS,MATUNGULU,PQEK,12345505,KINYUI GIRLS SA SECONDARY SCHOOL,C3,PUBLIC,NONE,BOARDING,GIRLS
4765,EASTERN,MACHAKOS,MATUNGULU,J9BL,12345514,KISUKIONI SECONDARY SCHOOL,C3,PUBLIC,NONE,DAY,MIXED
4766,EASTERN,MACHAKOS,MATUNGULU,FGEF,12345517,KITHUANI SECONDARY SCHOOL,C4,PUBLIC,NONE,DAY,MIXED
4767,EASTERN,MACHAKOS,MATUNGULU,CYCC,12345531,KYAMULENDU SECONDARY SCHOOL,C4,PUBLIC,NONE,DAY,MIXED
4768,EASTERN,MACHAKOS,MATUNGULU,FAKQ,12345538,KYAUME MIXED SECONDARY SCHOOL,C4,PUBLIC,NONE,DAY,MIXED
4769,EASTERN,MACHAKOS,MATUNGULU,2WEW,12345533,KYELENI SECONDARY SCHOOL,C4,PUBLIC,NONE,DAY,MIXED
4770,EASTERN,MACHAKOS,MATUNGULU,MBY5,12345550,MATHEINI S.A SECONDARY SCHOOL,C4,PUBLIC,NONE,DAY,MIXED
4771,EASTERN,MACHAKOS,MATUNGULU,F2U6,12345503,MATUNGULU GIRLS SCHOOL,C2,PUBLIC,NONE,BOARDING,GIRLS
4772,EASTERN,MACHAKOS,MATUNGULU,SBLF,12345525,MATUU WENDANO SECONDARY SCHOOL,C4,PUBLIC,NONE,DAY,MIXED
4773,EASTERN,MACHAKOS,MATUNGULU,KMJD,12345549,MBUNI S.A SECONDARY SCHOOL,C4,PUBLIC,NONE,DAY,MIXED
4774,EASTERN,MACHAKOS,MATUNGULU,PGK5,12345540,MUKALWA SECONDARY SCHOOL,C4,PUBLIC,NONE,DAY,MIXED
4775,EASTERN,MACHAKOS,MATUNGULU,7D6S,12345534,MUUMONI S.A KIAMBA SECONDARY SCHOOL,C4,PUBLIC,NONE,DAY,MIXED
4776,EASTERN,MACHAKOS,MATUNGULU,R2TY,12345530,S.A NGULUNI SECONDARY SCHOOL,C4,PUBLIC,NONE,DAY,MIXED
4777,EASTERN,MACHAKOS,MATUNGULU,CET5,12345504,SENGANI SECONDARY SCHOOL,C2,PUBLIC,NONE,DAY,MIXED
4778,EASTERN,MACHAKOS,MATUNGULU,8PX7,12345535,ST. FRANCIS OF ASSISI KWATOMBE SECONDARY SCHOOL,C4,PUBLIC,NONE,DAY,MIXED
4779,EASTERN,MACHAKOS,MATUNGULU,PL9G,12345512,ST. JOHN KATULYE SECONDARY SCHOOL,C4,PUBLIC,NONE,DAY,MIXED
4780,EASTERN,MACHAKOS,MATUNGULU,7YBS,12345523,ST. JOSEPH KIKUYUNI MIXED SECONDARY SCHOOL,C4,PUBLIC,NONE,DAY,MIXED
4781,EASTERN,MACHAKOS,MATUNGULU,XXN4,12345511,ST. JOSEPHS' KATHEKA SECONDARY,C4,PUBLIC,NONE,DAY,MIXED
4782,EASTERN,MACHAKOS,MATUNGULU,PD5K,12345556,ST. JUDE SECONDARY SCHOOL-KWAMUTU,C4,PUBLIC,NONE,DAY,MIXED
4783,EASTERN,MACHAKOS,MATUNGULU,D2VK,12345520,ST. MARTINS KITHUIANI SECONDARY SCHOOL,C4,PUBLIC,NONE,DAY,MIXED
4784,EASTERN,MACHAKOS,MATUNGULU,CJT9,12345515,ST. TERESA SECONDARY SCHOOL - SYANTHI,C4,PUBLIC,NONE,DAY,MIXED
4785,EASTERN,MACHAKOS,MATUNGULU,LKXE,12345521,ST.BENEDICT KIMANZA MIXED SECONDARY SCHOOL,C4,PUBLIC,NONE,DAY,MIXED
4786,EASTERN,MACHAKOS,MATUNGULU,DJ69,12345508,TALA GIRLS SECONDARY SCHOOL,C2,PUBLIC,NONE,BOARDING,GIRLS
4787,EASTERN,MACHAKOS,MATUNGULU,NWXY,12345501,TALA HIGH SCHOOL,C1,PUBLIC,NONE,BOARDING,MIXED
4788,EASTERN,MACHAKOS,MATUNGULU,T2FB,12345553,THE S.A KATINE SECONDARY SCHOOL,C4,PUBLIC,NONE,DAY,MIXED
4789,EASTERN,MACHAKOS,MATUNGULU,AQ2X,12345510,UAMANI SECONDARY SCHOOL,C4,PUBLIC,NONE,DAY,MIXED
4844,EASTERN,MACHAKOS,,MWALA,7292,12314241 ST STEPHEN MUSAALANI SECONDARY SCHOOL,C4,PUBLIC,NONE,DAY,MIXED
4965,EASTERN,MAKUENI,KATHONZWENI,8HKS,18335404,A.C.K ST. JOSEPH'S MAAUELI SECONDARY SCHOOL,C4,PUBLIC,NONE,DAY,MIXED
4966,EASTERN,MAKUENI,KATHONZWENI,UVRC,18335406,ACK KITEEI SECONDARY SCHOOL,C4,PUBLIC,NONE,DAY,MIXED
4967,EASTERN,MAKUENI,KATHONZWENI,274A,18335301,AIC MAVINDINI BOYS SECONDARY SCHOOL,C3,PUBLIC,NONE,BOARDING,BOYS
4968,EASTERN,MAKUENI,KATHONZWENI,E9FF,18335309,AIC MAVINDINI GIRLS SECONDARY SCHOOL,C4,PUBLIC,NONE,BOARDING,GIRLS
4969,EASTERN,MAKUENI,KATHONZWENI,GUPT,18335107,IIANI SECONDARY SCHOOL,C4,PUBLIC,NONE,DAY,MIXED
4970,EASTERN,MAKUENI,KATHONZWENI,JBRS,18335203,KAASYA SECONDARY SCHOOL,C4,PUBLIC,NONE,DAY,MIXED
4971,EASTERN,MAKUENI,KATHONZWENI,FT5W,18335409,KANTHIITU SECONDARY SCHOOL,C4,PUBLIC,NONE,DAY,MIXED
4972,EASTERN,MAKUENI,KATHONZWENI,7S48,18335302,KANTHUNI SECONDARY SCHOOL,C4,PUBLIC,NONE,DAY,MIXED
4973,EASTERN,MAKUENI,KATHONZWENI,VCRL,18335101,KANZOKEANI SECONDARY SCHOOL,C4,PUBLIC,NONE,DAY,MIXED
4974,EASTERN,MAKUENI,KATHONZWENI,Q38T,18335408,KATANGINI MIXED DAY SECONDARY SCHOOL,C4,PUBLIC,NONE,DAY,MIXED
4975,EASTERN,MAKUENI,KATHONZWENI,JHUV,18335204,KATHAMBONI SECONDARY SCHOOL,C4,PUBLIC,NONE,DAY,MIXED
4976,EASTERN,MAKUENI,KATHONZWENI,EGSX,18335208,KATHONZWENI GIRLS SECONDARY SCHOOL,C3,PUBLIC,NONE,BOARDING,GIRLS
4977,EASTERN,MAKUENI,KATHONZWENI,6MG3,18335306,KATITHI SECONDARY SCHOOL,C4,PUBLIC,NONE,DAY,MIXED
4978,EASTERN,MAKUENI,KATHONZWENI,ECXK,18335106,KIUUKU MIXED DAY SECONDARY SCHOOL,C4,PUBLIC,NONE,DAY,MIXED
4979,EASTERN,MAKUENI,KATHONZWENI,ERQY,18335210,KWAKAVISI MIXED SECONDARY SCHOOL,C4,PUBLIC,NONE,DAY,MIXED
4980,EASTERN,MAKUENI,KATHONZWENI,3NA2,18335108,KYASE SECONDARY SCHOOL,C4,PUBLIC,NONE,DAY,MIXED
4981,EASTERN,MAKUENI,KATHONZWENI,GW2K,18335104,MATHEANI SECONDARY SCHOOL,C4,PUBLIC,NONE,DAY,MIXED
4982,EASTERN,MAKUENI,KATHONZWENI,Z8B7,18335405,MUNATHI SECONDARY SCHOOL,C4,PUBLIC,NONE,DAY,MIXED
4983,EASTERN,MAKUENI,KATHONZWENI,AKDK,18335412,MUTHWANI SECONDARY SCHOOL - KIANGINI,C4,PUBLIC,NONE,DAY,MIXED
4984,EASTERN,MAKUENI,KATHONZWENI,CEGF,18335304,MUUSINI SECONDARY SCHOOL,C4,PUBLIC,NONE,DAY,MIXED
4985,EASTERN,MAKUENI,KATHONZWENI,STVH,18335206,ST AUGUSTINE ITUMBULE SECONDARY SCHOOL,C4,PUBLIC,NONE,DAY,MIXED
4986,EASTERN,MAKUENI,KATHONZWENI,CLXF,18335411,ST MARY'S KYUNYU SECONDARY SCHOOL,C4,PUBLIC,NONE,DAY,MIXED
4987,EASTERN,MAKUENI,KATHONZWENI,APQQ,18335102,ST PETER CLAVER'S SECONDARY SCHOOL-KITHUKI,C3,PUBLIC,NONE,DAY,MIXED
4988,EASTERN,MAKUENI,KATHONZWENI,JPJL,18335401,ST. BAKHITA GIRLS-KIANGINI,C3,PUBLIC,NONE,BOARDING,GIRLS
4989,EASTERN,MAKUENI,KATHONZWENI,RD7F,18335402,ST. DOMINIC KITISE SECONDARY SCHOOL,C4,PUBLIC,NONE,DAY,MIXED
4990,EASTERN,MAKUENI,KATHONZWENI,E9ZH,18335410,ST. FRANCIS MANZANI SECONDARY SCHOOL,C4,PUBLIC,NONE,DAY,MIXED
4991,EASTERN,MAKUENI,KATHONZWENI,Q8HQ,18335209,ST. IGNATIUS SECONDARY SCHOOL - MATHEMBA,C4,PUBLIC,NONE,DAY,MIXED
4992,EASTERN,MAKUENI,KATHONZWENI,CFLN,18335307,ST. JOSEPH KITUMBAI SECONDARY SCHOOL,C4,PUBLIC,NONE,DAY,MIXED
4993,EASTERN,MAKUENI,KATHONZWENI,NYWK,18335205,ST. JOSEPH'S IKAASU SECONDARY SCHOOL,C4,PUBLIC,NONE,DAY,MIXED
4994,EASTERN,MAKUENI,KATHONZWENI,VGF9,18335308,ST. JUDE GIRLS SECONDARY SCHOOL,C3,PUBLIC,NONE,BOARDING,GIRLS
4995,EASTERN,MAKUENI,KATHONZWENI,RW5X,18335201,ST. MARTIN KATHONZWENI SCHOOL,C2,PUBLIC,NONE,DAY,MIXED
4996,EASTERN,MAKUENI,KATHONZWENI,VQ4G,18335403,ST. MICHAEL MBUVO SECONDARY SCHOOL,C4,PUBLIC,NONE,DAY,MIXED
4997,EASTERN,MAKUENI,KATHONZWENI,D4Q4,18335407,ST. PETER ATHIANI SECONDARY SCHOOL,C4,PUBLIC,NONE,DAY,MIXED
4998,EASTERN,MAKUENI,KATHONZWENI,PAZV,18335305,ST. STEPHEN KANYONGA SECONDARY SCHOOL,C4,PUBLIC,NONE,DAY,MIXED
4999,EASTERN,MAKUENI,KATHONZWENI,V6BU,18335202,ST. THOMAS KAVINGONI SECONDARY SCHOOL,C4,PUBLIC,NONE,DAY,MIXED
5000,EASTERN,MAKUENI,KATHONZWENI,5GU2,18335211,THAVU SECONDARY SCHOOL,C4,PUBLIC,NONE,DAY,MIXED
5001,EASTERN,MAKUENI,KATHONZWENI,KXA8,18335310,UIINI SECONDARY SCHOOL,C4,PUBLIC,NONE,DAY,MIXED
5002,EASTERN,MAKUENI,KATHONZWENI,YKJP,18335105,YEKANGA SECONDARY SCHOOL,C4,PUBLIC,NONE,DAY,MIXED
5003,EASTERN,MAKUENI,KATHONZWENI,FMM6,18335303,YEMULWA SECONDARY SCHOOL,C4,PUBLIC,NONE,DAY,MIXED
5004,EASTERN,MAKUENI,KATHONZWENI,PUY8,18335103,YINTHUNGU SECONDARY SCHOOL,C4,PUBLIC,NONE,DAY,MIXED
5005,EASTERN,MAKUENI,KIBWEZI,SYVJ,18325211,ITHUMULA SECONDARY SCHOOL,C4,PUBLIC,NONE,DAY,MIXED
5006,EASTERN,MAKUENI,KIBWEZI,CEK8,18325201,KALULINI BOYS' HIGH SCHOOL,C2,PUBLIC,NONE,BOARDING,BOYS
5007,EASTERN,MAKUENI,KIBWEZI,RXG3,18325212,KALUNGU SECONDARY SCHOOL,C4,PUBLIC,NONE,DAY,MIXED
5008,EASTERN,MAKUENI,KIBWEZI,77R3,18325207,KATHYAKA SECONDARY SCHOOL,C3,PUBLIC,NONE,DAY,MIXED
5009,EASTERN,MAKUENI,KIBWEZI,CMWF,18325204,KIAONI SECONDARY SCHOOL,C4,PUBLIC,NONE,DAY,MIXED
5010,EASTERN,MAKUENI,KIBWEZI,69RE,18325219,KISAYANI GIRLS SECONDARY SCHOOL,C4,PUBLIC,NONE,BOARDING,GIRLS
5011,EASTERN,MAKUENI,KIBWEZI,B45X,18325205,KISAYANI SECONDARY SCHOOL,C3,PUBLIC,NONE,DAY,MIXED
5012,EASTERN,MAKUENI,KIBWEZI,W9ZE,18325309,KITHYULULU SECONDARY SCHOOL,C3,PUBLIC,NONE,DAY,MIXED
5013,EASTERN,MAKUENI,KIBWEZI,AGQH,18325206,KYANGINYWA HIGH SCHOOL,C3,PUBLIC,NONE,BOARDING,MIXED
5014,EASTERN,MAKUENI,KIBWEZI,5BU4,18325310,KYANGULI SECONDARY SCHOOL-KIBWEZI,C4,PUBLIC,NONE,DAY,MIXED
5015,EASTERN,MAKUENI,KIBWEZI,7H65,18325313,MAKUTANO SECONDARY SCHOOL,C4,PUBLIC,NONE,DAY,MIXED
5016,EASTERN,MAKUENI,KIBWEZI,NH6B,18325304,MASAKU NDOGO SECONDARY SCHOOL,C4,PUBLIC,NONE,DAY,MIXED
5017,EASTERN,MAKUENI,KIBWEZI,PES8,18325213,MASALANI SECONDARY SCHOOL,C4,PUBLIC,NONE,DAY,MIXED
5018,EASTERN,MAKUENI,KIBWEZI,N9NG,18325220,MATINGA SECONDARY SCHOOL,C4,PUBLIC,NONE,DAY,MIXED
5019,EASTERN,MAKUENI,KIBWEZI,QLVL,18325208,MIKUYUNI MIXED SECONDARY SCHOOL,C4,PUBLIC,NONE,DAY,MIXED
5020,EASTERN,MAKUENI,KIBWEZI,62GV,18325306,NDAUNI SECONDARY SCHOOL,C4,PUBLIC,NONE,DAY,MIXED
5021,EASTERN,MAKUENI,KIBWEZI,GQL6,18325216,NGAIKINI SECONDARY SCHOOL,C4,PUBLIC,NONE,DAY,MIXED
5022,EASTERN,MAKUENI,KIBWEZI,9DJN,18325218,NGOKOLANI SECONDARY SCHOL,C4,PUBLIC,NONE,DAY,MIXED
5023,EASTERN,MAKUENI,KIBWEZI,EA47,18325217,NTHONGONI SECONDARY SCHOOL,C4,PUBLIC,NONE,DAY,MIXED
5024,EASTERN,MAKUENI,KIBWEZI,HSHS,18325215,NYAYO SECONDARY SCHOOL,C4,PUBLIC,NONE,DAY,MIXED
5025,EASTERN,MAKUENI,KIBWEZI,VWYN,18325202,ST PETER'S THANGE SECONDARY SCHOOL,C4,PUBLIC,NONE,DAY,MIXED
5026,EASTERN,MAKUENI,KIBWEZI,CXPV,18325209,ST. JOSEPH'S GIRLS SECONDARY KIBWEZI,C1,PUBLIC,NONE,BOARDING,GIRLS
5027,EASTERN,MAKUENI,KIBWEZI,525C,18325308,ST. MARTINS KYUMANI SECONDARY SCHOOL,C4,PUBLIC,NONE,DAY,MIXED
5028,EASTERN,MAKUENI,KIBWEZI,CNEX,18325203,ST. MARY'S GIRLS HIGH SCHOOL KINYAMBU,C3,PUBLIC,NONE,BOARDING,GIRLS
5029,EASTERN,MAKUENI,KIBWEZI,YXKC,18325210,ST.SIMON MBUI NZAU SECONDARY SCHOOL,C4,PUBLIC,NONE,DAY,MIXED
5030,EASTERN,MAKUENI,KIBWEZI,XTNW,18325305,ULILINZI SECONDARY SCHOOL,C4,PUBLIC,NONE,DAY,MIXED
5031,EASTERN,MAKUENI,KIBWEZI,C6CW,18325317,USALAMA SECONDARY SCHOOL,C4,PUBLIC,NONE,DAY,MIXED
5032,EASTERN,MAKUENI,KIBWEZI,7A9P,18325315,UTINI MIXED DAY SECONDARY SCHOOL,C4,PUBLIC,NONE,DAY,MIXED
5033,EASTERN,MAKUENI,KILUNGU,BWUR,18336208,A.C.K KYAKATONI SECONDARY SCHOOL,C4,PUBLIC,NONE,DAY,MIXED
5034,EASTERN,MAKUENI,KILUNGU,LBMH,18336111,A.I.C KAVATANZOU SECONDARY SCHOOL,C4,PUBLIC,NONE,DAY,MIXED
5035,EASTERN,MAKUENI,KILUNGU,5AJH,18336109,A.I.C NUNGUNI SECONDARY SCHOOL,C4,PUBLIC,NONE,DAY,MIXED
5036,EASTERN,MAKUENI,KILUNGU,4BYQ,18336114,ACK ST. JOHNS KISEKINI SECONDARY SCHOOL,C4,PUBLIC,NONE,DAY,MIXED
5037,EASTERN,MAKUENI,KILUNGU,NU9S,18336112,AIC KISYULYA SECONDARY SCHOOL,C4,PUBLIC,NONE,DAY,MIXED
5038,EASTERN,MAKUENI,KILUNGU,E9G5,18336210,AIC MUMBUNI MIXED SECONDARY SCHOOL,C4,PUBLIC,NONE,DAY,MIXED
5039,EASTERN,MAKUENI,KILUNGU,42PU,18336204,AIC MWAANI-ILIMA SECONDARY SCHOOL,C3,PUBLIC,NONE,DAY,MIXED
5040,EASTERN,MAKUENI,KILUNGU,S7BC,18336205,ENGAVU SECONDARY SCHOOL,C4,PUBLIC,NONE,DAY,MIXED
5041,EASTERN,MAKUENI,KILUNGU,FC3L,18336110,IKALYONI SECONDARY SCHOOL,C4,PUBLIC,NONE,DAY,MIXED
5042,EASTERN,MAKUENI,KILUNGU,JLM5,18336106,INYOKONI SECONDARY SCHOOL,C3,PUBLIC,NONE,DAY,MIXED
5043,EASTERN,MAKUENI,KILUNGU,EXLA,18336201,ISOVYA SECONDARY SCHOOL,C4,PUBLIC,NONE,DAY,MIXED
5044,EASTERN,MAKUENI,KILUNGU,R6XM,18336203,KATIKOMU SECONDARY SCHOOL,C4,PUBLIC,NONE,DAY,MIXED
5045,EASTERN,MAKUENI,KILUNGU,5HR3,18336107,KATULYE S.A. SECONDARY SCHOOL,C4,PUBLIC,NONE,DAY,MIXED
5046,EASTERN,MAKUENI,KILUNGU,YBYY,18336103,KILUNGU BOYS HIGH SCHOOL,C3,PUBLIC,NONE,BOARDING,BOYS
5047,EASTERN,MAKUENI,KILUNGU,45P2,18336105,KITHANGATHINI SECONDARY SCHOOL,C4,PUBLIC,NONE,DAY,MIXED
5048,EASTERN,MAKUENI,KILUNGU,Y5BJ,18336207,KYAMUOSO CENTRAL SECONDARY SCHOOL,C4,PUBLIC,NONE,DAY,MIXED
5049,EASTERN,MAKUENI,KILUNGU,DWEA,18336202,NDOLO SECONDARY SCHOOL,C3,PUBLIC,NONE,DAY,MIXED
5050,EASTERN,MAKUENI,KILUNGU,G9D5,18336101,PRECIOUS BLOOD SECONDARY SCHOOL - KILUNGU,C1,PUBLIC,NONE,DAY,MIXED
5051,EASTERN,MAKUENI,KILUNGU,QUBP,18336206,ST PAUL'S KYANG'A SECONDARY SCHOOL,C4,PUBLIC,NONE,DAY,MIXED
5052,EASTERN,MAKUENI,KILUNGU,EABJ,18336209,ST. MONICA WAUTU SECONDARY SCHOOL,C4,PUBLIC,NONE,DAY,MIXED
5053,EASTERN,MAKUENI,KILUNGU,CV3A,18336108,ST. PATRICK'S KYAMATHEKA SECONDARY SCHOOL,C4,PUBLIC,NONE,DAY,MIXED
5054,EASTERN,MAKUENI,KILUNGU,QDRY,18336113,ST. STEPHEN MUSALALA SECONDARY SCHOOL,C4,PUBLIC,NONE,DAY,MIXED
5055,EASTERN,MAKUENI,KILUNGU,E5YP,18336104,ST.LUCIA GIRLS' HIGH SCHOOL- KAUTI,C3,PUBLIC,NONE,BOARDING,GIRLS
5056,EASTERN,MAKUENI,KILUNGU,ALYV,18336102,ST.THOMAS AQUINAS BOYS THOMEANDU SECONDARY SCHOOL,C2,PUBLIC,NONE,BOARDING,BOYS
5057,EASTERN,MAKUENI,MAKINDU,ETG8,18348118,ACK ILATU SECONDARY SCHOOL,C4,PUBLIC,NONE,DAY,MIXED
5058,EASTERN,MAKUENI,MAKINDU,AUTZ,18348129,KAGII SECONDARY SCHOOL,C4,PUBLIC,NONE,DAY,MIXED
5059,EASTERN,MAKUENI,MAKINDU,E9TE,18348131,KALII SECONDARY SCHOOL,C4,PUBLIC,NONE,DAY,MIXED
5060,EASTERN,MAKUENI,MAKINDU,AAMS,18348104,KAMBOO SECONDARY SCHOOL,C4,PUBLIC,NONE,DAY,MIXED
5061,EASTERN,MAKUENI,MAKINDU,26RN,18348132,KANAANI MIXED SECONDARY SCHOOL,C4,PUBLIC,NONE,DAY,MIXED
5062,EASTERN,MAKUENI,MAKINDU,3LV4,18348122,KATULANI SECONDARY SCHOOL,C4,PUBLIC,NONE,DAY,MIXED
5063,EASTERN,MAKUENI,MAKINDU,8LN3,18348116,KAUNGUNI SECONDARY SCHOOL,C4,PUBLIC,NONE,DAY,MIXED
5064,EASTERN,MAKUENI,MAKINDU,58ZS,18348133,KIAMBANI SECONDARY SCHOOL,C4,PUBLIC,NONE,DAY,MIXED
5065,EASTERN,MAKUENI,MAKINDU,3Q8W,18348107,KISINGO SECONDARY SCHOOL,C4,PUBLIC,NONE,DAY,MIXED
5066,EASTERN,MAKUENI,MAKINDU,7SDH,18348102,MAKINDU GIRLS SECONDARY SCHOOL,C3,PUBLIC,NONE,BOARDING,GIRLS
5067,EASTERN,MAKUENI,MAKINDU,E235,18348128,MASALANI SECONDARY SCHOOL,C4,PUBLIC,NONE,DAY,MIXED
5068,EASTERN,MAKUENI,MAKINDU,EA2V,18348127,MITENDEU MIXED SECONDARY SCHOOL,C4,PUBLIC,NONE,DAY,MIXED
5069,EASTERN,MAKUENI,MAKINDU,8PR7,18348112,MOI GIRLS SECONDARY SCHOOL - KIBWEZI,C2,PUBLIC,NONE,BOARDING,GIRLS
5070,EASTERN,MAKUENI,MAKINDU,ZEPQ,18348114,MUKAMENI MIXED SECONDARY SCHOOL,C4,PUBLIC,NONE,DAY,MIXED
5071,EASTERN,MAKUENI,MAKINDU,NWKT,18348130,MUTANTHEEU MIXED SECONDARY SCHOOL,C4,PUBLIC,NONE,DAY,MIXED
5072,EASTERN,MAKUENI,MAKINDU,5K84,18348134,NDINDI KITAVI SECONDARY SCHOOL,C4,PUBLIC,NONE,DAY,MIXED
5073,EASTERN,MAKUENI,MAKINDU,LAB2,18348109,NGAKAA SECONDARY SCHOOL,C4,PUBLIC,NONE,DAY,MIXED
5074,EASTERN,MAKUENI,MAKINDU,A4HN,18348108,NGOMANO SECONDARY SCHOOL,C4,PUBLIC,NONE,DAY,MIXED
5075,EASTERN,MAKUENI,MAKINDU,9FR5,18348120,NGUUMO GIRLS SECONDARY SCHOOL,C3,PUBLIC,NONE,BOARDING,GIRLS
5076,EASTERN,MAKUENI,MAKINDU,34SZ,18348113,NGUUMO SECONDARY SCHOOL,C4,PUBLIC,NONE,DAY,MIXED
5077,EASTERN,MAKUENI,MAKINDU,TYPU,18348125,SALAMA SECONDARY SCHOOL,C4,PUBLIC,NONE,DAY,MIXED
5078,EASTERN,MAKUENI,MAKINDU,3SE9,18348103,SHINE STAR KAI SECONDARY SCHOOL,C3,PUBLIC,NONE,DAY,MIXED
5079,EASTERN,MAKUENI,MAKINDU,PEZH,18348110,ST. ANNS KIBOKO SECONDARY SCHOOL,C3,PUBLIC,NONE,DAY,MIXED
5080,EASTERN,MAKUENI,MAKINDU,XSH2,18348117,ST. BAKHITA MAKUSU SECONDARY SCHOOL,C4,PUBLIC,NONE,DAY,MIXED
5081,EASTERN,MAKUENI,MAKINDU,QYLR,18348119,ST. PADRE PIO NTHIA SECONDARY SCHOOL,C4,PUBLIC,NONE,DAY,MIXED
5082,EASTERN,MAKUENI,MAKINDU,G664,18348101,ST. STEPHEN MAKINDU BOYS SECONDARY SCHOOL,C2,PUBLIC,NONE,BOARDING,BOYS
5083,EASTERN,MAKUENI,MAKINDU,38JW,18348115,SYUMILE SECONDARY SCHOOL,C4,PUBLIC,NONE,DAY,MIXED
5084,EASTERN,MAKUENI,MAKINDU,LW7T,18348111,YIMWAA SECONDARY SCHOOL,C4,PUBLIC,NONE,DAY,MIXED
5085,EASTERN,MAKUENI,MAKUENI,RT3L,18307117,A.I.C MUTHYOI SECONDARY SCHOOL,C4,PUBLIC,NONE,DAY,MIXED
5086,EASTERN,MAKUENI,MAKUENI,J4FU,18307211,ACK UKIA MIXED SECONDARY SCHOOL,C4,PUBLIC,NONE,DAY,MIXED
5087,EASTERN,MAKUENI,MAKUENI,MXJ5,18307213,AIC IUANI SECONDARY SCHOOL,C4,PUBLIC,NONE,DAY,MIXED
5088,EASTERN,MAKUENI,MAKUENI,WV6S,18307216,AIC KINYUANI SECONDARY SCHOOL,C4,PUBLIC,NONE,DAY,MIXED
5089,EASTERN,MAKUENI,MAKUENI,GVCL,18307203,AIC MUKUYUNI SECONDARY SCHOOL,C4,PUBLIC,NONE,DAY,MIXED
5090,EASTERN,MAKUENI,MAKUENI,AEV3,18307112,AIC MUTULANI SECONDARY SCHOOL,C4,PUBLIC,NONE,DAY,MIXED
5091,EASTERN,MAKUENI,MAKUENI,DSJ9,18307205,IUANI SECONDARY SCHOOL,C4,PUBLIC,NONE,DAY,MIXED
5092,EASTERN,MAKUENI,MAKUENI,E9EL,18307119,KAMBI MAWE BOYS SECONDARY SCHOOL,C4,PUBLIC,NONE,BOARDING,BOYS
5093,EASTERN,MAKUENI,MAKUENI,PRJ5,18307109,KAMBI MAWE SECONDARY SCHOOL,C4,PUBLIC,NONE,DAY,MIXED
5094,EASTERN,MAKUENI,MAKUENI,AQNC,18307303,KASUNGUNI SECONDARY SCHOOL,C4,PUBLIC,NONE,DAY,MIXED
5095,EASTERN,MAKUENI,MAKUENI,LTKV,18307201,KAUMONI BOYS SECONDARY SCHOOL,C2,PUBLIC,NONE,BOARDING,BOYS
5096,EASTERN,MAKUENI,MAKUENI,2LUD,18307305,KEE S.A. SECONDARY SCHOOL,C4,PUBLIC,NONE,DAY,MIXED
5097,EASTERN,MAKUENI,MAKUENI,MXLF,18307115,KIMUUMO SECONDARY SCHOOL,C4,PUBLIC,NONE,DAY,MIXED
5098,EASTERN,MAKUENI,MAKUENI,9MU2,18307302,KITANDI SECONDARY SCHOOL,C4,PUBLIC,NONE,DAY,MIXED
5099,EASTERN,MAKUENI,MAKUENI,U788,18307120,KITHONI SECONDARY SCHOOL,C4,PUBLIC,NONE,DAY,MIXED
5100,EASTERN,MAKUENI,MAKUENI,S9MS,18307107,KITONYONI SECONDARY SCHOOL,C4,PUBLIC,NONE,DAY,MIXED
5101,EASTERN,MAKUENI,MAKUENI,J2CP,18307301,KIVANI SECONDARY SCHOOL,C4,PUBLIC,NONE,DAY,MIXED
5102,EASTERN,MAKUENI,MAKUENI,9Z2X,18307206,KYUMU SECONDARY SCHOOL,C4,PUBLIC,NONE,DAY,MIXED
5103,EASTERN,MAKUENI,MAKUENI,A8KQ,18300003,MAKUENI BOYS,C1,PUBLIC,NONE,BOARDING,BOYS
5104,EASTERN,MAKUENI,MAKUENI,LH7J,18307102,MAKUENI GIRLS HIGH SCHOOL,C1,PUBLIC,NONE,BOARDING,GIRLS
5105,EASTERN,MAKUENI,MAKUENI,NRZ4,18307209,MAKULI ACK SECONDARY SCHOOL,C4,PUBLIC,NONE,DAY,MIXED
5106,EASTERN,MAKUENI,MAKUENI,WJB5,18307110,MANDOI SECONDARY SCHOOL,C4,PUBLIC,NONE,DAY,MIXED
5107,EASTERN,MAKUENI,MAKUENI,JFLC,18307118,MUAMBANI MIXED SECONDARY SCHOOL,C4,PUBLIC,NONE,DAY,MIXED
5108,EASTERN,MAKUENI,MAKUENI,7TBV,18307214,MUIU SECONDARY SCHOOL,C4,PUBLIC,NONE,DAY,MIXED
5109,EASTERN,MAKUENI,MAKUENI,EYYH,18307108,MUNYUNI SECONDARY SCHOOL,C4,PUBLIC,NONE,DAY,MIXED
5110,EASTERN,MAKUENI,MAKUENI,ZEJ9,18307304,MUTULANI SECONDARY SCHOOL,C4,PUBLIC,NONE,DAY,MIXED
5111,EASTERN,MAKUENI,MAKUENI,8AQX,18307105,MWAANI BOYS' SECONDARY SCHOOL,C2,PUBLIC,NONE,BOARDING,BOYS
5112,EASTERN,MAKUENI,MAKUENI,LXRN,18307103,MWAANI GIRLS SECONDARY SCHOOL,C2,PUBLIC,NONE,BOARDING,GIRLS
5113,EASTERN,MAKUENI,MAKUENI,MHMA,18307309,MWEA SECONDARY SCHOOL,C4,PUBLIC,NONE,DAY,MIXED
5114,EASTERN,MAKUENI,MAKUENI,8ZRF,18307116,NGOSINI SECONDARY SCHOOL,C4,PUBLIC,NONE,DAY,MIXED
5115,EASTERN,MAKUENI,MAKUENI,456T,18307306,NGULUNI SECONDARY SCHOOL,C4,PUBLIC,NONE,DAY,MIXED
5116,EASTERN,MAKUENI,MAKUENI,74YV,18307114,NTHANGU MIXED DAY AND BOARDING SECONDARY SCHOOL,C4,PUBLIC,NONE,DAY,MIXED
5117,EASTERN,MAKUENI,MAKUENI,5R8T,18307210,NTHUKULA A.B.C SECONDARY SCHOOL,C4,PUBLIC,NONE,DAY,MIXED
5118,EASTERN,MAKUENI,MAKUENI,FPRH,18307113,NZIU SECONDARY SCHOOL,C4,PUBLIC,NONE,DAY,MIXED
5119,EASTERN,MAKUENI,MAKUENI,XQBN,18307121,SENDA SECONDARY SCHOOL,C4,PUBLIC,NONE,DAY,MIXED
5120,EASTERN,MAKUENI,MAKUENI,8RUX,18307122,SIA SECONDARY SCHOOL,C4,PUBLIC,NONE,DAY,MIXED
5121,EASTERN,MAKUENI,MAKUENI,TB94,18307215,ST FRANCIS KIUUKUNI SECONDARY SCHOOL,C4,PUBLIC,NONE,DAY,MIXED
5122,EASTERN,MAKUENI,MAKUENI,EEVR,18307207,ST JOHN BOSCO KYUASINI SECONDARY SCHOOL,C4,PUBLIC,NONE,DAY,MIXED
5123,EASTERN,MAKUENI,MAKUENI,JPJ9,18307106,ST JOHN'S MALIVANI SECONDARY SCHOOL,C3,PUBLIC,NONE,DAY,MIXED
5124,EASTERN,MAKUENI,MAKUENI,EAF4,18307217,ST PETERS KYAU SECONDARY SCHOOL,C4,PUBLIC,NONE,DAY,MIXED
5125,EASTERN,MAKUENI,MAKUENI,E2HB,18307218,ST PETERS MAKONGO SECONDARY SCHOOL,C4,PUBLIC,NONE,DAY,MIXED
5126,EASTERN,MAKUENI,MAKUENI,9SHZ,18307104,ST. LAWRENCE'S NZIU GIRLS,C3,PUBLIC,NONE,BOARDING,GIRLS
5127,EASTERN,MAKUENI,MAKUENI,TNH2,18307204,ST. PAUL'S KYAMUTHEI SECONDARY SCHOOL,C3,PUBLIC,NONE,DAY,MIXED
5128,EASTERN,MAKUENI,MAKUENI,NHPC,18307202,UKIA GIRLS' SECONDARY SCHOOL,C2,PUBLIC,NONE,BOARDING,GIRLS
5129,EASTERN,MAKUENI,MAKUENI,25EA,18307212,UTAATI ACK SECONDARY SCHOOL,C4,PUBLIC,NONE,DAY,MIXED
5220,EASTERN,MAKUENI,,MUKAA,4446,18347520 A.C.K. ST. LUKES MARWA SECONDARY SCHOOL,C4,PUBLIC,NONE,DAY,MIXED
5239,EASTERN,MAKUENI,,MUKAA,8493,18347507 KITONGUNI SECONDARY SCHOOL,C4,PUBLIC,NONE,DAY,MIXED
5261,EASTERN,MAKUENI,,MUKAA,8765,18347518 UVUNYE SECONDARY SCHOOL,C4,PUBLIC,NONE,DAY,MIXED
5318,NORTH,EASTERN,MANDERA ARABIA,Q3EH,47824101,ARABIA BOYS SEC,C3,PUBLIC,NONE,BOARDING,BOYS
5319,NORTH,EASTERN,MANDERA ARABIA,9RXZ,47824102,ARABIA GIRLS SEC,C3,PUBLIC,NONE,BOARDING,GIRLS
5320,NORTH,EASTERN,MANDERA ARABIA,EXRZ,47824103,LIBEHIYA MIXED,C4,PUBLIC,NONE,DAY,MIXED
5321,NORTH,EASTERN,MANDERA ASHABITO,3M22,47837101,ASHABITO BOYS SEC,C3,PUBLIC,NONE,BOARDING,BOYS
5322,NORTH,EASTERN,MANDERA ASHABITO,NJ7K,47837102,ASHABITO GIRLS SEC,C3,PUBLIC,NONE,BOARDING,GIRLS
5323,NORTH,EASTERN,MANDERA ASHABITO,KTPH,47837205,OLLA BOYS SEC,C4,PUBLIC,NONE,BOARDING,BOYS
5324,NORTH,EASTERN,MANDERA BANISA,7JZG,47817105,BANISA GIRLS SECONDAY SCHOOL,C4,PUBLIC,NONE,DAY,GIRLS
5325,NORTH,EASTERN,MANDERA BANISA,GZB2,47817102,BANISA MIXED SECONDARY SCHOOL,C4,PUBLIC,NONE,DAY,MIXED
5326,NORTH,EASTERN,MANDERA BANISA,S8RJ,47817106,GUBA MIXED SECONDARY SCHOOL,C4,PUBLIC,NONE,DAY,MIXED
5327,NORTH,EASTERN,MANDERA BANISA,JNAN,47817104,MALKAMARI SECONDARY SCHOOL,C3,PUBLIC,NONE,DAY,MIXED
5328,NORTH,EASTERN,MANDERA BANISA,VWBL,47817101,WAYAM SECONDARY SCHOOL,C2,PUBLIC,NONE,DAY,MIXED
5332,NORTH,EASTERN,MANDERA KHALALIO,8FDZ,47835103,ARESA GIRLS SECONDARY,C3,PUBLIC,NONE,BOARDING,GIRLS
5333,NORTH,EASTERN,MANDERA KHALALIO,RKMC,47835106,BURABOR MIXED SECONDARY SCHOOL,C4,PUBLIC,NONE,DAY,MIXED
5334,NORTH,EASTERN,MANDERA KHALALIO,HRQA,47835102,HARERI MIXED SECONDARY SCHOOL,C4,PUBLIC,NONE,DAY,MIXED
5335,NORTH,EASTERN,MANDERA KHALALIO,TWM4,47835105,KHALALIO GIRLS SECONDARY SCHOOL,C3,PUBLIC,NONE,BOARDING,GIRLS
5336,NORTH,EASTERN,MANDERA KHALALIO,RCLW,47835104,KHALALIO SECONDARY SCHOOL,C3,PUBLIC,NONE,DAY,MIXED
5337,NORTH,EASTERN,MANDERA KHALALIO,GLGG,47835101,NEBOI SECONDARY SCHOOL,C3,PUBLIC,NONE,DAY,MIXED
5338,NORTH,EASTERN,MANDERA KUTULO,S4XX,47822102,BORHOLE 11 SECONDARY SCHOOL,C4,PUBLIC,NONE,DAY,MIXED
5339,NORTH,EASTERN,MANDERA KUTULO,8WKZ,47822101,CHIEF MOHAMED JARI SECONDARY SCHOOL,C3,PUBLIC,NONE,DAY,MIXED
5340,NORTH,EASTERN,MANDERA KUTULO,44QY,47822104,KORE MODEL MIXED BOARDING & DAY SECONDARY SCHOOL,C4,PUBLIC,NONE,DAY,MIXED
5341,NORTH,EASTERN,MANDERA KUTULO,RHKB,47822103,KUTULO NODEL GIRLS SECONDARY SCHOOL,C3,PUBLIC,NONE,BOARDING,GIRLS
5346,NORTH,EASTERN,MANDERA MANDERA CENTRAL,ZN48,47811107,ADAWA MALISHE MIXED SEC,C4,PUBLIC,NONE,DAY,MIXED
5347,NORTH,EASTERN,MANDERA MANDERA CENTRAL,69GK,47811105,DARUL HIKMA DAY HIGH SCH,C4,PUBLIC,NONE,DAY,MIXED
5348,NORTH,EASTERN,MANDERA MANDERA CENTRAL,PBF8,47811102,EL HAGARSU MIXED DAY SEC,C4,PUBLIC,NONE,DAY,MIXED
5349,NORTH,EASTERN,MANDERA MANDERA CENTRAL,5F39,47811103,ELWAK GIRLS SEC,C3,PUBLIC,NONE,BOARDING,GIRLS
5350,NORTH,EASTERN,MANDERA MANDERA CENTRAL,QB8U,47811101,ELWAK SECONDARY SCHOOL,C3,PUBLIC,NONE,DAY,MIXED
5351,NORTH,EASTERN,MANDERA MANDERA CENTRAL,UQ5R,47811402,FINCHARO MIXED SEC,C4,PUBLIC,NONE,DAY,MIXED
5352,NORTH,EASTERN,MANDERA MANDERA CENTRAL,LU4G,47811302,GOLOLBIA MIXED SEC,C4,PUBLIC,NONE,DAY,MIXED
5353,NORTH,EASTERN,MANDERA MANDERA CENTRAL,R7HQ,47811403,ROBA MODEL MIXED SEC,C4,PUBLIC,NONE,DAY,MIXED
5354,NORTH,EASTERN,MANDERA MANDERA CENTRAL,P48Z,47811401,SHIMBIR FATUMA MIXED SEC,C4,PUBLIC,NONE,DAY,MIXED
5355,NORTH,EASTERN,MANDERA MANDERA CENTRAL,P4XV,47811106,TAWAKAL MIXED DAY SEC,C4,PUBLIC,NONE,DAY,MIXED
5356,NORTH,EASTERN,MANDERA MANDERA CENTRAL,SCY9,47811301,WARGADUD SECONDARY,C3,PUBLIC,NONE,DAY,MIXED
5382,EASTERN,MARSABIT,CHALBI,M6M7,16320302,CHALBI BOYS' HIGH SCHOOL,C2,PUBLIC,NONE,BOARDING,BOYS
5383,EASTERN,MARSABIT,CHALBI,6855,16320304,KALACHA BOYS HIGH SCGOOL,C4,PUBLIC,NONE,BOARDING,BOYS
5384,EASTERN,MARSABIT,CHALBI,NP5E,16320303,KALACHA GIRLS SECONDARY SCHOOL,C4,PUBLIC,NONE,BOARDING,GIRLS
5385,EASTERN,MARSABIT,CHALBI,SEE2,16320301,MAIKONA GIRLS SECONDARY SCHOOL,C3,PUBLIC,NONE,BOARDING,GIRLS
5386,EASTERN,MARSABIT,DUKANA,N8Z4,16375201,DUKANA MIXED DAY AND BOARDING SECONDARY SCHOOL,C4,PUBLIC,NONE,DAY,MIXED
5387,EASTERN,MARSABIT,LAISAMIS,R7MK,16321203,KORR MIXED DAY SECONDARY SCHOOL,C4,PUBLIC,NONE,DAY,MIXED
5388,EASTERN,MARSABIT,LAISAMIS,82DF,16321101,LAISAMIS SECONDARY SCHOOL,C3,PUBLIC,NONE,DAY,MIXED
5389,EASTERN,MARSABIT,LAISAMIS,3VW7,16321102,LOGLOGO GIRLS SECONDARY SCHOOL,C3,PUBLIC,NONE,BOARDING,GIRLS
5390,EASTERN,MARSABIT,LAISAMIS,TQ3B,16321103,MERILLE MIXED DAY SEONDARY SCHOOL,C4,PUBLIC,NONE,DAY,MIXED
5391,EASTERN,MARSABIT,LAISAMIS,D4R6,16321202,NGURUNIT SECONDARY SCHOOL,C4,PUBLIC,NONE,DAY,MIXED
5392,EASTERN,MARSABIT,LOIYANGALANI,RAWA,16359104,ELMOSARATU GIRLS BOARDING SECONDARY SCHOOL,C4,PUBLIC,NONE,BOARDING,GIRLS
5393,EASTERN,MARSABIT,LOIYANGALANI,M2WV,16359103,KOROLLE HIGH SCHOOL,C4,PUBLIC,NONE,BOARDING,MIXED
5394,EASTERN,MARSABIT,LOIYANGALANI,QD3Y,16359102,KULAL GIRLS SECONDARY SCHOOL,C3,PUBLIC,NONE,BOARDING,GIRLS
5395,EASTERN,MARSABIT,LOIYANGALANI,BZCX,16359101,LOIYANGALANI SECONDARY SCHOOL,C2,PUBLIC,NONE,DAY,MIXED
5396,EASTERN,MARSABIT,MARSABIT,HPFA,16305305,ACK ST PETERS MIXED DAY SECONDARY SCHOOL,C4,PUBLIC,NONE,DAY,MIXED
5397,EASTERN,MARSABIT,MARSABIT,T6BJ,16305304,BADASSA MIXED SECONDARY SCHOOL,C4,PUBLIC,NONE,DAY,MIXED
5398,EASTERN,MARSABIT,MARSABIT,XYAE,16305104,DAKABARICHA SECONDARY SCHOOL,C4,PUBLIC,NONE,DAY,MIXED
5399,EASTERN,MARSABIT,MARSABIT,N2FN,16305303,DIBAYU HIGH SCHOOL,C4,PUBLIC,NONE,BOARDING,MIXED
5400,EASTERN,MARSABIT,MARSABIT,JZED,16305203,GADAMOJI HIGH SCHOOL,C4,PUBLIC,NONE,BOARDING,MIXED
5401,EASTERN,MARSABIT,MARSABIT,62TM,16305301,GORO RUKESA MIXED DAY SECONDARY SCHOOL,C4,PUBLIC,NONE,DAY,MIXED
5402,EASTERN,MARSABIT,MARSABIT,Y4QJ,16305105,KARARE MIXED DAY SECONDARY SCHOOL,C4,PUBLIC,NONE,DAY,MIXED
5403,EASTERN,MARSABIT,MARSABIT,5BRU,16305101,MARSABIT BOYS HIGH SCHOOL,C2,PUBLIC,NONE,BOARDING,BOYS
5404,EASTERN,MARSABIT,MARSABIT,X487,16305102,MARSABIT MIXED DAY SECONDARY SCHOOL,C4,PUBLIC,NONE,DAY,MIXED
5405,EASTERN,MARSABIT,MARSABIT,DAH8,16300008,MOI GIRLS SECONDARY SCHOOL-MARSABIT,C1,PUBLIC,NONE,BOARDING,GIRLS
5406,EASTERN,MARSABIT,MARSABIT,9W87,16305302,SAKUU HIGH SCHOOL,C3,PUBLIC,NONE,BOARDING,MIXED
5407,EASTERN,MARSABIT,MARSABIT,ZX6F,16305202,SASURA GIRLS' SECONDARY SCHOOL,C2,PUBLIC,NONE,BOARDING,GIRLS
5408,EASTERN,MARSABIT,MARSABIT,DNRG,16305120,SONGA MIXED SECONDARY SCHOOL,C4,PUBLIC,NONE,DAY,MIXED
5409,EASTERN,MARSABIT,MOYALE,W7NM,16311114,BORI JUNCTION MIXED DAY AND BOARDING,C4,PUBLIC,NONE,DAY,MIXED
5410,EASTERN,MARSABIT,MOYALE,UV76,16311105,BUTIYE MIXED DAY SECONDARY SCHOOL,C4,PUBLIC,NONE,DAY,MIXED
5411,EASTERN,MARSABIT,MOYALE,S3LV,16311106,DABEL MIXED DAY SECONDARY SCHOOL,C4,PUBLIC,NONE,DAY,MIXED
5412,EASTERN,MARSABIT,MOYALE,24J3,16311115,GOLBO MIXED SECONDARY SCHOOL,C4,PUBLIC,NONE,DAY,MIXED
5413,EASTERN,MARSABIT,MOYALE,2QYC,16311111,HEILU MIXED SECONDARY SCHOOL,C4,PUBLIC,NONE,DAY,MIXED
5414,EASTERN,MARSABIT,MOYALE,8D9H,16311112,KINISA MIXED DAY SECONDARY SCHOOL,C4,PUBLIC,NONE,DAY,MIXED
5415,EASTERN,MARSABIT,MOYALE,FYHD,16311104,MANYATTA MIXED DAY SECONDARY SCHOOL,C4,PUBLIC,NONE,DAY,MIXED
5416,EASTERN,MARSABIT,MOYALE,969V,16311102,MOYALE GIRLS SECONDARY SCHOOL,C2,PUBLIC,NONE,BOARDING,GIRLS
5417,EASTERN,MARSABIT,MOYALE,B956,16300014,MOYALE SECONDARY SCHOOL,C1,PUBLIC,NONE,DAY,MIXED
5418,EASTERN,MARSABIT,MOYALE,WND7,16311109,ODDA MIXED DAY SECONDARY SCHOOL,C4,PUBLIC,NONE,DAY,MIXED
5419,EASTERN,MARSABIT,MOYALE,LVG5,16311107,SESSI SECONDARY SCHOOL,C4,PUBLIC,NONE,DAY,MIXED
5420,EASTERN,MARSABIT,MOYALE,72ZJ,16311113,ST. MARYS' MIXED DAY SECONDARY SCHOOL,C4,PUBLIC,NONE,DAY,MIXED
5421,EASTERN,MARSABIT,MOYALE,L2ZW,16311110,TOWNSHIP MIXED DAY SECONDARY SCHOOL,C4,PUBLIC,NONE,DAY,MIXED
5426,EASTERN,MARSABIT,SOLOLO,3ED5,16340202,DR.GURRACHA MEMORIAL GIRLS SECONDARY SCHOOL,C2,PUBLIC,NONE,BOARDING,GIRLS
5427,EASTERN,MARSABIT,SOLOLO,UAJQ,16340201,SOLOLO MIXED DAY / BOARDING HIGH SCHOOL,C2,PUBLIC,NONE,BOARDING,MIXED
5428,EASTERN,MARSABIT,SOLOLO,J2BW,16340204,URAN MIXES DAY/BOARDING SECONDARY SCHOOL,C4,PUBLIC,NONE,DAY,MIXED
5429,EASTERN,MARSABIT,SOLOLO,23YY,16340203,WALDA COMPLEX SECONDARY SCHOOL,C4,PUBLIC,NONE,DAY,MIXED
5432,EASTERN,MERU,ABOGETA,EESM,15369216,BLESSED JOSEPH GERALD DAY SECONDARY SCHOOL,C4,PUBLIC,NONE,DAY,MIXED
5433,EASTERN,MERU,ABOGETA,CNVX,15369218,GAATIA MIXED DAY SECONDARY SCHOOL,C4,PUBLIC,NONE,DAY,MIXED
5434,EASTERN,MERU,ABOGETA,GBNS,15369225,IGANDENE MIXED DAY SECONDARY SCHOOL,C4,PUBLIC,NONE,DAY,MIXED
5435,EASTERN,MERU,ABOGETA,NKFB,15369208,IGANDENE SECONDARY SCHOOL,C3,PUBLIC,NONE,DAY,MIXED
5436,EASTERN,MERU,ABOGETA,76V3,15369206,IGOKI BOYS' SECONDARY SCHOOL,C3,PUBLIC,NONE,BOARDING,BOYS
5437,EASTERN,MERU,ABOGETA,YSBT,15369219,KAIRAA MIXED DAY SECONDARY SCHOOL,C4,PUBLIC,NONE,DAY,MIXED
5438,EASTERN,MERU,ABOGETA,Z8TH,15369201,KANYAKINE HIGH SCHOOL,C2,PUBLIC,NONE,BOARDING,MIXED
5439,EASTERN,MERU,ABOGETA,7XFW,15369215,KIONYO SECONDARY SCHOOL,C4,PUBLIC,NONE,DAY,MIXED
5440,EASTERN,MERU,ABOGETA,JYPQ,15369224,KITHAKANARO MIXED DAY SECONDARY SCHOOL,C4,PUBLIC,NONE,DAY,MIXED
5441,EASTERN,MERU,ABOGETA,HLPX,15369214,KITHANGARI BOYS SECONDARY SCHOOL,C3,PUBLIC,NONE,BOARDING,BOYS
5442,EASTERN,MERU,ABOGETA,AXKG,15369203,KITHANGARI GIRLS SECONDARY SCHOOL,C3,PUBLIC,NONE,BOARDING,GIRLS
5443,EASTERN,MERU,ABOGETA,YUQ4,15369204,KITHATU GIRLS SECONDARY SCHOOL,C3,PUBLIC,NONE,BOARDING,GIRLS
5444,EASTERN,MERU,ABOGETA,AKDW,15369222,KOTHINE MIXED DAY SECONDARY SCHOOL,C4,PUBLIC,NONE,DAY,MIXED
5445,EASTERN,MERU,ABOGETA,F4Q3,15369213,LOWER CHURE DAY SECONDARY SCHOOL,C4,PUBLIC,NONE,DAY,MIXED
5446,EASTERN,MERU,ABOGETA,X2TK,15369210,MACHIKINE GIRLS SECONDARY SCHOOL,C3,PUBLIC,NONE,BOARDING,GIRLS
5447,EASTERN,MERU,ABOGETA,Q3VK,15369221,MARAA SECONDARY SCHOOL,C2,PUBLIC,NONE,DAY,MIXED
5448,EASTERN,MERU,ABOGETA,DKTJ,15369217,MENWE MIXED DAY SECONDARY SCHOOL,C4,PUBLIC,NONE,DAY,MIXED
5449,EASTERN,MERU,ABOGETA,Z77L,15369207,MUUTIOKIAMA SECONDARY SCHOOL,C4,PUBLIC,NONE,DAY,MIXED
5450,EASTERN,MERU,ABOGETA,V9WW,15369202,NDAGENE SECONDARY SCHOOL,C3,PUBLIC,NONE,DAY,MIXED
5451,EASTERN,MERU,ABOGETA,K5B9,15369211,NTHARENE MIXED DAY SECONDARY SCHOOL,C4,PUBLIC,NONE,DAY,MIXED
5452,EASTERN,MERU,ABOGETA,GNCZ,15369223,NYOMBA YATHI DAY SECONDARY SCHOOL,C4,PUBLIC,NONE,DAY,MIXED
5453,EASTERN,MERU,ABOGETA,KE2B,15369226,P.C.E.A IRIENE DAY SECONDARY SCHOOL,C4,PUBLIC,NONE,DAY,MIXED
5454,EASTERN,MERU,ABOGETA,5D7V,15369126,ST. MARTIN'S NGONGO MIXED DAY SECONDARY SCHOOL,C4,PUBLIC,NONE,DAY,MIXED
5455,EASTERN,MERU,ABOGETA,K4XV,15369209,ST.EUGENE SECONDARY SCHOOL,C4,PUBLIC,NONE,DAY,MIXED
5456,EASTERN,MERU,ABOGETA,UD4G,15369212,YURURU DAY SECONDARY SCHOOL,C4,PUBLIC,NONE,DAY,MIXED
5457,EASTERN,MERU,ABOGETA,85DM,15369205,YURURU GIRLS' SECONDARY SCHOOL,C2,PUBLIC,NONE,BOARDING,GIRLS
5496,EASTERN,MERU,IGEMBE CENTRAL,943U,15362115,AKIRANG'ONDU SECONDARY SCHOOL,C3,PUBLIC,NONE,DAY,MIXED
5497,EASTERN,MERU,IGEMBE CENTRAL,5U7T,15362102,BISHOP NJIRU GIRLS' KANGETA,C2,PUBLIC,NONE,BOARDING,GIRLS
5498,EASTERN,MERU,IGEMBE CENTRAL,XMKP,15362101,BURIERURI BOYS SECONDARY SCHOOL,C2,PUBLIC,NONE,BOARDING,BOYS
5499,EASTERN,MERU,IGEMBE CENTRAL,T7Z9,15362111,KANDUBAI DAY SECONDARY SCHOOL,C4,PUBLIC,NONE,DAY,MIXED
5500,EASTERN,MERU,IGEMBE CENTRAL,SFNC,15362107,KANGETA MIXED DAY SECONDARY SCHOOL,C4,PUBLIC,NONE,DAY,MIXED
5501,EASTERN,MERU,IGEMBE CENTRAL,EPTD,15362118,KARAMA ANTUAMUO SECONDARY SCHOOL,C4,PUBLIC,NONE,DAY,MIXED
5502,EASTERN,MERU,IGEMBE CENTRAL,69AU,15362117,KATHELWA SECONDARY SCHOOL,C4,PUBLIC,NONE,DAY,MIXED
5503,EASTERN,MERU,IGEMBE CENTRAL,WJVY,15362109,KIEIYA SECONDARY SCHOOL,C4,PUBLIC,NONE,DAY,MIXED
5504,EASTERN,MERU,IGEMBE CENTRAL,BPM5,15362104,KILIMA MUNGU MIXED SECONDARY SCHOOL,C4,PUBLIC,NONE,DAY,MIXED
5505,EASTERN,MERU,IGEMBE CENTRAL,EMTN,15362112,KITHARE DAY SECONDARY SCHOOL,C4,PUBLIC,NONE,DAY,MIXED
5506,EASTERN,MERU,IGEMBE CENTRAL,RXFY,15362110,KONGO KAMAU MIXED DAY SECONDARY SCHOOL,C4,PUBLIC,NONE,DAY,MIXED
5507,EASTERN,MERU,IGEMBE CENTRAL,X77M,15362116,MACHUNGULU SECONDARY SCHOOL,C4,PUBLIC,NONE,DAY,MIXED
5508,EASTERN,MERU,IGEMBE CENTRAL,J6JK,15362114,MUKULULU DAY SECONDARY SCHOOL,C4,PUBLIC,NONE,DAY,MIXED
5509,EASTERN,MERU,IGEMBE CENTRAL,V9B4,15362120,MURINGENE DAY SECONDARY SCHOOL,C4,PUBLIC,NONE,DAY,MIXED
5510,EASTERN,MERU,IGEMBE CENTRAL,588A,15362103,NJIA BOYS SECONDARY SCHOOL,C2,PUBLIC,NONE,BOARDING,BOYS
5511,EASTERN,MERU,IGEMBE CENTRAL,AQUK,15362108,NKINYANG'A SECONDARY SCHOOL,C4,PUBLIC,NONE,DAY,MIXED
5512,EASTERN,MERU,IGEMBE CENTRAL,5WKF,15362105,NTURUBA MIXED DAY SECONDARY SCHOOL,C4,PUBLIC,NONE,DAY,MIXED
5513,EASTERN,MERU,IGEMBE CENTRAL,SPCX,15362113,NTUTI MIXED DAY SECONDARY SCHOOL,C4,PUBLIC,NONE,DAY,MIXED
5514,EASTERN,MERU,IGEMBE CENTRAL,KSLM,15362121,ST. JAMES DAY SECONDARY SCHOOL-LIMBUKU,C4,PUBLIC,NONE,DAY,MIXED
5515,EASTERN,MERU,IGEMBE CENTRAL,GGNY,15362106,THAMARE MIXED DAY SECONDARY SCHOOL,C4,PUBLIC,NONE,DAY,MIXED
5516,EASTERN,MERU,IGEMBE CENTRAL,W4KG,15362119,TUURU MIXED DAY SECONDARY SCHOOL,C4,PUBLIC,NONE,DAY,MIXED
5635,EASTERN,MERU,KIENGU,WJ2Y,15379113,AKUUNE MIXED DAY SECONDARY SCHOOL,C4,PUBLIC,NONE,DAY,MIXED
5636,EASTERN,MERU,KIENGU,4NAC,15379111,K.K. AARU SECONDARY SCHOOL,C4,PUBLIC,NONE,DAY,MIXED
5637,EASTERN,MERU,KIENGU,Q27J,15379114,KABUKURO SECONDARY SCHOOL,C4,PUBLIC,NONE,DAY,MIXED
5638,EASTERN,MERU,KIENGU,UE2W,15379112,KAMIRURU MIXED DAY SECONDARY SCHOOL,C4,PUBLIC,NONE,DAY,MIXED
5639,EASTERN,MERU,KIENGU,7DBY,15379115,KANAATHU MIXED DAY SECONDARY SCHOOL,C4,PUBLIC,NONE,DAY,MIXED
5640,EASTERN,MERU,KIENGU,RE4N,15379118,KANJOO MIXED DAY SECONDARY SCHOOL,C4,PUBLIC,NONE,DAY,MIXED
5641,EASTERN,MERU,KIENGU,8QBN,15379107,KATHATHENE SECONDARY SCHOOL,C4,PUBLIC,NONE,DAY,MIXED
5642,EASTERN,MERU,KIENGU,27DD,15379103,KAURINE DAY SECONDARY SCHOOL,C4,PUBLIC,NONE,DAY,MIXED
5643,EASTERN,MERU,KIENGU,BXRE,15379109,KAWIRU SECONDARY SCHOOL,C4,PUBLIC,NONE,DAY,MIXED
5644,EASTERN,MERU,KIENGU,UM86,15379104,MATIANDUI SECONDARY SCHOOL,C4,PUBLIC,NONE,DAY,MIXED
5645,EASTERN,MERU,KIENGU,DA34,15379119,MATIRINE MIXED DAY SECONDARY SCHOOL,C4,PUBLIC,NONE,DAY,MIXED
5646,EASTERN,MERU,KIENGU,VT5N,15379106,MIORI MIXED DAY SECONDARY SCHOOL,C4,PUBLIC,NONE,DAY,MIXED
5647,EASTERN,MERU,KIENGU,822P,15379116,MURERA SECONDARY SCHOOL,C4,PUBLIC,NONE,DAY,MIXED
5648,EASTERN,MERU,KIENGU,UKYY,15379105,NTHAMBIRO MIXED DAY SECONDARY SCHOOL,C4,PUBLIC,NONE,DAY,MIXED
5649,EASTERN,MERU,KIENGU,7F9M,15379101,NTHARE SECONDARY SCHOOL,C3,PUBLIC,NONE,DAY,MIXED
5650,EASTERN,MERU,KIENGU,ZVBQ,15379102,NTUENE SECONDARY SCHOOL,C3,PUBLIC,NONE,DAY,MIXED
5651,EASTERN,MERU,KIENGU,4TU3,15379110,THIMBILI MIXED DAY SECONDARY SCHOOL,C4,PUBLIC,NONE,DAY,MIXED
5652,EASTERN,MERU,KIENGU,5NTJ,15379108,THITHA SECONDARY SCHOOL,C3,PUBLIC,NONE,DAY,MIXED
5698,EASTERN,MERU,MUTUATI,SUT8,15380206,AMBARU MIXED DAY SECONDARY SCHOOL,C4,PUBLIC,NONE,DAY,MIXED
5699,EASTERN,MERU,MUTUATI,X4KA,15380110,ANJALU MIXED DAY SECONDARY SCHOOL,C4,PUBLIC,NONE,DAY,MIXED
5700,EASTERN,MERU,MUTUATI,BFS5,15380102,ANTUBETWE KIONGO SECONDARY SCHOOL,C3,PUBLIC,NONE,DAY,MIXED
5701,EASTERN,MERU,MUTUATI,4HCN,15380212,INONO DAY MIXED SECONDARY SCHOOL,C4,PUBLIC,NONE,DAY,MIXED
5702,EASTERN,MERU,MUTUATI,ZKGS,15380207,K.K. BAITHAI SECONDARY SCHOOL,C4,PUBLIC,NONE,DAY,MIXED
5703,EASTERN,MERU,MUTUATI,AYL6,15380112,KARICHU MIXED SECONDARY SCHOOL,C4,PUBLIC,NONE,DAY,MIXED
5704,EASTERN,MERU,MUTUATI,GHCF,15380204,KATHANGA SECONDARY SCHOOL,C4,PUBLIC,NONE,DAY,MIXED
5705,EASTERN,MERU,MUTUATI,HSEL,15380115,KATHATENE MIXED DAY SECONDARY SCHOOL,C4,PUBLIC,NONE,DAY,MIXED
5706,EASTERN,MERU,MUTUATI,CSV7,15380116,KIANI MIXED SECONDARY SCHOOL,C4,PUBLIC,NONE,DAY,MIXED
5707,EASTERN,MERU,MUTUATI,KGJE,15380205,KITHETU SECONDARY SCHOOL,C4,PUBLIC,NONE,DAY,MIXED
5708,EASTERN,MERU,MUTUATI,6QCM,15380209,LEETA DAY SECONDARY SCHOOL,C4,PUBLIC,NONE,DAY,MIXED
5709,EASTERN,MERU,MUTUATI,AAQW,15380211,MBAYO DAY SECONDARY SCHOOL,C4,PUBLIC,NONE,DAY,MIXED
5710,EASTERN,MERU,MUTUATI,PMP2,15380210,MBURANJIRU MIXED DAY SECONDARY SCHOOL,C4,PUBLIC,NONE,DAY,MIXED
5711,EASTERN,MERU,MUTUATI,QK4Z,15380214,MCK KAMBOO MIXED DAY SECONDARY SCHOOL,C4,PUBLIC,NONE,DAY,MIXED
5712,EASTERN,MERU,MUTUATI,PNR6,15380202,MFARIJI GIRLS SECONDARY SCHOOL,C4,PUBLIC,NONE,BOARDING,GIRLS
5713,EASTERN,MERU,MUTUATI,TPTU,15380107,MIRIKI MIXED DAY SECONDARY SCHOOL,C4,PUBLIC,NONE,DAY,MIXED
5714,EASTERN,MERU,MUTUATI,6T8A,15380216,MUROMUTUA MIXED SECONDRY SCHOOL,C4,PUBLIC,NONE,DAY,MIXED
5715,EASTERN,MERU,MUTUATI,2LBF,15380201,MUTUATI SECONDARY SCHOOL,C3,PUBLIC,NONE,DAY,MIXED
5716,EASTERN,MERU,MUTUATI,4MH3,15380203,NAATHU SECONDARY SCHOOL,C3,PUBLIC,NONE,DAY,MIXED
5717,EASTERN,MERU,MUTUATI,YS2X,15380215,NAIKURIU SECONDARY SCHOOL,C4,PUBLIC,NONE,DAY,MIXED
5718,EASTERN,MERU,MUTUATI,8BTR,15380109,NAIRURU SECONDARY SCHOOL,C4,PUBLIC,NONE,DAY,MIXED
5719,EASTERN,MERU,MUTUATI,5YEH,15380117,NDOLELI MIXED SECONDARY SCHOOL,C4,PUBLIC,NONE,DAY,MIXED
5720,EASTERN,MERU,MUTUATI,A25Q,15380213,NGUKWINE SECONDARY SCHOOL,C4,PUBLIC,NONE,DAY,MIXED
5721,EASTERN,MERU,MUTUATI,VK5J,15380208,NKAMATHI SECONDARY SCHOOL,C4,PUBLIC,NONE,DAY,MIXED
5722,EASTERN,MERU,MUTUATI,2ALS,15380106,ST. MARY'S NTANKI MIXED DAY SECONDARY SCHOOL,C4,PUBLIC,NONE,DAY,MIXED
5723,EASTERN,MERU,TIGANIA CENTRAL,986T,15361101,AKAIGA SECONDARY SCHOOL,C3,PUBLIC,NONE,DAY,MIXED
5724,EASTERN,MERU,TIGANIA CENTRAL,SULN,15361102,AMETHO DAY SECONDARY SCHOOL,C4,PUBLIC,NONE,DAY,MIXED
5725,EASTERN,MERU,TIGANIA CENTRAL,2LL4,15361103,AMUGAA MIXED DAY SECONDARY SCHOOL,C4,PUBLIC,NONE,DAY,MIXED
5726,EASTERN,MERU,TIGANIA CENTRAL,NPTN,15361104,ANKAMIA DAY SECONDARY SCHOOL,C4,PUBLIC,NONE,DAY,MIXED
5727,EASTERN,MERU,TIGANIA CENTRAL,7C5M,15361106,CCM GITHU MIXED SECONDARY SCHOOL,C4,PUBLIC,NONE,DAY,MIXED
5728,EASTERN,MERU,TIGANIA CENTRAL,P255,15361105,DEB KIGUMA MIXED DAY SECONDARY SCHOOL,C4,PUBLIC,NONE,DAY,MIXED
5729,EASTERN,MERU,TIGANIA CENTRAL,4X9X,15361107,IKANA MIXED DAY SECONDARY SCHOOL,C4,PUBLIC,NONE,DAY,MIXED
5730,EASTERN,MERU,TIGANIA CENTRAL,XBU4,15361108,IRINDIRO SECONDARY SCHOOL,C3,PUBLIC,NONE,DAY,MIXED
5731,EASTERN,MERU,TIGANIA CENTRAL,6BWD,15361126,K.K MWETHE SECONDARY SCHOOL,C4,PUBLIC,NONE,DAY,MIXED
5732,EASTERN,MERU,TIGANIA CENTRAL,B87M,15361109,KALIENE SECONDARY SCHOOL,C3,PUBLIC,NONE,DAY,MIXED
5733,EASTERN,MERU,TIGANIA CENTRAL,2XAE,15361110,KALULI MIXED DAY SECONDARY SCHOOL,C4,PUBLIC,NONE,DAY,MIXED
5734,EASTERN,MERU,TIGANIA CENTRAL,BKQU,15361127,KAMITHEGA MIXED DAY SECONDARY SCHOOL,C4,PUBLIC,NONE,DAY,MIXED
5735,EASTERN,MERU,TIGANIA CENTRAL,VSQ8,15361111,KIGUCHWA MIXED DAY SECONDARY SCHOOL,C4,PUBLIC,NONE,DAY,MIXED
5736,EASTERN,MERU,TIGANIA CENTRAL,W5GP,15361112,KING'O MIXED DAY SECONDARY SCHOOL,C4,PUBLIC,NONE,DAY,MIXED
5737,EASTERN,MERU,TIGANIA CENTRAL,94ZG,15361122,KIRIENE MIXED DAY AND GIRLS BOARDING SECONDARY SCH,C3,PUBLIC,NONE,DAY,GIRLS
5738,EASTERN,MERU,TIGANIA CENTRAL,TESC,15361113,MAREGA MIXED DAY SECONDARY SCHOOL,C4,PUBLIC,NONE,DAY,MIXED
5739,EASTERN,MERU,TIGANIA CENTRAL,JGFP,15361114,MCK KAATHI BUKWANG DAY MIXED SECONDARY SCHOOL,C4,PUBLIC,NONE,DAY,MIXED
5740,EASTERN,MERU,TIGANIA CENTRAL,D285,15361115,MIKINDURI GIRLS SECONDARY SCHOOL,C2,PUBLIC,NONE,BOARDING,GIRLS
5741,EASTERN,MERU,TIGANIA CENTRAL,DUSC,15361116,MIURINE MIXED DAY SECONDARY SCHOOL,C4,PUBLIC,NONE,DAY,MIXED
5742,EASTERN,MERU,TIGANIA CENTRAL,8H7N,15361117,MUCIIMUKURU MIXED DAY SECONDARY SCHOOL,C4,PUBLIC,NONE,DAY,MIXED
5743,EASTERN,MERU,TIGANIA CENTRAL,B66P,15361118,MUKONO MIXED DAY SECONDARY SCHOOL,C4,PUBLIC,NONE,DAY,MIXED
5744,EASTERN,MERU,TIGANIA CENTRAL,294K,15361119,MUTEWA DAY SECONDARY SCHOOL,C4,PUBLIC,NONE,DAY,MIXED
5745,EASTERN,MERU,TIGANIA CENTRAL,YBKP,15361120,NGAGE MIXED DAY SECONDARY SCHOOL,C3,PUBLIC,NONE,DAY,MIXED
5746,EASTERN,MERU,TIGANIA CENTRAL,RWNA,15361121,RURII MIXED DAY SECONDARY SCHOOL,C4,PUBLIC,NONE,DAY,MIXED
5747,EASTERN,MERU,TIGANIA CENTRAL,YPX4,15361124,ST. BENEDICTS MIXED DAY SECONDARY SCHOOL,C4,PUBLIC,NONE,DAY,MIXED
5748,EASTERN,MERU,TIGANIA CENTRAL,5LR3,15361123,ST. MASSIMO MIXED SECONDARY SCHOOL,C4,PUBLIC,NONE,DAY,MIXED
5749,EASTERN,MERU,TIGANIA CENTRAL,RTDX,15361125,THUURI DAY SECONDARY SCHOOL,C4,PUBLIC,NONE,DAY,MIXED
5827,NYANZA,MIGORI,AWENDO,6XUF,44739121,ANGAGA MIXED DAY SCHOOL,C4,PUBLIC,NONE,DAY,MIXED
5828,NYANZA,MIGORI,AWENDO,Y9TR,44739115,AWENDO SECONDARY SCHOOL,C3,PUBLIC,NONE,DAY,MIXED
5829,NYANZA,MIGORI,AWENDO,EWHH,44739210,BISHOP ODERA AGONGO SECONDARY SCHOOL,C4,PUBLIC,NONE,DAY,MIXED
5830,NYANZA,MIGORI,AWENDO,4UK5,44739120,CANON APINDI MIXED DAY SECONDARY SCHOOL-AKOKO,C4,PUBLIC,NONE,DAY,MIXED
5831,NYANZA,MIGORI,AWENDO,CAHL,44739203,GAMBA MIXED SECONDARY SCHOOL,C4,PUBLIC,NONE,DAY,MIXED
5832,NYANZA,MIGORI,AWENDO,WRFV,44739205,KANYASREGA NYOKAL SECONDARY SCHOOL,C4,PUBLIC,NONE,DAY,MIXED
5833,NYANZA,MIGORI,AWENDO,CLMT,44739107,KOGELO MIXED SECONDARY SCHOOL,C4,PUBLIC,NONE,DAY,MIXED
5834,NYANZA,MIGORI,AWENDO,5SL9,44739101,KOKURO SECONDARY SCHOOL,C3,PUBLIC,NONE,DAY,MIXED
5835,NYANZA,MIGORI,AWENDO,N6PQ,44739106,KOMOLORUME MIXED SECONDARY SCHOOL,C4,PUBLIC,NONE,DAY,MIXED
5836,NYANZA,MIGORI,AWENDO,SBSK,44739214,KWE MIXED SECONDARY SCHOOL,C4,PUBLIC,NONE,DAY,MIXED
5837,NYANZA,MIGORI,AWENDO,4LST,44739208,KWOYO KODALO MIXED SECONDARY SCHOOL,C4,PUBLIC,NONE,DAY,MIXED
5838,NYANZA,MIGORI,AWENDO,RXA4,44739102,MANYATTA HIGH SCHOOL,C3,PUBLIC,NONE,BOARDING,MIXED
5839,NYANZA,MIGORI,AWENDO,EXXV,44739118,MICHELLE OBAMA KOGELO GIRLS SECONDARY SCHOOL,C4,PUBLIC,NONE,BOARDING,GIRLS
5840,NYANZA,MIGORI,AWENDO,UXET,44739206,NYAKURU MIXED SECONDARY SCHOOL,C4,PUBLIC,NONE,DAY,MIXED
5841,NYANZA,MIGORI,AWENDO,BPEC,44739113,OGWAMRONDO HILL MIXED SECONDARY SCHOOL,C4,PUBLIC,NONE,DAY,MIXED
5842,NYANZA,MIGORI,AWENDO,P46J,44739217,OMBASA MIXED SECONDARY SCHOOL,C4,PUBLIC,NONE,DAY,MIXED
5843,NYANZA,MIGORI,AWENDO,9CHP,44739105,OWIRO AKOKO GIRLS SECONDARY SCHOOL,C3,PUBLIC,NONE,BOARDING,GIRLS
5844,NYANZA,MIGORI,AWENDO,NFU2,44739103,PE-HILL HIGH SCHOOL,C2,PUBLIC,NONE,BOARDING,MIXED
5845,NYANZA,MIGORI,AWENDO,3RZQ,44739110,PHARES OLUOCH KANINDO MIXED SECONDARY SCHOOL,C4,PUBLIC,NONE,DAY,MIXED
5846,NYANZA,MIGORI,AWENDO,HYHC,44739119,RABUOR KOGELO MIXED SECONDARY SCHOOL,C4,PUBLIC,NONE,DAY,MIXED
5847,NYANZA,MIGORI,AWENDO,ZM6F,44739216,RARUOWA KADERA MIXED SECONDARY SCHOOL,C4,PUBLIC,NONE,DAY,MIXED
5848,NYANZA,MIGORI,AWENDO,K445,44739122,RAYWER MIXED SECONDARY SCHOOL,C4,PUBLIC,NONE,DAY,MIXED
5849,NYANZA,MIGORI,AWENDO,5G4Z,44739114,RINYA MIXED SECONDARY SCHOOL,C4,PUBLIC,NONE,DAY,MIXED
5850,NYANZA,MIGORI,AWENDO,BKF7,44739124,SONY SUGAR MIXED SECONDARY SCHOOL,C4,PUBLIC,NONE,DAY,MIXED
5851,NYANZA,MIGORI,AWENDO,3GDD,44739209,ST JOSEPH KAMYAWA SECONDARY SCHOOL,C4,PUBLIC,NONE,DAY,MIXED
5852,NYANZA,MIGORI,AWENDO,MJRU,44739123,ST JOSEPH'S BONGU MIXED SECONDARY SCHOOL,C4,PUBLIC,NONE,DAY,MIXED
5853,NYANZA,MIGORI,AWENDO,EW7R,44739104,"ST. ALBERT'S GIRLS HIGH SCHOOL, ULANDA",C1,PUBLIC,NONE,BOARDING,GIRLS
5854,NYANZA,MIGORI,AWENDO,CANF,44739219,ST. DOMINICA SARIA MIXED SECONDARY SCHOOL,C4,PUBLIC,NONE,DAY,MIXED
5855,NYANZA,MIGORI,AWENDO,8GKF,44739201,ST. MARY GORRETY'S DEDE GIRLS SECONDARY SCHOOL,C3,PUBLIC,NONE,BOARDING,GIRLS
5856,NYANZA,MIGORI,AWENDO,5WEJ,44739218,ST. MARY'S ANG'OGO MIXED SECONDARY SCHOOL,C4,PUBLIC,NONE,DAY,MIXED
5857,NYANZA,MIGORI,AWENDO,TCZL,44739211,ST. MOURICE NYAROMBO MIXED SECONDARY SCHOOL,C2,PUBLIC,NONE,DAY,MIXED
5858,NYANZA,MIGORI,AWENDO,ECNS,44739112,ST. PAULINE MALUNGA MIXED SECONDARY SCHOOL,C4,PUBLIC,NONE,DAY,MIXED
5859,NYANZA,MIGORI,AWENDO,S798,44739117,ST.FRANCIS NG'ONGA SECONDARY SCHOOL,C4,PUBLIC,NONE,DAY,MIXED
5860,NYANZA,MIGORI,AWENDO,QZ5K,44739212,ST.GABRIEL SIRUTI SECONDARY SCHOOL,C4,PUBLIC,NONE,DAY,MIXED
5861,NYANZA,MIGORI,AWENDO,GMGY,44739116,ST.MARK'S TOM MBOYA MIXED SECONDARY SCHOOL,C3,PUBLIC,NONE,DAY,MIXED
5862,NYANZA,MIGORI,AWENDO,VQSE,44739213,ST.NICHOLAS KOYIER MIXED SECONDARY SCHOOL,C2,PUBLIC,NONE,DAY,MIXED
5863,NYANZA,MIGORI,AWENDO,GAJ8,44739215,ST.PETER'S KODENY MIXED SECONDARY SCHOOL,C4,PUBLIC,NONE,DAY,MIXED
5864,NYANZA,MIGORI,AWENDO,TYJR,44739202,ST.TIMONS RABONDO MIXED SECONDARY SCHOOL,C4,PUBLIC,NONE,DAY,MIXED
5865,NYANZA,MIGORI,AWENDO,A8GJ,44739204,YAGO MIXED SECONDARY SCHOOL,C4,PUBLIC,NONE,DAY,MIXED
5898,NYANZA,MIGORI,MABERA,59RN,44748002,GETONG'ANYA MIXED SECONDARY SCHOOL,C4,PUBLIC,NONE,DAY,MIXED
5899,NYANZA,MIGORI,MABERA,TYLJ,44748019,IRAHA MIXED SECONDARY SCHOOL,C4,PUBLIC,NONE,DAY,MIXED
5900,NYANZA,MIGORI,MABERA,KSHD,44748016,ISIBANIA BOYS SECONDARY SCHOOL,C2,PUBLIC,NONE,BOARDING,BOYS
5901,NYANZA,MIGORI,MABERA,7EFV,44748005,KOMBE SECONDARY SCHOOL,C4,PUBLIC,NONE,DAY,MIXED
5902,NYANZA,MIGORI,MABERA,W556,44748017,KUBWEYE SECONDARY SCHOOL,C4,PUBLIC,NONE,DAY,MIXED
5903,NYANZA,MIGORI,MABERA,VTDS,44748010,KUGISINGISI MIXED SECONDARY SCHOOL,C4,PUBLIC,NONE,DAY,MIXED
5904,NYANZA,MIGORI,MABERA,N5RU,44748020,MASABA BOYS SECONDARY SCHOOL,C4,PUBLIC,NONE,BOARDING,BOYS
5905,NYANZA,MIGORI,MABERA,2MNF,44748022,MATHIAS NYANCHABO GIRLS SECONDARY SCHOOL,C4,PUBLIC,NONE,BOARDING,GIRLS
5906,NYANZA,MIGORI,MABERA,D9ZS,44700011,MOI NYABOHANSE GIRLS HIGH SCHOOL,C1,PUBLIC,NONE,BOARDING,GIRLS
5907,NYANZA,MIGORI,MABERA,QYR5,44748013,NGISIRU MIXED SECONDARY,C4,PUBLIC,NONE,DAY,MIXED
5908,NYANZA,MIGORI,MABERA,K49R,44748003,NYAMAGAGANA MIXED SECONDARY SCHOOL,C4,PUBLIC,NONE,DAY,MIXED
5909,NYANZA,MIGORI,MABERA,7QW3,44748007,NYANGOGE MIXED SECONDARY SCHOOL,C4,PUBLIC,NONE,DAY,MIXED
5910,NYANZA,MIGORI,MABERA,HD9S,44748001,NYANKORE SECONDARY SCHOOL,C4,PUBLIC,NONE,DAY,MIXED
5911,NYANZA,MIGORI,MABERA,GEHE,44748004,ST MARY'S MABERA GIRLS SECONDARY SCHOOL,C2,PUBLIC,NONE,BOARDING,GIRLS
5912,NYANZA,MIGORI,MABERA,EQJ6,44748015,ST. ANGELA MERICI ISIBANIA GIRLS' SECONDARY SCHOOL,C2,PUBLIC,NONE,BOARDING,GIRLS
5913,NYANZA,MIGORI,MABERA,D5TH,44748006,ST. AUGUSTINE MOTEMORABU SECONDARY SCHOOL,C4,PUBLIC,NONE,DAY,MIXED
5914,NYANZA,MIGORI,MABERA,R45F,44748081,ST. MATHIAS NYAMOSENSE MIXED SECONDARY SCHOOL,C4,PUBLIC,NONE,DAY,MIXED
5915,NYANZA,MIGORI,MABERA,T9RX,44748014,ST.THOMAS AQUINAS KOMOSOKO SECONDARY SCHOOL,C4,PUBLIC,NONE,DAY,MIXED
5916,NYANZA,MIGORI,MIGORI,5R45,44707108,ANJEGO MIXED SECONDARY SCHOOL,C2,PUBLIC,NONE,DAY,MIXED
5917,NYANZA,MIGORI,MIGORI,4NZ9,44707133,GOD NGOCHE GIRLS' SECONDARY SCHOOL,C4,PUBLIC,NONE,BOARDING,GIRLS
5918,NYANZA,MIGORI,MIGORI,SBKV,44707131,GOT KACHOLA MIXED SECONDARY SCHOOL,C4,PUBLIC,NONE,DAY,MIXED
5919,NYANZA,MIGORI,MIGORI,U7D5,44707105,KADIKA GIRLS' SECONDARY SCHOOL,C1,PUBLIC,NONE,BOARDING,GIRLS
5920,NYANZA,MIGORI,MIGORI,LUQL,44707104,KAKRAO MIXED SECONDARY SCHOOL,C4,PUBLIC,NONE,DAY,MIXED
5921,NYANZA,MIGORI,MIGORI,MLGH,44707138,KIKOMA SECONDARY SCHOOL,C4,PUBLIC,NONE,DAY,MIXED
5922,NYANZA,MIGORI,MIGORI,3UB2,44707151,KOKACH MIXED SECONDARY SCHOOL,C4,PUBLIC,NONE,DAY,MIXED
5923,NYANZA,MIGORI,MIGORI,PMNC,44707160,KORWA MIXED SECONDARY SCHOOL,C4,PUBLIC,NONE,DAY,MIXED
5924,NYANZA,MIGORI,MIGORI,HREE,44707103,KWA SECONDARY SCHOOL,C3,PUBLIC,NONE,DAY,MIXED
5925,NYANZA,MIGORI,MIGORI,D88Y,44707132,MAGINA (F.A.M) MIXED SECONDARY SCHOOL,C4,PUBLIC,NONE,DAY,MIXED
5926,NYANZA,MIGORI,MIGORI,NEZM,44707137,MAPERA MIXED SECONDARY SCHOOL,C4,PUBLIC,NONE,DAY,MIXED
5927,NYANZA,MIGORI,MIGORI,N8D5,44707102,MIGORI SECONDARY SCHOOL,C2,PUBLIC,NONE,DAY,MIXED
5928,NYANZA,MIGORI,MIGORI,YSKQ,44707144,MWACHI SECONDARY SCHOOL,C4,PUBLIC,NONE,DAY,MIXED
5929,NYANZA,MIGORI,MIGORI,3L47,44707117,NGEGE GOT KACHACHA SECONDARY SCHOOL,C4,PUBLIC,NONE,DAY,MIXED
5930,NYANZA,MIGORI,MIGORI,3HRA,44707106,NYABISAWA GIRLS SECONDARY SCHOOL,C2,PUBLIC,NONE,BOARDING,GIRLS
5931,NYANZA,MIGORI,MIGORI,M3XB,44707107,NYADUONG SECONDARY SCHOOL,C3,PUBLIC,NONE,DAY,MIXED
5932,NYANZA,MIGORI,MIGORI,3NBR,44707147,NYAMONGO SECONDARY SCHOOL,C4,PUBLIC,NONE,DAY,MIXED
5933,NYANZA,MIGORI,MIGORI,UE7E,44707124,NYANGO MIXED SECONDARY SCHOOL,C4,PUBLIC,NONE,DAY,MIXED
5934,NYANZA,MIGORI,MIGORI,4BJ6,44707134,NYIKENDO MIXED SECONDARY SCHOOL,C4,PUBLIC,NONE,DAY,MIXED
5935,NYANZA,MIGORI,MIGORI,UBN7,44707122,ONYALO MIXED SECONDARY SCHOOL,C4,PUBLIC,NONE,DAY,MIXED
5936,NYANZA,MIGORI,MIGORI,574A,44707111,OSINGO MIXED SECONDARY SCHOOL,C3,PUBLIC,NONE,DAY,MIXED
5937,NYANZA,MIGORI,MIGORI,97D6,44707140,RADIENYA GIRLS SECONDARY SCHOOL,C4,PUBLIC,NONE,BOARDING,GIRLS
5938,NYANZA,MIGORI,MIGORI,7UVK,44707148,RAYUDHI SECONDARY SCHOOL,C4,PUBLIC,NONE,DAY,MIXED
5939,NYANZA,MIGORI,MIGORI,TFW8,44707164,REMO MIXED DAY SECONDARY SCHOOL,C4,PUBLIC,NONE,DAY,MIXED
5940,NYANZA,MIGORI,MIGORI,L77H,44707112,SAGEGI MIXED SECONDARY SCHOOL,C3,PUBLIC,NONE,DAY,MIXED
5941,NYANZA,MIGORI,MIGORI,ERST,44707135,SILING MIXED SECONDARY SCHOOL,C4,PUBLIC,NONE,DAY,MIXED
5942,NYANZA,MIGORI,MIGORI,8QK6,44707119,ST. MICHAEL NYARONGI MIXED SECONDARY SCHOOL,C3,PUBLIC,NONE,DAY,MIXED
5943,NYANZA,MIGORI,MIGORI,6G5D,44707162,ST.GEORGE KILIMANJARO MIXED DAY SECONDARY,C4,PUBLIC,NONE,DAY,MIXED
5944,NYANZA,MIGORI,MIGORI,G4MC,44707153,TING'NA MIXED SECONDARY SCHOOL,C4,PUBLIC,NONE,DAY,MIXED
5945,NYANZA,MIGORI,MIGORI,CW6D,44707127,UGARI MIXED SECONDARY SCHOOL,C3,PUBLIC,NONE,DAY,MIXED
5946,NYANZA,MIGORI,MIGORI,PMCG,44707145,WARISIA MIXED DAY SECONDARY SCHOOL,C4,PUBLIC,NONE,DAY,MIXED
5947,NYANZA,MIGORI,MIGORI,3CBN,44707110,WASIO MIXED SECONDARY SCHOOL,C4,PUBLIC,NONE,DAY,MIXED
5948,NYANZA,MIGORI,MIGORI,R3R6,44707157,WITHARAGA MIXED SECONDARY SCHOOL,C4,PUBLIC,NONE,DAY,MIXED
5949,NYANZA,MIGORI,NTIMARU,JFSQ,44746111,BISHOP PHILIP ANYOLO NTIMARU GIRLS SECONDARY,C4,PUBLIC,NONE,BOARDING,GIRLS
5950,NYANZA,MIGORI,NTIMARU,N4MC,44746112,GUANA MIXED SECONDARY SCHOOL,C4,PUBLIC,NONE,DAY,MIXED
5951,NYANZA,MIGORI,NTIMARU,29SU,44746104,GWITEMBE MIXED SECONDARY SCHOOL,C4,PUBLIC,NONE,DAY,MIXED
5952,NYANZA,MIGORI,NTIMARU,YP29,44746113,IGENAITAMBE SECONDARY SCHOOL,C4,PUBLIC,NONE,DAY,MIXED
5953,NYANZA,MIGORI,NTIMARU,3QY5,44746108,ITONGO MIXED SECONDARY SCHOOL,C4,PUBLIC,NONE,DAY,MIXED
5954,NYANZA,MIGORI,NTIMARU,R2Z9,44746103,KWIBANCHA GIRLS SECONDARY SCHOOL,C4,PUBLIC,NONE,BOARDING,GIRLS
5955,NYANZA,MIGORI,NTIMARU,6DY4,44746109,KWIHO MIXED SECONDARY SCHOOL,C4,PUBLIC,NONE,DAY,MIXED
5956,NYANZA,MIGORI,NTIMARU,J6D7,44746107,MAKARARANGWE SECONDARY SCHOOL,C4,PUBLIC,NONE,DAY,MIXED
5957,NYANZA,MIGORI,NTIMARU,F34A,44746101,MATARE SECONDARY SCHOOL,C3,PUBLIC,NONE,DAY,MIXED
5958,NYANZA,MIGORI,NTIMARU,QKHA,44746106,ST FRANCIS OF ASSIS SIABAI MIXED SECONDARY SCHOOL,C4,PUBLIC,NONE,DAY,MIXED
5959,NYANZA,MIGORI,NTIMARU,Y942,44746102,ST. JOSEPH`S NTIMARU SECONDARY SCHOOL,C4,PUBLIC,NONE,DAY,MIXED
5960,NYANZA,MIGORI,NTIMARU,JHTL,44746110,TARAGAI MIXED SECONDARY SCHOOL,C3,PUBLIC,NONE,DAY,MIXED
5961,NYANZA,MIGORI,NTIMARU,DCDP,44746105,WANGIRABOSE MIXED SECONDARY SCHOOL,C3,PUBLIC,NONE,DAY,MIXED
6021,NYANZA,MIGORI,NYATIKE,WEST,2953,44751120 UNGOE SECONDARY SCHOOL,C4,PUBLIC,NONE,DAY,MIXED
6122,COAST,MOMBASA,CHANGAMWE,DXER,3120121,BOMU SECONDARY SCHOOL,C4,PUBLIC,NONE,DAY,MIXED
6123,COAST,MOMBASA,CHANGAMWE,8Q7E,3120118,CHAANI SECONDARY SCHOOL,C4,PUBLIC,NONE,DAY,MIXED
6124,COAST,MOMBASA,CHANGAMWE,SSGH,3120124,CHANGAMWE GIRLS SECONDARY SCHOOL,C4,PUBLIC,NONE,BOARDING,GIRLS
6125,COAST,MOMBASA,CHANGAMWE,MCMA,3120101,CHANGAMWE SECONDARY SCHOOL,C3,PUBLIC,NONE,DAY,MIXED
6126,COAST,MOMBASA,CHANGAMWE,LZEX,3120117,MWIJABU SECONDARY SCHOOL,C4,PUBLIC,NONE,DAY,MIXED
6127,COAST,MOMBASA,CHANGAMWE,HVVV,3120125,PORT REITZ INTEGRATED SECONDARY SCHOOL,C4,PUBLIC,NONE,DAY,MIXED
6128,COAST,MOMBASA,CHANGAMWE,WNFQ,3120102,ST. CHARLES LWANGA SECONDARY SCHOOL,C4,PUBLIC,NONE,DAY,MIXED
6133,COAST,MOMBASA,KISAUNI,87G5,3121233,CONCORDIA SECONDARY SCHOOL,C4,PUBLIC,NONE,DAY,MIXED
6134,COAST,MOMBASA,KISAUNI,KFLF,3121220,HASSAN JOHO GIRLS' SECONDARY SCHOOL,C4,PUBLIC,NONE,BOARDING,GIRLS
6135,COAST,MOMBASA,KISAUNI,N389,3121234,KASHANI SECONDARY SCHOOL,C4,PUBLIC,NONE,DAY,MIXED
6136,COAST,MOMBASA,KISAUNI,W3WT,3100001,MAMA NGINA GIRLS,C1,PUBLIC,NONE,BOARDING,GIRLS
6137,COAST,MOMBASA,KISAUNI,FUFG,3121226,MARIMANI MIXED SECONDARY SCHOOL,C4,PUBLIC,NONE,DAY,MIXED
6138,COAST,MOMBASA,KISAUNI,MRKX,3121216,MTOPANGA MIXED SECONDARY SCHOOL,C4,PUBLIC,NONE,DAY,MIXED
6139,COAST,MOMBASA,KISAUNI,A7RR,3121204,MWAKIRUNGE SECONDARY SCHOOL,C4,PUBLIC,NONE,DAY,MIXED
6140,COAST,MOMBASA,KISAUNI,P8NT,3100007,SHIMO-LA-TEWA SCHOOL,C1,PUBLIC,NONE,DAY,MIXED
6141,COAST,MOMBASA,LIKONI,HTJE,3108217,BUBUBU BOYS SECONDARY SCHOOL,C3,PUBLIC,NONE,BOARDING,BOYS
6142,COAST,MOMBASA,LIKONI,6ZP9,3108201,LIKONI SECONDARY SCHOOL,C4,PUBLIC,NONE,DAY,MIXED
6143,COAST,MOMBASA,LIKONI,M3ZG,3108117,MISHI MBOKO GIRLS HIGH SCHOOL,C4,PUBLIC,NONE,BOARDING,GIRLS
6144,COAST,MOMBASA,LIKONI,FRUV,3108101,MOI FORCES ACADEMY-MOMBASA,C3,PUBLIC,NONE,DAY,MIXED
6145,COAST,MOMBASA,LIKONI,MBHW,3108211,MRIMA MIXED DAY SECONDARY SCHOOL,C4,PUBLIC,NONE,DAY,MIXED
6146,COAST,MOMBASA,LIKONI,EBXZ,3108103,MTONGWE GIRLS SECONDARY SCHOOL,C4,PUBLIC,NONE,BOARDING,GIRLS
6147,COAST,MOMBASA,LIKONI,7R8B,3108114,MWAHIMA SECONDARY SCHOOL,C4,PUBLIC,NONE,DAY,MIXED
6148,COAST,MOMBASA,LIKONI,5K5N,3108116,MWEZA SECONDARY SCHOOL (MOI FORCES ACADEMY),C3,PUBLIC,NONE,DAY,MIXED
6149,COAST,MOMBASA,LIKONI,XWYL,3108209,PUMA SECONDARY SCHOOL,C4,PUBLIC,NONE,DAY,MIXED
6150,COAST,MOMBASA,LIKONI,GFYP,3108104,SHIKAADABU SECONDARY SCHOOL,C4,PUBLIC,NONE,DAY,MIXED
6151,COAST,MOMBASA,LIKONI,QMYA,3108115,THE SALVATION ARMY LIKONI HIGH FOR THE VISUALLY IM,C1,PUBLIC,NONE,DAY,MIXED
6152,COAST,MOMBASA,LIKONI,HV5C,3108120,TIMBWANI SECONDARY SCHOOL,C4,PUBLIC,NONE,DAY,MIXED
6153,COAST,MOMBASA,MOMBASA,2HTW,3106124,ALFARSY GIRLS SECONDARY SCHOOL,C4,PUBLIC,NONE,BOARDING,GIRLS
6154,COAST,MOMBASA,MOMBASA,THZY,3106101,ALLIDINA VISRAM HIGH SCHOOL,C4,PUBLIC,NONE,BOARDING,MIXED
6155,COAST,MOMBASA,MOMBASA,BPR7,3106104,COAST GIRLS HIGH SCHOOL,C4,PUBLIC,NONE,BOARDING,GIRLS
6156,COAST,MOMBASA,MOMBASA,M693,3106134,KAA CHONJO SECONDARY SCHOOL,C4,PUBLIC,NONE,DAY,MIXED
6157,COAST,MOMBASA,MOMBASA,BW5X,3106102,KHAMIS SECONDARY SCHOOL,C4,PUBLIC,NONE,DAY,MIXED
6158,COAST,MOMBASA,MOMBASA,2H3L,3106132,MAKANDE GIRLS SECONDARY SCHOOL,C4,PUBLIC,NONE,BOARDING,GIRLS
6159,COAST,MOMBASA,MOMBASA,RTDT,3106133,MAKUPA BOYS SECONDARY SCHOOL,C4,PUBLIC,NONE,BOARDING,BOYS
6160,COAST,MOMBASA,MOMBASA,Y42G,3106121,MBARAKI GIRLS SECONDARY SCHOOL,C4,PUBLIC,NONE,BOARDING,GIRLS
6161,COAST,MOMBASA,MOMBASA,CQMA,3106135,MEKATILILI WA MENZA,C4,PUBLIC,NONE,DAY,MIXED
6162,COAST,MOMBASA,MOMBASA,AF35,3106125,MVITA BOYS SECONDARY SCHOOL,C4,PUBLIC,NONE,BOARDING,BOYS
6163,COAST,MOMBASA,MOMBASA,2V36,3106107,"SACRED HEART HIGH SCHOOL, MOMBASA",C4,PUBLIC,NONE,BOARDING,MIXED
6164,COAST,MOMBASA,MOMBASA,7EV9,3106116,SERANI SECONDARY SCHOOL,C4,PUBLIC,NONE,DAY,MIXED
6165,COAST,MOMBASA,MOMBASA,7TLZ,3106118,SHARIFF NASSIR GIRLS,C4,PUBLIC,NONE,BOARDING,GIRLS
6166,COAST,MOMBASA,MOMBASA,7LNV,3106105,STAR OF THE SEA HIGH SCHOOL,C4,PUBLIC,NONE,BOARDING,MIXED
6167,COAST,MOMBASA,MOMBASA,RJTR,3106122,TONONOKA SECONDARY SCHOOL,C4,PUBLIC,NONE,DAY,MIXED
6168,COAST,MOMBASA,MOMBASA,L7Z9,3106103,TUDOR DAY SECONDARY SCHOOL,C4,PUBLIC,NONE,DAY,MIXED
6176,CENTRAL,MURANG'A,GATANGA,YEX4,10234414,ACC & S CHOMO KARIA SECONDARY SCHOOL,C4,PUBLIC,NONE,DAY,MIXED
6177,CENTRAL,MURANG'A,GATANGA,AD5Z,10234410,CHOMO SECONDARY SCHOOL,C3,PUBLIC,NONE,DAY,MIXED
6178,CENTRAL,MURANG'A,GATANGA,8AFT,10234408,CHRIST THE KING KIRWARA HIGH,C2,PUBLIC,NONE,DAY,MIXED
6179,CENTRAL,MURANG'A,GATANGA,AKFB,10234405,GAKURARI SECONDARY SCHOOL,C4,PUBLIC,NONE,DAY,MIXED
6180,CENTRAL,MURANG'A,GATANGA,6CQ9,10234302,GATIIGURU MIXED SECONDARY SCHOOL,C4,PUBLIC,NONE,DAY,MIXED
6181,CENTRAL,MURANG'A,GATANGA,7E2J,10234105,GATUNGURU-KARIARA SECONDARY SCHOOL,C4,PUBLIC,NONE,DAY,MIXED
6182,CENTRAL,MURANG'A,GATANGA,ALXL,10234411,GATUNYU SECONDARY SCHOOL,C4,PUBLIC,NONE,DAY,MIXED
6183,CENTRAL,MURANG'A,GATANGA,PSEU,10234206,GIACHUKI BOYS HIGH SCHOOL,C3,PUBLIC,NONE,BOARDING,BOYS
6184,CENTRAL,MURANG'A,GATANGA,GVSG,10234210,GITEME SECONDARY SCHOOL,C4,PUBLIC,NONE,DAY,MIXED
6185,CENTRAL,MURANG'A,GATANGA,8BCN,10234303,GITHAMBIA SECONDARY SCHOOL,C4,PUBLIC,NONE,DAY,MIXED
6186,CENTRAL,MURANG'A,GATANGA,JVNR,10234307,GITUAMBA SECONDARY SCHOOL,C4,PUBLIC,NONE,DAY,MIXED
6187,CENTRAL,MURANG'A,GATANGA,S327,10234504,HIGH LEVEL SECONDARY SCHOOL,C4,PUBLIC,NONE,DAY,MIXED
6188,CENTRAL,MURANG'A,GATANGA,5NRX,10234404,ITHANGARARI SECONDARY SCHOOL,C4,PUBLIC,NONE,DAY,MIXED
6189,CENTRAL,MURANG'A,GATANGA,NVTW,10234402,JOGOO KIMAKIA SECONDARY SCHOOL,C4,PUBLIC,NONE,DAY,MIXED
6190,CENTRAL,MURANG'A,GATANGA,JX3J,10234201,KAMUNYAKA KIUMU SECONDARY SCHOOL,C4,PUBLIC,NONE,DAY,MIXED
6191,CENTRAL,MURANG'A,GATANGA,HESL,10234204,KANUNGA MIXED DAY SECONDARY SCHOOL,C4,PUBLIC,NONE,DAY,MIXED
6192,CENTRAL,MURANG'A,GATANGA,RPM9,10234113,KARANGI MIXED SECONDARY SCHOOL,C4,PUBLIC,NONE,DAY,MIXED
6193,CENTRAL,MURANG'A,GATANGA,RVPQ,10234305,KIAMWATHI SECONDARY SCHOOL,C4,PUBLIC,NONE,DAY,MIXED
6194,CENTRAL,MURANG'A,GATANGA,XG9V,10234104,KIARUTARA SECONDARY SCHOOL,C4,PUBLIC,NONE,DAY,MIXED
6195,CENTRAL,MURANG'A,GATANGA,7YM7,10234211,KIGORO SECONDARY SCHOOL,C4,PUBLIC,NONE,DAY,MIXED
6196,CENTRAL,MURANG'A,GATANGA,RAR8,10234308,KIHUMBU-INI SECONDARY SCHOOL,C3,PUBLIC,NONE,DAY,MIXED
6197,CENTRAL,MURANG'A,GATANGA,LRHP,10234203,KIMANDI SECONDARY SCHOOL,C4,PUBLIC,NONE,DAY,MIXED
6198,CENTRAL,MURANG'A,GATANGA,YHBA,10234306,KIUNYU SECONDARY SCHOOL,C3,PUBLIC,NONE,DAY,MIXED
6199,CENTRAL,MURANG'A,GATANGA,AU66,10234112,MBUGITI SECONDARY SCHOOL,C3,PUBLIC,NONE,DAY,MIXED
6200,CENTRAL,MURANG'A,GATANGA,442X,10234103,MWAGU SECONDARY SCHOOL,C4,PUBLIC,NONE,DAY,MIXED
6201,CENTRAL,MURANG'A,GATANGA,EB9P,10234202,NDAKAINI DAY MIXED SECONDARY SCHOOL,C4,PUBLIC,NONE,DAY,MIXED
6202,CENTRAL,MURANG'A,GATANGA,FWXL,10234205,NDUNYU CHEGE SECONDARY SCHOOL,C4,PUBLIC,NONE,DAY,MIXED
6203,CENTRAL,MURANG'A,GATANGA,8A66,10234304,NEW NYAGA SECONDARY SCHOOL,C4,PUBLIC,NONE,DAY,MIXED
6204,CENTRAL,MURANG'A,GATANGA,24QC,10234407,P.C.E.A KIGIO SECONDARY SCHOOL,C4,PUBLIC,NONE,DAY,MIXED
6205,CENTRAL,MURANG'A,GATANGA,7UXR,10234301,ST AUGUSTINE MUTUNDU SECONDARY SCHOOL,C4,PUBLIC,NONE,DAY,MIXED
6206,CENTRAL,MURANG'A,GATANGA,CY84,10234101,ST TERESA GATURA GIRLS,C3,PUBLIC,NONE,BOARDING,GIRLS
6207,CENTRAL,MURANG'A,GATANGA,4EZ5,10234406,ST. ANUARITE GATANGA GIRLS SECONDARY SCHOOL,C3,PUBLIC,NONE,BOARDING,GIRLS
6208,CENTRAL,MURANG'A,GATANGA,HCBF,10234403,ST. BASIL GATHANJI SECONDARY SCHOOL,C4,PUBLIC,NONE,DAY,MIXED
6209,CENTRAL,MURANG'A,GATANGA,ASGV,10234409,ST. MARY'S RWEGETHA SECONDARY SCHOOL,C4,PUBLIC,NONE,DAY,MIXED
6210,CENTRAL,MURANG'A,GATANGA,KXXC,10234401,ST.GERMAINE GATANGA GIRLS' HIGH SCHOOL,C2,PUBLIC,NONE,BOARDING,GIRLS
6211,CENTRAL,MURANG'A,GATANGA,X5EH,10234102,ST.PAUL'S SECONDARY SCHOOL -GATURA,C4,PUBLIC,NONE,DAY,MIXED
6212,CENTRAL,MURANG'A,ITHANGA/KAKUZI,AUUB,10243101,DELMONTE MIXED DAY SECONDARY SCHOOL,C4,PUBLIC,NONE,DAY,MIXED
6213,CENTRAL,MURANG'A,ITHANGA/KAKUZI,9JZD,10243201,GITITU SECONDARY SCHOOL,C3,PUBLIC,NONE,DAY,MIXED
6214,CENTRAL,MURANG'A,ITHANGA/KAKUZI,XDSH,10243206,IEMBENI SECONDARY SCHOOL,C4,PUBLIC,NONE,DAY,MIXED
6215,CENTRAL,MURANG'A,ITHANGA/KAKUZI,XL9N,10243301,ITHANGA SECONDARY SCHOOL,C4,PUBLIC,NONE,DAY,MIXED
6216,CENTRAL,MURANG'A,ITHANGA/KAKUZI,ZNJP,10243308,KYAUME MIXED DAY SECONDARY SCHOOL,C4,PUBLIC,NONE,DAY,MIXED
6217,CENTRAL,MURANG'A,ITHANGA/KAKUZI,C35G,10243202,MATUNDA SECONDARY SCHOOL,C4,PUBLIC,NONE,DAY,MIXED
6218,CENTRAL,MURANG'A,ITHANGA/KAKUZI,BSPL,10243304,MUGUMO MIXED DAY SECONDARY SCHOOL,C4,PUBLIC,NONE,DAY,MIXED
6219,CENTRAL,MURANG'A,ITHANGA/KAKUZI,HTAC,10243203,MUTI SECONDARY SCHOOL,C4,PUBLIC,NONE,DAY,MIXED
6220,CENTRAL,MURANG'A,ITHANGA/KAKUZI,PJGK,10243102,MWANAWIKIO SECONDARY SCHOOL,C4,PUBLIC,NONE,DAY,MIXED
6221,CENTRAL,MURANG'A,ITHANGA/KAKUZI,U37M,10243205,NGATHO SECONDARY SCHOOL,C4,PUBLIC,NONE,DAY,MIXED
6222,CENTRAL,MURANG'A,ITHANGA/KAKUZI,WF8Z,10243303,NGELELYA SECONDARY SCHOOL,C4,PUBLIC,NONE,DAY,MIXED
6223,CENTRAL,MURANG'A,ITHANGA/KAKUZI,CUNH,10243302,ST. TERESA'S SECONDARY SCHOOL,C4,PUBLIC,NONE,DAY,MIXED
6224,CENTRAL,MURANG'A,ITHANGA/KAKUZI,3JUB,10243307,ST.BENEDICT ITHANGA TOWNSHIP SECONDARY SCHOOL,C4,PUBLIC,NONE,DAY,MIXED
6225,CENTRAL,MURANG'A,ITHANGA/KAKUZI,KTHH,10243103,SWANI SECONDARY SCHOOL,C4,PUBLIC,NONE,DAY,MIXED
6226,CENTRAL,MURANG'A,ITHANGA/KAKUZI,2N95,10243306,THUNGURURU MIXED DAY SECONDARY SCHOOL,C4,PUBLIC,NONE,DAY,MIXED
6227,CENTRAL,MURANG'A,KAHURO,XYNP,10238137,DR GITAU MATHARITE SECONDARY SCHOOL,C4,PUBLIC,NONE,DAY,MIXED
6228,CENTRAL,MURANG'A,KAHURO,95EQ,10238118,DR. KIANO GIRLS SECONDARY SCHOOL,C3,PUBLIC,NONE,BOARDING,GIRLS
6229,CENTRAL,MURANG'A,KAHURO,G23D,10238142,DR. KIRIERI KAGAA SECONDARY SCHOOL,C4,PUBLIC,NONE,DAY,MIXED
6230,CENTRAL,MURANG'A,KAHURO,6B5U,10238133,GATARA SECONDARY SCHOOL,C4,PUBLIC,NONE,DAY,MIXED
6231,CENTRAL,MURANG'A,KAHURO,V5BS,10238109,GATHINJA SECONDARY SCHOOL,C4,PUBLIC,NONE,DAY,MIXED
6232,CENTRAL,MURANG'A,KAHURO,AXAS,10238143,GITARO SECONDARY SCHOOL,C4,PUBLIC,NONE,DAY,MIXED
6233,CENTRAL,MURANG'A,KAHURO,XE5U,10238131,GITIE SECONDARY SCHOOL,C4,PUBLIC,NONE,DAY,MIXED
6234,CENTRAL,MURANG'A,KAHURO,GQYQ,10238106,GITIGE SECONDARY SCHOOL,C4,PUBLIC,NONE,DAY,MIXED
6235,CENTRAL,MURANG'A,KAHURO,W29G,10238126,GITUI MIXED SECONDARY SCHOOL,C4,PUBLIC,NONE,DAY,MIXED
6236,CENTRAL,MURANG'A,KAHURO,M2F2,10238125,GITURA SECONDARY SCHOOL,C4,PUBLIC,NONE,DAY,MIXED
6237,CENTRAL,MURANG'A,KAHURO,ATNL,10238108,GITUTO SECONDARY SCHOOL,C4,PUBLIC,NONE,DAY,MIXED
6238,CENTRAL,MURANG'A,KAHURO,UZQZ,10238138,GITWEKU MIXED DAY SECONDARY SCHOOL,C4,PUBLIC,NONE,DAY,MIXED
6239,CENTRAL,MURANG'A,KAHURO,74DV,10238110,GITWEKU SECONDARY SCHOOL,C3,PUBLIC,NONE,DAY,MIXED
6240,CENTRAL,MURANG'A,KAHURO,45QG,10238122,KAGANDA SECONDARY SCHOOL,C4,PUBLIC,NONE,DAY,MIXED
6241,CENTRAL,MURANG'A,KAHURO,VHNA,10238117,KAGUMO SECONDARY SCHOOL,C4,PUBLIC,NONE,DAY,MIXED
6242,CENTRAL,MURANG'A,KAHURO,VY7J,10238123,KAHATIA SECONDARY SCHOOL,C4,PUBLIC,NONE,DAY,MIXED
6243,CENTRAL,MURANG'A,KAHURO,6PTX,10238121,KAHITHE SECONDARY SCHOOL,C4,PUBLIC,NONE,DAY,MIXED
6244,CENTRAL,MURANG'A,KAHURO,Q835,10238101,KAHUHIA GIRLS' HIGH SCHOOL,C1,PUBLIC,NONE,BOARDING,GIRLS
6245,CENTRAL,MURANG'A,KAHURO,V4K3,10238112,KAHUHIA MIXED SECONDARY SCHOOL,C4,PUBLIC,NONE,DAY,MIXED
6246,CENTRAL,MURANG'A,KAHURO,GQLV,10238139,KAHURO SECONDARY SCHOOL,C4,PUBLIC,NONE,DAY,MIXED
6247,CENTRAL,MURANG'A,KAHURO,3A2G,10238136,KAMAGUTA SECONDARY SCHOOL,C4,PUBLIC,NONE,DAY,MIXED
6248,CENTRAL,MURANG'A,KAHURO,2YMS,10238105,KARINGU SECONDARY SCHOOL,C4,PUBLIC,NONE,DAY,MIXED
6249,CENTRAL,MURANG'A,KAHURO,BTL6,10238114,KIAGUTHU BOYS SECONDARY SCHOOL,C1,PUBLIC,NONE,BOARDING,BOYS
6250,CENTRAL,MURANG'A,KAHURO,E67C,10238104,KIANDERI GIRLS SECONDARY SCHOOL,C2,PUBLIC,NONE,BOARDING,GIRLS
6251,CENTRAL,MURANG'A,KAHURO,FUQ6,10238147,KIANDERI MIXED,C4,PUBLIC,NONE,DAY,MIXED
6252,CENTRAL,MURANG'A,KAHURO,M6GH,10238132,KIBOI SECONDARY SCHOOL,C4,PUBLIC,NONE,DAY,MIXED
6253,CENTRAL,MURANG'A,KAHURO,T923,10238102,KIROGO SECONDARY SCHOOL,C2,PUBLIC,NONE,DAY,MIXED
6254,CENTRAL,MURANG'A,KAHURO,MAFA,10238141,KIUMBA MIXED DAY SECONDARY SCHOOL,C4,PUBLIC,NONE,DAY,MIXED
6255,CENTRAL,MURANG'A,KAHURO,LNZ6,10238134,KOIMBI MIXED DAY SECONDARY SCHOOL,C4,PUBLIC,NONE,DAY,MIXED
6256,CENTRAL,MURANG'A,KAHURO,YL52,10238107,KOIMBI SECONDARY SCHOOL,C3,PUBLIC,NONE,DAY,MIXED
6257,CENTRAL,MURANG'A,KAHURO,WT9L,10238115,MIRICHU SECONDARY SCHOOL,C4,PUBLIC,NONE,DAY,MIXED
6258,CENTRAL,MURANG'A,KAHURO,42MW,10200013,MUGOIRI GIRLS HIGH SCHOOL,C1,PUBLIC,NONE,BOARDING,GIRLS
6259,CENTRAL,MURANG'A,KAHURO,YRJ7,10238116,MUGOIRI SECONDARY SCHOOL,C4,PUBLIC,NONE,DAY,MIXED
6260,CENTRAL,MURANG'A,KAHURO,MWRR,10238111,MUKANGU HIGH SCHOOL,C4,PUBLIC,NONE,BOARDING,MIXED
6261,CENTRAL,MURANG'A,KAHURO,X9FC,10238127,MUKUMU SECONDARY SCHOOL,C4,PUBLIC,NONE,DAY,MIXED
6262,CENTRAL,MURANG'A,KAHURO,FEKJ,10238140,MURARANDIA MIXED SECONDARY SCHOOL,C4,PUBLIC,NONE,DAY,MIXED
6263,CENTRAL,MURANG'A,KAHURO,95LM,10238119,NDUTUMI SECONDARY SCHOOL,C4,PUBLIC,NONE,DAY,MIXED
6264,CENTRAL,MURANG'A,KAHURO,BF6M,10238124,ST.VINCENT(DE PAUL) KIONJOINI SECONDARY SCHOOL,C4,PUBLIC,NONE,DAY,MIXED
6265,CENTRAL,MURANG'A,KAHURO,5EJF,10238130,THERI SECONDARY SCHOOL,C4,PUBLIC,NONE,DAY,MIXED
6266,CENTRAL,MURANG'A,KAHURO,UM8P,10238103,WEITHAGA BOYS SECONDARY,C2,PUBLIC,NONE,BOARDING,BOYS
6267,CENTRAL,MURANG'A,KAHURO,UGAL,10238128,WEITHAGA MIXED SECONDARY SCHOOL,C4,PUBLIC,NONE,DAY,MIXED
6268,CENTRAL,MURANG'A,KAHURO,XLDW,10238120,YAMUGWE SECONDARY SCHOOL,C4,PUBLIC,NONE,DAY,MIXED
6269,CENTRAL,MURANG'A,KANDARA,PTVN,10226205,GACHARAGE GIRLS SECONDARY SCHOOL,C3,PUBLIC,NONE,BOARDING,GIRLS
6270,CENTRAL,MURANG'A,KANDARA,E63U,10226216,GAICHANJIRU HIGH SCHOOL,C2,PUBLIC,NONE,BOARDING,MIXED
6271,CENTRAL,MURANG'A,KANDARA,U7KQ,10226225,GAICHANJIRU MIXED SECONDARY SCHOOL,C4,PUBLIC,NONE,DAY,MIXED
6272,CENTRAL,MURANG'A,KANDARA,HWEL,10226228,GAKUI SECONDARY SCHOOL,C4,PUBLIC,NONE,DAY,MIXED
6273,CENTRAL,MURANG'A,KANDARA,RUJV,10226244,GATHAGE SECONDARY SCHOOL,C4,PUBLIC,NONE,DAY,MIXED
6274,CENTRAL,MURANG'A,KANDARA,RF27,10226214,GATITU SECONDARY SCHOOL,C4,PUBLIC,NONE,DAY,MIXED
6275,CENTRAL,MURANG'A,KANDARA,HK5Y,10226254,GATITUINI SECONDARY SCHOOL,C4,PUBLIC,NONE,DAY,MIXED
6276,CENTRAL,MURANG'A,KANDARA,ZMBL,10226249,GITHIGIA SECONDARY SCHOOL,C4,PUBLIC,NONE,DAY,MIXED
6277,CENTRAL,MURANG'A,KANDARA,P685,10226201,GITHUMU HIGH SCHOOL,C2,PUBLIC,NONE,BOARDING,MIXED
6278,CENTRAL,MURANG'A,KANDARA,F7LL,10226248,GITHUMU MIXED DAY SECONDARY SCHOOL,C4,PUBLIC,NONE,DAY,MIXED
6279,CENTRAL,MURANG'A,KANDARA,AA5E,10226217,GITHUNGURI GIRLS HIGH SCHOOL,C2,PUBLIC,NONE,BOARDING,GIRLS
6280,CENTRAL,MURANG'A,KANDARA,2STY,10226220,GITHUNGURI MIXED SECONDARY SCHOOL,C4,PUBLIC,NONE,DAY,MIXED
6281,CENTRAL,MURANG'A,KANDARA,DJR4,10226258,GITURU DAY SECONDARY SCHOOL,C4,PUBLIC,NONE,DAY,MIXED
6282,CENTRAL,MURANG'A,KANDARA,QBTU,10226202,GITURU SECONDARY SCHOOL,C2,PUBLIC,NONE,DAY,MIXED
6283,CENTRAL,MURANG'A,KANDARA,24DV,10226219,KAGIRA SECONDARY SCHOOL,C4,PUBLIC,NONE,DAY,MIXED
6284,CENTRAL,MURANG'A,KANDARA,4TZ3,10226240,KAGUTHI SECONDARY SCHOOL,C4,PUBLIC,NONE,DAY,MIXED
6285,CENTRAL,MURANG'A,KANDARA,NRM6,10226253,KANDARA MIXED DAY SECONDARY SCHOOL,C4,PUBLIC,NONE,DAY,MIXED
6286,CENTRAL,MURANG'A,KANDARA,JXUS,10226208,KANGUI SECONDARY SCHOOL,C4,PUBLIC,NONE,DAY,MIXED
6287,CENTRAL,MURANG'A,KANDARA,7KCS,10226224,KARIGU-INI SECONDARY SCHOOL,C4,PUBLIC,NONE,DAY,MIXED
6288,CENTRAL,MURANG'A,KANDARA,YKQ8,10226218,KARITI SECONDARY SCHOOL,C4,PUBLIC,NONE,DAY,MIXED
6289,CENTRAL,MURANG'A,KANDARA,VQQY,10226206,KARIUA SECONDARY SCHOOL,C4,PUBLIC,NONE,DAY,MIXED
6290,CENTRAL,MURANG'A,KANDARA,NAYP,10226246,KARUGIA SECONDARY SCHOOL,C4,PUBLIC,NONE,DAY,MIXED
6291,CENTRAL,MURANG'A,KANDARA,TGLY,10226222,KENYOHO SECONDARY SCHOOL,C4,PUBLIC,NONE,DAY,MIXED
6292,CENTRAL,MURANG'A,KANDARA,LEEM,10226234,KIANGARI SECONDARY SCHOOL,C4,PUBLIC,NONE,DAY,MIXED
6293,CENTRAL,MURANG'A,KANDARA,7KXK,10226241,KIAWAMBUTU SECONDARY SCHOOL,C4,PUBLIC,NONE,DAY,MIXED
6294,CENTRAL,MURANG'A,KANDARA,NZW4,10226204,KIBAGE SECONDARY SCHOOL,C4,PUBLIC,NONE,DAY,MIXED
6295,CENTRAL,MURANG'A,KANDARA,KHWG,10226233,KIHURU-INI SECONDARY SCHOOL,C4,PUBLIC,NONE,DAY,MIXED
6296,CENTRAL,MURANG'A,KANDARA,E72D,10226255,KIIRI MIXED DAY SECONDARY SCHOOL,C4,PUBLIC,NONE,DAY,MIXED
6297,CENTRAL,MURANG'A,KANDARA,53FD,10226212,KIRANGA SECONDARY SCHOOL,C3,PUBLIC,NONE,DAY,MIXED
6298,CENTRAL,MURANG'A,KANDARA,SYC3,10226231,KIRIGITHU SECONDARY SCHOOL,C4,PUBLIC,NONE,DAY,MIXED
6299,CENTRAL,MURANG'A,KANDARA,DW7S,10226235,KIRIRWA SECONDARY SCHOOL,C4,PUBLIC,NONE,DAY,MIXED
6300,CENTRAL,MURANG'A,KANDARA,766F,10226251,KIRUNGURU MIXED DAY SECONDARY SCHOOL,C4,PUBLIC,NONE,DAY,MIXED
6301,CENTRAL,MURANG'A,KANDARA,S3SG,10226262,MACHEGECHA SECONDARY SCHOOL,C4,PUBLIC,NONE,DAY,MIXED
6302,CENTRAL,MURANG'A,KANDARA,N6LW,10226243,MANJUU SECONDARY SCHOOL,C4,PUBLIC,NONE,DAY,MIXED
6303,CENTRAL,MURANG'A,KANDARA,EAC6,10226230,MUGECHA SECONDARY SCHOOL,C4,PUBLIC,NONE,DAY,MIXED
6304,CENTRAL,MURANG'A,KANDARA,NVSC,10226259,MUIRI-INI SECONDARY SCHOOL,C4,PUBLIC,NONE,DAY,MIXED
6305,CENTRAL,MURANG'A,KANDARA,HT5C,10226223,MUKERENJU SECONDARY SCHOOL,C4,PUBLIC,NONE,DAY,MIXED
6306,CENTRAL,MURANG'A,KANDARA,L6KF,10226207,MUKURIA SECONDARY SCHOOL,C4,PUBLIC,NONE,DAY,MIXED
6307,CENTRAL,MURANG'A,KANDARA,E3J6,10226209,MUNG'ARIA SECONDARY SCHOOL,C4,PUBLIC,NONE,DAY,MIXED
6308,CENTRAL,MURANG'A,KANDARA,5KSP,10226213,MURUKA SECONDARY SCHOOL,C4,PUBLIC,NONE,DAY,MIXED
6309,CENTRAL,MURANG'A,KANDARA,RDA5,10226237,MUTHERU SECONDARY SCHOOL,C4,PUBLIC,NONE,DAY,MIXED
6310,CENTRAL,MURANG'A,KANDARA,V2ZE,10226252,MUTITU SECONDARY SCHOOL,C4,PUBLIC,NONE,DAY,MIXED
6311,CENTRAL,MURANG'A,KANDARA,L5KG,10226211,NAARO HIGH SCHOOL,C2,PUBLIC,NONE,BOARDING,MIXED
6312,CENTRAL,MURANG'A,KANDARA,CHUA,10226247,NAARO MIXED DAY SECONDARY SCHOOL,C4,PUBLIC,NONE,DAY,MIXED
6313,CENTRAL,MURANG'A,KANDARA,U2H8,10226239,NG'ARARIA MIXED SECONDARY SCHOOL,C4,PUBLIC,NONE,DAY,MIXED
6314,CENTRAL,MURANG'A,KANDARA,CSE5,10226229,NGURWE-INI SECONDARY SCHOOL,C4,PUBLIC,NONE,DAY,MIXED
6315,CENTRAL,MURANG'A,KANDARA,M2B4,10226215,NGUTHURU SECONDARY SCHOOL,C4,PUBLIC,NONE,DAY,MIXED
6316,CENTRAL,MURANG'A,KANDARA,DW9Z,10226250,P.C.E.A MAHUTIA MIXED DAY SECONDARY SCHOOL,C4,PUBLIC,NONE,DAY,MIXED
6317,CENTRAL,MURANG'A,KANDARA,GZ5R,10226203,RUCHU BOYS HIGH SCHOOL,C3,PUBLIC,NONE,BOARDING,BOYS
6318,CENTRAL,MURANG'A,KANDARA,FZJ5,10226264,RWATHE SECONDARY SCHOOL,C4,PUBLIC,NONE,DAY,MIXED
6319,CENTRAL,MURANG'A,KANDARA,2TWZ,10226210,SACRED HEART NG'ARARIA GIRLS HIGH SCHOOL,C2,PUBLIC,NONE,BOARDING,GIRLS
6320,CENTRAL,MURANG'A,KANDARA,CBUA,10226226,ST PETERS KANDARA BOYS SECONDARY SCHOOL,C3,PUBLIC,NONE,BOARDING,BOYS
6321,CENTRAL,MURANG'A,KANDARA,WYSH,10226227,ST. ALEXIS RUCHU GIRLS HIGH SCHOOL,C2,PUBLIC,NONE,BOARDING,GIRLS
6322,CENTRAL,MURANG'A,KANDARA,URZ4,10226232,ST. CHARLES LWANGA SECONDARY SCHOOL - KARIMAMWAROC2 PUBLIC REGULAR NONE BOARDING MIXED,,PUBLIC,NONE,DAY,MIXED
6323,CENTRAL,MURANG'A,KANDARA,QG9N,10226256,ST. MARY'S GITHIGI SECONDARY SCHOOL,C4,PUBLIC,NONE,DAY,MIXED
6324,CENTRAL,MURANG'A,KANDARA,X3T6,10226238,ST. MATHEW KIANYINGI SECONDARY SCHOOL,C4,PUBLIC,NONE,DAY,MIXED
6325,CENTRAL,MURANG'A,KANDARA,DPZ6,10226263,WAITUA SECONDARY SCHOOL,C4,PUBLIC,NONE,DAY,MIXED
6326,CENTRAL,MURANG'A,KANDARA,J35B,10226221,WANGAI SECONDARY SCHOOL,C4,PUBLIC,NONE,DAY,MIXED
6327,CENTRAL,MURANG'A,KANGEMA,RCDW,10229206,DR KIANO BOYS SECONDARY SCHOOL,C3,PUBLIC,NONE,BOARDING,BOYS
6328,CENTRAL,MURANG'A,KANGEMA,HTR8,10229106,GACHARAIGU SECONDARY SCHOOL,C4,PUBLIC,NONE,DAY,MIXED
6329,CENTRAL,MURANG'A,KANGEMA,3UGF,10229112,GAKIRA DAY SECONDARY SCHOOL,C4,PUBLIC,NONE,DAY,MIXED
6330,CENTRAL,MURANG'A,KANGEMA,3AXS,10229110,GATUNDUINI SECONDARY SCHOOL,C4,PUBLIC,NONE,DAY,MIXED
6331,CENTRAL,MURANG'A,KANGEMA,HF3F,10229211,GITUGU SECONDARY SCHOOL,C4,PUBLIC,NONE,DAY,MIXED
6332,CENTRAL,MURANG'A,KANGEMA,YDYU,10229208,ICHICHI SECONDARY SCHOOL,C4,PUBLIC,NONE,DAY,MIXED
6333,CENTRAL,MURANG'A,KANGEMA,49EG,10229104,IHIGA SECONDARY SCHOOL,C4,PUBLIC,NONE,DAY,MIXED
6334,CENTRAL,MURANG'A,KANGEMA,444A,10229102,IYEGO SECONDARY SCHOOL,C4,PUBLIC,NONE,DAY,MIXED
6335,CENTRAL,MURANG'A,KANGEMA,HZGQ,10229101,KANGEMA HIGH SCHOOL,C2,PUBLIC,NONE,BOARDING,MIXED
6336,CENTRAL,MURANG'A,KANGEMA,Z32Q,10229111,KANORERO MIXED DAY SECONDARY SCHOOL,C4,PUBLIC,NONE,DAY,MIXED
6337,CENTRAL,MURANG'A,KANGEMA,7AHG,10229210,KANYENYA-INI SECONDARY SCHOOL,C4,PUBLIC,NONE,DAY,MIXED
6338,CENTRAL,MURANG'A,KANGEMA,AM6L,10229209,KARURI GAKURE SECONDARY SCHOOL,C4,PUBLIC,NONE,DAY,MIXED
6339,CENTRAL,MURANG'A,KANGEMA,23FY,10229213,KARURUMO MIXED SECONDARY SCHOOL,C4,PUBLIC,NONE,DAY,MIXED
6340,CENTRAL,MURANG'A,KANGEMA,DQHM,10229107,KIAIRATHE SECONDARY SCHOOL,C4,PUBLIC,NONE,DAY,MIXED
6341,CENTRAL,MURANG'A,KANGEMA,QMCK,10229103,KIANGUNYI GIRLS SECONDARY SCHOOL,C3,PUBLIC,NONE,BOARDING,GIRLS
6342,CENTRAL,MURANG'A,KANGEMA,982P,10229203,KIAWAMBOGO SECONDARY SCHOOL,C4,PUBLIC,NONE,DAY,MIXED
6343,CENTRAL,MURANG'A,KANGEMA,95F4,10229205,KIBUTHA GIRLS SECONDARY SCHOOL,C2,PUBLIC,NONE,BOARDING,GIRLS
6344,CENTRAL,MURANG'A,KANGEMA,U9SF,10229212,KIBUTHA MIXED SECONDARY SCHOOL,C4,PUBLIC,NONE,DAY,MIXED
6345,CENTRAL,MURANG'A,KANGEMA,FD9Q,10229204,KIHOYA SECONDARY SCHOOL,C4,PUBLIC,NONE,DAY,MIXED
6346,CENTRAL,MURANG'A,KANGEMA,WJLH,10229207,KIRURI SECONDARY SCHOOL,C3,PUBLIC,NONE,DAY,MIXED
6347,CENTRAL,MURANG'A,KANGEMA,4UG2,10229105,MUGURU SECONDARY SCHOOL,C4,PUBLIC,NONE,DAY,MIXED
6348,CENTRAL,MURANG'A,KANGEMA,N6XS,10229202,NYAGATUGU SECONDARY SCHOOL,C2,PUBLIC,NONE,DAY,MIXED
6349,CENTRAL,MURANG'A,KANGEMA,HUZD,10229108,NYAKAHURA SECONDARY SCHOOL,C4,PUBLIC,NONE,DAY,MIXED
6350,CENTRAL,MURANG'A,KANGEMA,RGGZ,10229215,OUR LADY OF FATIMA WANJERERE SECONDARY SCHOOL,C4,PUBLIC,NONE,DAY,MIXED
6351,CENTRAL,MURANG'A,KANGEMA,AU87,10229201,RWATHIA GIRLS SECONDARY SCHOOL,C3,PUBLIC,NONE,BOARDING,GIRLS
6352,CENTRAL,MURANG'A,KANGEMA,73RS,10229214,RWATHIA MIXED SECONDARY SCHOOL,C4,PUBLIC,NONE,DAY,MIXED
6353,CENTRAL,MURANG'A,KANGEMA,BZK2,10229109,WATUHA SECONDARY SCHOOL,C4,PUBLIC,NONE,DAY,MIXED
6354,CENTRAL,MURANG'A,KIGUMO,WZ63,10227209,ACK KAHUMBU SECONDARY SCHOOL,C4,PUBLIC,NONE,DAY,MIXED
6355,CENTRAL,MURANG'A,KIGUMO,AGFF,10227318,BISHOP GATIMU KINYONA GIRLS SECONDARY SCHOOL,C4,PUBLIC,NONE,BOARDING,GIRLS
6356,CENTRAL,MURANG'A,KIGUMO,HJXU,10227111,GATUMBI SECONDARY SCHOOL,C4,PUBLIC,NONE,DAY,MIXED
6357,CENTRAL,MURANG'A,KIGUMO,RK98,10227317,GIKIGIE SECONDARY SCHOOL,C4,PUBLIC,NONE,DAY,MIXED
6358,CENTRAL,MURANG'A,KIGUMO,LXHJ,10227108,GITHIMA SECONDARY SCHOOL,C4,PUBLIC,NONE,DAY,MIXED
6359,CENTRAL,MURANG'A,KIGUMO,V59L,10227309,IKUMBI SECONDARY SCHOOL,C4,PUBLIC,NONE,DAY,MIXED
6360,CENTRAL,MURANG'A,KIGUMO,VKV2,10227306,KANDERENDU SECONDARY SCHOOL,C4,PUBLIC,NONE,DAY,MIXED
6361,CENTRAL,MURANG'A,KIGUMO,GAWF,10227107,KAREGA SECONDARY SCHOOL,C4,PUBLIC,NONE,DAY,MIXED
6362,CENTRAL,MURANG'A,KIGUMO,7STT,10227311,KARINGA SECONDARY SCHOOL,C4,PUBLIC,NONE,DAY,MIXED
6363,CENTRAL,MURANG'A,KIGUMO,686A,10227101,KIGUMO BENDERA HIGH SCHOOL,C2,PUBLIC,NONE,BOARDING,MIXED
6364,CENTRAL,MURANG'A,KIGUMO,HL3R,10227112,KIGUMO GIRLS HIGH SCHOOL,C3,PUBLIC,NONE,BOARDING,GIRLS
6365,CENTRAL,MURANG'A,KIGUMO,SLJQ,10227109,KIGUMO MIXED SECONDARY SCHOOL,C4,PUBLIC,NONE,DAY,MIXED
6366,CENTRAL,MURANG'A,KIGUMO,2FRC,10227307,KINYONA SECONDARY SCHOOL,C4,PUBLIC,NONE,DAY,MIXED
6367,CENTRAL,MURANG'A,KIGUMO,SM5C,10227208,KIUGU SECONDARY SCHOOL,C4,PUBLIC,NONE,DAY,MIXED
6368,CENTRAL,MURANG'A,KIGUMO,WECT,10227316,MAIRI SECONDARY SCHOOL,C4,PUBLIC,NONE,DAY,MIXED
6369,CENTRAL,MURANG'A,KIGUMO,SK4U,10227308,MAKOMBOKI MIXED DAY SECONDARY SCHOOL,C4,PUBLIC,NONE,DAY,MIXED
6370,CENTRAL,MURANG'A,KIGUMO,X5Z8,10227302,MARIIRA SECONDARY SCHOOL,C4,PUBLIC,NONE,DAY,MIXED
6371,CENTRAL,MURANG'A,KIGUMO,Q83T,10227110,MARUMI SECONDARY SCHOOL,C4,PUBLIC,NONE,DAY,MIXED
6372,CENTRAL,MURANG'A,KIGUMO,LV59,10227102,MATHEREINI SECONDARY SCHOOL,C4,PUBLIC,NONE,DAY,MIXED
6373,CENTRAL,MURANG'A,KIGUMO,483B,10227315,MATU DAY MIXED SECONDARY SCHOOL,C4,PUBLIC,NONE,DAY,MIXED
6374,CENTRAL,MURANG'A,KIGUMO,4HUF,10227210,MUGUMOINI SECONDARY SCHOOL,C4,PUBLIC,NONE,DAY,MIXED
6375,CENTRAL,MURANG'A,KIGUMO,6WTF,10227205,MUMBU SECONDARY SCHOOL,C4,PUBLIC,NONE,DAY,MIXED
6376,CENTRAL,MURANG'A,KIGUMO,UK6S,10227305,MUNUNGA SECONDARY SCHOOL,C4,PUBLIC,NONE,DAY,MIXED
6377,CENTRAL,MURANG'A,KIGUMO,F23L,10227201,MUTHITHI SECONDARY SCHOOL,C4,PUBLIC,NONE,DAY,MIXED
6378,CENTRAL,MURANG'A,KIGUMO,6BDD,10227103,MUTUNGURU SECONDARY SCHOOL,C4,PUBLIC,NONE,DAY,MIXED
6379,CENTRAL,MURANG'A,KIGUMO,LU3L,10227304,MWARANO SECONDARY SCHOOL,C4,PUBLIC,NONE,DAY,MIXED
6380,CENTRAL,MURANG'A,KIGUMO,KR67,10227104,NDUGAMANO SECONDARY SCHOOL,C4,PUBLIC,NONE,DAY,MIXED
6381,CENTRAL,MURANG'A,KIGUMO,CJAP,10227105,NGUKU SECONDARY SCHOOL,C4,PUBLIC,NONE,DAY,MIXED
6382,CENTRAL,MURANG'A,KIGUMO,D2QA,10227301,NJIIRI SCHOOL,C1,PUBLIC,NONE,DAY,MIXED
6383,CENTRAL,MURANG'A,KIGUMO,BTUH,10227202,NJORA SECONDARY SCHOOL,C4,PUBLIC,NONE,DAY,MIXED
6384,CENTRAL,MURANG'A,KIGUMO,RNP2,10227303,RARAKWA SECONDARY SCHOOL,C3,PUBLIC,NONE,DAY,MIXED
6385,CENTRAL,MURANG'A,KIGUMO,BKD6,10227310,ST FRANCIS MUKUYU-INI SECONDARY SCHOOL,C4,PUBLIC,NONE,DAY,MIXED
6386,CENTRAL,MURANG'A,KIGUMO,KDN9,10227204,ST. JOHN THE BAPTIST KAIRI SECONDARY SCHOOL,C4,PUBLIC,NONE,DAY,MIXED
6387,CENTRAL,MURANG'A,KIGUMO,ZPLU,10227312,ST. PAUL KAMUKABI SECONDARY SCHOOL,C4,PUBLIC,NONE,DAY,MIXED
6388,CENTRAL,MURANG'A,KIGUMO,4ADL,10227211,THAMARA MIXED DAY SECONDARY SCHOOL,C4,PUBLIC,NONE,DAY,MIXED
6389,CENTRAL,MURANG'A,KIGUMO,TK4S,10227106,TURUTURU SECONDARY SCHOOL,C4,PUBLIC,NONE,DAY,MIXED
6390,CENTRAL,MURANG'A,KIGUMO,VPQ9,10227203,WAMAHIGA SECONDARY SCHOOL,C4,PUBLIC,NONE,DAY,MIXED
6391,CENTRAL,MURANG'A,MATHIOYA,98M7,10228107,GATUNGURU SECONDARY SCHOOL,C4,PUBLIC,NONE,DAY,MIXED
6392,CENTRAL,MURANG'A,MATHIOYA,CUB3,10228103,GIKOE SECONDARY SCHOOL,C4,PUBLIC,NONE,DAY,MIXED
6393,CENTRAL,MURANG'A,MATHIOYA,YUFB,10228302,GITONGU SECONDARY SCHOOL,C4,PUBLIC,NONE,DAY,MIXED
6394,CENTRAL,MURANG'A,MATHIOYA,N3EV,10228301,GITUGI GIRLS HIGH SCHOOL,C2,PUBLIC,NONE,BOARDING,GIRLS
6395,CENTRAL,MURANG'A,MATHIOYA,SAAN,10228303,GITUGI MIXED SECONDARY,C4,PUBLIC,NONE,DAY,MIXED
6396,CENTRAL,MURANG'A,MATHIOYA,9QHS,10228205,IRURI SECONDARY SCHOOL,C4,PUBLIC,NONE,DAY,MIXED
6397,CENTRAL,MURANG'A,MATHIOYA,U3ZZ,1028404,KAIRO GIRLS SECONDARY SCHOOL,C3,PUBLIC,NONE,BOARDING,GIRLS
6398,CENTRAL,MURANG'A,MATHIOYA,RYSL,10228204,KAMACHARIA GIRLS SECONDARY SCHOOL,C3,PUBLIC,NONE,BOARDING,GIRLS
6399,CENTRAL,MURANG'A,MATHIOYA,WZ4P,10228304,KAMBARA SECONDARY SCHOOL,C4,PUBLIC,NONE,DAY,MIXED
6400,CENTRAL,MURANG'A,MATHIOYA,TKNC,10228203,KAMUNE SECONDARY SCHOOL,C4,PUBLIC,NONE,DAY,MIXED
6401,CENTRAL,MURANG'A,MATHIOYA,YCTX,10228308,KARUNG'E SECONDARY SCHOOL,C4,PUBLIC,NONE,DAY,MIXED
6402,CENTRAL,MURANG'A,MATHIOYA,RQ5J,10228405,KIAMBUTHIA SECONDARY SCHOOL,C4,PUBLIC,NONE,DAY,MIXED
6403,CENTRAL,MURANG'A,MATHIOYA,FT47,10228105,KIAMUTURI SECONDARY SCHOOL,C4,PUBLIC,NONE,DAY,MIXED
6404,CENTRAL,MURANG'A,MATHIOYA,A9YK,10228206,KIHURO SECONDARY SCHOOL,C4,PUBLIC,NONE,DAY,MIXED
6405,CENTRAL,MURANG'A,MATHIOYA,UBBZ,10228406,KIRIA-INI MIXED SECONDARY SCHOOL,C4,PUBLIC,NONE,DAY,MIXED
6406,CENTRAL,MURANG'A,MATHIOYA,4VEN,10228407,KIRIKO SECONDARY SCHOOL,C4,PUBLIC,NONE,DAY,MIXED
6407,CENTRAL,MURANG'A,MATHIOYA,ZR38,10228102,KIRITI GIRLS SECONDARY SCHOOL,C3,PUBLIC,NONE,BOARDING,GIRLS
6408,CENTRAL,MURANG'A,MATHIOYA,UUJE,10228402,KIRU SECONDARY SCHOOL,C3,PUBLIC,NONE,DAY,MIXED
6409,CENTRAL,MURANG'A,MATHIOYA,RVLC,10228403,MANANGA SECONDARY SCHOOL,C4,PUBLIC,NONE,DAY,MIXED
6410,CENTRAL,MURANG'A,MATHIOYA,WK26,10228106,MATHIOYA MIXED DAY SECONDARY SCHOOL,C4,PUBLIC,NONE,DAY,MIXED
6411,CENTRAL,MURANG'A,MATHIOYA,XGLY,10228305,MATUTO SECONDARY SCHOOL,C4,PUBLIC,NONE,DAY,MIXED
6412,CENTRAL,MURANG'A,MATHIOYA,WLBP,10228307,MIHUTI MIXED DAY SECONDARY SCHOOL,C4,PUBLIC,NONE,DAY,MIXED
6413,CENTRAL,MURANG'A,MATHIOYA,2JXY,10228104,MIORO SECONDARY SCHOOL,C4,PUBLIC,NONE,DAY,MIXED
6414,CENTRAL,MURANG'A,MATHIOYA,RD5H,10228101,NJUMBI HIGH SCHOOL,C2,PUBLIC,NONE,BOARDING,MIXED
6415,CENTRAL,MURANG'A,MATHIOYA,8CHN,10228306,RUNYEKI SECONDARY SCHOOL,C4,PUBLIC,NONE,DAY,MIXED
6416,CENTRAL,MURANG'A,MATHIOYA,RVDB,10228401,ST. ANGELA KIRIA-INI GIRLS SECONDARY SCHOOL,C2,PUBLIC,NONE,BOARDING,GIRLS
6417,CENTRAL,MURANG'A,MATHIOYA,2TVW,10228208,ST. PHILIP GIKINDU SECONDARY SCHOOL,C4,PUBLIC,NONE,DAY,MIXED
6418,CENTRAL,MURANG'A,MATHIOYA,CHKQ,10228202,THUITA SECONDARY SCHOOL,C4,PUBLIC,NONE,DAY,MIXED
6419,CENTRAL,MURANG'A,MATHIOYA,J3N7,10228201,WAHUNDURA HIGH SCHOOL,C3,PUBLIC,NONE,BOARDING,MIXED
6420,CENTRAL,MURANG'A,MATHIOYA,5M7J,10228209,WAHUNDURA MIXED SECONDARY SCHOOL,C4,PUBLIC,NONE,DAY,MIXED
6421,CENTRAL,MURANG'A,MATHIOYA,U9ED,10228309,YAKARENGO SECONDARY SCHOOL,C4,PUBLIC,NONE,DAY,MIXED
6497,NAIROBI,NAIROBI,DAGORETTI,JKBF,20405048,BETH MUGO HIGH SCHOOL,C4,PUBLIC,NONE,BOARDING,MIXED
6498,NAIROBI,NAIROBI,DAGORETTI,4TBK,20405001,DAGORETTI HIGH,C2,PUBLIC,NONE,DAY,MIXED
6499,NAIROBI,NAIROBI,DAGORETTI,M2WQ,20405009,DAGORETTI MIXED,C4,PUBLIC,NONE,DAY,MIXED
6500,NAIROBI,NAIROBI,DAGORETTI,3DJB,20405156,KAGIRA MIXED SEC SCHOOL,C4,PUBLIC,NONE,DAY,MIXED
6501,NAIROBI,NAIROBI,DAGORETTI,3KSM,20400001,LENANA SCHOOL,C1,PUBLIC,NONE,DAY,MIXED
6502,NAIROBI,NAIROBI,DAGORETTI,67VW,20405158,MUKARARA MIXED SECONDARY SCHOOL,C4,PUBLIC,NONE,DAY,MIXED
6503,NAIROBI,NAIROBI,DAGORETTI,XQKG,20405157,MUTUINI GIRLS SEC SCH,C4,PUBLIC,NONE,BOARDING,GIRLS
6504,NAIROBI,NAIROBI,DAGORETTI,6LBG,20405005,MUTUINI HIGH SCHOOL,C3,PUBLIC,NONE,BOARDING,MIXED
6505,NAIROBI,NAIROBI,DAGORETTI,2E6M,20405152,NDURARUA HIGH SCHOOL,C4,PUBLIC,NONE,BOARDING,MIXED
6506,NAIROBI,NAIROBI,DAGORETTI,P5US,20405004,PRECIOUS BLOOD RIRUTA,C1,PUBLIC,NONE,DAY,MIXED
6507,NAIROBI,NAIROBI,DAGORETTI,7VW,20405155,RIRUTA SATELLITE,C4,PUBLIC,NONE,DAY,MIXED
6508,NAIROBI,NAIROBI,DAGORETTI,WTGV,20405008,RUTHIMITU GIRLS SEC SCH,C3,PUBLIC,NONE,BOARDING,GIRLS
6509,NAIROBI,NAIROBI,DAGORETTI,4A53,20405006,RUTHIMITU MIXED SEC SCH,C4,PUBLIC,NONE,DAY,MIXED
6510,NAIROBI,NAIROBI,DAGORETTI,J2J5,20405007,ST. CLAIRE NEMBU GIRLS,C2,PUBLIC,NONE,BOARDING,GIRLS
6511,NAIROBI,NAIROBI,EMBAKASI,EPV8,20408029,EMBAKASI GARRISON SEC,C4,PUBLIC,NONE,DAY,MIXED
6512,NAIROBI,NAIROBI,EMBAKASI,MP2L,20408007,EMBAKASI GIRLS,C3,PUBLIC,NONE,BOARDING,GIRLS
6513,NAIROBI,NAIROBI,EMBAKASI,73KR,20408015,KAYOLE SOUTH SEC SCHOOL,C4,PUBLIC,NONE,DAY,MIXED
6514,NAIROBI,NAIROBI,EMBAKASI,FYU6,20408016,KWARE SEC,C4,PUBLIC,NONE,DAY,MIXED
6515,NAIROBI,NAIROBI,EMBAKASI,WZTB,20408020,MWANGAZA SEC,C4,PUBLIC,NONE,DAY,MIXED
6516,NAIROBI,NAIROBI,EMBAKASI,XTVU,20408014,PETER KIBUKOSYA SECONDARY,C4,PUBLIC,NONE,DAY,MIXED
6517,NAIROBI,NAIROBI,EMBAKASI,JYAF,20408079,REUBEN SECONDARY SCHOOL,C4,PUBLIC,NONE,DAY,MIXED
6518,NAIROBI,NAIROBI,EMBAKASI,6YHU,20408001,THE KOMAROCK SCHOOL,C4,PUBLIC,NONE,DAY,MIXED
6520,NAIROBI,NAIROBI,KAMUKUNJI,4YMS,20402001,EASTLEIGH HIGH,C4,PUBLIC,NONE,DAY,MIXED
6521,NAIROBI,NAIROBI,KAMUKUNJI,S7BQ,20402005,KAMUKUNJI SECONDARY,C4,PUBLIC,NONE,DAY,MIXED
6522,NAIROBI,NAIROBI,KAMUKUNJI,X2SE,20402003,MAINA WANJIGI,C3,PUBLIC,NONE,DAY,MIXED
6523,NAIROBI,NAIROBI,KAMUKUNJI,3UKL,20400008,MOI FORCES,C1,PUBLIC,NONE,DAY,MIXED
6524,NAIROBI,NAIROBI,KAMUKUNJI,SRWK,20402006,OLM SHAURI MOYO,C2,PUBLIC,NONE,DAY,MIXED
6525,NAIROBI,NAIROBI,KAMUKUNJI,YL92,20402002,ST. TERESAS,C4,PUBLIC,NONE,DAY,MIXED
6526,NAIROBI,NAIROBI,KAMUKUNJI,6MR6,20402004,UHURU SECONDARY,C2,PUBLIC,NONE,DAY,MIXED
6527,NAIROBI,NAIROBI,KAMUKUNJI,V9EL,20402013,ZAWADI,C4,PUBLIC,NONE,DAY,MIXED
6528,NAIROBI,NAIROBI,KASARANI,TWN3,20407005,BABA DOGO SECONDARY,C4,PUBLIC,NONE,DAY,MIXED
6529,NAIROBI,NAIROBI,KASARANI,9H8E,20407065,CLAY CITY MIXED SECONDAY,C4,PUBLIC,NONE,DAY,MIXED
6530,NAIROBI,NAIROBI,KASARANI,WGLG,20407059,GARDEN ESTATE SECONDARY,C4,PUBLIC,NONE,DAY,MIXED
6531,NAIROBI,NAIROBI,KASARANI,KZ9K,20407075,GITHURAI SECONDARY,C4,PUBLIC,NONE,DAY,MIXED
6532,NAIROBI,NAIROBI,KASARANI,7V7J,20407079,GSU SECONDARY,C4,PUBLIC,NONE,DAY,MIXED
6533,NAIROBI,NAIROBI,KASARANI,UNKX,20407063,HON. JOHN NJOROGE SECONDARY,C4,PUBLIC,NONE,DAY,MIXED
6534,NAIROBI,NAIROBI,KASARANI,DCKZ,20407002,KAHAWA GARRISON SECONDARY,C4,PUBLIC,NONE,DAY,MIXED
6535,NAIROBI,NAIROBI,KASARANI,MDNM,20407004,KAMITI SECONDARY,C4,PUBLIC,NONE,DAY,MIXED
6536,NAIROBI,NAIROBI,KASARANI,XSU9,20407037,KARIOBANGI NORTH GIRLS,C4,PUBLIC,NONE,BOARDING,GIRLS
6537,NAIROBI,NAIROBI,KASARANI,BWWU,20407056,KASARANI TREESIDE FOR THE DEAF,C1,PUBLIC,NONE,DAY,MIXED
6538,NAIROBI,NAIROBI,KASARANI,FD3J,20407068,KIWANJA SECONDARY,C4,PUBLIC,NONE,DAY,MIXED
6539,NAIROBI,NAIROBI,KASARANI,X7PG,20407061,MWIKI SECONDARY,C4,PUBLIC,NONE,DAY,MIXED
6540,NAIROBI,NAIROBI,KASARANI,4JWP,20407001,OUR LADY OF FATIMA SECONDARY,C4,PUBLIC,NONE,DAY,MIXED
6541,NAIROBI,NAIROBI,KASARANI,YT6P,20407003,RUARAKA HIGH SCHOOL,C4,PUBLIC,NONE,BOARDING,MIXED
6542,NAIROBI,NAIROBI,KASARANI,KJTC,20400009,STAREHE GIRLS,C1,PUBLIC,NONE,BOARDING,GIRLS
6543,NAIROBI,NAIROBI,KASARANI,YGUP,20407078,TJ KAJWANG',C4,PUBLIC,NONE,DAY,MIXED
6552,NAIROBI,NAIROBI,LANGATA,EZAV,20404022,KAREN C GIRLS SECONDARY SCHOOL,C2,PUBLIC,NONE,BOARDING,GIRLS
6553,NAIROBI,NAIROBI,LANGATA,K5UA,20404005,KONGONI MIXED SECONDARY,C4,PUBLIC,NONE,DAY,MIXED
6554,NAIROBI,NAIROBI,LANGATA,J72C,20404032,LANGATA BARRACKS MIXED DAY SECONDARY SCHOOL,C4,PUBLIC,NONE,DAY,MIXED
6555,NAIROBI,NAIROBI,LANGATA,9AAU,20404001,LANGATA HIGH SCHOOL,C2,PUBLIC,NONE,BOARDING,MIXED
6556,NAIROBI,NAIROBI,LANGATA,ND22,20404052,PCEA BOOTH GIRLS NGONG FOREST,C3,PUBLIC,NONE,BOARDING,GIRLS
6557,NAIROBI,NAIROBI,MAKADARA,FCSK,20401001,AQUINAS HIGH,C2,PUBLIC,NONE,DAY,MIXED
6558,NAIROBI,NAIROBI,MAKADARA,PF86,20401007,BURUBURU GIRLS SECONDARY,C1,PUBLIC,NONE,BOARDING,GIRLS
6559,NAIROBI,NAIROBI,MAKADARA,MA68,20401002,HIGHWAY SECONDARY,C2,PUBLIC,NONE,DAY,MIXED
6560,NAIROBI,NAIROBI,MAKADARA,42VP,20401003,HURUMA GIRLS HIGH,C2,PUBLIC,NONE,BOARDING,GIRLS
6561,NAIROBI,NAIROBI,MAKADARA,QLFR,20401008,MAKONGENI HIGH,C4,PUBLIC,NONE,DAY,MIXED
6562,NAIROBI,NAIROBI,MAKADARA,QRWK,20401250,NAIROBI SOUTH SECONDARY,C4,PUBLIC,NONE,DAY,MIXED
6563,NAIROBI,NAIROBI,MAKADARA,2JTD,20401006,NILE ROAD SECONDARY,C4,PUBLIC,NONE,DAY,MIXED
6564,NAIROBI,NAIROBI,MAKADARA,STEN,20401005,OFAFA JERICHO HIGH,C2,PUBLIC,NONE,DAY,MIXED
6565,NAIROBI,NAIROBI,MAKADARA,83B8,20401004,OUR LADY OF MERCY SECONDARY,C2,PUBLIC,NONE,DAY,MIXED
6566,NAIROBI,NAIROBI,MAKADARA,RTG8,20401021,ST PATRICK NBI MIXED SECONDARY,C4,PUBLIC,NONE,DAY,MIXED
6567,NAIROBI,NAIROBI,MAKADARA,K4LV,20401020,ST. ANNES GIRLS SECONDARY,C2,PUBLIC,NONE,BOARDING,GIRLS
6568,NAIROBI,NAIROBI,MAKADARA,PTKZ,20401249,STAR OF HOPE SECONDARY,C4,PUBLIC,NONE,DAY,MIXED
6569,NAIROBI,NAIROBI,MATHARE,6D74,20411013,HURUMA MIXED SECONDARY SCHOOL,C4,PUBLIC,NONE,DAY,MIXED
6570,NAIROBI,NAIROBI,MATHARE,4D84,20411014,MATHARI MIXED SECONDARY,C4,PUBLIC,NONE,DAY,MIXED
6571,NAIROBI,NAIROBI,MATHARE,GBTE,20411004,NDURURUNO SECONDARY,C4,PUBLIC,NONE,DAY,MIXED
6572,NAIROBI,NAIROBI,MATHARE,2WHH,20411001,ST.TERESA'S GIRLS SEC. SCHOOL,C3,PUBLIC,NONE,BOARDING,GIRLS
6589,NAIROBI,NAIROBI,STAREHE,X3KC,20403025,CGHU MIXED SECONDARY,C4,PUBLIC,NONE,DAY,MIXED
6590,NAIROBI,NAIROBI,STAREHE,5KFH,20403024,COUNTY GIRLS,C3,PUBLIC,NONE,BOARDING,GIRLS
6591,NAIROBI,NAIROBI,STAREHE,H6QR,20403002,DR. RIBERIO PARKLANDS,C2,PUBLIC,NONE,DAY,MIXED
6592,NAIROBI,NAIROBI,STAREHE,NKPF,20403001,JAMHURI HIGH,C2,PUBLIC,NONE,DAY,MIXED
6593,NAIROBI,NAIROBI,STAREHE,VC7M,20403004,NGARA GIRLS,C2,PUBLIC,NONE,BOARDING,GIRLS
6594,NAIROBI,NAIROBI,STAREHE,DZNA,20400006,PANGANI GIRLS,C1,PUBLIC,NONE,BOARDING,GIRLS
6595,NAIROBI,NAIROBI,STAREHE,9QDT,20403003,PUMWANI BOYS,C2,PUBLIC,NONE,BOARDING,BOYS
6596,NAIROBI,NAIROBI,STAREHE,ZQXT,20403026,PUMWANI GIRLS,C4,PUBLIC,NONE,BOARDING,GIRLS
6597,NAIROBI,NAIROBI,STAREHE,YS3B,20400004,STAREHE BOYS,C1,PUBLIC,NONE,BOARDING,BOYS
6598,NAIROBI,NAIROBI,WESTLANDS,ZUN7,20406031,FARASI LANE,C4,PUBLIC,NONE,DAY,MIXED
6599,NAIROBI,NAIROBI,WESTLANDS,HUTR,20406019,HIGHRIDGE GIRLS,C2,PUBLIC,NONE,BOARDING,GIRLS
6600,NAIROBI,NAIROBI,WESTLANDS,6J98,20406009,HOSPITAL HILL HIGH,C2,PUBLIC,NONE,DAY,MIXED
6601,NAIROBI,NAIROBI,WESTLANDS,56Y9,20406032,KABETE VETLAB,C4,PUBLIC,NONE,DAY,MIXED
6602,NAIROBI,NAIROBI,WESTLANDS,ZSQY,20406007,KANGEMI HIGH,C3,PUBLIC,NONE,DAY,MIXED
6603,NAIROBI,NAIROBI,WESTLANDS,UX27,20400003,KENYA HIGH SCH,C1,PUBLIC,NONE,DAY,MIXED
6604,NAIROBI,NAIROBI,WESTLANDS,9C88,20406018,LAVINGTON GIRLS,C3,PUBLIC,NONE,BOARDING,GIRLS
6605,NAIROBI,NAIROBI,WESTLANDS,BJ3P,20406034,LORESHO SECONDARY,C4,PUBLIC,NONE,DAY,MIXED
6606,NAIROBI,NAIROBI,WESTLANDS,QAVM,20406033,N. HIGHRIDGE SECONDARY,C4,PUBLIC,NONE,DAY,MIXED
6607,NAIROBI,NAIROBI,WESTLANDS,GHXC,20400002,NAIROBI SCH,C1,PUBLIC,NONE,DAY,MIXED
6608,NAIROBI,NAIROBI,WESTLANDS,QZ9P,20406001,PARKLANDS ARYA GIRLS,C2,PUBLIC,NONE,BOARDING,GIRLS
6609,NAIROBI,NAIROBI,WESTLANDS,8XQJ,20406011,ST GEORGES GIRLS,C1,PUBLIC,NONE,BOARDING,GIRLS
6610,NAIROBI,NAIROBI,WESTLANDS,6BMW,20406012,STATE HOUSE BOYS,C3,PUBLIC,NONE,BOARDING,BOYS
6611,NAIROBI,NAIROBI,WESTLANDS,HFQ3,20406002,STATE HOUSE GIRLS,C1,PUBLIC,NONE,BOARDING,GIRLS
6612,RIFT VALLEY,NAKURU,GILGIL,5HXX,27570232,ARTHUR MAGUGU SECONDARY SCHOOL,C4,PUBLIC,NONE,DAY,MIXED
6613,RIFT VALLEY,NAKURU,GILGIL,VCWH,27570207,COULSON GIRLS' SECONDARY SCHOOL,C3,PUBLIC,NONE,BOARDING,GIRLS
6614,RIFT VALLEY,NAKURU,GILGIL,J6BT,27570205,COULSON SECONDARY SCHOOL,C3,PUBLIC,NONE,DAY,MIXED
6615,RIFT VALLEY,NAKURU,GILGIL,BQ2A,27570213,EBURRU SECONDARY SCHOOL,C4,PUBLIC,NONE,DAY,MIXED
6616,RIFT VALLEY,NAKURU,GILGIL,GTVM,27570238,ECHARIRIA SECONDARY SCHOOL,C4,PUBLIC,NONE,DAY,MIXED
6617,RIFT VALLEY,NAKURU,GILGIL,T96L,27570202,GILGIL DAY SECONDARY SCHOOL,C4,PUBLIC,NONE,DAY,MIXED
6618,RIFT VALLEY,NAKURU,GILGIL,WNEA,27570227,GILGIL GARRISON DAY SECONDARY SCHOOL,C4,PUBLIC,NONE,DAY,MIXED
6619,RIFT VALLEY,NAKURU,GILGIL,QDGE,27570234,GILGIL GIRLS' HIGH SCHOOL,C3,PUBLIC,NONE,BOARDING,GIRLS
6620,RIFT VALLEY,NAKURU,GILGIL,4FRL,27570242,GILGIL TOWN SECONDARY SCHOOL,C4,PUBLIC,NONE,DAY,MIXED
6621,RIFT VALLEY,NAKURU,GILGIL,HVZY,27570221,GITARE SECONDARY SCHOOL,C4,PUBLIC,NONE,DAY,MIXED
6622,RIFT VALLEY,NAKURU,GILGIL,ULZK,27570104,KAHUHO SECONDARY SCHOOL,C4,PUBLIC,NONE,DAY,MIXED
6623,RIFT VALLEY,NAKURU,GILGIL,YSW8,27570259,KAMATHATHA SECONDARY SCHOOL,C4,PUBLIC,NONE,DAY,MIXED
6624,RIFT VALLEY,NAKURU,GILGIL,AWW3,27570256,KARIANDUSI SECONDARY SCHOOL,C4,PUBLIC,NONE,DAY,MIXED
6625,RIFT VALLEY,NAKURU,GILGIL,J933,27570204,KARUNGA SECONDARY SCHOOL,C4,PUBLIC,NONE,DAY,MIXED
6626,RIFT VALLEY,NAKURU,GILGIL,SAQ8,27570225,KEKOPEY SECONDARY SCHOOL,C4,PUBLIC,NONE,DAY,MIXED
6627,RIFT VALLEY,NAKURU,GILGIL,ZJ45,27570244,KIUNGURURIA MIXED SECONDARY SCHOOL,C4,PUBLIC,NONE,DAY,MIXED
6628,RIFT VALLEY,NAKURU,GILGIL,JS6H,27570201,KOELEL FORCES ACADEMY,C2,PUBLIC,NONE,DAY,MIXED
6629,RIFT VALLEY,NAKURU,GILGIL,5P97,27570106,KONGASIS SECONDARY SCHOOL,C4,PUBLIC,NONE,DAY,MIXED
6630,RIFT VALLEY,NAKURU,GILGIL,PWQV,27570206,LADY ANN DELAMERE SECONDARY SCHOOL,C4,PUBLIC,NONE,DAY,MIXED
6631,RIFT VALLEY,NAKURU,GILGIL,UWT8,27570103,MITIMINGI SECONDARY SCHOOL,C4,PUBLIC,NONE,DAY,MIXED
6632,RIFT VALLEY,NAKURU,GILGIL,66TS,27570257,MOROP SECONDARY SCHOOL,C4,PUBLIC,NONE,DAY,MIXED
6633,RIFT VALLEY,NAKURU,GILGIL,9M3N,27570101,MUGAA SECONDARY SCHOOL,C4,PUBLIC,NONE,DAY,MIXED
6634,RIFT VALLEY,NAKURU,GILGIL,MCHF,27570105,MUNANDA SECONDARY SCHOOL,C4,PUBLIC,NONE,DAY,MIXED
6635,RIFT VALLEY,NAKURU,GILGIL,P9FL,27570102,MURIRICUA SECONDARY SCHOOL,C4,PUBLIC,NONE,DAY,MIXED
6636,RIFT VALLEY,NAKURU,GILGIL,A7XL,27570250,MUTHAITI MIXED SECONDARY SCHOOL,C4,PUBLIC,NONE,DAY,MIXED
6637,RIFT VALLEY,NAKURU,GILGIL,QVVW,27570240,N.Y.S SECONDARY SCHOOL,C4,PUBLIC,NONE,DAY,MIXED
6638,RIFT VALLEY,NAKURU,GILGIL,DN4R,27570107,NDERIT MIXED DAY SECONDARY SCHOOL,C4,PUBLIC,NONE,DAY,MIXED
6639,RIFT VALLEY,NAKURU,GILGIL,QJV6,27570108,NDIBAI SECONDARY SCHOOL,C4,PUBLIC,NONE,DAY,MIXED
6640,RIFT VALLEY,NAKURU,GILGIL,SF5G,27570247,NDOGO SECONDARY SCHOOL,C4,PUBLIC,NONE,DAY,MIXED
6641,RIFT VALLEY,NAKURU,GILGIL,DUVM,27570219,NGECHO SECONDARY SCHOOL,C4,PUBLIC,NONE,DAY,MIXED
6642,RIFT VALLEY,NAKURU,GILGIL,J74C,27570243,NGETETI SECONDARY SCHOOL,C4,PUBLIC,NONE,DAY,MIXED
6643,RIFT VALLEY,NAKURU,GILGIL,H4E4,27570226,NGUMO SECONDARY SCHOOL,C4,PUBLIC,NONE,DAY,MIXED
6644,RIFT VALLEY,NAKURU,GILGIL,QHVS,27570109,OLJORAI SECONDARY SCHOOL,C4,PUBLIC,NONE,DAY,MIXED
6645,RIFT VALLEY,NAKURU,GILGIL,7THF,27570110,TANGI TANO SECONDARY SCHOOL,C4,PUBLIC,NONE,DAY,MIXED
6646,RIFT VALLEY,NAKURU,GILGIL,H5JC,27570224,THUGUNUI SECONDARY SCHOOL,C4,PUBLIC,NONE,DAY,MIXED
6647,RIFT VALLEY,NAKURU,GILGIL,D3WB,27500008,UTUMISHI BOYS ACADEMY,C1,PUBLIC,NONE,BOARDING,BOYS
6648,RIFT VALLEY,NAKURU,GILGIL,RE74,27500010,UTUMISHI GIRLS ACADEMY,C1,PUBLIC,NONE,BOARDING,GIRLS
6649,RIFT VALLEY,NAKURU,GILGIL,3NVF,27570210,WOODARD LANGALANGA SECONDARY SCHOOL,C4,PUBLIC,NONE,DAY,MIXED
6762,RIFT VALLEY,NAKURU,NAIVASHA,RTLD,27537319,ENAIPOSHA GIRLS HIGH SCHOOL,C2,PUBLIC,NONE,BOARDING,GIRLS
6763,RIFT VALLEY,NAKURU,NAIVASHA,85KV,27537327,GATAMAIYU SECONDARY SCHOOL,C4,PUBLIC,NONE,DAY,MIXED
6764,RIFT VALLEY,NAKURU,NAIVASHA,P5SK,27537323,GITUAMBA SECONDARY SCHOOL,C4,PUBLIC,NONE,DAY,MIXED
6765,RIFT VALLEY,NAKURU,NAIVASHA,BR7U,27537313,GITURU SECONDARY SCHOOL,C4,PUBLIC,NONE,DAY,MIXED
6766,RIFT VALLEY,NAKURU,NAIVASHA,QPWP,27537512,GOVERNOR SECONDARY SCHOOL,C4,PUBLIC,NONE,DAY,MIXED
6767,RIFT VALLEY,NAKURU,NAIVASHA,ETY5,27537345,KARAI SECONDARY SCHOOL,C4,PUBLIC,NONE,DAY,MIXED
6768,RIFT VALLEY,NAKURU,NAIVASHA,8NPW,27537503,KARIMA MIXED SECONDARY SCHOOL,C4,PUBLIC,NONE,DAY,MIXED
6769,RIFT VALLEY,NAKURU,NAIVASHA,ACDH,27537502,KIAMBOGO SECONDARY SCHOOL,C2,PUBLIC,NONE,DAY,MIXED
6770,RIFT VALLEY,NAKURU,NAIVASHA,AREG,27537509,KIJABE TOWNSHIP SECONDARY SCHOOL,C4,PUBLIC,NONE,DAY,MIXED
6771,RIFT VALLEY,NAKURU,NAIVASHA,A22L,27537314,KINUNGI SECONDARY SCHOOL,C4,PUBLIC,NONE,DAY,MIXED
6772,RIFT VALLEY,NAKURU,NAIVASHA,HG4F,27537414,KIPKONYO SECONDARY SCHOOL,C4,PUBLIC,NONE,DAY,MIXED
6773,RIFT VALLEY,NAKURU,NAIVASHA,WRPC,27537504,LONGONOT TOWNSHIP SECONDARY SCHOOL,C4,PUBLIC,NONE,DAY,MIXED
6774,RIFT VALLEY,NAKURU,NAIVASHA,YCA3,27537501,MAAI-MAHIU BOYS SECONDARY SCHOOL,C2,PUBLIC,NONE,BOARDING,BOYS
6775,RIFT VALLEY,NAKURU,NAIVASHA,7GER,27537505,MAAI-MAHIU GIRLS SECONDARY SCHOOL,C2,PUBLIC,NONE,BOARDING,GIRLS
6776,RIFT VALLEY,NAKURU,NAIVASHA,CEJU,27537333,MAGEREZA ACADEMY,C2,PUBLIC,NONE,DAY,MIXED
6777,RIFT VALLEY,NAKURU,NAIVASHA,463R,27537416,MAIELLA CENTRAL SECONDARY SCHOOL,C4,PUBLIC,NONE,DAY,MIXED
6778,RIFT VALLEY,NAKURU,NAIVASHA,SRAD,27537402,MAIELLA TOWNSHIP SECONDARY SCHOOL,C4,PUBLIC,NONE,DAY,MIXED
6779,RIFT VALLEY,NAKURU,NAIVASHA,SSHN,27537309,MARAIGUSHU SECONDARY SCHOOL,C4,PUBLIC,NONE,DAY,MIXED
6780,RIFT VALLEY,NAKURU,NAIVASHA,TKBT,27537418,MAUA SECONDARY SCHOOL,C4,PUBLIC,NONE,DAY,MIXED
6781,RIFT VALLEY,NAKURU,NAIVASHA,VEZH,27537330,MILIMANI HIGH SCHOOL,C4,PUBLIC,NONE,BOARDING,MIXED
6782,RIFT VALLEY,NAKURU,NAIVASHA,Q4MN,27537401,MIRERA HIGH SCHOOL,C4,PUBLIC,NONE,BOARDING,MIXED
6783,RIFT VALLEY,NAKURU,NAIVASHA,48TH,27537410,MOI NDABI SECONDARY SCHOOL,C4,PUBLIC,NONE,DAY,MIXED
6784,RIFT VALLEY,NAKURU,NAIVASHA,7TWV,27537311,MUNUNGA HIGH SCHOOL,C4,PUBLIC,NONE,BOARDING,MIXED
6785,RIFT VALLEY,NAKURU,NAIVASHA,D8XP,27537322,MUNYU SECONDARY SCHOOL,C4,PUBLIC,NONE,DAY,MIXED
6786,RIFT VALLEY,NAKURU,NAIVASHA,F5WF,27537304,MWICIRINGIRI SECONDARY SCHOOL,C4,PUBLIC,NONE,DAY,MIXED
6787,RIFT VALLEY,NAKURU,NAIVASHA,YN7V,27537308,NAIVASHA DAY SECONDARY SCHOOL,C4,PUBLIC,NONE,DAY,MIXED
6788,RIFT VALLEY,NAKURU,NAIVASHA,8KPJ,27537301,NAIVASHA GIRLS SECONDARY SCHOOL,C1,PUBLIC,NONE,BOARDING,GIRLS
6789,RIFT VALLEY,NAKURU,NAIVASHA,EU79,27537303,NAIVASHA HIGH SCHOOL,C2,PUBLIC,NONE,BOARDING,MIXED
6790,RIFT VALLEY,NAKURU,NAIVASHA,KHWK,27537347,NAIVASHA HIGHWAY SECONDARY SCHOOL,C4,PUBLIC,NONE,DAY,MIXED
6791,RIFT VALLEY,NAKURU,NAIVASHA,BCJL,27537511,NAMUNCHA PEACE SECONDARY SCHOOL,C4,PUBLIC,NONE,DAY,MIXED
6792,RIFT VALLEY,NAKURU,NAIVASHA,KDNJ,27537415,NDABIBI MAIN SECONDARY SCHOOL,C4,PUBLIC,NONE,DAY,MIXED
6793,RIFT VALLEY,NAKURU,NAIVASHA,RPTZ,27537403,NDABIBI SECONDARY SCHOOL,C4,PUBLIC,NONE,DAY,MIXED
6794,RIFT VALLEY,NAKURU,NAIVASHA,3H48,27537525,NGEYA GIRLS' SECONDARY SCHOOL,C4,PUBLIC,NONE,BOARDING,GIRLS
6795,RIFT VALLEY,NAKURU,NAIVASHA,BLZ8,27537412,NGONDI SECONDARY SCHOOL,C4,PUBLIC,NONE,DAY,MIXED
6796,RIFT VALLEY,NAKURU,NAIVASHA,CXHL,27537335,NORTH KARATI SECONDARY SCHOOL,C4,PUBLIC,NONE,DAY,MIXED
6797,RIFT VALLEY,NAKURU,NAIVASHA,CTC5,27537332,NYAKAIRU SENIORS SECONDARY SCHOOL,C4,PUBLIC,NONE,DAY,MIXED
6798,RIFT VALLEY,NAKURU,NAIVASHA,BMGD,27537338,NYAMATHI SECONDARY SCHOOL,C4,PUBLIC,NONE,DAY,MIXED
6799,RIFT VALLEY,NAKURU,NAIVASHA,M2PY,27537316,NYONDIA SECONDARY SCHOOL,C4,PUBLIC,NONE,DAY,MIXED
6800,RIFT VALLEY,NAKURU,NAIVASHA,VFZ6,27537305,NYONJORO SECONDARY SCHOOL,C4,PUBLIC,NONE,DAY,MIXED
6801,RIFT VALLEY,NAKURU,NAIVASHA,BWJS,27537411,RUBIRI SECONDARY SCHOOL,C4,PUBLIC,NONE,DAY,MIXED
6802,RIFT VALLEY,NAKURU,NAIVASHA,23A8,27537340,RUTERE SECONDARY SCHOOL,C4,PUBLIC,NONE,DAY,MIXED
6803,RIFT VALLEY,NAKURU,NAIVASHA,85A6,27537409,ST.ANDREW'S TARABETE SECONDARY SCHOOL,C4,PUBLIC,NONE,DAY,MIXED
6804,RIFT VALLEY,NAKURU,NAIVASHA,STGJ,27537348,UNITY HIGH SCHOOL,C4,PUBLIC,NONE,BOARDING,MIXED
6805,RIFT VALLEY,NAKURU,NAKURU,YFSM,27570212,LAKE ELEMENTAITA,C4,PUBLIC,NONE,DAY,MIXED
6834,RIFT VALLEY,NAKURU,NAKURU,NORTH,5723,27536201 JOMO KENYATTA BOYS HIGH SCHOOL,C1,PUBLIC,NONE,BOARDING,BOYS
6850,RIFT VALLEY,NAKURU,NAKURU,NORTH,5972,27536305 RIGOGO SECONDARY SCHOOL,C4,PUBLIC,NONE,DAY,MIXED
6888,RIFT VALLEY,NAKURU,,NJORO,6853,27564108 LARMUDIAC SECONDARY SCHOOL,C2,PUBLIC,NONE,DAY,MIXED
6917,RIFT VALLEY,NAKURU,,NJORO,4292,27564110 TERET SECONDARY SCHOOL,C3,PUBLIC,NONE,DAY,MIXED
6920,RIFT VALLEY,NAKURU,RONGAI,GD25,27552018,AIC MOROP GIRLS,C2,PUBLIC,NONE,BOARDING,GIRLS
6921,RIFT VALLEY,NAKURU,RONGAI,PWJ8,27552068,AIC TULWOBMOI SECONDARY SCHOOL,C4,PUBLIC,NONE,DAY,MIXED
6922,RIFT VALLEY,NAKURU,RONGAI,WB8L,27552007,AKUISI DAY MIXED SECONDARY SCHOOL,C4,PUBLIC,NONE,DAY,MIXED
6923,RIFT VALLEY,NAKURU,RONGAI,636B,27552017,ATHINAI SECONDARY SCHOOL,C4,PUBLIC,NONE,DAY,MIXED
6924,RIFT VALLEY,NAKURU,RONGAI,W6EA,27552003,BANITA SECONDARY SCHOOL,C4,PUBLIC,NONE,DAY,MIXED
6925,RIFT VALLEY,NAKURU,RONGAI,Z2ZW,27552056,BARINA SECONDARY SCHOOL,C4,PUBLIC,NONE,DAY,MIXED
6926,RIFT VALLEY,NAKURU,RONGAI,F4C5,27552085,BELBUR SEC SCHOOL,C4,PUBLIC,NONE,DAY,MIXED
6927,RIFT VALLEY,NAKURU,RONGAI,VTAL,27552024,BOMASAN MIXED SECONDARY SCHOOL,C4,PUBLIC,NONE,DAY,MIXED
6928,RIFT VALLEY,NAKURU,RONGAI,S6DE,27552037,BOROR MIXED SECONDARY,C4,PUBLIC,NONE,DAY,MIXED
6929,RIFT VALLEY,NAKURU,RONGAI,ECWM,27552077,BRIGHT HOPE LOMOLO SEC SCHOOL,C4,PUBLIC,NONE,DAY,MIXED
6930,RIFT VALLEY,NAKURU,RONGAI,PNXR,27552066,BURGEI SECONDARY SCHOOL,C4,PUBLIC,NONE,DAY,MIXED
6931,RIFT VALLEY,NAKURU,RONGAI,2WHS,27552073,CHEMASIS MIXED SEC,C4,PUBLIC,NONE,DAY,MIXED
6932,RIFT VALLEY,NAKURU,RONGAI,YTXW,27552023,KAMPI YA MOTO SECONDARY,C4,PUBLIC,NONE,DAY,MIXED
6933,RIFT VALLEY,NAKURU,RONGAI,T72V,27552054,KANDUTURA SECONDARY,C4,PUBLIC,NONE,DAY,MIXED
6934,RIFT VALLEY,NAKURU,RONGAI,JJVR,27552074,KAPSETEK SECONDARY,C4,PUBLIC,NONE,DAY,MIXED
6935,RIFT VALLEY,NAKURU,RONGAI,MAVU,27552080,KERMA SECONDARY SCHOOL,C4,PUBLIC,NONE,DAY,MIXED
6936,RIFT VALLEY,NAKURU,RONGAI,3S2Q,27552039,KIAMUNYI SECONDARY,C4,PUBLIC,NONE,DAY,MIXED
6937,RIFT VALLEY,NAKURU,RONGAI,ECZM,27552076,KIMANGU DAY SECONDARY SCHOOL,C4,PUBLIC,NONE,DAY,MIXED
6938,RIFT VALLEY,NAKURU,RONGAI,B79F,27552047,KIPSYENAN SECONDARY SCHOOL,C4,PUBLIC,NONE,DAY,MIXED
6939,RIFT VALLEY,NAKURU,RONGAI,E59W,27552049,KIROBON BOYS HIGH SCHOOL,C2,PUBLIC,NONE,BOARDING,BOYS
6940,RIFT VALLEY,NAKURU,RONGAI,YXR3,27552032,KIROBON GIRLS SECONDARY SCHOOL,C2,PUBLIC,NONE,BOARDING,GIRLS
6941,RIFT VALLEY,NAKURU,RONGAI,XTXH,27552071,KOISAMO MIXED SECONDARY,C4,PUBLIC,NONE,DAY,MIXED
6942,RIFT VALLEY,NAKURU,RONGAI,5FB2,27552013,LAKE SOLAI SECONDARY,C4,PUBLIC,NONE,DAY,MIXED
6943,RIFT VALLEY,NAKURU,RONGAI,545P,27552044,LENGINET SECONDARY,C4,PUBLIC,NONE,DAY,MIXED
6944,RIFT VALLEY,NAKURU,RONGAI,SEKZ,27552061,MAJANI MINNGI SEC SCH,C4,PUBLIC,NONE,DAY,MIXED
6945,RIFT VALLEY,NAKURU,RONGAI,5P5H,27552019,MAMA NGINA KENYATTA SECONDARY SCHOOL,C3,PUBLIC,NONE,DAY,MIXED
6946,RIFT VALLEY,NAKURU,RONGAI,XCE2,27552086,MAMBA SECONDARY SCHOOL,C4,PUBLIC,NONE,DAY,MIXED
6947,RIFT VALLEY,NAKURU,RONGAI,FJDW,27552028,MATUIKU MIXED SECONDARY SCHOOL,C4,PUBLIC,NONE,DAY,MIXED
6948,RIFT VALLEY,NAKURU,RONGAI,NL62,27552027,MAWE MIXED DAY SECONDARY SCHOOL,C4,PUBLIC,NONE,DAY,MIXED
6949,RIFT VALLEY,NAKURU,RONGAI,E6ZZ,27552020,MEMA SECONDARY SCHOOL,C4,PUBLIC,NONE,DAY,MIXED
6950,RIFT VALLEY,NAKURU,RONGAI,AKSM,27552060,MERCY NJERI SECONDARY,C4,PUBLIC,NONE,DAY,MIXED
6951,RIFT VALLEY,NAKURU,RONGAI,TDYC,27552079,MIMWAITA SEC,C4,PUBLIC,NONE,DAY,MIXED
6952,RIFT VALLEY,NAKURU,RONGAI,G22N,27552038,MUHIGIA SECONDARY,C4,PUBLIC,NONE,DAY,MIXED
6953,RIFT VALLEY,NAKURU,RONGAI,V3BB,27552051,NGATA SECONDARY SCHOOL,C4,PUBLIC,NONE,DAY,MIXED
6954,RIFT VALLEY,NAKURU,RONGAI,ZL59,27552033,OGILGEI SECONDARY SCHOOL,C4,PUBLIC,NONE,DAY,MIXED
6955,RIFT VALLEY,NAKURU,RONGAI,EFN9,27552026,OL-RONGAI SECONDARY SCHOOL,C4,PUBLIC,NONE,DAY,MIXED
6956,RIFT VALLEY,NAKURU,RONGAI,PNC7,27552067,PAMELA SCOTT LELDET SEC,C4,PUBLIC,NONE,DAY,MIXED
6957,RIFT VALLEY,NAKURU,RONGAI,QF3M,27552005,PATEL DAY SECONDARY SCHOOL,C4,PUBLIC,NONE,DAY,MIXED
6958,RIFT VALLEY,NAKURU,RONGAI,4FD4,27552034,PIAVE SEC,C4,PUBLIC,NONE,DAY,MIXED
6959,RIFT VALLEY,NAKURU,RONGAI,ED38,27552078,RONGAI MIXED DAY SECONDARY,C4,PUBLIC,NONE,DAY,MIXED
6960,RIFT VALLEY,NAKURU,RONGAI,JBTY,27552053,RUIRU SECONDARY SCHOOL,C4,PUBLIC,NONE,DAY,MIXED
6961,RIFT VALLEY,NAKURU,RONGAI,FE5R,27552082,SANMARCO SEC SCH,C4,PUBLIC,NONE,DAY,MIXED
6962,RIFT VALLEY,NAKURU,RONGAI,46U9,27552083,SARAMBEI SEC SCHOOL,C4,PUBLIC,NONE,DAY,MIXED
6963,RIFT VALLEY,NAKURU,RONGAI,45F9,27552012,SEET KOBOR BAPTIST SECONDARY SCHOOL,C4,PUBLIC,NONE,DAY,MIXED
6964,RIFT VALLEY,NAKURU,RONGAI,NGNE,27552002,SOLAI BOYS SECONDARY SCHOOL,C2,PUBLIC,NONE,BOARDING,BOYS
6965,RIFT VALLEY,NAKURU,RONGAI,HRBV,27552075,SOLAI DAY MIXED SEC SCH,C4,PUBLIC,NONE,DAY,MIXED
6966,RIFT VALLEY,NAKURU,RONGAI,NXK5,27552050,SOLAI KALE SECONDARY SCHOOL,C4,PUBLIC,NONE,DAY,MIXED
6968,RIFT VALLEY,NAKURU,RONGAI,HY5D,27552084,TESTAI SECONDARY SCHOOL,C4,PUBLIC,NONE,DAY,MIXED
6969,RIFT VALLEY,NAKURU,RONGAI,HXMY,27552063,TUIYOTICH,C4,PUBLIC,NONE,DAY,MIXED
6970,RIFT VALLEY,NAKURU,SUBUKIA,TN53,27569211,ARASH SECONDARY SCHOOL,C4,PUBLIC,NONE,DAY,MIXED
6971,RIFT VALLEY,NAKURU,SUBUKIA,P8J8,27569209,FOREST HILL SECONDARY SCHOOL,C4,PUBLIC,NONE,DAY,MIXED
6972,RIFT VALLEY,NAKURU,SUBUKIA,VKVA,27569310,GITURA SECONDARY SCHOOL,C4,PUBLIC,NONE,DAY,MIXED
6973,RIFT VALLEY,NAKURU,SUBUKIA,9PT2,27569303,GREENHILLS SECONDARY SCHOOL,C4,PUBLIC,NONE,DAY,MIXED
6974,RIFT VALLEY,NAKURU,SUBUKIA,VR7Y,27569304,KABAZI SECONDARY SCHOOL,C4,PUBLIC,NONE,DAY,MIXED
6975,RIFT VALLEY,NAKURU,SUBUKIA,YQ2P,27569111,KAMOSOP,C4,PUBLIC,NONE,DAY,MIXED
6976,RIFT VALLEY,NAKURU,SUBUKIA,WPR3,27569302,KIENI SECONDARY SCHOOL,C4,PUBLIC,NONE,DAY,MIXED
6977,RIFT VALLEY,NAKURU,SUBUKIA,EQBV,27569305,MAGOMANO SECONDARY SCHOOL,C4,PUBLIC,NONE,DAY,MIXED
6978,RIFT VALLEY,NAKURU,SUBUKIA,UUMU,27569205,MARYLAND SECONDARY SCHOOL,C4,PUBLIC,NONE,DAY,MIXED
6979,RIFT VALLEY,NAKURU,SUBUKIA,KVGG,27569207,MWIRERI SECONDARY SCHOOL,C4,PUBLIC,NONE,DAY,MIXED
6980,RIFT VALLEY,NAKURU,SUBUKIA,KC63,27569309,OL DONYO MARA SECONDARY SCHOOL,C4,PUBLIC,NONE,DAY,MIXED
6981,RIFT VALLEY,NAKURU,SUBUKIA,MZG9,27569104,OL'MANYATTA SECONDARY SCHOOL,C4,PUBLIC,NONE,DAY,MIXED
6982,RIFT VALLEY,NAKURU,SUBUKIA,8R7Y,27569210,OUR LADY OF VICTORIES SECONDARY SCHOOL,C4,PUBLIC,NONE,DAY,MIXED
6983,RIFT VALLEY,NAKURU,SUBUKIA,R9E9,27569110,SAFINA HAJI SECONDARY SCHOOL,C4,PUBLIC,NONE,DAY,MIXED
6984,RIFT VALLEY,NAKURU,SUBUKIA,GFCK,27569308,SIDAI SECONDARY SCHOOL,C4,PUBLIC,NONE,DAY,MIXED
6985,RIFT VALLEY,NAKURU,SUBUKIA,27U4,27569109,SIMBOIYON SECONDARY SCHOOL,C4,PUBLIC,NONE,DAY,MIXED
6986,RIFT VALLEY,NAKURU,SUBUKIA,7SLY,27569101,ST MICHAEL GATAGATI SECONDARY SCHOOL,C4,PUBLIC,NONE,DAY,MIXED
6987,RIFT VALLEY,NAKURU,SUBUKIA,Y3QD,27569107,ST. PAUL KIRIKO SECONDARY SCHOOL,C4,PUBLIC,NONE,DAY,MIXED
6988,RIFT VALLEY,NAKURU,SUBUKIA,WPE2,27569102,ST. ULRICH LAMA SECONDARY SCHOOL,C4,PUBLIC,NONE,DAY,MIXED
6989,RIFT VALLEY,NAKURU,SUBUKIA,8CGK,27569203,SUBUKIA DAY SECONDARY SCHOOL,C4,PUBLIC,NONE,DAY,MIXED
6990,RIFT VALLEY,NAKURU,SUBUKIA,L6DX,27569108,TACHASIS SECONDARY SCHOOL,C4,PUBLIC,NONE,DAY,MIXED
6991,RIFT VALLEY,NAKURU,SUBUKIA,8JUP,27569103,UMOJA SECONDARY SCHOOL,C4,PUBLIC,NONE,DAY,MIXED
6992,RIFT VALLEY,NAKURU,SUBUKIA,KCFE,27569202,WEI SECONDARY SCHOOL,C4,PUBLIC,NONE,DAY,MIXED
6993,RIFT VALLEY,NAKURU,SUBUKIA,H4UE,27569106,WIYUMIRIRIE SECONDARY SCHOOL,C4,PUBLIC,NONE,DAY,MIXED
6994,RIFT VALLEY,NANDI,CHESUMEI,FUAU,29579603,A I C KOSIRAI GIRLS SECONDARY SCHOOL,C3,PUBLIC,NONE,BOARDING,GIRLS
6995,RIFT VALLEY,NANDI,CHESUMEI,NEDL,29579203,A.I.C KAMOIYWO GIRLS SECONDARY SCHOOL,C3,PUBLIC,NONE,BOARDING,GIRLS
6996,RIFT VALLEY,NANDI,CHESUMEI,HAR8,29579402,A.I.C KECHIRE SECONDARY SCHOOL,C4,PUBLIC,NONE,DAY,MIXED
6997,RIFT VALLEY,NANDI,CHESUMEI,JQYP,29579304,A.I.C MOI KAPKUTO SECONDARY SCHOOL,C4,PUBLIC,NONE,DAY,MIXED
6998,RIFT VALLEY,NANDI,CHESUMEI,FQA6,29579205,A.I.C TAMBOIYO SECONDARY SCHOOL,C4,PUBLIC,NONE,DAY,MIXED
6999,RIFT VALLEY,NANDI,CHESUMEI,KWAM,29579206,ACK LAGAT HIGH - OLMETUNYI,C4,PUBLIC,NONE,DAY,MIXED
7000,RIFT VALLEY,NANDI,CHESUMEI,9U5M,29579804,AIC CHEPTWOLIO SECONDARY SCHOOL,C4,PUBLIC,NONE,DAY,MIXED
7001,RIFT VALLEY,NANDI,CHESUMEI,9ZGK,29579704,AIC ITIGO MIXED SECONDARY SCHOOL,C4,PUBLIC,NONE,DAY,MIXED
7002,RIFT VALLEY,NANDI,CHESUMEI,46L5,29579705,AIC KIPKONGORWO SECONDARY SCHOOL,C4,PUBLIC,NONE,DAY,MIXED
7003,RIFT VALLEY,NANDI,CHESUMEI,YDU8,29579806,AIC MOSORIOT SECONDARY SCHOOL,C4,PUBLIC,NONE,DAY,MIXED
7004,RIFT VALLEY,NANDI,CHESUMEI,RWBV,29579807,AIC MUTWOT SECONDARY SCHOOL,C4,PUBLIC,NONE,DAY,MIXED
7005,RIFT VALLEY,NANDI,CHESUMEI,YBRZ,29579101,CHEMUNDU SECONDARY SCHOOL,C4,PUBLIC,NONE,DAY,MIXED
7006,RIFT VALLEY,NANDI,CHESUMEI,JJ6G,29579601,CHRIST THE KING HIGH SCHOOL CHEPTERIT,C4,PUBLIC,NONE,BOARDING,MIXED
7007,RIFT VALLEY,NANDI,CHESUMEI,T7WD,29579702,ITIGO GIRLS SECONDARY SCHOOL,C2,PUBLIC,NONE,BOARDING,GIRLS
7008,RIFT VALLEY,NANDI,CHESUMEI,MABK,29579106,KAMURGUIYWO SECONDARY SCHOOL,C4,PUBLIC,NONE,DAY,MIXED
7009,RIFT VALLEY,NANDI,CHESUMEI,YQR7,29579305,KAPCHEPKOK SECONDARY SCHOOL,C4,PUBLIC,NONE,DAY,MIXED
7010,RIFT VALLEY,NANDI,CHESUMEI,JBLC,29500006,KAPSABET BOYS,C1,PUBLIC,NONE,BOARDING,BOYS
7011,RIFT VALLEY,NANDI,CHESUMEI,2Q49,29579501,KAPSISIYWA SECONDARY SCHOOL,C4,PUBLIC,NONE,DAY,MIXED
7012,RIFT VALLEY,NANDI,CHESUMEI,TFX9,29579301,KAPTEL BOYS HIGH SCHOOL,C3,PUBLIC,NONE,BOARDING,BOYS
7013,RIFT VALLEY,NANDI,CHESUMEI,U9HQ,29579102,KAPTILDIL SECONDARY SCHOOL,C4,PUBLIC,NONE,DAY,MIXED
7014,RIFT VALLEY,NANDI,CHESUMEI,QESX,29579404,KIMONDI SECONDARY SCHOOL,C4,PUBLIC,NONE,DAY,MIXED
7015,RIFT VALLEY,NANDI,CHESUMEI,WE4B,29579302,KOMBE SECONDARY SCHOOL,C4,PUBLIC,NONE,DAY,MIXED
7016,RIFT VALLEY,NANDI,CHESUMEI,UVJ6,29579602,KOSIRAI HIGH SCHOOL,C4,PUBLIC,NONE,BOARDING,MIXED
7017,RIFT VALLEY,NANDI,CHESUMEI,GGMP,29579701,LELMOKWO HIGH SCHOOL,C2,PUBLIC,NONE,BOARDING,MIXED
7018,RIFT VALLEY,NANDI,CHESUMEI,NXJ4,29579204,MARTIN LEL SECONDARY SCHOOL,C4,PUBLIC,NONE,DAY,MIXED
7019,RIFT VALLEY,NANDI,CHESUMEI,343T,29579801,"MOI HIGH SCHOOL ,SIRGOI",C3,PUBLIC,NONE,BOARDING,MIXED
7020,RIFT VALLEY,NANDI,CHESUMEI,N5HR,29579809,MORDEN DAY SIRGOI SEC,C4,PUBLIC,NONE,DAY,MIXED
7021,RIFT VALLEY,NANDI,CHESUMEI,LZJN,29579401,MWEIN ADVENTIST SECONDARY SCHOOL,C4,PUBLIC,NONE,DAY,MIXED
7022,RIFT VALLEY,NANDI,CHESUMEI,Z8E,29579104,NAMGOI MIXED SECONDARY SCHOOL,C4,PUBLIC,NONE,DAY,MIXED
7023,RIFT VALLEY,NANDI,CHESUMEI,H7JB,29579703,NDONYONGARIA SECONDARY SCHOOL,C4,PUBLIC,NONE,DAY,MIXED
7024,RIFT VALLEY,NANDI,CHESUMEI,TWJB,29579802,NGECHEK SECONDARY SCHOOL,C4,PUBLIC,NONE,DAY,MIXED
7025,RIFT VALLEY,NANDI,CHESUMEI,PUMW,29579108,OUR LADY OF WISDOM KAPKECHUI GIRLS SECONDARY,C4,PUBLIC,NONE,BOARDING,GIRLS
7026,RIFT VALLEY,NANDI,CHESUMEI,8FHF,29579107,SAMOO SECONDARY SCHOOL,C4,PUBLIC,NONE,DAY,MIXED
7027,RIFT VALLEY,NANDI,CHESUMEI,PD2N,29579202,SANIAK SECONDARY SCHOOL,C4,PUBLIC,NONE,DAY,MIXED
7028,RIFT VALLEY,NANDI,CHESUMEI,372U,29579406,SIKSIKET SECONDARY SCHOOL,C4,PUBLIC,NONE,DAY,MIXED
7029,RIFT VALLEY,NANDI,CHESUMEI,Z9Z9,29579803,ST FRANCIS CHEPTARIT SECONDARY SCHOOL,C3,PUBLIC,NONE,DAY,MIXED
7030,RIFT VALLEY,NANDI,CHESUMEI,B2ZL,29579805,ST JUDES KOKWET SECONDARY SCHOOL,C4,PUBLIC,NONE,DAY,MIXED
7031,RIFT VALLEY,NANDI,CHESUMEI,SG5F,29579808,ST. CANISIUS HIGH SCHOOL - MATEKET,C4,PUBLIC,NONE,BOARDING,MIXED
7032,RIFT VALLEY,NANDI,CHESUMEI,CF3V,29500025,ST. JOSEPH'S GIRLS - CHEPTERIT,C1,PUBLIC,NONE,BOARDING,GIRLS
7033,RIFT VALLEY,NANDI,CHESUMEI,NZM7,29579604,ST. PATRICK NDAPTABWA SECONDARY SCHOOL,C4,PUBLIC,NONE,DAY,MIXED
7034,RIFT VALLEY,NANDI,CHESUMEI,63SJ,29579303,ST. PAUL'S ACK GIRLS SECONDARY SCHOOL- KAPTEL,C3,PUBLIC,NONE,BOARDING,GIRLS
7035,RIFT VALLEY,NANDI,CHESUMEI,WNBP,29579605,ST. PAUL'S KAMONJIL HIGH SCHOOL,C4,PUBLIC,NONE,BOARDING,MIXED
7036,RIFT VALLEY,NANDI,CHESUMEI,WXVD,29579201,ST.JOHN THE APOSTLE HIGH SCHOOL-CHEMUSWA,C4,PUBLIC,NONE,BOARDING,MIXED
7037,RIFT VALLEY,NANDI,CHESUMEI,XQMX,29579405,ST.STEPHEN'S KIPTUIYA SECONDARY SCHOOL,C4,PUBLIC,NONE,DAY,MIXED
7038,RIFT VALLEY,NANDI,CHESUMEI,A3L3,29579502,ST.SYLVESTER SIRONOI SECONDARY SCHOOL,C4,PUBLIC,NONE,DAY,MIXED
7039,RIFT VALLEY,NANDI,CHESUMEI,9FNU,29579109,ST.THERESA OF THE CHILD JESUS -MASABA HIGH SCHOOL,C4,PUBLIC,NONE,BOARDING,MIXED
7208,RIFT VALLEY,NANDI,TINDERET,AJUR,29542104,A I C SETEK SECONDARY SCHOOL,C4,PUBLIC,NONE,DAY,MIXED
7209,RIFT VALLEY,NANDI,TINDERET,Y4YD,29542310,AIC KIPYAOR SEC,C4,PUBLIC,NONE,DAY,MIXED
7210,RIFT VALLEY,NANDI,TINDERET,74KN,29542110,AINAPNGETUNY SECONDARY SCHOOL,C4,PUBLIC,NONE,DAY,MIXED
7211,RIFT VALLEY,NANDI,TINDERET,GR5K,29542204,ALL SAINTS KAPKENO GIRLS HIGH SCHOOL,C3,PUBLIC,NONE,BOARDING,GIRLS
7212,RIFT VALLEY,NANDI,TINDERET,LF3H,29542303,CHEMAMUL SECONDARY SCHOOL,C4,PUBLIC,NONE,DAY,MIXED
7213,RIFT VALLEY,NANDI,TINDERET,TCJC,29542401,CHEMASE SECONDARY SCHOOL,C3,PUBLIC,NONE,DAY,MIXED
7214,RIFT VALLEY,NANDI,TINDERET,MAA6,29542206,CHEMUTIA SECONDARY SCHOOL,C4,PUBLIC,NONE,DAY,MIXED
7215,RIFT VALLEY,NANDI,TINDERET,C5JC,29542113,CHEROBON MIXED DAY SECONDARY SCHOOL,C4,PUBLIC,NONE,DAY,MIXED
7216,RIFT VALLEY,NANDI,TINDERET,2BKY,29542209,CHERONDO SECONDARY SCHOOL,C4,PUBLIC,NONE,DAY,MIXED
7217,RIFT VALLEY,NANDI,TINDERET,H8GH,29542106,FR. BOYLE KABOLEBO SECONDARY SCHOOL,C4,PUBLIC,NONE,DAY,MIXED
7218,RIFT VALLEY,NANDI,TINDERET,YY43,29542302,FR. GEORGE YAHN SECONDARY SCHOOL-CHEPTONON,C4,PUBLIC,NONE,DAY,MIXED
7219,RIFT VALLEY,NANDI,TINDERET,L79K,29542109,FR. MARTIN BOYLE SECONDARY SCHOOL,C4,PUBLIC,NONE,DAY,MIXED
7220,RIFT VALLEY,NANDI,TINDERET,YYAX,29542103,GOT NE LEL SECONDARY SCHOOL,C3,PUBLIC,NONE,DAY,MIXED
7221,RIFT VALLEY,NANDI,TINDERET,STS2,29542201,HENRY KOSGEI SECONDARY SCHOOL,C4,PUBLIC,NONE,DAY,MIXED
7222,RIFT VALLEY,NANDI,TINDERET,TWM2,29542205,KABIRER HIGH SCHOOL,C4,PUBLIC,NONE,BOARDING,MIXED
7223,RIFT VALLEY,NANDI,TINDERET,UZHZ,29542309,KABUTIEI SECONDARY SCHOOL,C4,PUBLIC,NONE,DAY,MIXED
7224,RIFT VALLEY,NANDI,TINDERET,T4UM,29542111,KAMELIL MIXED DAY SECONDARY SCHOOL,C4,PUBLIC,NONE,DAY,MIXED
7225,RIFT VALLEY,NANDI,TINDERET,EG2F,29542404,KAMUNY SECONDARY,C4,PUBLIC,NONE,DAY,MIXED
7226,RIFT VALLEY,NANDI,TINDERET,W246,29542108,KAPKOROS BARNGETUNY SECONDARY SCHOOL,C4,PUBLIC,NONE,DAY,MIXED
7227,RIFT VALLEY,NANDI,TINDERET,QDN5,29542403,KAPSIGILAI GIRLS' SECONDARY SCHOOL,C3,PUBLIC,NONE,BOARDING,GIRLS
7228,RIFT VALLEY,NANDI,TINDERET,3PWP,29542112,KIMUGUL MIXED DAY,C4,PUBLIC,NONE,DAY,MIXED
7229,RIFT VALLEY,NANDI,TINDERET,KG65,29542202,KIMWANI SECONDARY SCHOOL,C4,PUBLIC,NONE,DAY,MIXED
7230,RIFT VALLEY,NANDI,TINDERET,Q5P4,29542208,KIPKURES SECONDARY SCHOOL,C4,PUBLIC,NONE,DAY,MIXED
7231,RIFT VALLEY,NANDI,TINDERET,QZJ3,29542114,KOISEGEM MIXED DAY,C4,PUBLIC,NONE,DAY,MIXED
7232,RIFT VALLEY,NANDI,TINDERET,DC6B,29542101,METEITEI BOYS SECONDARY SCHOOL,C1,PUBLIC,NONE,BOARDING,BOYS
7233,RIFT VALLEY,NANDI,TINDERET,FSAY,29542305,MOMBWO GIRLS' SECONDARY SCHOOL,C3,PUBLIC,NONE,BOARDING,GIRLS
7234,RIFT VALLEY,NANDI,TINDERET,U34A,29542304,MUTUMON SECONDARY SCHOOL,C4,PUBLIC,NONE,DAY,MIXED
7235,RIFT VALLEY,NANDI,TINDERET,JKMM,29542307,SARWAT MIXED SECONDARY SCHOOL,C4,PUBLIC,NONE,DAY,MIXED
7236,RIFT VALLEY,NANDI,TINDERET,KU7R,29542207,SOKOSIK SECONDARY SCHOOL,C4,PUBLIC,NONE,DAY,MIXED
7237,RIFT VALLEY,NANDI,TINDERET,H9D4,29542105,ST JOHN TACHASIS MIXED DAY SECONDARY SCHOOL,C4,PUBLIC,NONE,DAY,MIXED
7238,RIFT VALLEY,NANDI,TINDERET,66RT,29542107,ST. ANDREW SECONDARY SCHOOL - SENETWO,C4,PUBLIC,NONE,DAY,MIXED
7239,RIFT VALLEY,NANDI,TINDERET,TYXY,29542405,ST. JOHNS KIBONGWA SECONDARY SCHOOL,C4,PUBLIC,NONE,DAY,MIXED
7240,RIFT VALLEY,NANDI,TINDERET,5Y9E,29542306,ST. PETERS SOBA DAY SECONDARY SCHOOL,C4,PUBLIC,NONE,DAY,MIXED
7241,RIFT VALLEY,NANDI,TINDERET,C47G,29542102,ST.MARY'S TACH ASIS GIRLS SECONDARY SCHOOL,C2,PUBLIC,NONE,BOARDING,GIRLS
7242,RIFT VALLEY,NANDI,TINDERET,6BY5,29542308,ST.MICHAEL'S MIXED SECONDARY SCHOOL-KAMELILO,C4,PUBLIC,NONE,DAY,MIXED
7243,RIFT VALLEY,NANDI,TINDERET,LTTK,29542402,ST.PAULS CHEMALAL A.C.K SECONDARY SCHOOL,C4,PUBLIC,NONE,DAY,MIXED
7244,RIFT VALLEY,NANDI,TINDERET,DMH4,29542203,TAUNET SECONDARY SCHOOL,C4,PUBLIC,NONE,DAY,MIXED
7245,RIFT VALLEY,NANDI,TINDERET,258M,29542301,TINDERET SECONDARY SCHOOL,C3,PUBLIC,NONE,DAY,MIXED
7435,NYANZA,NYAMIRA,BORABU,48DQ,43720122,A.I.C GIETAI SECONDARY SCHOOL,C4,PUBLIC,NONE,DAY,MIXED
7436,NYANZA,NYAMIRA,BORABU,AXRH,43720117,ERONGE SDA SECONDARY SCHOOL,C3,PUBLIC,NONE,DAY,MIXED
7437,NYANZA,NYAMIRA,BORABU,LB7C,43720115,ITUMBE SDA MIXED SECONDARY SCHOOL,C4,PUBLIC,NONE,DAY,MIXED
7438,NYANZA,NYAMIRA,BORABU,B78C,43720124,KEGINGA SECONDARY SCHOOL,C4,PUBLIC,NONE,DAY,MIXED
7439,NYANZA,NYAMIRA,BORABU,PZ5Z,43720118,KINENI MIXED SECONDARY SCHOOL,C4,PUBLIC,NONE,DAY,MIXED
7440,NYANZA,NYAMIRA,BORABU,PU9Q,43720128,MAGURA SECONDARY SCHOOL,C4,PUBLIC,NONE,DAY,MIXED
7441,NYANZA,NYAMIRA,BORABU,PU3W,43720103,MANGA GIRLS HIGH SCHOOL,C3,PUBLIC,NONE,BOARDING,GIRLS
7442,NYANZA,NYAMIRA,BORABU,YG35,43720101,MECHEO SDA MIXED SECONDARY,C3,PUBLIC,NONE,DAY,MIXED
7443,NYANZA,NYAMIRA,BORABU,MXLX,43720107,MENYENYA S.D.A HIGH SCHOOL,C2,PUBLIC,NONE,BOARDING,MIXED
7444,NYANZA,NYAMIRA,BORABU,JGNZ,43720120,MOGUSII SECONDARY SCHOOL,C4,PUBLIC,NONE,DAY,MIXED
7445,NYANZA,NYAMIRA,BORABU,LQYX,43720111,MWONGORI SECONDARY SCHOOL,C2,PUBLIC,NONE,DAY,MIXED
7446,NYANZA,NYAMIRA,BORABU,6Y3Y,43720106,NYANSIONGO HIGH SCHOOL,C2,PUBLIC,NONE,BOARDING,MIXED
7447,NYANZA,NYAMIRA,BORABU,9GED,43720125,ONSANDO GIRLS DEB SECONDARY SCHOOL,C4,PUBLIC,NONE,BOARDING,GIRLS
7448,NYANZA,NYAMIRA,BORABU,P9L2,43720105,RIGOKO SECONDARY SCHOOL,C4,PUBLIC,NONE,DAY,MIXED
7449,NYANZA,NYAMIRA,BORABU,WNWN,43720110,ST MATHIAS MULUMBA SECONDARY SCHOOL,C2,PUBLIC,NONE,DAY,MIXED
7450,NYANZA,NYAMIRA,BORABU,T5PJ,43720108,ST. GONZAGAGONZA ISOGE,C3,PUBLIC,NONE,DAY,MIXED
7451,NYANZA,NYAMIRA,BORABU,VAM9,43720116,ST. JAMES NYARONDE SECONDARY SCHOOL,C4,PUBLIC,NONE,DAY,MIXED
7452,NYANZA,NYAMIRA,BORABU,6GRU,43720102,ST. JOSEPH'S LIETEGO,C4,PUBLIC,NONE,DAY,MIXED
7453,NYANZA,NYAMIRA,BORABU,RAUV,43720112,ST. PATRICK KAHAWA SECONDARY SCHOOL,C4,PUBLIC,NONE,DAY,MIXED
7454,NYANZA,NYAMIRA,BORABU,K9SY,43720113,ST. PAUL'S NYANDOCHE SECONDARY SCHOOL,C2,PUBLIC,NONE,DAY,MIXED
7455,NYANZA,NYAMIRA,BORABU,28VQ,43720104,ST. THOMAS MOORE,C3,PUBLIC,NONE,DAY,MIXED
7456,NYANZA,NYAMIRA,BORABU,4QFD,43720123,TINDERETI SECONDARY SCHOOL,C4,PUBLIC,NONE,DAY,MIXED
7520,NYANZA,NYAMIRA,NYAMIRA,RX6K,43706125,BOMORITO SECONDARY SCHOOL,C4,PUBLIC,NONE,DAY,MIXED
7521,NYANZA,NYAMIRA,NYAMIRA,9CNX,43706149,BONDEKA ELCK MIXED SECONDARY SCHOOL,C4,PUBLIC,NONE,DAY,MIXED
7522,NYANZA,NYAMIRA,NYAMIRA,R2QM,43706104,BONYUNYU SECONDARY SCHOOL,C4,PUBLIC,NONE,DAY,MIXED
7523,NYANZA,NYAMIRA,NYAMIRA,H5E3,43706116,BOSIANGO S.D.A SECONDARY SCHOOL,C4,PUBLIC,NONE,DAY,MIXED
7524,NYANZA,NYAMIRA,NYAMIRA,WBU5,43706139,EKENYORO TECHNICAL SECONDARY SCHOOL,C4,PUBLIC,NONE,DAY,MIXED
7525,NYANZA,NYAMIRA,NYAMIRA,JPX2,43706105,EMBONGA SECONDARY SCHOOL,C4,PUBLIC,NONE,DAY,MIXED
7526,NYANZA,NYAMIRA,NYAMIRA,RKQX,43706135,GEKOMONI SECONDARY SCHOOL,C3,PUBLIC,NONE,DAY,MIXED
7527,NYANZA,NYAMIRA,NYAMIRA,88QB,43706110,GESIAGA SECONDARY SCHOOL,C2,PUBLIC,NONE,DAY,MIXED
7528,NYANZA,NYAMIRA,NYAMIRA,A93C,43706146,GESORE P.A.G SECONDARY SCHOOL,C4,PUBLIC,NONE,DAY,MIXED
7529,NYANZA,NYAMIRA,NYAMIRA,GFSX,43706141,GETA PAG SECONDARY SCHOOL,C4,PUBLIC,NONE,DAY,MIXED
7530,NYANZA,NYAMIRA,NYAMIRA,URVH,43706118,GETAARI MIXED SECONDARY SCHOOL,C4,PUBLIC,NONE,DAY,MIXED
7531,NYANZA,NYAMIRA,NYAMIRA,3MPX,43706124,GIANCHORE PAG MIXED SECONDARY SCHOOL,C4,PUBLIC,NONE,DAY,MIXED
7532,NYANZA,NYAMIRA,NYAMIRA,QJY4,43706130,GUCHA SDA MIXED SECONDARY SCHOOL,C4,PUBLIC,NONE,DAY,MIXED
7533,NYANZA,NYAMIRA,NYAMIRA,UUZ3,43706115,KEBIRIGO HIGH SCHOOL,C1,PUBLIC,NONE,BOARDING,MIXED
7534,NYANZA,NYAMIRA,NYAMIRA,2534,43706114,KENYENYA MIXED DAY AND BOARDING,C4,PUBLIC,NONE,DAY,MIXED
7535,NYANZA,NYAMIRA,NYAMIRA,U3QK,43706126,KIANG'INDA SECONDARY SCHOOL,C4,PUBLIC,NONE,DAY,MIXED
7536,NYANZA,NYAMIRA,NYAMIRA,CFD9,43706123,KIANUNGU SECONDARY SCHOOL,C4,PUBLIC,NONE,DAY,MIXED
7537,NYANZA,NYAMIRA,NYAMIRA,44LG,43706143,KUURA MIXED SECONDARY SCHOOL,C4,PUBLIC,NONE,DAY,MIXED
7538,NYANZA,NYAMIRA,NYAMIRA,KWBT,43706145,MAKAIRO MIXED SECONDARY SCHOOL,C4,PUBLIC,NONE,DAY,MIXED
7539,NYANZA,NYAMIRA,NYAMIRA,UFZV,43706129,MARANI P.A.G GIRLS SECONDARY SCHOOL,C3,PUBLIC,NONE,BOARDING,GIRLS
7540,NYANZA,NYAMIRA,NYAMIRA,HMXQ,43706107,MARINDI SECONDARY SCHOOL,C2,PUBLIC,NONE,DAY,MIXED
7541,NYANZA,NYAMIRA,NYAMIRA,ANGF,43706122,MASOSA MIXED SECONDARY SCHOOL,C3,PUBLIC,NONE,DAY,MIXED
7542,NYANZA,NYAMIRA,NYAMIRA,AZBC,43706112,MOTAGARA GIRLS SECONDARY SCHOOL,C3,PUBLIC,NONE,BOARDING,GIRLS
7543,NYANZA,NYAMIRA,NYAMIRA,EP5S,43706140,NAMI SECONDARY SCHOOL,C4,PUBLIC,NONE,DAY,MIXED
7544,NYANZA,NYAMIRA,NYAMIRA,2B7M,43706144,NYABISIMBA SECONDARY SCHOOL,C4,PUBLIC,NONE,DAY,MIXED
7545,NYANZA,NYAMIRA,NYAMIRA,AFUM,43706111,NYACHOGOCHOGO SECONDARY SCHOOL,C4,PUBLIC,NONE,DAY,MIXED
7546,NYANZA,NYAMIRA,NYAMIRA,XJJX,43706132,NYACHURURU P.A.G MIXED SECONDARY SCHOOL,C4,PUBLIC,NONE,DAY,MIXED
7547,NYANZA,NYAMIRA,NYAMIRA,K78M,43706142,NYAGACHI DEB SECONDARY SCHOOL,C4,PUBLIC,NONE,DAY,MIXED
7548,NYANZA,NYAMIRA,NYAMIRA,EVP5,43706151,NYAIGWA GIRLS SECONDARY SCHOOL,C4,PUBLIC,NONE,BOARDING,GIRLS
7549,NYANZA,NYAMIRA,NYAMIRA,58M8,43706133,NYAKEORE SECONDARY SCHOOL,C4,PUBLIC,NONE,DAY,MIXED
7550,NYANZA,NYAMIRA,NYAMIRA,62BQ,43706103,NYAMAIYA SECONDARY SCHOOL,C3,PUBLIC,NONE,DAY,MIXED
7551,NYANZA,NYAMIRA,NYAMIRA,YXZ4,43706131,NYAMERU MIXED SECONDARY SCHOOL,C4,PUBLIC,NONE,DAY,MIXED
7552,NYANZA,NYAMIRA,NYAMIRA,TA4W,43706109,NYAMIRA BOYS HIGH SCHOOL,C2,PUBLIC,NONE,BOARDING,BOYS
7553,NYANZA,NYAMIRA,NYAMIRA,TKSJ,43706101,NYANSABAKWA SECONDARY SCHOOL,C2,PUBLIC,NONE,DAY,MIXED
7554,NYANZA,NYAMIRA,NYAMIRA,ADL3,43706147,OMOSASA DOK MIXED SECONDARY SCHOOL,C4,PUBLIC,NONE,DAY,MIXED
7555,NYANZA,NYAMIRA,NYAMIRA,7GB8,43706152,OTANYORE ELCK MIXED SECONDARY SCHOOL,C4,PUBLIC,NONE,DAY,MIXED
7556,NYANZA,NYAMIRA,NYAMIRA,WKPN,43706102,OUR LADY OF MERCY RANGENYO GIRLS SECONDARY SCHOOL,C2,PUBLIC,NONE,BOARDING,GIRLS
7557,NYANZA,NYAMIRA,NYAMIRA,5JW4,43706120,RIAMANDERE SECONDARY SCHOOL,C4,PUBLIC,NONE,DAY,MIXED
7558,NYANZA,NYAMIRA,NYAMIRA,TQ87,43706134,RIRUMI MIXED SECONDARY SCHOOL,C4,PUBLIC,NONE,DAY,MIXED
7559,NYANZA,NYAMIRA,NYAMIRA,3WNZ,43706119,SENATOR KEBASO SECONDARY SCHOOL,C4,PUBLIC,NONE,DAY,MIXED
7560,NYANZA,NYAMIRA,NYAMIRA,2GPC,43700012,SIRONGA GIRLS HIGH SCHOOL,C1,PUBLIC,NONE,BOARDING,GIRLS
7561,NYANZA,NYAMIRA,NYAMIRA,9KMF,43706106,ST PETER'S NYAISA SECONDARY SCHOOL,C4,PUBLIC,NONE,DAY,MIXED
7562,NYANZA,NYAMIRA,NYAMIRA,3WVX,43706136,ST PHILIP'S RATETI SECONDARY SCHOOL,C4,PUBLIC,NONE,DAY,MIXED
7563,NYANZA,NYAMIRA,NYAMIRA,H5BJ,43706150,ST TERESA MIXED SECONDARY SCHOOL (BUGO),C4,PUBLIC,NONE,DAY,MIXED
7564,NYANZA,NYAMIRA,NYAMIRA,H658,43706148,ST TIBERIUS NYAMOTENTEMI M D SECONDARY SCHOOL,C4,PUBLIC,NONE,DAY,MIXED
7565,NYANZA,NYAMIRA,NYAMIRA,GSUP,43706137,ST. JOSEPH'S ENCHORO SECONDARY SCHOOL,C4,PUBLIC,NONE,DAY,MIXED
7566,NYANZA,NYAMIRA,NYAMIRA,GM62,43706121,ST. JOSEPH'S ETONO MIXED SECONDARY SCHOOL,C4,PUBLIC,NONE,DAY,MIXED
7567,NYANZA,NYAMIRA,NYAMIRA,QAL2,43706113,ST. MARY'S MONGORISI SECONDARY SCHOOL,C4,PUBLIC,NONE,DAY,MIXED
7568,NYANZA,NYAMIRA,NYAMIRA,MLGU,43706127,ST. PATRICE NYANTARO SECONDARY SCHOOL,C4,PUBLIC,NONE,DAY,MIXED
7569,NYANZA,NYAMIRA,NYAMIRA,3WB4,43706117,ST. PETER'S NYAKEMINCHA SECONDARY SCHOOL,C2,PUBLIC,NONE,DAY,MIXED
7570,NYANZA,NYAMIRA,NYAMIRA,FPCR,43706128,ST.JOSEPH'S KEMASARE MIXED SECONDARY SCHOOL,C4,PUBLIC,NONE,DAY,MIXED
7618,NYANZA,NYAMIRA,NYAMIRA,NORTH,5346,43728119 ST. FRANCIS KEREMA SECONDARY SCHOOL,C4,PUBLIC,NONE,DAY,MIXED
7626,CENTRAL,NYANDARUA,ABERDARE,RL4C,7244108,KAHEHO DAY MIXED SECONDARY SCHOOL,C4,PUBLIC,NONE,DAY,MIXED
7627,CENTRAL,NYANDARUA,ABERDARE,XDHA,7244105,KAHUHO SECONDARY SCHOOL,C4,PUBLIC,NONE,DAY,MIXED
7628,CENTRAL,NYANDARUA,ABERDARE,H7UP,7244103,KAMBAA TECHNICAL SECONDARY SCHOOL,C3,PUBLIC,NONE,DAY,MIXED
7629,CENTRAL,NYANDARUA,ABERDARE,NTXP,7244107,KIHARA SECONDARY SCHOOL,C4,PUBLIC,NONE,DAY,MIXED
7630,CENTRAL,NYANDARUA,ABERDARE,D72S,7244112,KIHUHA SECONDARY SCHOOL,C4,PUBLIC,NONE,DAY,MIXED
7631,CENTRAL,NYANDARUA,ABERDARE,44HA,7244106,LAKE OLBOLLOSAT SECONDARY SCHOOL,C4,PUBLIC,NONE,DAY,MIXED
7632,CENTRAL,NYANDARUA,ABERDARE,ZTUW,7244110,MWIHANGIA SECONDARY SCHOOL,C4,PUBLIC,NONE,DAY,MIXED
7633,CENTRAL,NYANDARUA,ABERDARE,L2SS,7244109,NDARAGWA BOYS HIGH SCHOOL,C3,PUBLIC,NONE,BOARDING,BOYS
7634,CENTRAL,NYANDARUA,ABERDARE,X72Y,7244101,NDARAGWA GIRLS,C2,PUBLIC,NONE,BOARDING,GIRLS
7635,CENTRAL,NYANDARUA,ABERDARE,RZF8,7244102,SHAMATA GIRLS SECONDARY SCHOOL,C2,PUBLIC,NONE,BOARDING,GIRLS
7636,CENTRAL,NYANDARUA,ABERDARE,USVP,7244104,SIMBARA SECONDARY SCHOOL,C4,PUBLIC,NONE,DAY,MIXED
7637,CENTRAL,NYANDARUA,ABERDARE,RVQB,7244111,SUBUKU SECONDARY SCHOOL,C4,PUBLIC,NONE,DAY,MIXED
7638,CENTRAL,NYANDARUA,GATHANJI,8PNS,7242101,GATHANJI SEC,C4,PUBLIC,NONE,DAY,MIXED
7639,CENTRAL,NYANDARUA,GATHANJI,6HTK,7242111,IGWAMITI SEC,C4,PUBLIC,NONE,DAY,MIXED
7640,CENTRAL,NYANDARUA,GATHANJI,SM8R,7242110,KABATI SEC,C4,PUBLIC,NONE,DAY,MIXED
7641,CENTRAL,NYANDARUA,GATHANJI,B6RY,7242108,KIHEO SEC,C4,PUBLIC,NONE,DAY,MIXED
7642,CENTRAL,NYANDARUA,GATHANJI,THBM,7242103,MATINDIRI SEC,C4,PUBLIC,NONE,DAY,MIXED
7643,CENTRAL,NYANDARUA,GATHANJI,2BSU,7242104,NGANO SEC,C4,PUBLIC,NONE,DAY,MIXED
7644,CENTRAL,NYANDARUA,GATHANJI,38M4,7242109,NGATHA SEC,C4,PUBLIC,NONE,DAY,MIXED
7645,CENTRAL,NYANDARUA,GATHANJI,73F6,7242105,RUIRU SEC,C4,PUBLIC,NONE,DAY,MIXED
7646,CENTRAL,NYANDARUA,GATHANJI,DAKW,7242102,SILIBWET SEC,C4,PUBLIC,NONE,DAY,MIXED
7647,CENTRAL,NYANDARUA,GATHANJI,T2CV,7242107,UHURU SEC,C4,PUBLIC,NONE,DAY,MIXED
7648,CENTRAL,NYANDARUA,GATHANJI,MR5C,7242106,WANJURA SEC,C4,PUBLIC,NONE,DAY,MIXED
7649,CENTRAL,NYANDARUA,KIPIPIRI,469E,7215235,GATHIRIGA,C4,PUBLIC,NONE,DAY,MIXED
7650,CENTRAL,NYANDARUA,KIPIPIRI,WHQX,7215234,GITHIORO MIXED,C4,PUBLIC,NONE,DAY,MIXED
7651,CENTRAL,NYANDARUA,KIPIPIRI,M9KA,7215239,GITWE MIXED SECONDARY SCHOOL,C4,PUBLIC,NONE,DAY,MIXED
7652,CENTRAL,NYANDARUA,KIPIPIRI,26BA,7215221,JURA SEC SCH,C4,PUBLIC,NONE,DAY,MIXED
7653,CENTRAL,NYANDARUA,KIPIPIRI,6U9P,7215225,KABATI MIXED SECONDARY SCHOOL,C4,PUBLIC,NONE,DAY,MIXED
7654,CENTRAL,NYANDARUA,KIPIPIRI,JF94,7215210,LERESHWA SEC SCHOOL,C4,PUBLIC,NONE,DAY,MIXED
7655,CENTRAL,NYANDARUA,KIPIPIRI,MHQT,7215211,MAHINDU MIXED,C4,PUBLIC,NONE,DAY,MIXED
7656,CENTRAL,NYANDARUA,KIPIPIRI,G3CW,7215205,MALEWA,C4,PUBLIC,NONE,DAY,MIXED
7657,CENTRAL,NYANDARUA,KIPIPIRI,2KCC,7215229,MANUNGA MIXED SEC,C4,PUBLIC,NONE,DAY,MIXED
7658,CENTRAL,NYANDARUA,KIPIPIRI,MUCL,7215203,MAWINGO GIRLS,C3,PUBLIC,NONE,BOARDING,GIRLS
7659,CENTRAL,NYANDARUA,KIPIPIRI,29ZD,7215201,MIHARATI,C3,PUBLIC,NONE,DAY,MIXED
7660,CENTRAL,NYANDARUA,KIPIPIRI,BB32,7215216,MUMUI SECONDARY,C3,PUBLIC,NONE,DAY,MIXED
7661,CENTRAL,NYANDARUA,KIPIPIRI,W9NN,7215227,ST.PETERS MAWINGO,C4,PUBLIC,NONE,DAY,MIXED
7662,CENTRAL,NYANDARUA,KIPIPIRI,5G9B,7215215,TURASHA SECONDARY SCHOOL,C3,PUBLIC,NONE,DAY,MIXED
7663,CENTRAL,NYANDARUA,KIPIPIRI,9UJ4,7215224,WANJERI,C4,PUBLIC,NONE,DAY,MIXED
7664,CENTRAL,NYANDARUA,MIRANGINE,VSW7,7225109,GITHIMA,C4,PUBLIC,NONE,DAY,MIXED
7665,CENTRAL,NYANDARUA,MIRANGINE,F9MF,7225119,GITUAMBA,C4,PUBLIC,NONE,DAY,MIXED
7666,CENTRAL,NYANDARUA,MIRANGINE,3L6G,7225105,KANJUIRI,C4,PUBLIC,NONE,DAY,MIXED
7667,CENTRAL,NYANDARUA,MIRANGINE,UY7L,7225118,KIHOTO,C4,PUBLIC,NONE,DAY,MIXED
7668,CENTRAL,NYANDARUA,MIRANGINE,XA6V,7225116,KURUNGU,C4,PUBLIC,NONE,DAY,MIXED
7669,CENTRAL,NYANDARUA,MIRANGINE,TSHQ,7225125,MATUNDA,C4,PUBLIC,NONE,DAY,MIXED
7670,CENTRAL,NYANDARUA,MIRANGINE,QHYY,7225104,MIRANGINE,C4,PUBLIC,NONE,DAY,MIXED
7671,CENTRAL,NYANDARUA,MIRANGINE,7FGE,7225102,NGORIKA SEC SCH,C3,PUBLIC,NONE,DAY,MIXED
7672,CENTRAL,NYANDARUA,MIRANGINE,ZV8H,7225114,NYAITUGA,C4,PUBLIC,NONE,DAY,MIXED
7673,CENTRAL,NYANDARUA,MIRANGINE,386U,7225101,NYAKIAMBI,C2,PUBLIC,NONE,DAY,MIXED
7674,CENTRAL,NYANDARUA,MIRANGINE,MCK7,7225110,RUTARA,C4,PUBLIC,NONE,DAY,MIXED
7675,CENTRAL,NYANDARUA,MIRANGINE,53SR,7225107,SABUGO,C4,PUBLIC,NONE,DAY,MIXED
7676,CENTRAL,NYANDARUA,MIRANGINE,MFCS,7225103,TUMAINI,C4,PUBLIC,NONE,DAY,MIXED
7789,CENTRAL,NYANDARUA,WANJOHI,ZB2T,7247232,GATHUTHI SEC,C4,PUBLIC,NONE,DAY,MIXED
7790,CENTRAL,NYANDARUA,WANJOHI,XBUL,7247226,GATONDO SEC,C4,PUBLIC,NONE,DAY,MIXED
7791,CENTRAL,NYANDARUA,WANJOHI,AQJ8,7247204,GETA SEC,C3,PUBLIC,NONE,DAY,MIXED
7792,CENTRAL,NYANDARUA,WANJOHI,52T6,7247213,HUHIRIO SEC,C4,PUBLIC,NONE,DAY,MIXED
7793,CENTRAL,NYANDARUA,WANJOHI,WRFF,7247228,KAGONGO SEC,C4,PUBLIC,NONE,DAY,MIXED
7794,CENTRAL,NYANDARUA,WANJOHI,DKQK,7247212,KIAMBOGO,C4,PUBLIC,NONE,DAY,MIXED
7795,CENTRAL,NYANDARUA,WANJOHI,J7J6,7247230,KIANJOGU SEC,C4,PUBLIC,NONE,DAY,MIXED
7796,CENTRAL,NYANDARUA,WANJOHI,GVHC,7247231,KIMURU SEC,C4,PUBLIC,NONE,DAY,MIXED
7797,CENTRAL,NYANDARUA,WANJOHI,MRE8,7247223,KIPIPIRI SCHOOL,C2,PUBLIC,NONE,DAY,MIXED
7798,CENTRAL,NYANDARUA,WANJOHI,647L,7247209,KIRIMA SEC,C4,PUBLIC,NONE,DAY,MIXED
7799,CENTRAL,NYANDARUA,WANJOHI,SW78,7247218,MARIMU SEC,C4,PUBLIC,NONE,DAY,MIXED
7800,CENTRAL,NYANDARUA,WANJOHI,NAHG,7247222,MICHORE SEC,C4,PUBLIC,NONE,DAY,MIXED
7801,CENTRAL,NYANDARUA,WANJOHI,LBYK,7247217,MIKEU SEC,C4,PUBLIC,NONE,DAY,MIXED
7802,CENTRAL,NYANDARUA,WANJOHI,KGVY,7247236,MUNYUINI SEC,C4,PUBLIC,NONE,DAY,MIXED
7803,CENTRAL,NYANDARUA,WANJOHI,V9NL,7247207,NDEMI SEC,C4,PUBLIC,NONE,DAY,MIXED
7804,CENTRAL,NYANDARUA,WANJOHI,ZP6R,7247208,SATIMA SEC,C4,PUBLIC,NONE,DAY,MIXED
7805,CENTRAL,NYANDARUA,WANJOHI,E4KV,7247202,WANJOHI GIRLS,C2,PUBLIC,NONE,BOARDING,GIRLS
7806,CENTRAL,NYANDARUA,WANJOHI,LRKB,7247214,WANJOHI MIXED,C4,PUBLIC,NONE,DAY,MIXED
7892,CENTRAL,NYERI,MATHIRA,WEST,6324,08218104 ICHUGA GIRLS,C3,PUBLIC,NONE,BOARDING,GIRLS
7906,CENTRAL,NYERI,MUKURWE-INI,TRGT,8219121,A.C.K KIUU SECONDARY SCHOOL,C4,PUBLIC,NONE,DAY,MIXED
7907,CENTRAL,NYERI,MUKURWE-INI,QBX7,8219125,GAIKUNDO SECONDARY SCHOOL,C4,PUBLIC,NONE,DAY,MIXED
7908,CENTRAL,NYERI,MUKURWE-INI,7T5Z,8219132,GATHIRITI SECONDARY SCHOOL,C4,PUBLIC,NONE,DAY,MIXED
7909,CENTRAL,NYERI,MUKURWE-INI,TA68,8219106,GATHUNGURURU GIRLS SCH.,C3,PUBLIC,NONE,BOARDING,GIRLS
7910,CENTRAL,NYERI,MUKURWE-INI,T5YD,8219112,KAHARO SECONDARY,C4,PUBLIC,NONE,DAY,MIXED
7911,CENTRAL,NYERI,MUKURWE-INI,KG7N,8219127,KAHETI GIRLS SECODARY SCHOOL,C4,PUBLIC,NONE,BOARDING,GIRLS
7912,CENTRAL,NYERI,MUKURWE-INI,WHB6,8219130,KARABA SECONDARY SCHOOL,C4,PUBLIC,NONE,DAY,MIXED
7913,CENTRAL,NYERI,MUKURWE-INI,AQSN,8219110,KARINDI SECONDARY,C4,PUBLIC,NONE,DAY,MIXED
7914,CENTRAL,NYERI,MUKURWE-INI,AVN3,8219126,KARUNDU SECONDARY SCHOOL,C4,PUBLIC,NONE,DAY,MIXED
7915,CENTRAL,NYERI,MUKURWE-INI,UN7V,8219119,KIBUTIO SECONDARY SCHOOL,C4,PUBLIC,NONE,DAY,MIXED
7916,CENTRAL,NYERI,MUKURWE-INI,5NKH,8219131,KIHATE GIRLS SECONDARY SCH.,C4,PUBLIC,NONE,BOARDING,GIRLS
7917,CENTRAL,NYERI,MUKURWE-INI,DEHQ,8219114,KIHUTI SECONDARY SCHOOL,C4,PUBLIC,NONE,DAY,MIXED
7918,CENTRAL,NYERI,MUKURWE-INI,PAMC,8219111,MIHUTI SECONDARY,C4,PUBLIC,NONE,DAY,MIXED
7919,CENTRAL,NYERI,MUKURWE-INI,4HC6,8219102,MUKURWE-INI BOYS,C2,PUBLIC,NONE,BOARDING,BOYS
7920,CENTRAL,NYERI,MUKURWE-INI,LRNS,8219107,MWERU HIGH SCHOOL,C3,PUBLIC,NONE,BOARDING,MIXED
7921,CENTRAL,NYERI,MUKURWE-INI,UM6Y,8219108,NDIA-INI GIRLS SCHOOL,C3,PUBLIC,NONE,BOARDING,GIRLS
7922,CENTRAL,NYERI,MUKURWE-INI,GXYE,8219124,NGAMWA SECONDARY SCHOOL,C4,PUBLIC,NONE,DAY,MIXED
7923,CENTRAL,NYERI,MUKURWE-INI,CCKW,8219117,NGORU ORTHODOX SECONDARY SCH.,C4,PUBLIC,NONE,DAY,MIXED
7924,CENTRAL,NYERI,MUKURWE-INI,XPBJ,8219123,NJIRU-INI SECONDARY SCHOOL,C4,PUBLIC,NONE,DAY,MIXED
7925,CENTRAL,NYERI,MUKURWE-INI,2ME7,8219116,REV. MUHORO SCHOOL FOR THE DEAF,C1,PUBLIC,NONE,DAY,MIXED
7926,CENTRAL,NYERI,MUKURWE-INI,RAZ2,8219118,RUTUNE SECONDARY SCHOOL,C4,PUBLIC,NONE,DAY,MIXED
7927,CENTRAL,NYERI,MUKURWE-INI,9CZX,8219101,SOUTH TETU GIRLS,C1,PUBLIC,NONE,BOARDING,GIRLS
7928,CENTRAL,NYERI,MUKURWE-INI,MVWX,8219113,ST VINCENT DEPAUL GIATHUGU SEC. SCH.,C4,PUBLIC,NONE,DAY,MIXED
7929,CENTRAL,NYERI,MUKURWE-INI,S5YJ,8219109,ST. ANNE GITHUNGURI GIRLS,C3,PUBLIC,NONE,BOARDING,GIRLS
7930,CENTRAL,NYERI,MUKURWE-INI,GM9F,8219105,ST. AUGUSTINE GIKONDI BOYS,C4,PUBLIC,NONE,BOARDING,BOYS
7931,CENTRAL,NYERI,MUKURWE-INI,V8NN,8219103,ST. BONAVENTURE KAHETI BOYS,C2,PUBLIC,NONE,BOARDING,BOYS
7932,CENTRAL,NYERI,MUKURWE-INI,6SRD,8219122,ST. THOMAS GATURA SECONDARY SCH.,C4,PUBLIC,NONE,DAY,MIXED
7933,CENTRAL,NYERI,MUKURWE-INI,ZSPS,8219133,ST.JOHN THUNGURI ORTHODOX SEC. SCH,C4,PUBLIC,NONE,DAY,MIXED
7934,CENTRAL,NYERI,MUKURWE-INI,9K9V,8219104,TAMBAYA BOYS,C4,PUBLIC,NONE,BOARDING,BOYS
7935,CENTRAL,NYERI,MUKURWE-INI,6L7C,8219120,THANGATHI SECONDARY SCH.,C4,PUBLIC,NONE,DAY,MIXED
7936,CENTRAL,NYERI,MUKURWE-INI,QREE,8219115,WAMUTITU SECONDARY SCHOOL,C4,PUBLIC,NONE,DAY,MIXED
7937,CENTRAL,NYERI,MUKURWE-INI,2YRG,8219134,WERU INTERGARTED SE. SCHOOL,C4,PUBLIC,NONE,DAY,MIXED
8027,RIFT VALLEY,SAMBURU,SAMBURU CENTRAL,HTPF,22502204,A I C MOI GIRLS SAMBURU,C2,PUBLIC,NONE,BOARDING,GIRLS
8028,RIFT VALLEY,SAMBURU,SAMBURU CENTRAL,2WX5,22502222,BAAWA MIXED DAY SECONDARY SCHOOL,C4,PUBLIC,NONE,DAY,MIXED
8029,RIFT VALLEY,SAMBURU,SAMBURU CENTRAL,64NG,22502212,BARSALOI MIXED DAY,C4,PUBLIC,NONE,DAY,MIXED
8030,RIFT VALLEY,SAMBURU,SAMBURU CENTRAL,6ZV3,22502107,KIRIMON MIXED DAY SECONDARY SCHOOL,C4,PUBLIC,NONE,DAY,MIXED
8031,RIFT VALLEY,SAMBURU,SAMBURU CENTRAL,62VF,22502202,KIRISIA SECONDARY SCHOOL,C3,PUBLIC,NONE,DAY,MIXED
8032,RIFT VALLEY,SAMBURU,SAMBURU CENTRAL,3LC3,22500024,KISIMA GIRLS HIGH SCHOOL,C1,PUBLIC,NONE,BOARDING,GIRLS
8033,RIFT VALLEY,SAMBURU,SAMBURU CENTRAL,R7EX,22502104,KISIMA MIXED DAY SECONDARY SCHOOL,C4,PUBLIC,NONE,DAY,MIXED
8034,RIFT VALLEY,SAMBURU,SAMBURU CENTRAL,4QNH,22502210,LEDERO MIXED DAY SECONDARY SCHOOL,C4,PUBLIC,NONE,DAY,MIXED
8035,RIFT VALLEY,SAMBURU,SAMBURU CENTRAL,QMRQ,22502218,LODOKEJEK MIXED SECONDARY SCHOOL,C4,PUBLIC,NONE,DAY,MIXED
8036,RIFT VALLEY,SAMBURU,SAMBURU CENTRAL,5BBV,22502225,LOIKAS MIXED DAY SECONDARY SCHOOL,C4,PUBLIC,NONE,DAY,MIXED
8037,RIFT VALLEY,SAMBURU,SAMBURU CENTRAL,7LQV,22502217,LOLMOLOK MIXED SECONDARY SCHOOL,C4,PUBLIC,NONE,DAY,MIXED
8038,RIFT VALLEY,SAMBURU,SAMBURU CENTRAL,5MY9,22502103,LONGEWAN MIXED DAY SECONDARY SCHOOL,C4,PUBLIC,NONE,DAY,MIXED
8039,RIFT VALLEY,SAMBURU,SAMBURU CENTRAL,3J42,22502208,LOOSUK MIXED DAY SECONDARY SCHOOL,C4,PUBLIC,NONE,DAY,MIXED
8040,RIFT VALLEY,SAMBURU,SAMBURU CENTRAL,BL8V,22502209,LORROK MIXED DAY SECONDARY SCHOOL,C4,PUBLIC,NONE,DAY,MIXED
8041,RIFT VALLEY,SAMBURU,SAMBURU CENTRAL,3876,22502211,LPARTUK MIXED DAY SECONDARY SCHOOL,C4,PUBLIC,NONE,DAY,MIXED
8042,RIFT VALLEY,SAMBURU,SAMBURU CENTRAL,F7BV,22500112,MALASO MIXED DAY,C4,PUBLIC,NONE,DAY,MIXED
8043,RIFT VALLEY,SAMBURU,SAMBURU CENTRAL,SMKX,22502206,MARALAL DAY MIXED SECONDARY SCHOOL,C4,PUBLIC,NONE,DAY,MIXED
8044,RIFT VALLEY,SAMBURU,SAMBURU CENTRAL,5VVT,22500013,MARALAL HIGH SCHOOL,C1,PUBLIC,NONE,BOARDING,MIXED
8045,RIFT VALLEY,SAMBURU,SAMBURU CENTRAL,SCJD,22502221,MILIMANI MIXED SECONDARY SCHOOL,C4,PUBLIC,NONE,DAY,MIXED
8046,RIFT VALLEY,SAMBURU,SAMBURU CENTRAL,Y3UH,22502215,MORIJO MIXED DAY SECONDARY SCHOOL,C4,PUBLIC,NONE,DAY,MIXED
8047,RIFT VALLEY,SAMBURU,SAMBURU CENTRAL,5M8D,22502216,MWANGAZA MUSLIM MIXED DAY SECONDARY SCHOOL,C4,PUBLIC,NONE,DAY,MIXED
8048,RIFT VALLEY,SAMBURU,SAMBURU CENTRAL,P3XW,22502213,NGARI MIXED DAY SECONDARY SCHOOL,C4,PUBLIC,NONE,DAY,MIXED
8049,RIFT VALLEY,SAMBURU,SAMBURU CENTRAL,RKSQ,22506701,OPIROI MIXED DAY,C4,PUBLIC,NONE,DAY,MIXED
8050,RIFT VALLEY,SAMBURU,SAMBURU CENTRAL,RNBB,22502207,SAMBURU MIXED DAY SECONDARY SCHOOL,C3,PUBLIC,NONE,DAY,MIXED
8051,RIFT VALLEY,SAMBURU,SAMBURU CENTRAL,TJA2,22502214,SIRATA OIROBI MIXED DAY SECONDARY SCHOOL,C4,PUBLIC,NONE,DAY,MIXED
8052,RIFT VALLEY,SAMBURU,SAMBURU CENTRAL,84WZ,22502106,SUGUTA MAR-MAR MIXED DAY SECONDARY SCHOOL,C4,PUBLIC,NONE,DAY,MIXED
8155,NYANZA,SIAYA,RARIEDA,JF42,42721123,AGOK MIXED SECONDARY SCHOOL,C4,PUBLIC,NONE,DAY,MIXED
8156,NYANZA,SIAYA,RARIEDA,PQYU,42721101,CHIANDA HIGH SCHOOL,C2,PUBLIC,NONE,BOARDING,MIXED
8157,NYANZA,SIAYA,RARIEDA,4HRE,42721102,D.O. MAKASEMBO SECONDARY SCHOOOL,C3,PUBLIC,NONE,DAY,MIXED
8158,NYANZA,SIAYA,RARIEDA,H4F4,42721220,ENG. GUMBO RAMBIRA GIRLS' SECONDARY SCHOOL,C4,PUBLIC,NONE,BOARDING,GIRLS
8159,NYANZA,SIAYA,RARIEDA,XKXA,42721106,GAGRA MIXED SECONDARY SCHOOL,C4,PUBLIC,NONE,DAY,MIXED
8160,NYANZA,SIAYA,RARIEDA,M3KS,42721208,KITAMBO MIXED SECONDARY SCHOOL,C4,PUBLIC,NONE,DAY,MIXED
8161,NYANZA,SIAYA,RARIEDA,5LGG,42721214,KOKISE MIXED SECONDARY SCHOOL,C4,PUBLIC,NONE,DAY,MIXED
8162,NYANZA,SIAYA,RARIEDA,GL58,42721117,LIETA SECONDARY SCHOOL,C4,PUBLIC,NONE,DAY,MIXED
8163,NYANZA,SIAYA,RARIEDA,9EFK,42721209,MAHAYA MIXED DAY SECONDARY SCHOOL,C4,PUBLIC,NONE,DAY,MIXED
8164,NYANZA,SIAYA,RARIEDA,FLSZ,42721206,MAJANGO SECONDARY SCHOOL,C4,PUBLIC,NONE,DAY,MIXED
8165,NYANZA,SIAYA,RARIEDA,SLGH,42721113,MASALA MIXED SECONDARY SCHOOL,C4,PUBLIC,NONE,DAY,MIXED
8166,NYANZA,SIAYA,RARIEDA,2YC8,42721217,MEMBA MIXED SECONDARY SCHOOL,C4,PUBLIC,NONE,DAY,MIXED
8167,NYANZA,SIAYA,RARIEDA,YGFW,42721112,MIGOWA MIXED SECONDARY SCHOOL,C4,PUBLIC,NONE,DAY,MIXED
8168,NYANZA,SIAYA,RARIEDA,3CYL,42721111,MIRANDO ONGALO SECONDARY SCHOOL,C4,PUBLIC,NONE,DAY,MIXED
8169,NYANZA,SIAYA,RARIEDA,CVKW,42721109,NAYA SECONDARY SCHOOL,C4,PUBLIC,NONE,DAY,MIXED
8170,NYANZA,SIAYA,RARIEDA,C3ZA,42721105,NDIGWA SECONDARY SCHOOL,C3,PUBLIC,NONE,DAY,MIXED
8171,NYANZA,SIAYA,RARIEDA,AEEC,42721115,NYABERA MIXED SECONDARY SCHOOL,C4,PUBLIC,NONE,DAY,MIXED
8172,NYANZA,SIAYA,RARIEDA,TY75,42721203,NYAGOKO SECONDARY SCHOOL,C3,PUBLIC,NONE,DAY,MIXED
8173,NYANZA,SIAYA,RARIEDA,B62P,42721103,NYAKONGO GIRLS SECONDARY SCHOOL,C3,PUBLIC,NONE,BOARDING,GIRLS
8174,NYANZA,SIAYA,RARIEDA,ZYGH,42721107,NYAMASORE MIXED SECONDARY SCHOOL,C4,PUBLIC,NONE,DAY,MIXED
8175,NYANZA,SIAYA,RARIEDA,AWAS,42721216,NYAMOR SECONDARY SCHOOL,C4,PUBLIC,NONE,DAY,MIXED
8176,NYANZA,SIAYA,RARIEDA,ZKH5,42721108,OKELA MIXED SECONDARY SCHOOL,C4,PUBLIC,NONE,DAY,MIXED
8177,NYANZA,SIAYA,RARIEDA,M7P9,42721114,RACHAR SECONDARY SCHOOL,C4,PUBLIC,NONE,DAY,MIXED
8178,NYANZA,SIAYA,RARIEDA,PWBC,42721125,RAGENG'NI GIRLS HIGH SCHOOL,C4,PUBLIC,NONE,BOARDING,GIRLS
8179,NYANZA,SIAYA,RARIEDA,XU3Q,42721205,RALIEW SECONDARY SCHOOL,C3,PUBLIC,NONE,DAY,MIXED
8180,NYANZA,SIAYA,RARIEDA,GB9M,42721202,RAMBA SECONDARY SCHOOL,C1,PUBLIC,NONE,DAY,MIXED
8181,NYANZA,SIAYA,RARIEDA,6EYK,42721219,RAMBUGU MIXED SECONDARY SCHOOL,C4,PUBLIC,NONE,DAY,MIXED
8182,NYANZA,SIAYA,RARIEDA,LZF2,42721110,RAMOGI ACHIENG' ONEKO SECONDARY SCHOOL,C4,PUBLIC,NONE,DAY,MIXED
8183,NYANZA,SIAYA,RARIEDA,ABLW,42721210,RARIEDA MIXED SECONDARY SCHOOL,C4,PUBLIC,NONE,DAY,MIXED
8184,NYANZA,SIAYA,RARIEDA,QNSC,42721122,RUMA SECONDARY SCHOOL,C4,PUBLIC,NONE,DAY,MIXED
8185,NYANZA,SIAYA,RARIEDA,CBLE,42721207,SIGER SECONDARY SCHOOL,C4,PUBLIC,NONE,DAY,MIXED
8186,NYANZA,SIAYA,RARIEDA,UQW2,42721124,ST ANTONY PALA KOBONG SECONDARY SCHOOL,C4,PUBLIC,NONE,DAY,MIXED
8187,NYANZA,SIAYA,RARIEDA,E4NG,42721118,ST JOHANESS KAWUONDI SECONDARY SCHOOL,C4,PUBLIC,NONE,DAY,MIXED
8188,NYANZA,SIAYA,RARIEDA,T8BR,42721211,ST JOHN'S OBOCH MIXED SECONDARY SCHOOL,C4,PUBLIC,NONE,DAY,MIXED
8189,NYANZA,SIAYA,RARIEDA,5XGT,42721221,ST LUKE'S LUORO SECONDARY SCHOOL,C4,PUBLIC,NONE,DAY,MIXED
8190,NYANZA,SIAYA,RARIEDA,M3KC,42721223,ST MARKS NDWARA MIXED SECONDARY SCHOOL,C4,PUBLIC,NONE,DAY,MIXED
8191,NYANZA,SIAYA,RARIEDA,EARN,42721119,ST MARK'S WAYAGA SECONDARY SCHOOL,C4,PUBLIC,NONE,DAY,MIXED
8192,NYANZA,SIAYA,RARIEDA,XBRN,42721201,ST MARY'S LWAK GIRLS' SCHOOL,C1,PUBLIC,NONE,BOARDING,GIRLS
8193,NYANZA,SIAYA,RARIEDA,BY8G,42721218,ST MARY'S POWO MIXED SECONDARY SCHOOL,C4,PUBLIC,NONE,DAY,MIXED
8194,NYANZA,SIAYA,RARIEDA,5B8Q,42721204,ST MATHEWS KANDARIA SECONDARY SCHOOL,C4,PUBLIC,NONE,DAY,MIXED
8195,NYANZA,SIAYA,RARIEDA,RUXA,42721120,ST MATHEWS OCHIENG 'A SECONDARY SCHOOL,C4,PUBLIC,NONE,DAY,MIXED
8196,NYANZA,SIAYA,RARIEDA,HAJP,42721213,ST MATHEWS SARADIDI MIXED SECONDARY SCHOOL,C4,PUBLIC,NONE,DAY,MIXED
8197,NYANZA,SIAYA,RARIEDA,4WPK,42721222,ST NICHOLAS BOI MIXED SECONDARY SCHOOL,C4,PUBLIC,NONE,DAY,MIXED
8198,NYANZA,SIAYA,RARIEDA,YLSC,42721212,ST PHILIPS WERA MIXED SECONDARY SCHOOL,C4,PUBLIC,NONE,DAY,MIXED
8199,NYANZA,SIAYA,RARIEDA,LAUV,42721104,ST SYLVESTER'S GIRLS SECONDARY SCHOOL,C3,PUBLIC,NONE,BOARDING,GIRLS
8200,NYANZA,SIAYA,RARIEDA,ZHQA,42721116,TANGA SECONDARY SCHOOL,C4,PUBLIC,NONE,DAY,MIXED
8201,NYANZA,SIAYA,RARIEDA,ASRB,42721121,TUJU MIXED SECONDARY SCHOOL,C4,PUBLIC,NONE,DAY,MIXED
8202,NYANZA,SIAYA,RARIEDA,55T2,42721215,WANG'AROT MIXED SECONDARY SCHOOL,C4,PUBLIC,NONE,DAY,MIXED
8253,NYANZA,SIAYA,UGENYA,LR52,42725202,ANYIKO SECONDARY SCHOOL,C4,PUBLIC,NONE,DAY,MIXED
8254,NYANZA,SIAYA,UGENYA,ZT42,42725228,BAR ODAR SECONDARY SCHOOL,C4,PUBLIC,NONE,DAY,MIXED
8255,NYANZA,SIAYA,UGENYA,F8GA,42725209,GOT NANGA SECONDARY SCHOOL,C4,PUBLIC,NONE,DAY,MIXED
8256,NYANZA,SIAYA,UGENYA,6C6N,42725114,GOT ODIMA SECONDARY SCHOOL,C4,PUBLIC,NONE,DAY,MIXED
8257,NYANZA,SIAYA,UGENYA,TS8F,42725203,INUNGO SECONDARY SCHOOL,C4,PUBLIC,NONE,DAY,MIXED
8258,NYANZA,SIAYA,UGENYA,LUY3,42725201,JERA MIXED SECONDARY SCHOOL,C3,PUBLIC,NONE,DAY,MIXED
8259,NYANZA,SIAYA,UGENYA,ZGTJ,42725105,KAGONYA SECONDARY SCHOOL,C4,PUBLIC,NONE,DAY,MIXED
8260,NYANZA,SIAYA,UGENYA,QCFB,42725118,KOGERE SECONDARY SCHOOL,C4,PUBLIC,NONE,DAY,MIXED
8261,NYANZA,SIAYA,UGENYA,HN3M,42725111,LIFUNGA GIRLS SECONDARY SCHOOL,C4,PUBLIC,NONE,BOARDING,GIRLS
8262,NYANZA,SIAYA,UGENYA,YJVJ,42725106,MIYARE SECONDARY SCHOOL,C4,PUBLIC,NONE,DAY,MIXED
8263,NYANZA,SIAYA,UGENYA,4J7E,42725104,NDENGA SECONDARY SCHOOL,C3,PUBLIC,NONE,DAY,MIXED
8264,NYANZA,SIAYA,UGENYA,3FSL,42725208,RALAK GIRLS SECONDARY SCHOOL,C4,PUBLIC,NONE,BOARDING,GIRLS
8265,NYANZA,SIAYA,UGENYA,9VAZ,42725205,RAMUNDE MIXED SECONDARY SCHOOL,C4,PUBLIC,NONE,DAY,MIXED
8266,NYANZA,SIAYA,UGENYA,B884,42725102,SEGA GIRLS SECONDARY SCHOOL,C2,PUBLIC,NONE,BOARDING,GIRLS
8267,NYANZA,SIAYA,UGENYA,YUXC,42725107,SEGA TOWNSHIP MIXED DAY SECONDARY SCHOOL,C4,PUBLIC,NONE,DAY,MIXED
8268,NYANZA,SIAYA,UGENYA,ZV38,42725113,SIFUYO SECONDARY SCHOOL,C4,PUBLIC,NONE,DAY,MIXED
8269,NYANZA,SIAYA,UGENYA,4FYF,42725116,SIGWENG' KARUOTH SECONDARY SCHOOL,C4,PUBLIC,NONE,DAY,MIXED
8270,NYANZA,SIAYA,UGENYA,VEC6,42725204,SIHAY SECONDARY SCHOOL,C4,PUBLIC,NONE,DAY,MIXED
8271,NYANZA,SIAYA,UGENYA,XMB4,42725110,SIRANGA MIXED SECONDARY SCHOOL,C4,PUBLIC,NONE,DAY,MIXED
8272,NYANZA,SIAYA,UGENYA,T7SH,42725117,SIWAR SECONDARY SCHOOL,C4,PUBLIC,NONE,DAY,MIXED
8273,NYANZA,SIAYA,UGENYA,YQSP,42725207,ST. ANNE'S LUANDA SECONDARY SCHOOL,C4,PUBLIC,NONE,DAY,MIXED
8274,NYANZA,SIAYA,UGENYA,BKPA,42725206,ST. BENEDICTS KONYA SECONDARY SCHOOL,C4,PUBLIC,NONE,DAY,MIXED
8275,NYANZA,SIAYA,UGENYA,XP7R,42725109,ST. CHARLES HUMWEND SECONDARY SCHOOL,C4,PUBLIC,NONE,DAY,MIXED
8276,NYANZA,SIAYA,UGENYA,KZ57,42725213,ST. EDWARDS SECONDARY SCHOOL-MASAMRA,C4,PUBLIC,NONE,DAY,MIXED
8277,NYANZA,SIAYA,UGENYA,A8VV,42725101,ST. MARY'S UKWALA HIGH SCHOOL,C2,PUBLIC,NONE,BOARDING,MIXED
8278,NYANZA,SIAYA,UGENYA,L78S,42725112,ST. NICHOLAS HAFUMBRE SECONDARY SCHOOL,C4,PUBLIC,NONE,DAY,MIXED
8279,NYANZA,SIAYA,UGENYA,UZ8F,42725214,ST. PETER'S UGAMBE MIXED SECONDARY SCHOOL,C4,PUBLIC,NONE,DAY,MIXED
8280,NYANZA,SIAYA,UGENYA,QMSL,42725212,ST.JACOB'S MIXED SECONDARY SCHOOL - USINDA,C4,PUBLIC,NONE,DAY,MIXED
8281,NYANZA,SIAYA,UGENYA,7RMN,42725115,ST.JOSEPH UYUNDO SECONDARY SCHOOL,C4,PUBLIC,NONE,DAY,MIXED
8282,NYANZA,SIAYA,UGENYA,KHKV,42725108,ST.STEPHEN'S SIGINGA SECONDARY SCHOOL,C3,PUBLIC,NONE,DAY,MIXED
8283,NYANZA,SIAYA,UGENYA,3F3G,42725211,UDIRA SECONDARY SCHOOL,C4,PUBLIC,NONE,DAY,MIXED
8284,NYANZA,SIAYA,UGENYA,7SBE,42725210,UGENYA HIGH SCHOOL,C3,PUBLIC,NONE,BOARDING,MIXED
8285,NYANZA,SIAYA,UGENYA,QCMG,42725215,URIYA GIRLS SECONDAY SCHOOL,C4,PUBLIC,NONE,DAY,GIRLS
8286,NYANZA,SIAYA,UGENYA,A7LG,42725103,YENGA SECONDARY SCHOOL,C3,PUBLIC,NONE,DAY,MIXED
8287,NYANZA,SIAYA,UGUNJA,H5XZ,42738102,AMBIRA HIGH SCHOOL,C2,PUBLIC,NONE,BOARDING,MIXED
8288,NYANZA,SIAYA,UGUNJA,98TZ,42738126,DR.IDDA GIRLS SECONDARY SCHOOL,C4,PUBLIC,NONE,BOARDING,GIRLS
8289,NYANZA,SIAYA,UGUNJA,6KP4,42738106,GOT OSIMBO GIRLS SECONDARY SCHOOL,C3,PUBLIC,NONE,BOARDING,GIRLS
8290,NYANZA,SIAYA,UGUNJA,4MUX,42738118,HOLY TRINITY MAYINGO SECONDARY SCHOOL,C4,PUBLIC,NONE,DAY,MIXED
8291,NYANZA,SIAYA,UGUNJA,832Z,42738121,KONJRA MIXED SECONDARY SCHOOL,C4,PUBLIC,NONE,DAY,MIXED
8292,NYANZA,SIAYA,UGUNJA,XC22,42738110,MADUNGU SECONDARY SCHOOL,C4,PUBLIC,NONE,DAY,MIXED
8293,NYANZA,SIAYA,UGUNJA,YNH9,42738105,MOI SECONDARY SCHOOL ULOMA,C4,PUBLIC,NONE,DAY,MIXED
8294,NYANZA,SIAYA,UGUNJA,98T7,42738112,MUDHIERO MIXED SECONDARY SCHOOL,C4,PUBLIC,NONE,DAY,MIXED
8295,NYANZA,SIAYA,UGUNJA,HXW4,42738119,NGUNYA MIXED SECONDARY SCHOOL,C4,PUBLIC,NONE,DAY,MIXED
8296,NYANZA,SIAYA,UGUNJA,J7KY,42738113,NYASANDA COMMUNITY HIGH SCHOOL,C4,PUBLIC,NONE,BOARDING,MIXED
8297,NYANZA,SIAYA,UGUNJA,268X,42738103,RANG'ALA BOYS SECONDARY SCHOOL,C2,PUBLIC,NONE,BOARDING,BOYS
8298,NYANZA,SIAYA,UGUNJA,93L5,42738108,SIDINDI SECONDARY SCHOOL,C4,PUBLIC,NONE,DAY,MIXED
8299,NYANZA,SIAYA,UGUNJA,RSF2,42738104,SIGOMRE SECONDARY SCHOOL,C4,PUBLIC,NONE,DAY,MIXED
8300,NYANZA,SIAYA,UGUNJA,2H6N,42738107,SIMENYA SECONDARY SCHOOL,C4,PUBLIC,NONE,DAY,MIXED
8301,NYANZA,SIAYA,UGUNJA,K5QC,42738125,SIMERRO MIXED SECONDARY SCHOOL,C4,PUBLIC,NONE,DAY,MIXED
8302,NYANZA,SIAYA,UGUNJA,J4ZS,42738120,ST PETERS BAR ATHENG MIXED SECONDARY SCHOOL,C4,PUBLIC,NONE,DAY,MIXED
8303,NYANZA,SIAYA,UGUNJA,A8EV,42738116,ST. ANTONY ULUTHE SECONDARY SCHOOL,C4,PUBLIC,NONE,DAY,MIXED
8304,NYANZA,SIAYA,UGUNJA,MQL5,42738117,ST. AUGUSTINE'S OGEDA MIXED SECONDARY SCHOOL,C4,PUBLIC,NONE,DAY,MIXED
8305,NYANZA,SIAYA,UGUNJA,9WL7,42738101,ST. FRANCIS RANG'ALA GIRLS SECONDARY SCHOOL,C1,PUBLIC,NONE,BOARDING,GIRLS
8306,NYANZA,SIAYA,UGUNJA,55SW,42738111,ST. PETER'S RAMBULA MIXED SECONDARY SCHOOL,C3,PUBLIC,NONE,DAY,MIXED
8307,NYANZA,SIAYA,UGUNJA,TPCB,42738124,ST. PETER'S UKALAMA SECONDARY SCHOOL,C4,PUBLIC,NONE,DAY,MIXED
8308,NYANZA,SIAYA,UGUNJA,L6F8,42738122,ST.ALLOICE MBOSIE MIXED SECONDARY SCHOOL,C4,PUBLIC,NONE,DAY,MIXED
8309,NYANZA,SIAYA,UGUNJA,3D8X,42738114,TINGARE MIXED SECONDARY SCHOOL,C4,PUBLIC,NONE,DAY,MIXED
8310,NYANZA,SIAYA,UGUNJA,WQ8D,42738123,ULWANI SECONDARY SCHOOL,C4,PUBLIC,NONE,DAY,MIXED
8311,NYANZA,SIAYA,UGUNJA,HPUC,42738109,UMINA MIXED SECONDARY SCHOOL,C4,PUBLIC,NONE,DAY,MIXED
8324,COAST,TAITA,TAVETA MWATATE,SPRV,1100004,BURA GIRLS,C1,PUBLIC,NONE,BOARDING,GIRLS
8325,COAST,TAITA,TAVETA MWATATE,Q8XE,1114108,CHAWIA HIGH SCHOOL,C4,PUBLIC,NONE,BOARDING,MIXED
8326,COAST,TAITA,TAVETA MWATATE,9P2J,1114113,DAVID KITAWI SECONDARY SCHOOL,C4,PUBLIC,NONE,DAY,MIXED
8327,COAST,TAITA,TAVETA MWATATE,RCTK,1114114,ELIJAH MZAE HIGH SCHOOL,C4,PUBLIC,NONE,BOARDING,MIXED
8328,COAST,TAITA,TAVETA MWATATE,L6WF,1100003,KENYATTA HIGH MWATATE,C1,PUBLIC,NONE,DAY,MIXED
8329,COAST,TAITA,TAVETA MWATATE,5CGR,1114211,KITUMA SECONDARY SCHOOL,C2,PUBLIC,NONE,DAY,MIXED
8330,COAST,TAITA,TAVETA MWATATE,HTR3,1114209,KOMBOLIO SECONDARY SCHOOL,C4,PUBLIC,NONE,DAY,MIXED
8331,COAST,TAITA,TAVETA MWATATE,VK84,1114212,MANOA SECONDARY SCHOOL,C4,PUBLIC,NONE,DAY,MIXED
8332,COAST,TAITA,TAVETA MWATATE,NWLJ,1114206,MLAMBA SECONDARY SCHOOL,C4,PUBLIC,NONE,DAY,MIXED
8333,COAST,TAITA,TAVETA MWATATE,P6KM,1114307,MRABENYI SECONDARY SCHOOL,C4,PUBLIC,NONE,DAY,MIXED
8334,COAST,TAITA,TAVETA MWATATE,CFN4,1114303,MSHIMBA SECONDARY SCHOOL,C4,PUBLIC,NONE,DAY,MIXED
8335,COAST,TAITA,TAVETA MWATATE,6Y4B,1114304,MUNDA SECONDARY SCHOOL,C4,PUBLIC,NONE,DAY,MIXED
8336,COAST,TAITA,TAVETA MWATATE,YY48,1114102,MURRAY GIRLS' HIGH SCHOOL,C2,PUBLIC,NONE,BOARDING,GIRLS
8337,COAST,TAITA,TAVETA MWATATE,4LTR,1114107,MWAFUGA SECONDARY SCHOOL,C4,PUBLIC,NONE,DAY,MIXED
8338,COAST,TAITA,TAVETA MWATATE,56QG,1114204,MWAKITAU SECONDARY SCHOOL,C4,PUBLIC,NONE,DAY,MIXED
8339,COAST,TAITA,TAVETA MWATATE,92EW,1114104,MWAMBONU SECONDARY SCHOOL,C4,PUBLIC,NONE,DAY,MIXED
8340,COAST,TAITA,TAVETA MWATATE,HVRD,1114103,MWANDANGO SECONDARY SCHOOL,C4,PUBLIC,NONE,DAY,MIXED
8341,COAST,TAITA,TAVETA MWATATE,4HUM,1114306,MWANGA SECONDARY SCHOOL,C4,PUBLIC,NONE,DAY,MIXED
8342,COAST,TAITA,TAVETA MWATATE,T797,1114210,MWANGOJI SECONDARY SCHOOL,C4,PUBLIC,NONE,DAY,MIXED
8343,COAST,TAITA,TAVETA MWATATE,JUA6,1114302,MWANYAMBO SECONDARY SCHOOL,C4,PUBLIC,NONE,DAY,MIXED
8344,COAST,TAITA,TAVETA MWATATE,96SJ,1114301,MWASERE GIRLS' SECONDARY SCHOOL,C2,PUBLIC,NONE,BOARDING,GIRLS
8345,COAST,TAITA,TAVETA MWATATE,RKZ3,1114111,MWATATE SECONDARY SCHOOL,C4,PUBLIC,NONE,DAY,MIXED
8346,COAST,TAITA,TAVETA MWATATE,4VEK,1114112,MZWANENYI SECONDARY SCHOOL,C4,PUBLIC,NONE,DAY,MIXED
8347,COAST,TAITA,TAVETA MWATATE,G5EB,1114202,NGAMI SECONDARY SCHOOL,C4,PUBLIC,NONE,DAY,MIXED
8348,COAST,TAITA,TAVETA MWATATE,CN9B,1114213,NGANGU SECONDARY SCHOOL,C4,PUBLIC,NONE,DAY,MIXED
8349,COAST,TAITA,TAVETA MWATATE,2RMA,1114208,ST. JOHNS' MWEMA SECONDARY SCHOOL,C4,PUBLIC,NONE,DAY,MIXED
8350,COAST,TAITA,TAVETA MWATATE,8R8G,1114109,ST.JOSEPH'S SECONDARY SCHOOL,C4,PUBLIC,NONE,DAY,MIXED
8351,COAST,TAITA,TAVETA MWATATE,6GFW,1114214,ZARE SECONDARY SCHOOL,C4,PUBLIC,NONE,DAY,MIXED
8373,COAST,TAITA,TAVETA TAVETA,9HR8,1113104,BISHOP JOHN NJENGA SECONDARY SCHOOL,C2,PUBLIC,NONE,DAY,MIXED
8374,COAST,TAITA,TAVETA TAVETA,BKSQ,1113103,CHALA SECONDARY SCHOOL,C4,PUBLIC,NONE,DAY,MIXED
8375,COAST,TAITA,TAVETA TAVETA,XNUD,1113101,ELDORO GIRLS HIGH SCHOOL,C2,PUBLIC,NONE,BOARDING,GIRLS
8376,COAST,TAITA,TAVETA TAVETA,AC7T,1113107,KITOBO SECONDARY SCHOOL,C4,PUBLIC,NONE,DAY,MIXED
8377,COAST,TAITA,TAVETA TAVETA,D88M,1113116,KIWALWA MIXED SECONDARY SCHOOL,C4,PUBLIC,NONE,DAY,MIXED
8378,COAST,TAITA,TAVETA TAVETA,9SF4,1113108,LUMI SECONDARY SCHOOL,C4,PUBLIC,NONE,DAY,MIXED
8379,COAST,TAITA,TAVETA TAVETA,FDPA,1113111,MAHANDAKINI SECONDARY SCHOOL,C4,PUBLIC,NONE,DAY,MIXED
8380,COAST,TAITA,TAVETA TAVETA,FR7V,1113105,MAHOO GIRLS' SECONDARY SCHOOL,C2,PUBLIC,NONE,BOARDING,GIRLS
8381,COAST,TAITA,TAVETA TAVETA,EJAQ,1113114,MALUKILORITI MIXED SECONDARY SCHOOL,C4,PUBLIC,NONE,DAY,MIXED
8382,COAST,TAITA,TAVETA TAVETA,Q7RA,1113106,MATA SECONDARY SCHOOL,C4,PUBLIC,NONE,DAY,MIXED
8383,COAST,TAITA,TAVETA TAVETA,4XGV,1113109,NGUTINI SECONDARY SCHOOL,C4,PUBLIC,NONE,DAY,MIXED
8384,COAST,TAITA,TAVETA TAVETA,5VSE,1113110,NJORO MIXED DAY SECONDARY SCHOOL,C4,PUBLIC,NONE,DAY,MIXED
8385,COAST,TAITA,TAVETA TAVETA,E9DH,1113113,NJUKINI MIXED SECONDARY SCHOOL,C4,PUBLIC,NONE,DAY,MIXED
8386,COAST,TAITA,TAVETA TAVETA,4PQK,1113112,SOWENE MIXED SECONDARY SCHOOL,C4,PUBLIC,NONE,DAY,MIXED
8387,COAST,TAITA,TAVETA TAVETA,7MKS,1113102,TIMBILA SECONDARY SCHOOL,C2,PUBLIC,NONE,DAY,MIXED
8863,RIFT VALLEY,TURKANA,KIBISH,VXC2,21507001,KAIKOR BOYS SEC SCH,C4,PUBLIC,NONE,BOARDING,BOYS
8871,RIFT VALLEY,TURKANA,LOKICHOGGIO,NZNJ,21549203,LOKICHOGGIO MIXED SECONDARY SCHOOL,C4,PUBLIC,NONE,DAY,MIXED
8872,RIFT VALLEY,TURKANA,LOKICHOGGIO,JVCH,21588202,MOGILA GIRLS SECONDARY,C3,PUBLIC,NONE,BOARDING,GIRLS
8873,RIFT VALLEY,TURKANA,LOKICHOGGIO,8E7C,21588201,SONG'OT BOYS SECONDARY SCHOOL,C3,PUBLIC,NONE,BOARDING,BOYS
8874,RIFT VALLEY,TURKANA,LOKIRIAMA,BRHK,21550103,LOIMA BOYS SECONDARY SCHOOL,C3,PUBLIC,NONE,BOARDING,BOYS
8875,RIFT VALLEY,TURKANA,LOKIRIAMA,R8FG,21550110,LORENGIPPI SECONDARY SCHOOL,C4,PUBLIC,NONE,DAY,MIXED
8876,RIFT VALLEY,TURKANA,SUGUTA,VTSB,21591201,KAPEDO MIXED SECONDARY SCHOOL,C3,PUBLIC,NONE,DAY,MIXED
8877,RIFT VALLEY,TURKANA,TURKANA CENTRAL,2Y3V,21501301,ELIYE BOYS SECONDARY SCHOOL,C3,PUBLIC,NONE,BOARDING,BOYS
8878,RIFT VALLEY,TURKANA,TURKANA CENTRAL,CXXC,21501202,KALOKOL MIXED DAY SECONDARY SCHOOL,C4,PUBLIC,NONE,DAY,MIXED
8879,RIFT VALLEY,TURKANA,TURKANA CENTRAL,479Z,21501115,KANAMKEMER MIXED DAY SECONDARY SCHOOL,C4,PUBLIC,NONE,DAY,MIXED
8880,RIFT VALLEY,TURKANA,TURKANA CENTRAL,XSKX,21501501,KERIO BOYS SECONDARY SCHOOL,C3,PUBLIC,NONE,BOARDING,BOYS
8881,RIFT VALLEY,TURKANA,TURKANA CENTRAL,9GYY,21500012,LODWAR BOYS HIGH SCHOOL,C1,PUBLIC,NONE,BOARDING,BOYS
8882,RIFT VALLEY,TURKANA,TURKANA CENTRAL,NKJ4,21501106,LODWAR GIRLS SECONDARY SCHOOL,C3,PUBLIC,NONE,BOARDING,GIRLS
8883,RIFT VALLEY,TURKANA,TURKANA CENTRAL,V5DP,21501112,LOTUREREI MIXED SECONDARY SCHOOL,C4,PUBLIC,NONE,DAY,MIXED
8884,RIFT VALLEY,TURKANA,TURKANA CENTRAL,CH8V,21501111,LOYO SECONDARY SCHOOL,C4,PUBLIC,NONE,DAY,MIXED
8885,RIFT VALLEY,TURKANA,TURKANA CENTRAL,XHZ2,21501201,MOI HIGH SCHOOL KALOKOL,C3,PUBLIC,NONE,BOARDING,MIXED
8886,RIFT VALLEY,TURKANA,TURKANA CENTRAL,R7RT,21501401,NAKURIO GIRLS SECONDARY SCHOOL,C3,PUBLIC,NONE,BOARDING,GIRLS
8887,RIFT VALLEY,TURKANA,TURKANA CENTRAL,HJA7,21501114,NAPETET MIXED DAY SECONDARY SCHOOL,C4,PUBLIC,NONE,DAY,MIXED
8888,RIFT VALLEY,TURKANA,TURKANA CENTRAL,789S,21501105,PAG LODWAR SECONDARY SCHOOL,C4,PUBLIC,NONE,DAY,MIXED
8889,RIFT VALLEY,TURKANA,TURKANA CENTRAL,FANL,21501104,S.A NAWOITORONG MIXED SECONDARY SCHOOL,C4,PUBLIC,NONE,DAY,MIXED
8890,RIFT VALLEY,TURKANA,TURKANA CENTRAL,U567,21501102,ST KEVIN SECONDARY SCHOOL,C4,PUBLIC,NONE,DAY,MIXED
8891,RIFT VALLEY,TURKANA,TURKANA CENTRAL,89S2,21501109,TURKANA TALENT HIGH SCHOOL,C4,PUBLIC,NONE,BOARDING,MIXED
9122,WESTERN,VIHIGA,EMUHAYA,6N7C,38618101,BUNYORE SECONDARY SCHOOL,C4,PUBLIC,NONE,DAY,MIXED
9123,WESTERN,VIHIGA,EMUHAYA,E2TC,38618210,EBUKANGA SECONDARY SCHOOL,C4,PUBLIC,NONE,DAY,MIXED
9124,WESTERN,VIHIGA,EMUHAYA,NCF3,38618110,EBUKHAYA SECONDARY SCHOOL,C4,PUBLIC,NONE,DAY,MIXED
9125,WESTERN,VIHIGA,EMUHAYA,FU9M,38618218,EBUKOOLO SECONDARY SCHOOL,C4,PUBLIC,NONE,DAY,MIXED
9126,WESTERN,VIHIGA,EMUHAYA,FWK5,38618102,EBUNANGWE SECONDARY SCHOOL,C3,PUBLIC,NONE,DAY,MIXED
9127,WESTERN,VIHIGA,EMUHAYA,N3UE,38618104,EBUSILOLI SECONDARY SCHOOL,C4,PUBLIC,NONE,DAY,MIXED
9128,WESTERN,VIHIGA,EMUHAYA,F64Z,38618105,EBUSIRATSI SECONDARY SCHOOL,C3,PUBLIC,NONE,DAY,MIXED
9129,WESTERN,VIHIGA,EMUHAYA,AVBF,38618203,EBUYALU SECONDARY SCHOOL,C4,PUBLIC,NONE,DAY,MIXED
9130,WESTERN,VIHIGA,EMUHAYA,XMPL,38618208,EMANYINYA SECONDARY SCHOOL,C4,PUBLIC,NONE,DAY,MIXED
9131,WESTERN,VIHIGA,EMUHAYA,H2NA,38618114,EMATSULI SECONDARY SCHOOL,C4,PUBLIC,NONE,DAY,MIXED
9132,WESTERN,VIHIGA,EMUHAYA,VJEQ,38618117,EMMUKUNZI SECONDARY SCHOOL,C4,PUBLIC,NONE,DAY,MIXED
9133,WESTERN,VIHIGA,EMUHAYA,4GUY,38618201,EMUSIRE HIGH SCHOOL,C2,PUBLIC,NONE,BOARDING,MIXED
9134,WESTERN,VIHIGA,EMUHAYA,8PEA,38618205,ESALWA SECONDARY SCHOOL,C3,PUBLIC,NONE,DAY,MIXED
9135,WESTERN,VIHIGA,EMUHAYA,C97G,38618103,ESIBAKALA SECONDARY SCHOOL,C4,PUBLIC,NONE,DAY,MIXED
9136,WESTERN,VIHIGA,EMUHAYA,QUH7,38618211,ESIBILA SECONDARY SCHOOL,C4,PUBLIC,NONE,DAY,MIXED
9137,WESTERN,VIHIGA,EMUHAYA,YNPQ,38618223,ESIRULO SECONDARY SCHOOL,C4,PUBLIC,NONE,DAY,MIXED
9138,WESTERN,VIHIGA,EMUHAYA,29MA,38618206,ES'SABA SECONDARY SCHOOL,C4,PUBLIC,NONE,DAY,MIXED
9139,WESTERN,VIHIGA,EMUHAYA,49YM,38618222,ESSUNZA SECONDARY SCHOOL,C4,PUBLIC,NONE,DAY,MIXED
9140,WESTERN,VIHIGA,EMUHAYA,8FVY,38618109,KILINGILI SECONDARY SCHOOL,C3,PUBLIC,NONE,DAY,MIXED
9141,WESTERN,VIHIGA,EMUHAYA,GPM3,38618220,MUNGOYE SECONDARY SCHOOL,C4,PUBLIC,NONE,DAY,MIXED
9142,WESTERN,VIHIGA,EMUHAYA,39PV,38618112,MWITUHA SECONDARY SCHOOL,C4,PUBLIC,NONE,DAY,MIXED
9143,WESTERN,VIHIGA,EMUHAYA,ULR7,38618216,ST. PETER'S ITUMBU SECONDARY SCHOOL,C4,PUBLIC,NONE,DAY,MIXED
9144,WESTERN,VIHIGA,HAMISI,SQAR,38619111,94GISAMBAI SECONDARY,C4,PUBLIC,NONE,DAY,MIXED
9145,WESTERN,VIHIGA,HAMISI,EDKH,38619131,BISHOP SULUMETI GIRLS SECONDARY SCHOOL,C4,PUBLIC,NONE,BOARDING,GIRLS
9146,WESTERN,VIHIGA,HAMISI,8GUV,38619215,BUMIRA SECONDARY SCHOOL,C4,PUBLIC,NONE,DAY,MIXED
9147,WESTERN,VIHIGA,HAMISI,WQTF,38619214,CHEBUNAYWA S A SECONDARY SCHOOL,C4,PUBLIC,NONE,DAY,MIXED
9148,WESTERN,VIHIGA,HAMISI,MVDW,38619213,CHEPTECH SECONDARY SCHOOL,C4,PUBLIC,NONE,DAY,MIXED
9149,WESTERN,VIHIGA,HAMISI,3URU,38619105,DR MAURICE DANG'ANA SECONDARY SCHOOL,C4,PUBLIC,NONE,DAY,MIXED
9150,WESTERN,VIHIGA,HAMISI,WVAK,38619129,DR. GIMOSE SECONDARY SCHOOL - JEVIRIRI,C4,PUBLIC,NONE,DAY,MIXED
9151,WESTERN,VIHIGA,HAMISI,9LVZ,38619119,F S GEORGE KHANIRI JEPKOYAI SECONDARY SCHOOL,C4,PUBLIC,NONE,DAY,MIXED
9152,WESTERN,VIHIGA,HAMISI,Z6F7,38619122,FRIENDS GAMOI SECONDARY SCHOOL,C4,PUBLIC,NONE,DAY,MIXED
9153,WESTERN,VIHIGA,HAMISI,S88V,38619218,FRIENDS KISASI SECONDARY SCHOOL,C4,PUBLIC,NONE,DAY,MIXED
9154,WESTERN,VIHIGA,HAMISI,G436,38619123,FRIENDS MUSIRI SECONDARY,C4,PUBLIC,NONE,DAY,MIXED
9155,WESTERN,VIHIGA,HAMISI,Q4N5,38619203,FRIENDS SCHOOL KAIMOSI BOYS SECONDARY,C2,PUBLIC,NONE,BOARDING,BOYS
9156,WESTERN,VIHIGA,HAMISI,S2US,38619212,FRIENDS SCHOOL KAIMOSI DEMONSTRATION SECONDARY,C3,PUBLIC,NONE,DAY,MIXED
9157,WESTERN,VIHIGA,HAMISI,L8RZ,38619201,FRIENDS SCHOOL KAIMOSI GIRLS,C2,PUBLIC,NONE,BOARDING,GIRLS
9158,WESTERN,VIHIGA,HAMISI,FTWS,38619205,FRIENDS SECONDARY SCH00L- MUHUDU,C3,PUBLIC,NONE,DAY,MIXED
9159,WESTERN,VIHIGA,HAMISI,NWHM,38619219,FRIENDS SECONDARY SCHOOL - BUMUYANGE,C4,PUBLIC,NONE,DAY,MIXED
9160,WESTERN,VIHIGA,HAMISI,YMC2,38619221,FRIENDS SECONDARY SCHOOL - MUYERE,C4,PUBLIC,NONE,DAY,MIXED
9161,WESTERN,VIHIGA,HAMISI,XTW9,38619130,FRIENDS SECONDARY SCHOOL GIDAGADI,C4,PUBLIC,NONE,DAY,MIXED
9162,WESTERN,VIHIGA,HAMISI,6FBX,38619210,FRIENDS SECONDARY SCHOOL SHAMAKHOKHO,C4,PUBLIC,NONE,DAY,MIXED
9163,WESTERN,VIHIGA,HAMISI,Q6UC,38619116,GAMALENGA SECONDARY SCHOOL,C4,PUBLIC,NONE,DAY,MIXED
9164,WESTERN,VIHIGA,HAMISI,UJC2,38619112,GAVUDUNYI SECONDARY SCHOOL,C4,PUBLIC,NONE,DAY,MIXED
9165,WESTERN,VIHIGA,HAMISI,SVEE,38619211,GEORGE KHANIRI SECONDARY SCHOOL - KAPTISI,C4,PUBLIC,NONE,DAY,MIXED
9166,WESTERN,VIHIGA,HAMISI,C2NZ,38619117,GIMARIANI MIXED SECONDARY SCHOOL,C4,PUBLIC,NONE,DAY,MIXED
9167,WESTERN,VIHIGA,HAMISI,YSER,38619114,GIMENGWA SECONDARY SCHOOL,C4,PUBLIC,NONE,DAY,MIXED
9168,WESTERN,VIHIGA,HAMISI,2TJH,38619107,GIVOLE SECONDARY SCHOOL,C4,PUBLIC,NONE,DAY,MIXED
9169,WESTERN,VIHIGA,HAMISI,BW8Z,38619101,GOIBEI GIRLS HIGH SCHOOL,C2,PUBLIC,NONE,BOARDING,GIRLS
9170,WESTERN,VIHIGA,HAMISI,E7SS,38619207,IMUSUTSU MIXED SECONDARY SCHOOL,C3,PUBLIC,NONE,DAY,MIXED
9171,WESTERN,VIHIGA,HAMISI,WGLJ,38619209,ISHIRU SECONDARY SCHOOL,C4,PUBLIC,NONE,DAY,MIXED
9172,WESTERN,VIHIGA,HAMISI,JRLW,38619113,IVOLA SECONDARY SCHOOL,C4,PUBLIC,NONE,DAY,MIXED
9173,WESTERN,VIHIGA,HAMISI,V5C3,38619115,KAPCHEMUGUNG SECONDARY SCHOOL,C4,PUBLIC,NONE,DAY,MIXED
9174,WESTERN,VIHIGA,HAMISI,2VQD,38619108,KAPSOTIK SECONDARY SCHOOL,C4,PUBLIC,NONE,DAY,MIXED
9175,WESTERN,VIHIGA,HAMISI,N7SJ,38619206,KAPTIK SECONDARY SCHOOL,C4,PUBLIC,NONE,DAY,MIXED
9176,WESTERN,VIHIGA,HAMISI,DWML,38619126,KINU FRIENDS SECONDARY SCHOOL,C4,PUBLIC,NONE,DAY,MIXED
9177,WESTERN,VIHIGA,HAMISI,4NJW,38619124,KITAGWA MIXED SECONDARY SCHOOL,C4,PUBLIC,NONE,DAY,MIXED
9178,WESTERN,VIHIGA,HAMISI,F6HE,38619121,LWOMBEI SECONDARY SCHOOL,C4,PUBLIC,NONE,DAY,MIXED
9179,WESTERN,VIHIGA,HAMISI,5E2Y,38619208,MAKUCHI SECONDARY SCHOOL,C4,PUBLIC,NONE,DAY,MIXED
9180,WESTERN,VIHIGA,HAMISI,6EQA,38619128,MALINDA SECONDARY SCHOOL,C4,PUBLIC,NONE,DAY,MIXED
9181,WESTERN,VIHIGA,HAMISI,4GE7,38619118,MUHAYA SECONDARY SCHOOL,C4,PUBLIC,NONE,DAY,MIXED
9182,WESTERN,VIHIGA,HAMISI,6KJN,38619109,MUNZATSI SECONDARY SCHOOL,C3,PUBLIC,NONE,DAY,MIXED
9183,WESTERN,VIHIGA,HAMISI,29JT,38619110,MUSEYWA SECONDARY SCHOOL,C4,PUBLIC,NONE,DAY,MIXED
9184,WESTERN,VIHIGA,HAMISI,HYCG,38619102,NYANG'ORI BOYS HIGH SCHOOL,C1,PUBLIC,NONE,BOARDING,BOYS
9185,WESTERN,VIHIGA,HAMISI,Z3CC,38619220,PAG KAMULUGUYWA SECONDARY SCHOOL,C4,PUBLIC,NONE,DAY,MIXED
9186,WESTERN,VIHIGA,HAMISI,RDVH,38619217,SAMSON M'MAITSI SECONDARY SCHOOL MUNGAVO,C4,PUBLIC,NONE,DAY,MIXED
9187,WESTERN,VIHIGA,HAMISI,4EWN,38619202,SENENDE BOYS' HIGH SCHOOL,C2,PUBLIC,NONE,BOARDING,BOYS
9188,WESTERN,VIHIGA,HAMISI,HG6B,38619120,SIMBI SECONDARY SCHOOL,C4,PUBLIC,NONE,DAY,MIXED
9189,WESTERN,VIHIGA,HAMISI,RRSW,38619104,ST. ANNE´S BUYANGU GIRLS´ SCHOOL,C3,PUBLIC,NONE,BOARDING,GIRLS
9190,WESTERN,VIHIGA,HAMISI,2YMW,38619204,ST. PAULS ERUSUI GIRLS HIGH SCHOOL,C2,PUBLIC,NONE,BOARDING,GIRLS
9191,WESTERN,VIHIGA,HAMISI,HL4E,38619216,ST. PETER'S ERUSUI MIXED SECONDARY SCHOOL,C4,PUBLIC,NONE,DAY,MIXED
9192,WESTERN,VIHIGA,HAMISI,6YG4,38619127,ST. STEPHEN'S SECONDARY SCHOOL- CHEPSAGA,C4,PUBLIC,NONE,DAY,MIXED
9193,WESTERN,VIHIGA,HAMISI,V8H3,38619125,ST. VERONICA KIMARAN GIRLS SECONDARY,C4,PUBLIC,NONE,BOARDING,GIRLS
9194,WESTERN,VIHIGA,HAMISI,DLT5,38619106,STANLEY GODIA SECONDARY SCHOOL-GIVOGI,C4,PUBLIC,NONE,DAY,MIXED
9195,WESTERN,VIHIGA,HAMISI,YEQR,38619103,TIGOI GIRLS SECONDARY SCHOOL,C2,PUBLIC,NONE,BOARDING,GIRLS
9196,WESTERN,VIHIGA,LUANDA,A3ZW,38600003,BUNYORE GIRLS,C1,PUBLIC,NONE,BOARDING,GIRLS
9197,WESTERN,VIHIGA,LUANDA,ZS9D,38633202,EBUBAYI SECONDARY SCHOOL,C2,PUBLIC,NONE,DAY,MIXED
9198,WESTERN,VIHIGA,LUANDA,KMX7,38633207,EBULONGA SECONDARY SCHOOL,C4,PUBLIC,NONE,DAY,MIXED
9199,WESTERN,VIHIGA,LUANDA,UH58,38633210,EBUSAKAMI GIRLS SECONDARY SCHOOL,C2,PUBLIC,NONE,BOARDING,GIRLS
9200,WESTERN,VIHIGA,LUANDA,29RE,38633219,EBUSSAMBA SECONDARY SCHOOL,C4,PUBLIC,NONE,DAY,MIXED
9201,WESTERN,VIHIGA,LUANDA,SQU4,38633212,EBUSYUBI SECONDARY SCHOOL,C4,PUBLIC,NONE,DAY,MIXED
9202,WESTERN,VIHIGA,LUANDA,UDCC,38633203,EBWALI SECONDARY SCHOOL,C4,PUBLIC,NONE,DAY,MIXED
9203,WESTERN,VIHIGA,LUANDA,RTPG,38633217,EBWIRANYI SECONDARY SCHOOL,C4,PUBLIC,NONE,DAY,MIXED
9204,WESTERN,VIHIGA,LUANDA,ALU5,38633218,EKAMANJI SECONDARY SCHOOL,C4,PUBLIC,NONE,DAY,MIXED
9205,WESTERN,VIHIGA,LUANDA,95KX,38633211,EKWANDA SECONDARY SCHOOL,C3,PUBLIC,NONE,DAY,MIXED
9206,WESTERN,VIHIGA,LUANDA,S9LC,38633208,EMMATSI SECONDARY SCHOOL,C4,PUBLIC,NONE,DAY,MIXED
9207,WESTERN,VIHIGA,LUANDA,RJ5V,38633215,ESIANDUMBA SECONDARY SCHOOL,C4,PUBLIC,NONE,DAY,MIXED
9208,WESTERN,VIHIGA,LUANDA,Q8W2,38633224,ESIBEYE GIRLS SECONDARY SCHOOL,C4,PUBLIC,NONE,BOARDING,GIRLS
9209,WESTERN,VIHIGA,LUANDA,CZSW,38633214,ESIBEYE SECONDARY SCHOOL,C4,PUBLIC,NONE,DAY,MIXED
9210,WESTERN,VIHIGA,LUANDA,92PM,38633206,ESSONG'OLO SECONDARY SCHOOL,C4,PUBLIC,NONE,DAY,MIXED
9211,WESTERN,VIHIGA,LUANDA,2THR,38633209,HOBUNAKA GIRLS SECONDARY SCHOOL,C4,PUBLIC,NONE,BOARDING,GIRLS
9212,WESTERN,VIHIGA,LUANDA,T2GS,38633204,HOBUNAKA SECONDARY SCHOOL,C2,PUBLIC,NONE,DAY,MIXED
9213,WESTERN,VIHIGA,LUANDA,752T,38633205,IBUBI GIRLS SECONDARY SCHOOL,C2,PUBLIC,NONE,BOARDING,GIRLS
9214,WESTERN,VIHIGA,LUANDA,4DQ8,38633223,KAYILA MIXED SECONDARY SCHOOL,C4,PUBLIC,NONE,DAY,MIXED
9215,WESTERN,VIHIGA,LUANDA,BLR9,38633216,KHWILIBA SECONDARY SCHOOL,C4,PUBLIC,NONE,DAY,MIXED
9216,WESTERN,VIHIGA,LUANDA,YZM6,38633222,MULWAKHI SECONDARY SCHOOL,C4,PUBLIC,NONE,DAY,MIXED
9217,WESTERN,VIHIGA,LUANDA,WSYT,38633213,MUMBOHA SECONDARY SCHOOL,C4,PUBLIC,NONE,DAY,MIXED
9218,WESTERN,VIHIGA,LUANDA,EYUH,38633221,ST. CLARE EBUKUYA SECONDARY SCHOOL FOR HEARING IMP,C1,PUBLIC,NONE,DAY,MIXED
9219,WESTERN,VIHIGA,SABATIA,LPYU,38622216,A.C.K HOMBALA SECONDARY SCHOOL,C4,PUBLIC,NONE,DAY,MIXED
9220,WESTERN,VIHIGA,SABATIA,67NP,38622217,BO YUSUF SECONDARY SCHOOL,C4,PUBLIC,NONE,DAY,MIXED
9221,WESTERN,VIHIGA,SABATIA,Y4FS,38622119,BUDAYWA FRIENDS SECONDARY SCHOOL,C4,PUBLIC,NONE,DAY,MIXED
9222,WESTERN,VIHIGA,SABATIA,AU3J,38622103,BUGINA SECONDARY SCHOOL,C4,PUBLIC,NONE,DAY,MIXED
9223,WESTERN,VIHIGA,SABATIA,N33J,38622204,BUKULUNYA SECONDARY SCHOOL,C3,PUBLIC,NONE,DAY,MIXED
9224,WESTERN,VIHIGA,SABATIA,ZVZR,38622101,BUSALI UNION SECONDARY SCHOOL,C3,PUBLIC,NONE,DAY,MIXED
9225,WESTERN,VIHIGA,SABATIA,VSCS,38600006,CHAVAKALI HIGH SCHOOL,C1,PUBLIC,NONE,BOARDING,MIXED
9226,WESTERN,VIHIGA,SABATIA,ZKLW,38622206,DEMESI SECONDARY SCHOOL,C4,PUBLIC,NONE,DAY,MIXED
9227,WESTERN,VIHIGA,SABATIA,EXM7,38622117,DIGULA SECONDARY SCHOOL,C4,PUBLIC,NONE,DAY,MIXED
9228,WESTERN,VIHIGA,SABATIA,LAQR,38622218,EL'LONGO P.A.G. SECONDARY SCHOOL,C4,PUBLIC,NONE,DAY,MIXED
9229,WESTERN,VIHIGA,SABATIA,ZV5Z,38622219,EVOJO PAG SECONDARY SCHOOL,C4,PUBLIC,NONE,DAY,MIXED
9230,WESTERN,VIHIGA,SABATIA,BJYH,38622207,FRIENDS GIRLS HIGH SCHOOL - IGUNGA,C2,PUBLIC,NONE,BOARDING,GIRLS
9231,WESTERN,VIHIGA,SABATIA,HJR8,38622107,FRIENDS HIGH SCHOOL KIGAMA,C3,PUBLIC,NONE,BOARDING,MIXED
9232,WESTERN,VIHIGA,SABATIA,QGV4,38622202,FRIENDS SCHOOL - MBALE,C2,PUBLIC,NONE,DAY,MIXED
9233,WESTERN,VIHIGA,SABATIA,DFDG,38622205,FRIENDS SCHOOL CHANDUMBA,C4,PUBLIC,NONE,DAY,MIXED
9234,WESTERN,VIHIGA,SABATIA,VDZF,38622220,FRIENDS SCHOOL KEGONDI SECONDARY,C4,PUBLIC,NONE,DAY,MIXED
9235,WESTERN,VIHIGA,SABATIA,Y5NJ,38622203,FRIENDS SCHOOL KEVEYE GIRLS,C1,PUBLIC,NONE,BOARDING,GIRLS
9236,WESTERN,VIHIGA,SABATIA,QP4V,38622116,FRIENDS SCHOOL MULUNDU SECONDARY,C4,PUBLIC,NONE,DAY,MIXED
9237,WESTERN,VIHIGA,SABATIA,TPET,38622110,FRIENDS SCHOOL WANGULU SECONDARY SCHOOL,C4,PUBLIC,NONE,DAY,MIXED
9238,WESTERN,VIHIGA,SABATIA,BVEL,38622213,FRIENDS TECHNICAL SECONDARY SCHOOL-MUNOYWA,C4,PUBLIC,NONE,DAY,MIXED
9239,WESTERN,VIHIGA,SABATIA,M4GT,38622105,GAHUMBWA SECONDARY SCHOOL,C3,PUBLIC,NONE,DAY,MIXED
9240,WESTERN,VIHIGA,SABATIA,LY86,38622115,GAIGEDI SECONDARY SCHOOL,C4,PUBLIC,NONE,DAY,MIXED
9241,WESTERN,VIHIGA,SABATIA,HBJ4,38622113,IKOBERO GIRLS SECONDARY SCHOOL,C3,PUBLIC,NONE,BOARDING,GIRLS
9242,WESTERN,VIHIGA,SABATIA,UUYU,38622214,IVONA SECONDARY SCHOOL,C4,PUBLIC,NONE,DAY,MIXED
9243,WESTERN,VIHIGA,SABATIA,G654,38622106,JEMOVO SECONDARY SCHOOL,C4,PUBLIC,NONE,DAY,MIXED
9244,WESTERN,VIHIGA,SABATIA,9U6R,38622111,KAPSAMBO SECONDARY SCHOOL,C4,PUBLIC,NONE,DAY,MIXED
9245,WESTERN,VIHIGA,SABATIA,PH7X,38622112,KISANGULA SECONDARY SCHOOL,C4,PUBLIC,NONE,DAY,MIXED
9246,WESTERN,VIHIGA,SABATIA,S5BK,38622108,KIVAGALA SECONDARY SCHOOL,C4,PUBLIC,NONE,DAY,MIXED
9247,WESTERN,VIHIGA,SABATIA,5TCF,38622109,LUSENGELI SECONDARY SCHOOL,C4,PUBLIC,NONE,DAY,MIXED
9248,WESTERN,VIHIGA,SABATIA,6MZN,38622102,MOI GIRLS' SECONDARY SCHOOL-VOKOLI,C2,PUBLIC,NONE,BOARDING,GIRLS
9249,WESTERN,VIHIGA,SABATIA,C89K,38622209,MUKINGI SECONDARY SCHOOL,C4,PUBLIC,NONE,DAY,MIXED
9250,WESTERN,VIHIGA,SABATIA,V48M,38622118,NABWANI P.A.G SECONDARY SCHOOL,C4,PUBLIC,NONE,DAY,MIXED
9251,WESTERN,VIHIGA,SABATIA,K2MT,38622114,ST. MARK ORTHODOX SCHOOL - CHAVOGERE,C4,PUBLIC,NONE,DAY,MIXED
9252,WESTERN,VIHIGA,SABATIA,XQUH,38622210,ST. PAUL'S MUSALIA HIGH SCHOOL,C4,PUBLIC,NONE,BOARDING,MIXED
9253,WESTERN,VIHIGA,SABATIA,2NUG,38622104,ST. URSULAS CHAMAKANGA GIRLS SECONDARY SCHOOL,C3,PUBLIC,NONE,BOARDING,GIRLS
9254,WESTERN,VIHIGA,SABATIA,CQPS,38622212,TSIMBALO SECONDARY SCHOOL,C4,PUBLIC,NONE,DAY,MIXED
9255,WESTERN,VIHIGA,SABATIA,TST2,38622208,VIYALO SECONDARY SCHOOL,C4,PUBLIC,NONE,DAY,MIXED
9256,WESTERN,VIHIGA,VIHIGA,EDUV,38604113,C.E.C.A INYANZA SECONDARY SCHOOL,C4,PUBLIC,NONE,DAY,MIXED
9257,WESTERN,VIHIGA,VIHIGA,R9CY,38604116,CHAMBITI SECONDARY SCHOOL,C4,PUBLIC,NONE,DAY,MIXED
9258,WESTERN,VIHIGA,VIHIGA,JS3Q,38604123,CHANDOLO SALVATION ARMY SECONDARY SCHOOL,C4,PUBLIC,NONE,DAY,MIXED
9259,WESTERN,VIHIGA,VIHIGA,NMVA,38604103,CHANGO SECONDARY SCHOOL,C4,PUBLIC,NONE,DAY,MIXED
9260,WESTERN,VIHIGA,VIHIGA,N9P8,38604104,CHAVAVO SECONDARY SCHOOL,C4,PUBLIC,NONE,DAY,MIXED
9261,WESTERN,VIHIGA,VIHIGA,9QLJ,38604129,FRIENDS SCHOOL EMANDA SECONDARY SCHOOL,C4,PUBLIC,NONE,DAY,MIXED
9262,WESTERN,VIHIGA,VIHIGA,UNWF,38604118,FRIENDS SCHOOL GAVALAGI,C4,PUBLIC,NONE,DAY,MIXED
9263,WESTERN,VIHIGA,VIHIGA,GS3G,38604130,FRIENDS SCHOOL IKUMBA SECONDARY,C4,PUBLIC,NONE,DAY,MIXED
9264,WESTERN,VIHIGA,VIHIGA,Q35C,38604119,FRIENDS SCHOOL WOMULALU,C4,PUBLIC,NONE,DAY,MIXED
9265,WESTERN,VIHIGA,VIHIGA,XNJ9,38604106,FRIENDS SCHOOOL KEGOYE BOYS',C3,PUBLIC,NONE,BOARDING,BOYS
9266,WESTERN,VIHIGA,VIHIGA,N3ZK,38604114,GILWATSI SECONDARY SHOOL,C4,PUBLIC,NONE,DAY,MIXED
9267,WESTERN,VIHIGA,VIHIGA,3RQU,38604127,IDAVAGA MUSLIM SECONDARY SCHOOL,C4,PUBLIC,NONE,DAY,MIXED
9268,WESTERN,VIHIGA,VIHIGA,Z5K8,38604105,IDELERI SECONDARY SCHOOL,C4,PUBLIC,NONE,DAY,MIXED
9269,WESTERN,VIHIGA,VIHIGA,SXU2,38604110,KERONGO SECONDARY SCHOOL,C4,PUBLIC,NONE,DAY,MIXED
9270,WESTERN,VIHIGA,VIHIGA,5JU2,38604117,KIDINYE FRIENDS SECONDARY SCHOOL,C4,PUBLIC,NONE,DAY,MIXED
9271,WESTERN,VIHIGA,VIHIGA,WGYG,38604128,KIDUNDU SECONDARY SCHOOL,C4,PUBLIC,NONE,DAY,MIXED
9272,WESTERN,VIHIGA,VIHIGA,NU5V,38604121,KISIENYA S.A. SECONDARY SCHOOL,C4,PUBLIC,NONE,DAY,MIXED
9273,WESTERN,VIHIGA,VIHIGA,VM3M,38604126,KITUMBA P. A.G MIXED DAY SECONDARY SCHOOL,C4,PUBLIC,NONE,DAY,MIXED
9274,WESTERN,VIHIGA,VIHIGA,NC9X,38604107,MADIRA GIRLS' HIGH SCHOOL,C2,PUBLIC,NONE,BOARDING,GIRLS
9275,WESTERN,VIHIGA,VIHIGA,KV8S,38604111,MAGUI SECONDARY SCHOOL,C4,PUBLIC,NONE,DAY,MIXED
9276,WESTERN,VIHIGA,VIHIGA,XSZG,38604115,MASANA SECONDARY SCHOOL,C4,PUBLIC,NONE,DAY,MIXED
9277,WESTERN,VIHIGA,VIHIGA,P6M8,38604125,MATSIGULU FRIENDS SECONDARY SCHOOL,C4,PUBLIC,NONE,DAY,MIXED
9278,WESTERN,VIHIGA,VIHIGA,5PPR,38604108,MBIHI FRIENDS GIRLS HIGH SCHOOL,C3,PUBLIC,NONE,BOARDING,GIRLS
9279,WESTERN,VIHIGA,VIHIGA,8YGK,38604122,MKOMBOZI CHANZU INGIDI FRIENDS SECONDARY,C4,PUBLIC,NONE,DAY,MIXED
9280,WESTERN,VIHIGA,VIHIGA,WQ77,38604102,MUDAVADI GIRLS HIGH SCHOOL,C2,PUBLIC,NONE,BOARDING,GIRLS
9281,WESTERN,VIHIGA,VIHIGA,2PCU,38604109,ST. CLARE'S MARAGOLI GIRLS,C2,PUBLIC,NONE,BOARDING,GIRLS
9282,WESTERN,VIHIGA,VIHIGA,RFUM,38604112,VIGINA SECONDARY SCHOOL,C4,PUBLIC,NONE,DAY,MIXED
9283,WESTERN,VIHIGA,VIHIGA,EMQX,38604101,VIHIGA FRIENDS HIGH SCHOOL,C2,PUBLIC,NONE,BOARDING,MIXED
